"Protein Group","Accession","Description","logFC","AveExpr","t","P.Value","adj.P.Val","B"
1,"Q09666|AHNK_HUMAN","Neuroblast differentiation-associated protein AHNAK OS=Homo sapiens OX=9606 GN=AHNAK PE=1 SV=2",-0.424261719388966,22.1149676834588,-0.945670864354319,0.348837413923995,0.576101593302529,-5.38789497090125
2,"P21333|FLNA_HUMAN","Filamin-A OS=Homo sapiens OX=9606 GN=FLNA PE=1 SV=4",-0.991346632029057,21.9473188222756,-2.21544665524401,0.0312843319235063,0.331060485490274,-3.63508211663307
3,"P08670|VIME_HUMAN","Vimentin OS=Homo sapiens OX=9606 GN=VIM PE=1 SV=4",-0.200019556020894,22.4953485124903,-0.445704680914796,0.657723194164087,0.790104644331165,-5.70691588437416
4,"P35579|MYH9_HUMAN","Myosin-9 OS=Homo sapiens OX=9606 GN=MYH9 PE=1 SV=4",-0.736887635390712,20.6838961714807,-1.4873089430894,0.14317570069545,0.420050187165385,-4.79632766659348
5,"Q15149|PLEC_HUMAN","Plectin OS=Homo sapiens OX=9606 GN=PLEC PE=1 SV=3",-0.697840562628521,19.2403410296585,-1.37860268611641,0.174118158702998,0.441624863794215,-4.93470530660424
6,"Q9Y490|TLN1_HUMAN","Talin-1 OS=Homo sapiens OX=9606 GN=TLN1 PE=1 SV=3",-0.91935069347236,20.1091856317114,-1.84596669173522,0.0707861387239978,0.374885133083069,-4.27353490154872
7,"P60709|ACTB_HUMAN","Actin, cytoplasmic 1 OS=Homo sapiens OX=9606 GN=ACTB PE=1 SV=1",-2.58345192663751,9.96657586638146,-1.65262584177363,0.104636574966102,0.387142333108459,-4.5677489156436
8,"P63261|ACTG_HUMAN","Actin, cytoplasmic 2 OS=Homo sapiens OX=9606 GN=ACTG1 PE=1 SV=1",-1.34971405832234,8.6190009094809,-0.689003877887106,0.493986981417061,0.675214829883619,-5.57973805078611
9,"P46940|IQGA1_HUMAN","Ras GTPase-activating-like protein IQGAP1 OS=Homo sapiens OX=9606 GN=IQGAP1 PE=1 SV=1",-1.08789009688061,19.1586717335981,-2.02927408574035,0.0477385688563666,0.354698763841406,-3.96889729651636
10,"Q14204|DYHC1_HUMAN","Cytoplasmic dynein 1 heavy chain 1 OS=Homo sapiens OX=9606 GN=DYNC1H1 PE=1 SV=5",-0.877790102489598,17.284555380925,-1.53342060302476,0.131438677390559,0.411764075527387,-4.73474909107343
11,"P13796|PLSL_HUMAN","Plastin-2 OS=Homo sapiens OX=9606 GN=LCP1 PE=1 SV=6",-1.11238664775944,20.6043421945614,-2.31539746208864,0.0247083653796649,0.31600086074823,-3.44614169045985
12,"Q9NZM1|MYOF_HUMAN","Myoferlin OS=Homo sapiens OX=9606 GN=MYOF PE=1 SV=1",-1.15385442161289,17.9131810957092,-2.11372272010354,0.0395198596069438,0.348081871834575,-3.82045426813291
12,"A0AVI2|FR1L5_HUMAN","Fer-1-like protein 5 OS=Homo sapiens OX=9606 GN=FER1L5 PE=2 SV=3",-0.511079041207477,11.2907440397735,-0.47228864980506,0.638763508432276,0.776244235794491,-5.69564331343239
13,"P11142|HSP7C_HUMAN","Heat shock cognate 71 kDa protein OS=Homo sapiens OX=9606 GN=HSPA8 PE=1 SV=1",-0.901998244094703,20.4262520891619,-1.86912591764318,0.06743308666176,0.373876777514695,-4.23640294905867
14,"P06733|ENOA_HUMAN","Alpha-enolase OS=Homo sapiens OX=9606 GN=ENO1 PE=1 SV=2",-0.680640778966193,21.4575435051078,-1.51662265140778,0.135622176688092,0.413952924604843,-4.75737841250858
15,"P11021|BIP_HUMAN","Endoplasmic reticulum chaperone BiP OS=Homo sapiens OX=9606 GN=HSPA5 PE=1 SV=2",-0.516165553825171,20.5509697424531,-1.06628663903586,0.291385637552662,0.527753549596012,-5.27771633684267
16,"Q9UPN3|MACF1_HUMAN","Microtubule-actin cross-linking factor 1, isoforms 1/2/3/5 OS=Homo sapiens OX=9606 GN=MACF1 PE=1 SV=4",0.893731603047492,16.5541848079954,1.47022669235717,0.147728480146963,0.422207408090888,-4.81870662933286
17,"O75369|FLNB_HUMAN","Filamin-B OS=Homo sapiens OX=9606 GN=FLNB PE=1 SV=2",-1.40182587114466,16.6186546506185,-2.30810034639166,0.0251430146828103,0.31600086074823,-3.46015944907262
18,"Q00610|CLH1_HUMAN","Clathrin heavy chain 1 OS=Homo sapiens OX=9606 GN=CLTC PE=1 SV=5",-0.633692849961157,18.2488000558604,-1.18298548888416,0.242376424788623,0.488570616963882,-5.15917910200135
19,"P14618|KPYM_HUMAN","Pyruvate kinase PKM OS=Homo sapiens OX=9606 GN=PKM PE=1 SV=4",-0.717790488398684,20.7787640803963,-1.51278814294494,0.136591852423184,0.41400500238329,-4.76251247074597
20,"P08238|HS90B_HUMAN","Heat shock protein HSP 90-beta OS=Homo sapiens OX=9606 GN=HSP90AB1 PE=1 SV=4",-0.76993695555878,17.4582454530607,-1.4124991189845,0.163960798723692,0.436182310131527,-4.89258789426997
21,"P27797|CALR_HUMAN","Calreticulin OS=Homo sapiens OX=9606 GN=CALR PE=1 SV=1",-0.656523641152749,20.403099853539,-1.29221440132949,0.202188336959361,0.466326987205939,-5.03777048424275
22,"P07355|ANXA2_HUMAN","Annexin A2 OS=Homo sapiens OX=9606 GN=ANXA2 PE=1 SV=2",-0.689865985954444,21.2154332648064,-1.48538157688427,0.14368376890354,0.420050187165385,-4.7988644077654
22,"A6NMY6|AXA2L_HUMAN","Putative annexin A2-like protein OS=Homo sapiens OX=9606 GN=ANXA2P2 PE=5 SV=2",-0.668659340452216,20.8133700466617,-1.42797519682433,0.159478905366964,0.433504994781357,-4.87304654834724
23,"P07900|HS90A_HUMAN","Heat shock protein HSP 90-alpha OS=Homo sapiens OX=9606 GN=HSP90AA1 PE=1 SV=5",-0.814956563741809,17.4582045980227,-1.4736637985601,0.146803373314191,0.421420367594079,-4.8142226637042
24,"P06396|GELS_HUMAN","Gelsolin OS=Homo sapiens OX=9606 GN=GSN PE=1 SV=1",-0.998495757013913,20.6028456310596,-2.11645040592535,0.039276390419799,0.347358138681877,-3.81557641353125
24,"#CONTAM#GELS_HUMAN|",">sp|GELS_HUMAN|",-0.998495757013913,20.6028456310596,-2.11645040592535,0.039276390419799,0.347358138681877,-3.81557641353125
25,"P14625|ENPL_HUMAN","Endoplasmin OS=Homo sapiens OX=9606 GN=HSP90B1 PE=1 SV=1",-0.440309720392257,19.4434179291605,-0.877093867498334,0.384605748372476,0.601924766802418,-5.44486995981588
25,"Q58FF3|ENPLL_HUMAN","Putative endoplasmin-like protein OS=Homo sapiens OX=9606 GN=HSP90B2P PE=5 SV=1",-0.569226203838557,14.3586591958227,-0.88255876070111,0.38167327092374,0.600185606687819,-5.44048143418409
26,"P07237|PDIA1_HUMAN","Protein disulfide-isomerase OS=Homo sapiens OX=9606 GN=P4HB PE=1 SV=3",-0.494519777288012,20.1702891314679,-0.996948745416973,0.323561481144078,0.552990557308112,-5.34259969714873
27,"P12814|ACTN1_HUMAN","Alpha-actinin-1 OS=Homo sapiens OX=9606 GN=ACTN1 PE=1 SV=2",-1.34223350751369,18.3586120660212,-2.51410364044564,0.015177972733195,0.286254888807852,-3.05128432732792
28,"P33241|LSP1_HUMAN","Lymphocyte-specific protein 1 OS=Homo sapiens OX=9606 GN=LSP1 PE=1 SV=1",-0.934346046285015,18.9526732182015,-1.71819462891746,0.0919119089320333,0.383990814174528,-4.47116464375005
29,"P04075|ALDOA_HUMAN","Fructose-bisphosphate aldolase A OS=Homo sapiens OX=9606 GN=ALDOA PE=1 SV=2",-0.601572703621823,19.5477239265603,-1.21309198406754,0.23076104926915,0.485533873572168,-5.12671751484573
29,"#CONTAM#ALDOA_RABIT|",">sp|ALDOA_RABIT|",-0.521210950936801,18.6638430486026,-1.02416201057394,0.310659272291223,0.543685284745347,-5.31763127958427
30,"Q9P2E9|RRBP1_HUMAN","Ribosome-binding protein 1 OS=Homo sapiens OX=9606 GN=RRBP1 PE=1 SV=5",-0.652847758888694,17.792349218196,-1.21373868892085,0.230516092079798,0.485255527168959,-5.12601182093013
30,"Q8N4C6|NIN_HUMAN","Ninein OS=Homo sapiens OX=9606 GN=NIN PE=1 SV=4",-1.3001473447808,7.55985460258471,-0.592089380406014,0.556670961469506,0.719562374264454,-5.63661955757389
31,"Q0VD83|APOBR_HUMAN","Apolipoprotein B receptor OS=Homo sapiens OX=9606 GN=APOBR PE=1 SV=3",-0.95934591798699,17.3567670073129,-1.73091814823416,0.089597308740742,0.380567661485578,-4.45203952871498
32,"P30101|PDIA3_HUMAN","Protein disulfide-isomerase A3 OS=Homo sapiens OX=9606 GN=PDIA3 PE=1 SV=4",-0.368435552760285,20.6772759711016,-0.783326110419269,0.437108584841255,0.636473408901708,-5.51604856210651
33,"O43707|ACTN4_HUMAN","Alpha-actinin-4 OS=Homo sapiens OX=9606 GN=ACTN4 PE=1 SV=2",-0.752441292286079,17.9963301056743,-1.41291345657206,0.163839545285574,0.436181974953814,-4.8920672595936
34,"P68032|ACTC_HUMAN","Actin, alpha cardiac muscle 1 OS=Homo sapiens OX=9606 GN=ACTC1 PE=1 SV=1",-1.89362053702509,5.71277075699264,-0.895712517613613,0.374673059093583,0.59502834274191,-5.42981044391534
35,"Q13813|SPTN1_HUMAN","Spectrin alpha chain, non-erythrocytic 1 OS=Homo sapiens OX=9606 GN=SPTAN1 PE=1 SV=3",-1.03930465018389,15.6796897113266,-1.39222906553231,0.174646566641221,0.441624863794215,-4.91842928913319
36,"P68133|ACTS_HUMAN","Actin, alpha skeletal muscle OS=Homo sapiens OX=9606 GN=ACTA1 PE=1 SV=1",2.04583476947652,11.7329891112824,0.931906894175665,0.371425115902817,0.59205328430549,-5.38543248659252
37,"P13667|PDIA4_HUMAN","Protein disulfide-isomerase A4 OS=Homo sapiens OX=9606 GN=PDIA4 PE=1 SV=2",-0.656424535682202,19.0185428560224,-1.28173149457576,0.205813799456786,0.467126622764674,-5.04985610475863
38,"O75083|WDR1_HUMAN","WD repeat-containing protein 1 OS=Homo sapiens OX=9606 GN=WDR1 PE=1 SV=4",-1.21222039782479,18.1243674972715,-2.26726410908809,0.027703510671085,0.321614610405292,-3.53795865041577
39,"P23381|SYWC_HUMAN","Tryptophan--tRNA ligase, cytoplasmic OS=Homo sapiens OX=9606 GN=WARS1 PE=1 SV=2",-1.41978762482967,17.7557961432667,-2.59397787265053,0.0123958738420306,0.284166250325533,-2.88563198759211
40,"P10809|CH60_HUMAN","60 kDa heat shock protein, mitochondrial OS=Homo sapiens OX=9606 GN=HSPD1 PE=1 SV=2",-0.667290357938118,18.9291290496311,-1.30375521022413,0.198252682912606,0.464106161503158,-5.02435940645376
42,"P68104|EF1A1_HUMAN","Elongation factor 1-alpha 1 OS=Homo sapiens OX=9606 GN=EEF1A1 PE=1 SV=1",-1.07112777638191,18.1869234566827,-1.85661008314632,0.0695909453658687,0.374885133083069,-4.25803117053497
42,"Q5VTE0|EF1A3_HUMAN","Putative elongation factor 1-alpha-like 3 OS=Homo sapiens OX=9606 GN=EEF1A1P5 PE=5 SV=1",-1.07112777638191,18.1869234566827,-1.85661008314632,0.0695909453658687,0.374885133083069,-4.25803117053497
43,"#CONTAM#K1C9_HUMAN|",">sp|K1C9_HUMAN|",0.0956360426855944,18.5416371068118,0.182434168401951,0.855975322891344,0.925061728428461,-5.78346008558621
43,"P35527|K1C9_HUMAN","Keratin, type I cytoskeletal 9 OS=Homo sapiens OX=9606 GN=KRT9 PE=1 SV=3",0.0956360426855944,18.5416371068118,0.182434168401951,0.855975322891344,0.925061728428461,-5.78346008558621
44,"Q01082|SPTB2_HUMAN","Spectrin beta chain, non-erythrocytic 1 OS=Homo sapiens OX=9606 GN=SPTBN1 PE=1 SV=2",-1.72560430507094,15.3774430516149,-2.18256465956929,0.0386673330706062,0.346237429386904,-3.75264528640391
45,"P55072|TERA_HUMAN","Transitional endoplasmic reticulum ATPase OS=Homo sapiens OX=9606 GN=VCP PE=1 SV=4",-0.546008014388146,18.0723988244618,-1.01803550808049,0.313533007596942,0.544701328738046,-5.32330848145805
45,"Q8IYT4|KATL2_HUMAN","Katanin p60 ATPase-containing subunit A-like 2 OS=Homo sapiens OX=9606 GN=KATNAL2 PE=1 SV=3",-1.04619264939724,11.4067565148487,-1.013887131971,0.31548907172609,0.545393668724436,-5.32713413795745
45,"O43933|PEX1_HUMAN","Peroxisome biogenesis factor 1 OS=Homo sapiens OX=9606 GN=PEX1 PE=1 SV=1",-1.04619264939724,11.4067565148487,-1.013887131971,0.31548907172609,0.545393668724436,-5.32713413795745
46,"P07858|CATB_HUMAN","Cathepsin B OS=Homo sapiens OX=9606 GN=CTSB PE=1 SV=3",0.238667993598963,18.107677812964,0.383121094654542,0.703983357312265,0.819917879919937,-5.73033630806237
47,"P49327|FAS_HUMAN","Fatty acid synthase OS=Homo sapiens OX=9606 GN=FASN PE=1 SV=3",-1.20526578615459,15.5767969035722,-1.94231397008448,0.0577086611603399,0.366887115993354,-4.11646094534756
48,"P78527|PRKDC_HUMAN","DNA-dependent protein kinase catalytic subunit OS=Homo sapiens OX=9606 GN=PRKDC PE=1 SV=3",-0.940685544221488,15.4732569168498,-1.4582327709101,0.150992658022815,0.423664741436004,-4.8342789348272
49,"P06576|ATPB_HUMAN","ATP synthase subunit beta, mitochondrial OS=Homo sapiens OX=9606 GN=ATP5F1B PE=1 SV=3",-0.565830117967597,20.0960327877786,-1.19575454155253,0.237399255665393,0.486431300737797,-5.14550477971982
50,"P04083|ANXA1_HUMAN","Annexin A1 OS=Homo sapiens OX=9606 GN=ANXA1 PE=1 SV=2",-0.646812746723374,19.5921505879414,-1.30180118597266,0.198914957139955,0.464238021811491,-5.02663788391678
51,"P07437|TBB5_HUMAN","Tubulin beta chain OS=Homo sapiens OX=9606 GN=TUBB PE=1 SV=2",-0.608746745683469,18.8790477749664,-1.23691883784511,0.221861314723304,0.476862311775177,-5.10048467508525
52,"P22314|UBA1_HUMAN","Ubiquitin-like modifier-activating enzyme 1 OS=Homo sapiens OX=9606 GN=UBA1 PE=1 SV=3",-0.729995350623543,17.8092502688572,-1.3371349335212,0.187194543490293,0.454663597208345,-4.98494798227112
53,"Q13576|IQGA2_HUMAN","Ras GTPase-activating-like protein IQGAP2 OS=Homo sapiens OX=9606 GN=IQGAP2 PE=1 SV=4",-1.04816954804725,17.1038586910364,-1.74669399878916,0.0867947805819406,0.377971753709499,-4.4281546602476
54,"P26038|MOES_HUMAN","Moesin OS=Homo sapiens OX=9606 GN=MSN PE=1 SV=3",-0.58525574017375,19.3443604699652,-1.16057240104124,0.251294648353117,0.49693574401142,-5.18284690490962
54,"Q8TAM6|ERMIN_HUMAN","Ermin OS=Homo sapiens OX=9606 GN=ERMN PE=1 SV=1",-0.384676895631641,15.9687085944005,-0.669824530093304,0.50603316477639,0.684511570569068,-5.59171140273581
55,"P0DMV8|HS71A_HUMAN","Heat shock 70 kDa protein 1A OS=Homo sapiens OX=9606 GN=HSPA1A PE=1 SV=1",-0.531538181937094,16.4793620596977,-0.929968364550969,0.356829390535968,0.581925098462103,-5.40130563779394
55,"P0DMV9|HS71B_HUMAN","Heat shock 70 kDa protein 1B OS=Homo sapiens OX=9606 GN=HSPA1B PE=1 SV=1",-0.531538181937094,16.4793620596977,-0.929968364550969,0.356829390535968,0.581925098462103,-5.40130563779394
56,"P27824|CALX_HUMAN","Calnexin OS=Homo sapiens OX=9606 GN=CANX PE=1 SV=2",-0.808965041703043,17.3129722901835,-1.25893545718717,0.216282424545199,0.475088669077635,-5.0749880821174
57,"Q9Y4L1|HYOU1_HUMAN","Hypoxia up-regulated protein 1 OS=Homo sapiens OX=9606 GN=HYOU1 PE=1 SV=1",-0.751685143925013,17.6872007684859,-1.34191870417488,0.185648949375052,0.453796835958201,-4.97922423429914
58,"P13639|EF2_HUMAN","Elongation factor 2 OS=Homo sapiens OX=9606 GN=EEF2 PE=1 SV=4",-0.738416420932317,18.2789202499734,-1.36080792203272,0.179640872223824,0.447750715664358,-4.95643897473477
59,"P29966|MARCS_HUMAN","Myristoylated alanine-rich C-kinase substrate OS=Homo sapiens OX=9606 GN=MARCKS PE=1 SV=4",0.702731261664692,18.0574064590881,1.15830420018017,0.253791477837367,0.499351254018063,-5.18428044498468
60,"P08575|PTPRC_HUMAN","Receptor-type tyrosine-protein phosphatase C OS=Homo sapiens OX=9606 GN=PTPRC PE=1 SV=3",-0.833371181833801,17.5079715059291,-1.53148801652526,0.131914676660106,0.411764075527387,-4.73736402772943
61,"P38646|GRP75_HUMAN","Stress-70 protein, mitochondrial OS=Homo sapiens OX=9606 GN=HSPA9 PE=1 SV=2",-0.821521184613392,18.8778807006458,-1.62532295565128,0.110344106991475,0.392573148240718,-4.60698400149718
62,"P05107|ITB2_HUMAN","Integrin beta-2 OS=Homo sapiens OX=9606 GN=ITGB2 PE=1 SV=2",-0.636008411533982,18.0904621371421,-1.12501174590686,0.265923953038395,0.50713114253025,-5.21952123046514
63,"P68371|TBB4B_HUMAN","Tubulin beta-4B chain OS=Homo sapiens OX=9606 GN=TUBB4B PE=1 SV=1",-0.899641381504432,15.1472033121648,-1.48486663415682,0.143819752480225,0.420050187165385,-4.79954165419208
64,"P02545|LMNA_HUMAN","Prelamin-A/C OS=Homo sapiens OX=9606 GN=LMNA PE=1 SV=1",-0.607524515464718,17.7532103046689,-1.11300857693317,0.270995726291149,0.510634451901932,-5.23165657860883
65,"P04406|G3P_HUMAN","Glyceraldehyde-3-phosphate dehydrogenase OS=Homo sapiens OX=9606 GN=GAPDH PE=1 SV=3",-0.784258835701742,19.6799810415468,-1.5750971699533,0.121503588812653,0.403481848123436,-4.67763551156565
66,"Q32MZ4|LRRF1_HUMAN","Leucine-rich repeat flightless-interacting protein 1 OS=Homo sapiens OX=9606 GN=LRRFIP1 PE=1 SV=2",-0.844008678404617,17.1782430514252,-1.48053731103926,0.144967042332576,0.42129346231839,-4.80522709186162
67,"P34932|HSP74_HUMAN","Heat shock 70 kDa protein 4 OS=Homo sapiens OX=9606 GN=HSPA4 PE=1 SV=4",-0.842943550570652,16.6549439554235,-1.47901302895444,0.145372698519956,0.421346038038661,-4.80722524883113
68,"Q96KP4|CNDP2_HUMAN","Cytosolic non-specific dipeptidase OS=Homo sapiens OX=9606 GN=CNDP2 PE=1 SV=2",-0.676396787292152,18.0786428462375,-1.27705053587053,0.207448311242386,0.467750732028288,-5.05522313291233
69,"P00558|PGK1_HUMAN","Phosphoglycerate kinase 1 OS=Homo sapiens OX=9606 GN=PGK1 PE=1 SV=3",-1.1023569079061,19.4766396932604,-2.18130216552257,0.0338619339256025,0.338634890255269,-3.69809221721312
70,"Q14980|NUMA1_HUMAN","Nuclear mitotic apparatus protein 1 OS=Homo sapiens OX=9606 GN=NUMA1 PE=1 SV=2",-0.719936618613364,15.1633233129021,-1.13937107815815,0.259945505702176,0.502563733259968,-5.20484199888306
71,"Q99536|VAT1_HUMAN","Synaptic vesicle membrane protein VAT-1 homolog OS=Homo sapiens OX=9606 GN=VAT1 PE=1 SV=2",-0.629953849084384,17.720044356153,-1.18357616571628,0.242144533282927,0.488570616963882,-5.15854959462505
72,"Q99798|ACON_HUMAN","Aconitate hydratase, mitochondrial OS=Homo sapiens OX=9606 GN=ACO2 PE=1 SV=2",-0.63242710064554,17.4312183885695,-1.14919826741205,0.255909617978806,0.500558775985993,-5.19469448203904
73,"P80723|BASP1_HUMAN","Brain acid soluble protein 1 OS=Homo sapiens OX=9606 GN=BASP1 PE=1 SV=2",-0.476277545849527,17.4636252030236,-0.857678518175674,0.395138419931694,0.609849204117461,-5.46024791803377
74,"Q86UX7|URP2_HUMAN","Fermitin family homolog 3 OS=Homo sapiens OX=9606 GN=FERMT3 PE=1 SV=1",-1.11504518804414,18.6140141907639,-2.06176617887737,0.044415774074216,0.353406926961911,-3.91237626353786
75,"Q14789|GOGB1_HUMAN","Golgin subfamily B member 1 OS=Homo sapiens OX=9606 GN=GOLGB1 PE=1 SV=2",-1.04295991454829,14.8269338655589,-1.48127884158425,0.145887004245773,0.421420367594079,-4.80487178777505
76,"P05023|AT1A1_HUMAN","Sodium/potassium-transporting ATPase subunit alpha-1 OS=Homo sapiens OX=9606 GN=ATP1A1 PE=1 SV=1",-1.28294346821195,17.4336769550754,-2.3146785527065,0.0247508872296754,0.31600086074823,-3.44752426508425
76,"P13637|AT1A3_HUMAN","Sodium/potassium-transporting ATPase subunit alpha-3 OS=Homo sapiens OX=9606 GN=ATP1A3 PE=1 SV=3",-0.700224438964279,13.852646875956,-0.821289407005603,0.418373235583515,0.624154321322549,-5.48519747380116
77,"Q9Y3Z3|SAMH1_HUMAN","Deoxynucleoside triphosphate triphosphohydrolase SAMHD1 OS=Homo sapiens OX=9606 GN=SAMHD1 PE=1 SV=2",-0.641677305891982,18.2773410040263,-1.1643992855418,0.249755445653973,0.495256309591004,-5.17883598628312
78,"P04264|K2C1_HUMAN","Keratin, type II cytoskeletal 1 OS=Homo sapiens OX=9606 GN=KRT1 PE=1 SV=6",-0.360672621722472,18.6383346373471,-0.703529238295504,0.484970072864267,0.669542468373762,-5.5704498029927
78,"#CONTAM#K2C1_HUMAN|",">sp|K2C1_HUMAN|",-0.367101850741285,18.6254772798728,-0.718438244524466,0.475811296670297,0.664069752028182,-5.560719048523
79,"Q86UP2|KTN1_HUMAN","Kinectin OS=Homo sapiens OX=9606 GN=KTN1 PE=1 SV=1",-0.544934827263303,16.2267131999888,-0.929470675167294,0.357084623767821,0.582118037306237,-5.40172715303149
80,"Q00341|VIGLN_HUMAN","Vigilin OS=Homo sapiens OX=9606 GN=HDLBP PE=1 SV=2",-0.814493262231302,16.4756519286863,-1.37776335618922,0.174375681254562,0.441624863794215,-4.93573626711602
81,"Q68CZ2|TENS3_HUMAN","Tensin-3 OS=Homo sapiens OX=9606 GN=TNS3 PE=1 SV=2",-1.09259635940351,16.8167883999095,-1.87071321127388,0.067208286368514,0.373504631469922,-4.23384343660078
82,"Q9BQE3|TBA1C_HUMAN","Tubulin alpha-1C chain OS=Homo sapiens OX=9606 GN=TUBA1C PE=1 SV=1",-0.224142577885088,11.0785570278006,-0.188304648964923,0.851395514014101,0.923415578725278,-5.7824509195792
83,"P50395|GDIB_HUMAN","Rab GDP dissociation inhibitor beta OS=Homo sapiens OX=9606 GN=GDI2 PE=1 SV=2",-0.924263831488368,18.0229027293617,-1.69694954855791,0.0958868645476082,0.386500097214807,-4.5028221557988
84,"P63104|1433Z_HUMAN","14-3-3 protein zeta/delta OS=Homo sapiens OX=9606 GN=YWHAZ PE=1 SV=1",-0.813787689290681,19.4914227026706,-1.61838858478871,0.11183335770157,0.393650084368574,-4.61685623913121
85,"P07814|SYEP_HUMAN","Bifunctional glutamate/proline--tRNA ligase OS=Homo sapiens OX=9606 GN=EPRS1 PE=1 SV=5",-0.914947082340701,16.171214957083,-1.51408025835946,0.136264486728619,0.41400500238329,-4.76078375907391
86,"Q15075|EEA1_HUMAN","Early endosome antigen 1 OS=Homo sapiens OX=9606 GN=EEA1 PE=1 SV=2",-0.500311578229962,16.2730711796564,-0.862680272354125,0.392407971245364,0.608606817484258,-5.45631813353163
87,"Q9NYU2|UGGG1_HUMAN","UDP-glucose:glycoprotein glucosyltransferase 1 OS=Homo sapiens OX=9606 GN=UGGT1 PE=1 SV=3",-0.64492331612481,16.9699544741933,-1.14767178558504,0.256533564098668,0.500612812960198,-5.19627612047024
88,"P09960|LKHA4_HUMAN","Leukotriene A-4 hydrolase OS=Homo sapiens OX=9606 GN=LTA4H PE=1 SV=2",-0.476819144553343,17.9813808816507,-0.873703439896315,0.38643217698128,0.603378455597627,-5.44757935607726
89,"P54652|HSP72_HUMAN","Heat shock-related 70 kDa protein 2 OS=Homo sapiens OX=9606 GN=HSPA2 PE=1 SV=1",0.0197537960609839,8.42331739801112,0.00579109281707125,0.995465703819459,0.997086229383816,-5.79888199601521
90,"Q13885|TBB2A_HUMAN","Tubulin beta-2A chain OS=Homo sapiens OX=9606 GN=TUBB2A PE=1 SV=1",-1.38189202682199,14.9516178013938,-2.1381255692039,0.0373878935523335,0.34261629261681,-3.77663210713832
90,"Q9BVA1|TBB2B_HUMAN","Tubulin beta-2B chain OS=Homo sapiens OX=9606 GN=TUBB2B PE=1 SV=1",-1.40734611396081,14.4753953268636,-2.06388050592293,0.0442066915345144,0.353406926961911,-3.90867249554549
91,"P40939|ECHA_HUMAN","Trifunctional enzyme subunit alpha, mitochondrial OS=Homo sapiens OX=9606 GN=HADHA PE=1 SV=2",-0.753646325584004,18.0422723279613,-1.38168502809654,0.173174946621318,0.441624863794215,-4.93091426633234
92,"P52209|6PGD_HUMAN","6-phosphogluconate dehydrogenase, decarboxylating OS=Homo sapiens OX=9606 GN=PGD PE=1 SV=3",-0.974941014514652,18.3062884483823,-1.73478115468771,0.0889042099398832,0.379156265527792,-4.44620843308307
93,"O75923|DYSF_HUMAN","Dysferlin OS=Homo sapiens OX=9606 GN=DYSF PE=1 SV=1",-1.5282638171295,14.9015700866302,-2.1375770882779,0.0388830522115598,0.347358138681877,-3.79304228017347
94,"P11413|G6PD_HUMAN","Glucose-6-phosphate 1-dehydrogenase OS=Homo sapiens OX=9606 GN=G6PD PE=1 SV=4",-0.882937581242885,17.5577929268289,-1.64741496839369,0.105706845538785,0.387142333108459,-4.5752819409971
95,"P28838|AMPL_HUMAN","Cytosol aminopeptidase OS=Homo sapiens OX=9606 GN=LAP3 PE=1 SV=3",-0.571933981186859,17.6757288092325,-1.04228850254663,0.302261873451306,0.537513571096428,-5.30064367698032
96,"P11717|MPRI_HUMAN","Cation-independent mannose-6-phosphate receptor OS=Homo sapiens OX=9606 GN=IGF2R PE=1 SV=3",-0.0894583193330831,13.952232936392,-0.126743161364852,0.899648996177951,0.948308425486646,-5.79144563562794
97,"Q01518|CAP1_HUMAN","Adenylyl cyclase-associated protein 1 OS=Homo sapiens OX=9606 GN=CAP1 PE=1 SV=5",-0.92046537949096,18.8002949265306,-1.80115057178043,0.0776753199163325,0.375605864510613,-4.3442551608024
98,"#CONTAM#ANXA5_HUMAN|",">sp|ANXA5_HUMAN|",-0.674937925202791,18.9769666367232,-1.28358711011287,0.205168523954197,0.467051180058524,-5.04772345951958
98,"P08758|ANXA5_HUMAN","Annexin A5 OS=Homo sapiens OX=9606 GN=ANXA5 PE=1 SV=2",-0.674937925202791,18.9769666367232,-1.28358711011287,0.205168523954197,0.467051180058524,-5.04772345951958
99,"P52790|HXK3_HUMAN","Hexokinase-3 OS=Homo sapiens OX=9606 GN=HK3 PE=1 SV=2",-1.99450883629644,16.804306318256,-3.63943331352095,0.000644232709774268,0.0997134966538136,-0.404240196812562
100,"P51659|DHB4_HUMAN","Peroxisomal multifunctional enzyme type 2 OS=Homo sapiens OX=9606 GN=HSD17B4 PE=1 SV=3",-1.2646913902926,17.7664152818932,-2.2731164901788,0.0273228788541432,0.321614610405292,-3.52687667954826
101,"P42224|STAT1_HUMAN","Signal transducer and activator of transcription 1-alpha/beta OS=Homo sapiens OX=9606 GN=STAT1 PE=1 SV=2",-0.271736567292802,16.9863095629518,-0.484122209041741,0.63040044717662,0.770032537149661,-5.69041747368897
102,"Q07954|LRP1_HUMAN","Prolow-density lipoprotein receptor-related protein 1 OS=Homo sapiens OX=9606 GN=LRP1 PE=1 SV=2",-0.52538017898787,15.5244793172573,-0.855268976902134,0.396457996488,0.609849204117461,-5.4621331504425
103,"P42704|LPPRC_HUMAN","Leucine-rich PPR motif-containing protein, mitochondrial OS=Homo sapiens OX=9606 GN=LRPPRC PE=1 SV=3",-1.09230624875623,16.4896764031939,-1.75655706068317,0.0852599100528186,0.377971753709499,-4.41363226100754
104,"Q7KZF4|SND1_HUMAN","Staphylococcal nuclease domain-containing protein 1 OS=Homo sapiens OX=9606 GN=SND1 PE=1 SV=1",-0.718419184493172,16.7946755813439,-1.2573126406961,0.214447200655153,0.473686406968886,-5.07765259355811
105,"O60271|JIP4_HUMAN","C-Jun-amino-terminal kinase-interacting protein 4 OS=Homo sapiens OX=9606 GN=SPAG9 PE=1 SV=4",-1.30218783076533,15.1946094605851,-2.10733961764055,0.0400947683364104,0.348345476869979,-3.83184882346781
106,"P14317|HCLS1_HUMAN","Hematopoietic lineage cell-specific protein OS=Homo sapiens OX=9606 GN=HCLS1 PE=1 SV=3",-0.519651183840484,17.6298359596625,-0.948144863458377,0.347589002617752,0.57549456565423,-5.3857623608693
107,"Q14764|MVP_HUMAN","Major vault protein OS=Homo sapiens OX=9606 GN=MVP PE=1 SV=4",-0.877230268532497,17.4028634994897,-1.60349254948715,0.115087714628098,0.395535955287556,-4.6379358740711
108,"Q709C8|VP13C_HUMAN","Vacuolar protein sorting-associated protein 13C OS=Homo sapiens OX=9606 GN=VPS13C PE=1 SV=1",-1.29524548220368,14.8044379892162,-1.8505088923287,0.0710170739921778,0.374885133083069,-4.26992801894444
109,"P11215|ITAM_HUMAN","Integrin alpha-M OS=Homo sapiens OX=9606 GN=ITGAM PE=1 SV=2",-1.02757060633313,16.3212449979344,-1.78466234012024,0.080347643244553,0.375605864510613,-4.3698946565314
110,"Q3V6T2|GRDN_HUMAN","Girdin OS=Homo sapiens OX=9606 GN=CCDC88A PE=1 SV=2",-1.03852383505736,16.0384318401552,-1.72622810497088,0.0904448109823564,0.381160274854216,-4.4591036884816
111,"P04843|RPN1_HUMAN","Dolichyl-diphosphooligosaccharide--protein glycosyltransferase subunit 1 OS=Homo sapiens OX=9606 GN=RPN1 PE=1 SV=1",-0.408216091507615,17.2852836207072,-0.729214917660624,0.469252339160103,0.660912303715685,-5.55356114522337
112,"O60763|USO1_HUMAN","General vesicular transport factor p115 OS=Homo sapiens OX=9606 GN=USO1 PE=1 SV=2",-0.782544222092504,16.170673121252,-1.3118434715535,0.195529003134686,0.46246206287814,-5.01489440183036
113,"Q5VZ89|DEN4C_HUMAN","DENN domain-containing protein 4C OS=Homo sapiens OX=9606 GN=DENND4C PE=1 SV=3",-1.33478803431638,14.0731564336386,-1.81050194961633,0.0768903107217255,0.375605864510613,-4.33205198776573
114,"P21980|TGM2_HUMAN","Protein-glutamine gamma-glutamyltransferase 2 OS=Homo sapiens OX=9606 GN=TGM2 PE=1 SV=2",-1.49039920635213,17.1991127236757,-2.67031143432059,0.010180043020745,0.269645126307281,-2.72375190625963
115,"Q63HN8|RN213_HUMAN","E3 ubiquitin-protein ligase RNF213 OS=Homo sapiens OX=9606 GN=RNF213 PE=1 SV=3",-0.923915364603625,13.2978671457184,-1.16129153633304,0.251666037370392,0.497213588511137,-5.18170621230492
116,"P25705|ATPA_HUMAN","ATP synthase subunit alpha, mitochondrial OS=Homo sapiens OX=9606 GN=ATP5F1A PE=1 SV=1",-0.439687309228731,19.448816372084,-0.89247671651712,0.37638747335122,0.595992958721951,-5.4324496331523
117,"#CONTAM#CATD_HUMAN|",">sp|CATD_HUMAN|",0.115117558084521,19.2957634937582,0.215036828203902,0.83060813043691,0.912144114684286,-5.77745210290004
117,"P07339|CATD_HUMAN","Cathepsin D OS=Homo sapiens OX=9606 GN=CTSD PE=1 SV=1",0.115117558084521,19.2957634937582,0.215036828203902,0.83060813043691,0.912144114684286,-5.77745210290004
118,"Q14697|GANAB_HUMAN","Neutral alpha-glucosidase AB OS=Homo sapiens OX=9606 GN=GANAB PE=1 SV=3",-0.825970756313856,16.1483403613848,-1.27343556097184,0.209631124769421,0.469517032959905,-5.05908055372005
119,"Q562R1|ACTBL_HUMAN","Beta-actin-like protein 2 OS=Homo sapiens OX=9606 GN=ACTBL2 PE=1 SV=2",-1.55517276675398,16.3748570257119,-2.57316906478696,0.0130719750665035,0.284166250325533,-2.9291598114031
120,"P18206|VINC_HUMAN","Vinculin OS=Homo sapiens OX=9606 GN=VCL PE=1 SV=4",-0.90417622625197,16.7725809525676,-1.52641022330926,0.133171903376111,0.413207622515545,-4.74422048115575
121,"P20700|LMNB1_HUMAN","Lamin-B1 OS=Homo sapiens OX=9606 GN=LMNB1 PE=1 SV=2",-0.326527715193691,17.1866732086292,-0.570108547107608,0.571141976101906,0.729077798183435,-5.64860711892253
122,"Q13459|MYO9B_HUMAN","Unconventional myosin-IXb OS=Homo sapiens OX=9606 GN=MYO9B PE=1 SV=3",-1.31113867130642,15.4803467744277,-1.70304621950929,0.100161621580757,0.387024448867313,-4.50541497006112
123,"P33176|KINH_HUMAN","Kinesin-1 heavy chain OS=Homo sapiens OX=9606 GN=KIF5B PE=1 SV=1",0.254547206994731,15.8503828000583,0.436100683793474,0.66462978421165,0.79436715390964,-5.71082917858542
124,"P29350|PTN6_HUMAN","Tyrosine-protein phosphatase non-receptor type 6 OS=Homo sapiens OX=9606 GN=PTPN6 PE=1 SV=1",-0.957287543061643,17.9376836259814,-1.82274559860496,0.0742884611423685,0.375605864510613,-4.31036550952764
125,"Q07065|CKAP4_HUMAN","Cytoskeleton-associated protein 4 OS=Homo sapiens OX=9606 GN=CKAP4 PE=1 SV=2",-0.43016106703249,17.1476264497706,-0.804116325150923,0.425114051541136,0.627588108541716,-5.50094063010704
126,"Q9NZ08|ERAP1_HUMAN","Endoplasmic reticulum aminopeptidase 1 OS=Homo sapiens OX=9606 GN=ERAP1 PE=1 SV=3",-1.32323467916427,15.8381288480965,-1.95926161869518,0.0572427164816345,0.366768875860716,-4.09765816768182
127,"Q04637|IF4G1_HUMAN","Eukaryotic translation initiation factor 4 gamma 1 OS=Homo sapiens OX=9606 GN=EIF4G1 PE=1 SV=4",-1.13695712702786,15.93303611846,-1.91209565605674,0.0615678918293062,0.369405035496774,-4.16645896580182
128,"P12956|XRCC6_HUMAN","X-ray repair cross-complementing protein 6 OS=Homo sapiens OX=9606 GN=XRCC6 PE=1 SV=2",-0.677600611741539,16.491948716704,-1.15283162001111,0.254428864034204,0.499464502003335,-5.19092186159427
129,"Q92598|HS105_HUMAN","Heat shock protein 105 kDa OS=Homo sapiens OX=9606 GN=HSPH1 PE=1 SV=1",-1.0524547060259,15.7483162658463,-1.75328620757411,0.0856454826401524,0.377971753709499,-4.41811779617548
130,"P08133|ANXA6_HUMAN","Annexin A6 OS=Homo sapiens OX=9606 GN=ANXA6 PE=1 SV=3",-0.274115558602615,16.0488082010138,-0.376833852247524,0.709051929022261,0.823222814293883,-5.73223048318364
131,"P49748|ACADV_HUMAN","Very long-chain specific acyl-CoA dehydrogenase, mitochondrial OS=Homo sapiens OX=9606 GN=ACADVL PE=1 SV=1",-0.890662063905829,17.6480851318737,-1.64786690469204,0.105613668668233,0.387142333108459,-4.57462944208093
132,"P38606|VATA_HUMAN","V-type proton ATPase catalytic subunit A OS=Homo sapiens OX=9606 GN=ATP6V1A PE=1 SV=2",-0.907543673820108,17.255491448341,-1.63050157435174,0.109242485076949,0.392573148240718,-4.59958684876435
133,"P53621|COPA_HUMAN","Coatomer subunit alpha OS=Homo sapiens OX=9606 GN=COPA PE=1 SV=2",-0.804798559231866,16.3322258736182,-1.39174263265393,0.170124619542282,0.441216901957586,-4.91849004614329
134,"P35908|K22E_HUMAN","Keratin, type II cytoskeletal 2 epidermal OS=Homo sapiens OX=9606 GN=KRT2 PE=1 SV=2",0.519559961639899,17.2795644129643,0.935479721439359,0.3540108838504,0.580804650406931,-5.3966232998944
134,"#CONTAM#K22E_HUMAN|",">sp|K22E_HUMAN|",0.519559961639899,17.2795644129643,0.935479721439359,0.3540108838504,0.580804650406931,-5.3966232998944
135,"O43852|CALU_HUMAN","Calumenin OS=Homo sapiens OX=9606 GN=CALU PE=1 SV=2",-0.681915543543504,16.9569741759075,-1.153458772652,0.254173893833921,0.499464502003335,-5.19026953244442
136,"P22626|ROA2_HUMAN","Heterogeneous nuclear ribonucleoproteins A2/B1 OS=Homo sapiens OX=9606 GN=HNRNPA2B1 PE=1 SV=2",-1.11169361242659,16.7108951839684,-1.79613257039399,0.0788453869799581,0.375605864510613,-4.35328456659345
137,"Q13200|PSMD2_HUMAN","26S proteasome non-ATPase regulatory subunit 2 OS=Homo sapiens OX=9606 GN=PSMD2 PE=1 SV=3",-1.23074453672676,15.022383776136,-1.78381728685776,0.0814170361025954,0.375605864510613,-4.37411415508871
138,"Q16555|DPYL2_HUMAN","Dihydropyrimidinase-related protein 2 OS=Homo sapiens OX=9606 GN=DPYSL2 PE=1 SV=1",-0.441185937657327,17.5083760994898,-0.822450713191649,0.414702445506522,0.622125890907903,-5.48729812062514
138,"Q14194|DPYL1_HUMAN","Dihydropyrimidinase-related protein 1 OS=Homo sapiens OX=9606 GN=CRMP1 PE=1 SV=1",-0.863292487742909,14.5670340574096,-1.4189415298345,0.162083328184393,0.435365136457156,-4.88447687788076
140,"P31946|1433B_HUMAN","14-3-3 protein beta/alpha OS=Homo sapiens OX=9606 GN=YWHAB PE=1 SV=3",-0.807887127938812,18.2583457315282,-1.46639205909514,0.148765991436003,0.423261066143431,-4.82369795432826
141,"Q9UI08|EVL_HUMAN","Ena/VASP-like protein OS=Homo sapiens OX=9606 GN=EVL PE=1 SV=2",-1.73178267794868,16.5502686644744,-2.91092035336644,0.00535785266649042,0.214586107848963,-2.19169282933819
142,"P11586|C1TC_HUMAN","C-1-tetrahydrofolate synthase, cytoplasmic OS=Homo sapiens OX=9606 GN=MTHFD1 PE=1 SV=3",-1.23201362905857,16.9525500709357,-2.22709727766429,0.0304453506869366,0.329885445628496,-3.61340176754618
143,"Q9UHD8|SEPT9_HUMAN","Septin-9 OS=Homo sapiens OX=9606 GN=SEPTIN9 PE=1 SV=2",-1.0099036190771,16.4027325282125,-1.75136573311759,0.0859789866884266,0.377971753709499,-4.42104519644261
144,"P13645|K1C10_HUMAN","Keratin, type I cytoskeletal 10 OS=Homo sapiens OX=9606 GN=KRT10 PE=1 SV=6",-0.485425538382433,18.7239173950068,-0.932400287282271,0.355583915181301,0.581214391911143,-5.39924280932842
144,"#CONTAM#K1C10_HUMAN|",">sp|K1C10_HUMAN|",-0.485425538382433,18.7239173950068,-0.932400287282271,0.355583915181301,0.581214391911143,-5.39924280932842
145,"P04040|CATA_HUMAN","Catalase OS=Homo sapiens OX=9606 GN=CAT PE=1 SV=3",-0.288355616530851,17.0405022989964,-0.508422912218257,0.613379572696956,0.757911018591352,-5.67928480537857
145,"#CONTAM#CATA_HUMAN|",">sp|CATA_HUMAN|",-0.288355616530851,17.0405022989964,-0.508422912218257,0.613379572696956,0.757911018591352,-5.67928480537857
146,"Q14203|DCTN1_HUMAN","Dynactin subunit 1 OS=Homo sapiens OX=9606 GN=DCTN1 PE=1 SV=3",-1.39542648384054,14.9703896875335,-2.0130612561165,0.0503271436243703,0.358801880609411,-4.00293001627564
147,"P68366|TBA4A_HUMAN","Tubulin alpha-4A chain OS=Homo sapiens OX=9606 GN=TUBA4A PE=1 SV=1",-0.705058968224682,12.2996116677533,-0.860017357500915,0.393860182012902,0.60954215017232,-5.45841309020258
148,"P09467|F16P1_HUMAN","Fructose-1,6-bisphosphatase 1 OS=Homo sapiens OX=9606 GN=FBP1 PE=1 SV=5",-0.767062376304022,19.1793624042116,-1.52883347653251,0.132570735871312,0.412847032454416,-4.74095097015062
149,"Q92616|GCN1_HUMAN","eIF-2-alpha kinase activator GCN1 OS=Homo sapiens OX=9606 GN=GCN1 PE=1 SV=6",-0.757117686294478,15.0213830144172,-0.850698704363474,0.405158232134366,0.615743297742665,-5.45967976960685
150,"P61978|HNRPK_HUMAN","Heterogeneous nuclear ribonucleoprotein K OS=Homo sapiens OX=9606 GN=HNRNPK PE=1 SV=1",-0.464850454497302,17.7678698269255,-0.823597224817825,0.414056570872545,0.621705544768909,-5.4864350836538
151,"O00754|MA2B1_HUMAN","Lysosomal alpha-mannosidase OS=Homo sapiens OX=9606 GN=MAN2B1 PE=1 SV=3",-0.152292482386851,17.2406385747254,-0.27884176811087,0.78150951537321,0.876324260013646,-5.76284931950935
152,"P34931|HS71L_HUMAN","Heat shock 70 kDa protein 1-like OS=Homo sapiens OX=9606 GN=HSPA1L PE=1 SV=2",-1.46783760880648,6.33766611320073,-0.711791433306461,0.479882398449718,0.666726932297722,-5.56508192340182
153,"Q16891|MIC60_HUMAN","MICOS complex subunit MIC60 OS=Homo sapiens OX=9606 GN=IMMT PE=1 SV=1",-0.75394712389728,16.4173349353391,-1.28567073788957,0.204445765808149,0.467051180058524,-5.04532533935888
154,"#CONTAM#ALBU_BOVIN|",">sp|ALBU_BOVIN|",-0.345441438252127,20.22647388047,-0.70262123799114,0.485531029033241,0.669874087471715,-5.57103598265767
155,"P29401|TKT_HUMAN","Transketolase OS=Homo sapiens OX=9606 GN=TKT PE=1 SV=3",-0.16752569765238,18.4428455001624,-0.324986690563319,0.74653904987378,0.851614151538863,-5.74994546042858
156,"P46939|UTRO_HUMAN","Utrophin OS=Homo sapiens OX=9606 GN=UTRN PE=1 SV=2",-0.808791742383509,14.1182164320822,-1.13290888611339,0.262624050724504,0.505306530613186,-5.21146994452052
159,"P30622|CLIP1_HUMAN","CAP-Gly domain-containing linker protein 1 OS=Homo sapiens OX=9606 GN=CLIP1 PE=1 SV=2",-1.46247551183865,14.146823693999,-2.08528342780149,0.042137913501105,0.348345476869979,-3.87100318273681
160,"Q641Q2|WAC2A_HUMAN","WASH complex subunit 2A OS=Homo sapiens OX=9606 GN=WASHC2A PE=1 SV=3",-1.17600239039489,10.3997826414011,-0.780895368445213,0.438523949769412,0.637248318053059,-5.51778979313211
161,"P23528|COF1_HUMAN","Cofilin-1 OS=Homo sapiens OX=9606 GN=CFL1 PE=1 SV=3",0.258818709777866,19.5514821455167,0.484131346601348,0.63039400806617,0.770032537149661,-5.69041338896751
162,"P20702|ITAX_HUMAN","Integrin alpha-X OS=Homo sapiens OX=9606 GN=ITGAX PE=1 SV=3",-0.467789157101514,16.9452472748978,-0.80191435204962,0.42637498910565,0.627828060881379,-5.50255899641822
163,"P21281|VATB2_HUMAN","V-type proton ATPase subunit B, brain isoform OS=Homo sapiens OX=9606 GN=ATP6V1B2 PE=1 SV=3",-0.96118770580841,17.3290342651215,-1.78019432768978,0.0810849032800221,0.375605864510613,-4.37680719927808
164,"Q12906|ILF3_HUMAN","Interleukin enhancer-binding factor 3 OS=Homo sapiens OX=9606 GN=ILF3 PE=1 SV=3",-0.65760554027295,16.4827835387646,-1.13038659737999,0.26367483508388,0.50615957398564,-5.21404725680575
165,"P49792|RBP2_HUMAN","E3 SUMO-protein ligase RanBP2 OS=Homo sapiens OX=9606 GN=RANBP2 PE=1 SV=2",-0.945191909613964,14.4785833034493,-1.45223605057112,0.152645775674392,0.425255728220961,-4.84202118762145
165,"Q7Z3J3|RGPD4_HUMAN","RanBP2-like and GRIP domain-containing protein 4 OS=Homo sapiens OX=9606 GN=RGPD4 PE=2 SV=3",-1.01767572848448,12.9533286728137,-1.3614738014871,0.179431824588876,0.447488632602368,-4.95563038937467
165,"A6NKT7|RGPD3_HUMAN","RanBP2-like and GRIP domain-containing protein 3 OS=Homo sapiens OX=9606 GN=RGPD3 PE=3 SV=2",-1.01767572848448,12.9533286728137,-1.3614738014871,0.179431824588876,0.447488632602368,-4.95563038937467
165,"O14715|RGPD8_HUMAN","RANBP2-like and GRIP domain-containing protein 8 OS=Homo sapiens OX=9606 GN=RGPD8 PE=1 SV=2",-1.36578052561467,12.4547603623276,-1.68075935821832,0.0990103172901067,0.386522542993734,-4.52671414071843
165,"Q99666|RGPD5_HUMAN","RANBP2-like and GRIP domain-containing protein 5/6 OS=Homo sapiens OX=9606 GN=RGPD5 PE=1 SV=3",-1.36578052561467,12.4547603623276,-1.68075935821832,0.0990103172901067,0.386522542993734,-4.52671414071843
165,"P0DJD1|RGPD2_HUMAN","RANBP2-like and GRIP domain-containing protein 2 OS=Homo sapiens OX=9606 GN=RGPD2 PE=2 SV=1",-1.09765913126649,12.5482496766215,-1.3831375779879,0.172731825016428,0.441624863794215,-4.92912504276832
165,"P0DJD0|RGPD1_HUMAN","RANBP2-like and GRIP domain-containing protein 1 OS=Homo sapiens OX=9606 GN=RGPD1 PE=2 SV=1",-1.09765913126649,12.5482496766215,-1.3831375779879,0.172731825016428,0.441624863794215,-4.92912504276832
166,"Q15942|ZYX_HUMAN","Zyxin OS=Homo sapiens OX=9606 GN=ZYX PE=1 SV=1",-1.16818046796901,16.6671414918285,-2.03477315760461,0.047161511978606,0.354698763841406,-3.95938401906695
167,"Q9Y4E1|WAC2C_HUMAN","WASH complex subunit 2C OS=Homo sapiens OX=9606 GN=WASHC2C PE=1 SV=4",-0.120687764308988,6.00008983933528,-0.0582107995262947,0.953811366223661,0.975444308545446,-5.79732610627299
167,"Q5SRD0|WAC2D_HUMAN","WASH complex subunit 2D OS=Homo sapiens OX=9606 GN=WASHC2D PE=3 SV=2",0.200401658666982,5.14202250436738,0.104560995862706,0.917140004359332,0.957141264544619,-5.79382578729934
169,"P40121|CAPG_HUMAN","Macrophage-capping protein OS=Homo sapiens OX=9606 GN=CAPG PE=1 SV=2",-0.288657674396781,19.8625291728264,-0.609451389801581,0.544968568688736,0.712469065847908,-5.6272342360205
170,"O75643|U520_HUMAN","U5 small nuclear ribonucleoprotein 200 kDa helicase OS=Homo sapiens OX=9606 GN=SNRNP200 PE=1 SV=2",-0.687284826659267,14.5300650318895,-1.04341767904757,0.301743958563813,0.537251438418497,-5.29957603770366
171,"P12270|TPR_HUMAN","Nucleoprotein TPR OS=Homo sapiens OX=9606 GN=TPR PE=1 SV=3",0.0767718738460381,15.6141906632789,0.119397020162051,0.90543643050512,0.951583039073553,-5.79228440663318
172,"Q08211|DHX9_HUMAN","ATP-dependent RNA helicase A OS=Homo sapiens OX=9606 GN=DHX9 PE=1 SV=4",-0.972341207678152,15.3050235961849,-1.54355669197592,0.128964561898988,0.411120587293556,-4.72098549204121
173,"P20810|ICAL_HUMAN","Calpastatin OS=Homo sapiens OX=9606 GN=CAST PE=1 SV=4",-0.638498368973305,15.7695686910588,-1.04828829297188,0.299516948897322,0.534734370968983,-5.29495822770518
174,"O43491|E41L2_HUMAN","Band 4.1-like protein 2 OS=Homo sapiens OX=9606 GN=EPB41L2 PE=1 SV=1",-0.560386515246385,15.3269071147984,-0.925865730074853,0.358936905519155,0.583183097660902,-5.40477385202412
175,"P15090|FABP4_HUMAN","Fatty acid-binding protein, adipocyte OS=Homo sapiens OX=9606 GN=FABP4 PE=1 SV=3",-1.71852018425941,19.8928386461683,-3.30996745570408,0.00173054791697922,0.158937088200598,-1.24259325932053
176,"P10253|LYAG_HUMAN","Lysosomal alpha-glucosidase OS=Homo sapiens OX=9606 GN=GAA PE=1 SV=4",-0.336516437646935,16.4239997765372,-0.555700480448801,0.58087911530481,0.735620802592713,-5.65608262655862
177,"Q9Y6N5|SQOR_HUMAN","Sulfide:quinone oxidoreductase, mitochondrial OS=Homo sapiens OX=9606 GN=SQOR PE=1 SV=1",-1.19265042455743,17.4724374291929,-2.17333831044207,0.0344893854418706,0.338634890255269,-3.7126747506471
178,"Q86UE4|LYRIC_HUMAN","Protein LYRIC OS=Homo sapiens OX=9606 GN=MTDH PE=1 SV=2",-0.453864627188189,16.5250464525851,-0.818598760556294,0.416876889710568,0.623558716670251,-5.49018912817583
179,"P60174|TPIS_HUMAN","Triosephosphate isomerase OS=Homo sapiens OX=9606 GN=TPI1 PE=1 SV=4",-0.760478049470503,19.2198551586465,-1.51899759061095,0.135024350221144,0.413207622515545,-4.75419269069954
180,"P61158|ARP3_HUMAN","Actin-related protein 3 OS=Homo sapiens OX=9606 GN=ACTR3 PE=1 SV=3",-0.942845539166292,16.7215000295553,-1.58156193861873,0.120018107290429,0.401449077849917,-4.66865297056062
181,"Q9NQC3|RTN4_HUMAN","Reticulon-4 OS=Homo sapiens OX=9606 GN=RTN4 PE=1 SV=2",-0.750465641972504,17.104539955976,-1.37291259854149,0.175869728858814,0.442965451575971,-4.94168319460687
182,"Q8N3D4|EH1L1_HUMAN","EH domain-binding protein 1-like protein 1 OS=Homo sapiens OX=9606 GN=EHBP1L1 PE=1 SV=2",-0.586295595725298,13.6066528548664,-0.802811324775025,0.425861075770581,0.627588108541716,-5.50190027653111
183,"P62937|PPIA_HUMAN","Peptidyl-prolyl cis-trans isomerase A OS=Homo sapiens OX=9606 GN=PPIA PE=1 SV=2",-0.467771534886605,19.1541547761946,-0.934061811726435,0.354734614712064,0.581149481006032,-5.39783047258429
183,"#CONTAM#PPIA_HUMAN|",">sp|PPIA_HUMAN|",-0.463649040061558,19.145302213433,-0.925758813605769,0.358991935841729,0.583183097660902,-5.40486403772132
184,"P31948|STIP1_HUMAN","Stress-induced-phosphoprotein 1 OS=Homo sapiens OX=9606 GN=STIP1 PE=1 SV=1",-1.21170047707469,17.892028197295,-2.28848878070658,0.0263451309019187,0.318731682007202,-3.4976598715538
185,"P67936|TPM4_HUMAN","Tropomyosin alpha-4 chain OS=Homo sapiens OX=9606 GN=TPM4 PE=1 SV=3",-0.545883186770746,15.9340815798655,-0.842134111565389,0.404068077182464,0.614922102745194,-5.47195867268357
186,"Q5JPE7|NOMO2_HUMAN","Nodal modulator 2 OS=Homo sapiens OX=9606 GN=NOMO2 PE=1 SV=1",-1.18824106205228,15.6963447474216,-1.91600149412864,0.0610569977060217,0.368830596971464,-4.1600340231854
186,"P69849|NOMO3_HUMAN","Nodal modulator 3 OS=Homo sapiens OX=9606 GN=NOMO3 PE=1 SV=2",-1.18824106205228,15.6963447474216,-1.91600149412864,0.0610569977060217,0.368830596971464,-4.1600340231854
186,"Q15155|NOMO1_HUMAN","Nodal modulator 1 OS=Homo sapiens OX=9606 GN=NOMO1 PE=1 SV=5",-1.18574500787819,15.6922823804845,-1.91198970859516,0.0615818006702307,0.369405035496774,-4.16663308951963
187,"O94804|STK10_HUMAN","Serine/threonine-protein kinase 10 OS=Homo sapiens OX=9606 GN=STK10 PE=1 SV=1",-0.884810142753315,15.9284315931174,-1.51950925505177,0.134895827610748,0.413207622515545,-4.75350575862293
188,"P26640|SYVC_HUMAN","Valine--tRNA ligase OS=Homo sapiens OX=9606 GN=VARS1 PE=1 SV=4",-0.623908077665666,14.8836879218042,-0.979840263534768,0.33185451856906,0.560214426830518,-5.357967170241
189,"Q8WUM4|PDC6I_HUMAN","Programmed cell death 6-interacting protein OS=Homo sapiens OX=9606 GN=PDCD6IP PE=1 SV=1",-0.720291228335125,16.292949902951,-1.24034115048042,0.220604102375414,0.476862311775177,-5.09667756230448
190,"Q12965|MYO1E_HUMAN","Unconventional myosin-Ie OS=Homo sapiens OX=9606 GN=MYO1E PE=1 SV=2",-2.13651039458871,14.5361034175038,-3.11580527080171,0.00302841718480872,0.173551635852218,-1.71417472379209
191,"P04844|RPN2_HUMAN","Dolichyl-diphosphooligosaccharide--protein glycosyltransferase subunit 2 OS=Homo sapiens OX=9606 GN=RPN2 PE=1 SV=3",-1.34698604663274,16.1615050584072,-2.2220976740597,0.0308029118105675,0.329885445628496,-3.6227165989998
192,"Q9Y2J2|E41L3_HUMAN","Band 4.1-like protein 3 OS=Homo sapiens OX=9606 GN=EPB41L3 PE=1 SV=2",0.119355550195515,15.0432194568184,0.197848935025718,0.843960691040283,0.919684711562978,-5.78074209749186
193,"Q1KMD3|HNRL2_HUMAN","Heterogeneous nuclear ribonucleoprotein U-like protein 2 OS=Homo sapiens OX=9606 GN=HNRNPUL2 PE=1 SV=1",-0.38979568688087,14.8458844677869,-0.625194070056198,0.534669963166884,0.704874053063902,-5.6182890272748
194,"Q08378|GOGA3_HUMAN","Golgin subfamily A member 3 OS=Homo sapiens OX=9606 GN=GOLGA3 PE=1 SV=2",-2.22344260874266,12.9090480220806,-2.40526832911182,0.0223321378943572,0.305296712981952,-3.32803196198655
195,"Q9Y4K1|CRBG1_HUMAN","Beta/gamma crystallin domain-containing protein 1 OS=Homo sapiens OX=9606 GN=CRYBG1 PE=1 SV=3",0.198319200743459,14.3624305509603,0.20170374783217,0.842419904900626,0.919392831255518,-5.7793790880334
196,"P67809|YBOX1_HUMAN","Y-box-binding protein 1 OS=Homo sapiens OX=9606 GN=YBX1 PE=1 SV=3",-0.273495899066258,16.3689592514329,-0.475149542714559,0.636737249774161,0.774478208070407,-5.6943916457951
197,"P42765|THIM_HUMAN","3-ketoacyl-CoA thiolase, mitochondrial OS=Homo sapiens OX=9606 GN=ACAA2 PE=1 SV=2",-0.724082673560197,18.3322533060611,-1.40323704605108,0.166689504659517,0.438676892435621,-4.90418957130453
198,"O75165|DJC13_HUMAN","DnaJ homolog subfamily C member 13 OS=Homo sapiens OX=9606 GN=DNAJC13 PE=1 SV=5",-0.88783545218431,13.9651884819526,-1.29258292083399,0.202061764087614,0.466326987205939,-5.03734395656814
199,"P09651|ROA1_HUMAN","Heterogeneous nuclear ribonucleoprotein A1 OS=Homo sapiens OX=9606 GN=HNRNPA1 PE=1 SV=5",-1.28616250390206,11.3220206432091,-0.864846635429999,0.395482474560568,0.609849204117461,-5.45050373853509
200,"P53396|ACLY_HUMAN","ATP-citrate synthase OS=Homo sapiens OX=9606 GN=ACLY PE=1 SV=3",-1.00064589041036,15.7657067628019,-1.60672517587784,0.114375034748279,0.394932135154396,-4.63337611541725
201,"P17987|TCPA_HUMAN","T-complex protein 1 subunit alpha OS=Homo sapiens OX=9606 GN=TCP1 PE=1 SV=1",-0.410176397756569,16.0652818326613,-0.689231236889799,0.493845135291117,0.675214829883619,-5.57959412795435
202,"P78371|TCPB_HUMAN","T-complex protein 1 subunit beta OS=Homo sapiens OX=9606 GN=CCT2 PE=1 SV=4",-0.771093974830318,16.9709031873161,-1.38056587530646,0.173516957111546,0.441624863794215,-4.93229163785608
203,"P01023|A2MG_HUMAN","Alpha-2-macroglobulin OS=Homo sapiens OX=9606 GN=A2M PE=1 SV=3",-1.31462215093293,14.8132923539632,-1.76425949126153,0.0867903175432048,0.377971753709499,-4.40994270213913
203,"P20742|PZP_HUMAN","Pregnancy zone protein OS=Homo sapiens OX=9606 GN=PZP PE=1 SV=4",-0.50229039769315,7.84415464179509,-0.251615469693523,0.802363511623472,0.890205987780086,-5.76954076389977
204,"Q9Y678|COPG1_HUMAN","Coatomer subunit gamma-1 OS=Homo sapiens OX=9606 GN=COPG1 PE=1 SV=1",-1.0062513183817,15.9220918358618,-1.6888999373104,0.0974295132483938,0.386522542993734,-4.51472629288914
205,"P35606|COPB2_HUMAN","Coatomer subunit beta' OS=Homo sapiens OX=9606 GN=COPB2 PE=1 SV=2",-0.675736719952525,16.1193302554697,-1.18629497376393,0.241079240042719,0.488182548193727,-5.15564824297667
206,"Q96QK1|VPS35_HUMAN","Vacuolar protein sorting-associated protein 35 OS=Homo sapiens OX=9606 GN=VPS35 PE=1 SV=2",-1.18741415550731,15.9960777818537,-1.98496542599554,0.0526152175535095,0.364330774924382,-4.04476398175922
207,"P11498|PYC_HUMAN","Pyruvate carboxylase, mitochondrial OS=Homo sapiens OX=9606 GN=PC PE=1 SV=2",-1.05728660980951,15.5153086352675,-1.65711288013008,0.103722090446078,0.387142333108459,-4.56124538087022
208,"P00367|DHE3_HUMAN","Glutamate dehydrogenase 1, mitochondrial OS=Homo sapiens OX=9606 GN=GLUD1 PE=1 SV=2",-0.364203454295822,17.4777859724672,-0.650219023308521,0.518509729540452,0.694841756419019,-5.60360809037739
208,"#CONTAM#DHE3_BOVIN|",">sp|DHE3_BOVIN|",-0.399953400305584,17.2113448443469,-0.712451968053927,0.479476954102596,0.666415206055123,-5.5646501325401
208,"P49448|DHE4_HUMAN","Glutamate dehydrogenase 2, mitochondrial OS=Homo sapiens OX=9606 GN=GLUD2 PE=1 SV=2",-0.51022835295527,16.6815034310846,-0.889686456344214,0.377869825188034,0.597680990482873,-5.43471802094944
209,"Q9BSJ8|ESYT1_HUMAN","Extended synaptotagmin-1 OS=Homo sapiens OX=9606 GN=ESYT1 PE=1 SV=1",-0.61017202772487,16.0130337454768,-1.04386861535743,0.301537299514687,0.537105520682281,-5.29914936820042
210,"#CONTAM#TRYP_PIG|",">sp|TRYP_PIG|",0.477443120662418,17.911638923016,0.83070331756418,0.410067125319793,0.619053315370609,-5.48105993677177
211,"P41218|MNDA_HUMAN","Myeloid cell nuclear differentiation antigen OS=Homo sapiens OX=9606 GN=MNDA PE=1 SV=1",-0.144475297138545,17.1048907254243,-0.258880679647649,0.796783829227342,0.888284196801107,-5.76782217509922
212,"Q92614|MY18A_HUMAN","Unconventional myosin-XVIIIa OS=Homo sapiens OX=9606 GN=MYO18A PE=1 SV=3",-0.92494174815045,13.6507434770729,-1.32211052422489,0.192112443881621,0.457965239928968,-5.00280155205348
213,"P53618|COPB_HUMAN","Coatomer subunit beta OS=Homo sapiens OX=9606 GN=COPB1 PE=1 SV=3",-1.65506597920052,15.5969631997924,-2.5208906789341,0.0151343859830854,0.286254888807852,-3.04485776399154
214,"Q6ZS81|WDFY4_HUMAN","WD repeat- and FYVE domain-containing protein 4 OS=Homo sapiens OX=9606 GN=WDFY4 PE=1 SV=3",-3.65534725036732,13.7173945767818,-4.19947959616448,0.000253558916445907,0.078005589509466,0.459837181705598
215,"P13010|XRCC5_HUMAN","X-ray repair cross-complementing protein 5 OS=Homo sapiens OX=9606 GN=XRCC5 PE=1 SV=3",-0.761615338982864,16.4028549503566,-1.29795145384309,0.200224611549278,0.464731305655111,-5.03111755127482
216,"O60506|HNRPQ_HUMAN","Heterogeneous nuclear ribonucleoprotein Q OS=Homo sapiens OX=9606 GN=SYNCRIP PE=1 SV=2",-0.956105861729693,16.869602089814,-1.6264677297863,0.110099809821441,0.392573148240718,-4.6053506072817
217,"P27816|MAP4_HUMAN","Microtubule-associated protein 4 OS=Homo sapiens OX=9606 GN=MAP4 PE=1 SV=3",-0.24127698482285,17.4061980675913,-0.452654076145993,0.652744284995096,0.786376598939681,-5.70403155017749
218,"P06702|S10A9_HUMAN","Protein S100-A9 OS=Homo sapiens OX=9606 GN=S100A9 PE=1 SV=1",-0.282635399847429,19.5802453602629,-0.549834593256534,0.584866156698356,0.738065788719548,-5.65907201756527
219,"Q9P107|GMIP_HUMAN","GEM-interacting protein OS=Homo sapiens OX=9606 GN=GMIP PE=1 SV=2",-0.786613533490247,13.549126730616,-1.10236446389693,0.275550039969393,0.512875549761528,-5.24231470180779
220,"P54920|SNAA_HUMAN","Alpha-soluble NSF attachment protein OS=Homo sapiens OX=9606 GN=NAPA PE=1 SV=3",-1.1092609302897,16.1975285268293,-1.87397103948829,0.0667488863374688,0.373504631469922,-4.22858435106924
221,"A0MZ66|SHOT1_HUMAN","Shootin-1 OS=Homo sapiens OX=9606 GN=SHTN1 PE=1 SV=4",-0.70194697571071,15.7614543701618,-1.15681260278835,0.252813495739422,0.498337632105122,-5.18677538388763
222,"P02786|TFR1_HUMAN","Transferrin receptor protein 1 OS=Homo sapiens OX=9606 GN=TFRC PE=1 SV=2",-1.34488027496841,16.2339578467725,-2.27102525101682,0.0274583536201307,0.321614610405292,-3.53083922540419
223,"P43243|MATR3_HUMAN","Matrin-3 OS=Homo sapiens OX=9606 GN=MATR3 PE=1 SV=2",-0.61663752448862,15.647301124874,-1.03078047459182,0.307574952848636,0.541367111532111,-5.31146163273779
224,"O75874|IDHC_HUMAN","Isocitrate dehydrogenase [NADP] cytoplasmic OS=Homo sapiens OX=9606 GN=IDH1 PE=1 SV=2",-0.743313930201111,17.6914186335458,-1.3406791937104,0.186048488344149,0.454000475523088,-4.98070911403815
225,"P36776|LONM_HUMAN","Lon protease homolog, mitochondrial OS=Homo sapiens OX=9606 GN=LONP1 PE=1 SV=2",-1.1326733547754,15.7403469821987,-1.81650061288872,0.0752548791711605,0.375605864510613,-4.3202018594618
226,"O15143|ARC1B_HUMAN","Actin-related protein 2/3 complex subunit 1B OS=Homo sapiens OX=9606 GN=ARPC1B PE=1 SV=3",-0.829987904628052,16.852313291999,-1.49684739541348,0.140682163691835,0.417586546533929,-4.78372950737236
227,"Q5T1M5|FKB15_HUMAN","FK506-binding protein 15 OS=Homo sapiens OX=9606 GN=FKBP15 PE=1 SV=2",-0.762672781196367,16.3083358329158,-1.30605503011123,0.197475338303402,0.464106161503158,-5.02167365115513
228,"Q02218|ODO1_HUMAN","2-oxoglutarate dehydrogenase, mitochondrial OS=Homo sapiens OX=9606 GN=OGDH PE=1 SV=3",-1.0240314609646,15.1695700081813,-1.58695795500292,0.118789451434972,0.400662094185313,-4.66113017127825
228,"Q9ULD0|OGDHL_HUMAN","2-oxoglutarate dehydrogenase-like, mitochondrial OS=Homo sapiens OX=9606 GN=OGDHL PE=1 SV=3",-1.61338486832696,11.0568547185589,-1.11235537509098,0.273900762641376,0.512140291203772,-5.2305196548127
229,"P46459|NSF_HUMAN","Vesicle-fusing ATPase OS=Homo sapiens OX=9606 GN=NSF PE=1 SV=3",-0.786104149419305,16.5068621113688,-1.39849027487513,0.168101516296609,0.438795897387573,-4.91010823429363
230,"P48681|NEST_HUMAN","Nestin OS=Homo sapiens OX=9606 GN=NES PE=1 SV=2",-2.06819841222203,15.411330611797,-3.2680297599353,0.00195580814363401,0.158937088200598,-1.34594348897387
231,"O60610|DIAP1_HUMAN","Protein diaphanous homolog 1 OS=Homo sapiens OX=9606 GN=DIAPH1 PE=1 SV=2",-0.928027606678089,14.8395927468647,-1.4527093784838,0.152514779673275,0.425255728220961,-4.84141114029321
232,"P09211|GSTP1_HUMAN","Glutathione S-transferase P OS=Homo sapiens OX=9606 GN=GSTP1 PE=1 SV=2",-0.460648876654304,18.6180300457923,-0.896855898578601,0.374068455995184,0.594506583015224,-5.42887567212853
232,"#CONTAM#GSTP1_HUMAN|",">sp|GSTP1_HUMAN|",-0.460648876654304,18.6180300457923,-0.896855898578601,0.374068455995184,0.594506583015224,-5.42887567212853
233,"Q15084|PDIA6_HUMAN","Protein disulfide-isomerase A6 OS=Homo sapiens OX=9606 GN=PDIA6 PE=1 SV=1",-0.568928379543017,18.5068880576185,-1.11531814549509,0.270014581447812,0.510067018550758,-5.22933115583733
234,"Q00839|HNRPU_HUMAN","Heterogeneous nuclear ribonucleoprotein U OS=Homo sapiens OX=9606 GN=HNRNPU PE=1 SV=6",0.00876308020016836,16.7341041089791,0.0150870088898672,0.988022450439272,0.992452602774646,-5.79879278563678
235,"Q9H4A4|AMPB_HUMAN","Aminopeptidase B OS=Homo sapiens OX=9606 GN=RNPEP PE=1 SV=2",-1.51709140617121,15.7293353677858,-2.2029176424496,0.0339286314187321,0.338634890255269,-3.68062719243643
236,"Q96PP8|GBP5_HUMAN","Guanylate-binding protein 5 OS=Homo sapiens OX=9606 GN=GBP5 PE=1 SV=1",1.13011474268821,4.60290628140918,0.589888917886134,0.557905902932327,0.720509962197761,-5.63803703300054
237,"P04899|GNAI2_HUMAN","Guanine nucleotide-binding protein G(i) subunit alpha-2 OS=Homo sapiens OX=9606 GN=GNAI2 PE=1 SV=3",-0.255183063275791,16.9574499150146,-0.472008405136276,0.63896214458519,0.776244235794491,-5.69576552054193
238,"P04439|HLAA_HUMAN","HLA class I histocompatibility antigen, A alpha chain OS=Homo sapiens OX=9606 GN=HLA-A PE=1 SV=2",-0.28688155717203,16.5491961877056,-0.507543023203767,0.613992215674322,0.757943385757897,-5.67969730961364
239,"P21796|VDAC1_HUMAN","Voltage-dependent anion-selective channel protein 1 OS=Homo sapiens OX=9606 GN=VDAC1 PE=1 SV=2",-0.708018877980351,17.1559169168019,-1.29619842146857,0.200823126343931,0.464774425128055,-5.03315334920552
240,"P42858|HD_HUMAN","Huntingtin OS=Homo sapiens OX=9606 GN=HTT PE=1 SV=2",-3.42116082749575,12.2110811307177,-2.13396967562804,0.0524941279876246,0.364077631630755,-3.91418744651303
241,"Q9BUF5|TBB6_HUMAN","Tubulin beta-6 chain OS=Homo sapiens OX=9606 GN=TUBB6 PE=1 SV=1",-1.09095189110068,15.3432053172148,-1.87291612382559,0.0668973519998132,0.373504631469922,-4.23028815154621
242,"Q13045|FLII_HUMAN","Protein flightless-1 homolog OS=Homo sapiens OX=9606 GN=FLII PE=1 SV=2",-0.954902713900095,16.1296149740091,-1.65391684045656,0.104372788701728,0.387142333108459,-4.56587933878254
243,"P16615|AT2A2_HUMAN","Sarcoplasmic/endoplasmic reticulum calcium ATPase 2 OS=Homo sapiens OX=9606 GN=ATP2A2 PE=1 SV=1",-0.961778792734632,15.6597763172318,-1.61174110037138,0.113276287298135,0.394932135154396,-4.62628470460076
244,"Q15393|SF3B3_HUMAN","Splicing factor 3B subunit 3 OS=Homo sapiens OX=9606 GN=SF3B3 PE=1 SV=4",-0.99502869868911,15.0160288148873,-1.52871018231389,0.132601270694321,0.412847032454416,-4.74111743472211
245,"Q9Y6U3|ADSV_HUMAN","Adseverin OS=Homo sapiens OX=9606 GN=SCIN PE=1 SV=4",-1.49361262451455,15.3776598190804,-2.20560892610112,0.0327921128461892,0.336275309591754,-3.66374804209563
246,"Q13177|PAK2_HUMAN","Serine/threonine-protein kinase PAK 2 OS=Homo sapiens OX=9606 GN=PAK2 PE=1 SV=3",-0.784786863572535,16.2196542218357,-1.40543557247231,0.166038633289029,0.438191417632259,-4.90144203267716
247,"Q10567|AP1B1_HUMAN","AP-1 complex subunit beta-1 OS=Homo sapiens OX=9606 GN=AP1B1 PE=1 SV=2",-1.05682788042941,14.7584796818503,-1.5917584418629,0.117704951131344,0.398236625705184,-4.65441833593892
248,"Q7L576|CYFP1_HUMAN","Cytoplasmic FMR1-interacting protein 1 OS=Homo sapiens OX=9606 GN=CYFIP1 PE=1 SV=1",-1.08761019715264,15.0750252234995,-1.71711956274216,0.0921097267462798,0.384043168534586,-4.47277493122584
249,"P19878|NCF2_HUMAN","Neutrophil cytosol factor 2 OS=Homo sapiens OX=9606 GN=NCF2 PE=1 SV=2",-1.19805420417455,15.822800785266,-1.81692576693938,0.0761268294345997,0.375605864510613,-4.32287717954406
250,"P50570|DYN2_HUMAN","Dynamin-2 OS=Homo sapiens OX=9606 GN=DNM2 PE=1 SV=2",-1.53257469279064,14.3230202237188,-2.24678933613651,0.0290724826836134,0.326488217338006,-3.57655001194298
250,"Q05193|DYN1_HUMAN","Dynamin-1 OS=Homo sapiens OX=9606 GN=DNM1 PE=1 SV=2",-1.25387055910408,12.1867987421547,-1.48256724391113,0.144428205003412,0.420723281529778,-4.80256318180074
251,"Q7Z6Z7|HUWE1_HUMAN","E3 ubiquitin-protein ligase HUWE1 OS=Homo sapiens OX=9606 GN=HUWE1 PE=1 SV=3",-1.0735258653693,12.8569628199124,-1.34330349527684,0.185203354439883,0.453547627886719,-4.97756381447042
252,"P45974|UBP5_HUMAN","Ubiquitin carboxyl-terminal hydrolase 5 OS=Homo sapiens OX=9606 GN=USP5 PE=1 SV=2",-0.77720632066225,14.9956053020314,-1.25666062362357,0.21468135753355,0.4739275278816,-5.07838796191418
252,"Q92995|UBP13_HUMAN","Ubiquitin carboxyl-terminal hydrolase 13 OS=Homo sapiens OX=9606 GN=USP13 PE=1 SV=2",-0.572763091579792,7.00852849397035,-0.282549544151782,0.778681645918192,0.874881966304104,-5.76188508555818
253,"Q9UJU6|DBNL_HUMAN","Drebrin-like protein OS=Homo sapiens OX=9606 GN=DBNL PE=1 SV=1",-0.425831988397267,16.7592416926698,-0.765413684136897,0.447602037464019,0.644540947963065,-5.52875616374677
254,"Q02818|NUCB1_HUMAN","Nucleobindin-1 OS=Homo sapiens OX=9606 GN=NUCB1 PE=1 SV=4",-0.370004891605955,15.1666277907215,-0.569724710916267,0.571400336580212,0.729191481378066,-5.64880871573342
255,"Q15833|STXB2_HUMAN","Syntaxin-binding protein 2 OS=Homo sapiens OX=9606 GN=STXBP2 PE=1 SV=2",-1.52102992894001,15.9245998371131,-2.13052801505847,0.0410857149487684,0.348345476869979,-3.82129204527465
256,"P0DP23|CALM1_HUMAN","Calmodulin-1 OS=Homo sapiens OX=9606 GN=CALM1 PE=1 SV=1",-0.437857948919962,18.5002611480792,-0.824831538442382,0.41336191966036,0.621413538560967,-5.48550464887254
256,"P0DP24|CALM2_HUMAN","Calmodulin-2 OS=Homo sapiens OX=9606 GN=CALM2 PE=1 SV=1",-0.437857948919962,18.5002611480792,-0.824831538442382,0.41336191966036,0.621413538560967,-5.48550464887254
256,"P0DP25|CALM3_HUMAN","Calmodulin-3 OS=Homo sapiens OX=9606 GN=CALM3 PE=1 SV=1",-0.437857948919962,18.5002611480792,-0.824831538442382,0.41336191966036,0.621413538560967,-5.48550464887254
257,"P15311|EZRI_HUMAN","Ezrin OS=Homo sapiens OX=9606 GN=EZR PE=1 SV=4",-0.604032239203828,16.5097994584856,-1.0382829494106,0.304103995993727,0.538799746053187,-5.30442204306333
258,"O00160|MYO1F_HUMAN","Unconventional myosin-If OS=Homo sapiens OX=9606 GN=MYO1F PE=1 SV=3",-0.717143543308337,14.5459136509364,-1.07685197658544,0.286684253186258,0.523203848059365,-5.26746494091438
259,"Q9NZB2|F120A_HUMAN","Constitutive coactivator of PPAR-gamma-like protein 1 OS=Homo sapiens OX=9606 GN=FAM120A PE=1 SV=2",-1.1362555029386,14.7213791866838,-1.77621354866038,0.0817465222164553,0.375605864510613,-4.38295323143508
259,"Q5T035|CI129_HUMAN","Putative uncharacterized protein C9orf129 OS=Homo sapiens OX=9606 GN=C9orf129 PE=4 SV=1",-1.57289952514118,12.0604806066678,-1.76460121344403,0.0837023478886937,0.375795782140205,-4.40081333291617
260,"P35241|RADI_HUMAN","Radixin OS=Homo sapiens OX=9606 GN=RDX PE=1 SV=1",-0.710578002892612,15.2466757398118,-1.19037523528945,0.239486882528908,0.487715274924449,-5.15128228077161
261,"P31150|GDIA_HUMAN","Rab GDP dissociation inhibitor alpha OS=Homo sapiens OX=9606 GN=GDI1 PE=1 SV=2",-1.46323500027392,14.5731514705764,-2.17455900695758,0.0343925508889158,0.338634890255269,-3.71044235321568
262,"P50995|ANX11_HUMAN","Annexin A11 OS=Homo sapiens OX=9606 GN=ANXA11 PE=1 SV=1",-0.94643269360715,16.9734086930813,-1.70717982875412,0.0939554240921571,0.385701893955712,-4.48762118008717
263,"P19971|TYPH_HUMAN","Thymidine phosphorylase OS=Homo sapiens OX=9606 GN=TYMP PE=1 SV=2",-0.330137183170915,17.2037851965715,-0.602850399301301,0.549316831685407,0.714344080334857,-5.63091821914116
264,"P19367|HXK1_HUMAN","Hexokinase-1 OS=Homo sapiens OX=9606 GN=HK1 PE=1 SV=3",-0.815857702023433,15.0802213041005,-1.36719164051846,0.177644414961464,0.445729647544437,-4.94867213728274
265,"Q12802|AKP13_HUMAN","A-kinase anchor protein 13 OS=Homo sapiens OX=9606 GN=AKAP13 PE=1 SV=2",-0.468864216399261,12.3564972795827,-0.556730769838195,0.580180183226095,0.734951779163174,-5.65555433558566
266,"P08195|4F2_HUMAN","4F2 cell-surface antigen heavy chain OS=Homo sapiens OX=9606 GN=SLC3A2 PE=1 SV=3",-1.35263344830147,16.0262017172879,-2.20731696805125,0.0318818040202935,0.334099586168867,-3.650156228643
267,"Q9BS26|ERP44_HUMAN","Endoplasmic reticulum resident protein 44 OS=Homo sapiens OX=9606 GN=ERP44 PE=1 SV=1",-0.876122854841421,15.4565065940444,-1.37517930451889,0.17517035731341,0.442158562038824,-4.93890666422349
268,"Q13435|SF3B2_HUMAN","Splicing factor 3B subunit 2 OS=Homo sapiens OX=9606 GN=SF3B2 PE=1 SV=2",-0.716238127614028,14.5128161873756,-1.07284030553699,0.288463124713099,0.524888330434861,-5.27136873020256
269,"P07954|FUMH_HUMAN","Fumarate hydratase, mitochondrial OS=Homo sapiens OX=9606 GN=FH PE=1 SV=3",-0.97377737441699,16.9307629970448,-1.75023832806264,0.0861752715459207,0.377971753709499,-4.42276240590133
270,"P41252|SYIC_HUMAN","Isoleucine--tRNA ligase, cytoplasmic OS=Homo sapiens OX=9606 GN=IARS1 PE=1 SV=2",-2.00462918828763,14.3738973068721,-2.9651076234031,0.00461701867693935,0.207140619183102,-2.06750544684655
271,"P52272|HNRPM_HUMAN","Heterogeneous nuclear ribonucleoprotein M OS=Homo sapiens OX=9606 GN=HNRNPM PE=1 SV=3",-0.800147287521227,16.6822083982178,-1.39567401030084,0.168943625882945,0.439927567519858,-4.9136110799432
272,"P20591|MX1_HUMAN","Interferon-induced GTP-binding protein Mx1 OS=Homo sapiens OX=9606 GN=MX1 PE=1 SV=4",0.519545548612706,13.4313189736277,0.472661536579228,0.642456110699066,0.778794953217247,-5.69204478435139
273,"Q13740|CD166_HUMAN","CD166 antigen OS=Homo sapiens OX=9606 GN=ALCAM PE=1 SV=2",-1.81228645740658,16.2400615461915,-2.98161566788967,0.00441104737252151,0.199982958246843,-2.02936577498268
274,"Q13501|SQSTM_HUMAN","Sequestosome-1 OS=Homo sapiens OX=9606 GN=SQSTM1 PE=1 SV=1",-0.804773891500774,15.0768157449961,-1.33657567230289,0.187375873007851,0.454663597208345,-4.98561590011973
275,"P30041|PRDX6_HUMAN","Peroxiredoxin-6 OS=Homo sapiens OX=9606 GN=PRDX6 PE=1 SV=3",-1.34363695978265,17.2833477683357,-2.39237199701263,0.0205159283157569,0.29753639723681,-3.29616455977488
276,"P15924|DESP_HUMAN","Desmoplakin OS=Homo sapiens OX=9606 GN=DSP PE=1 SV=3",2.30023807852909,11.7963536031838,0.936442056653534,0.370054289987195,0.591180944723609,-5.38078223391219
277,"O75367|H2AY_HUMAN","Core histone macro-H2A.1 OS=Homo sapiens OX=9606 GN=MACROH2A1 PE=1 SV=4",-0.35105909510234,17.3217002837101,-0.637837754382446,0.526472505988124,0.698988003480533,-5.61094233163623
278,"P49588|SYAC_HUMAN","Alanine--tRNA ligase, cytoplasmic OS=Homo sapiens OX=9606 GN=AARS1 PE=1 SV=2",-1.02765011132757,15.1347915372232,-1.57006590837285,0.122669896509694,0.404516019980971,-4.68460340787377
279,"Q6DD88|ATLA3_HUMAN","Atlastin-3 OS=Homo sapiens OX=9606 GN=ATL3 PE=1 SV=1",-1.21112646992744,15.985122785465,-1.92962703323342,0.0593029656360623,0.366887115993354,-4.13753331523455
280,"Q27J81|INF2_HUMAN","Inverted formin-2 OS=Homo sapiens OX=9606 GN=INF2 PE=1 SV=2",-0.221979180365933,13.8979850043776,-0.310414530945212,0.757528380567017,0.859503354874116,-5.75423259062719
281,"O60664|PLIN3_HUMAN","Perilipin-3 OS=Homo sapiens OX=9606 GN=PLIN3 PE=1 SV=3",-0.829110812930676,16.8062677583271,-1.49005043955447,0.142455468888407,0.419472878120819,-4.79271424741364
282,"Q9NY65|TBA8_HUMAN","Tubulin alpha-8 chain OS=Homo sapiens OX=9606 GN=TUBA8 PE=1 SV=1",-3.97882254658075,9.69389477533173,-2.35075746754394,0.0226957124977907,0.305669663022124,-3.37772262635619
283,"P18669|PGAM1_HUMAN","Phosphoglycerate mutase 1 OS=Homo sapiens OX=9606 GN=PGAM1 PE=1 SV=2",-0.745212289666313,16.8929002790249,-1.18924774707338,0.240851629345572,0.488182548193727,-5.15200477650633
283,"P15259|PGAM2_HUMAN","Phosphoglycerate mutase 2 OS=Homo sapiens OX=9606 GN=PGAM2 PE=1 SV=3",-3.78334182836623,10.6189904006916,-2.48505555200393,0.0166873120968014,0.292499164066587,-3.12201753336825
284,"O75533|SF3B1_HUMAN","Splicing factor 3B subunit 1 OS=Homo sapiens OX=9606 GN=SF3B1 PE=1 SV=3",-0.355935885612736,14.5651471222831,-0.548622553182686,0.585691610817406,0.738674602574104,-5.65968579817882
285,"P52907|CAZA1_HUMAN","F-actin-capping protein subunit alpha-1 OS=Homo sapiens OX=9606 GN=CAPZA1 PE=1 SV=3",-0.940173175149873,17.8958569360946,-1.76887208648919,0.082978528758001,0.375605864510613,-4.394256479928
286,"Q05639|EF1A2_HUMAN","Elongation factor 1-alpha 2 OS=Homo sapiens OX=9606 GN=EEF1A2 PE=1 SV=1",-0.744953024407026,7.77149417069058,-0.331663454804847,0.741881821301256,0.848666105487053,-5.74767089758142
287,"P08567|PLEK_HUMAN","Pleckstrin OS=Homo sapiens OX=9606 GN=PLEK PE=1 SV=3",-1.87720214577268,14.4311909313701,-1.89569901373695,0.0747136118424633,0.375605864510613,-4.24101134606952
288,"Q6P2Q9|PRP8_HUMAN","Pre-mRNA-processing-splicing factor 8 OS=Homo sapiens OX=9606 GN=PRPF8 PE=1 SV=2",0.0472662630173222,14.9332378080539,0.0334834321575492,0.973901067236886,0.983953060424412,-5.7983410144008
289,"P43304|GPDM_HUMAN","Glycerol-3-phosphate dehydrogenase, mitochondrial OS=Homo sapiens OX=9606 GN=GPD2 PE=1 SV=3",-1.25471351673144,15.1774747608929,-2.00233471596011,0.0506546315148528,0.358801880609411,-4.01519093402774
290,"P62258|1433E_HUMAN","14-3-3 protein epsilon OS=Homo sapiens OX=9606 GN=YWHAE PE=1 SV=1",-0.769869516500215,18.1108537792242,-1.41831894305218,0.16226403203539,0.435365136457156,-4.8852621925753
291,"Q9Y520|PRC2C_HUMAN","Protein PRRC2C OS=Homo sapiens OX=9606 GN=PRRC2C PE=1 SV=4",-1.01012820450345,13.7210238543238,-1.10900252352214,0.27840569439634,0.515739064845177,-5.23175509122668
292,"P0CG38|POTEI_HUMAN","POTE ankyrin domain family member I OS=Homo sapiens OX=9606 GN=POTEI PE=3 SV=1",-2.41130785243144,10.1267228326781,-1.34820441426716,0.185815915820308,0.453863012930121,-4.9715614355593
293,"Q00722|PLCB2_HUMAN","1-phosphatidylinositol 4,5-bisphosphate phosphodiesterase beta-2 OS=Homo sapiens OX=9606 GN=PLCB2 PE=1 SV=2",-3.34621844698866,15.7023507892723,-3.1269859653483,0.00786137253205006,0.241849510682426,-2.31927070350825
294,"Q13510|ASAH1_HUMAN","Acid ceramidase OS=Homo sapiens OX=9606 GN=ASAH1 PE=1 SV=5",-0.688783528747322,18.5353434836269,-1.2441684221512,0.219204367332506,0.476862311775177,-5.09240830706579
295,"P14314|GLU2B_HUMAN","Glucosidase 2 subunit beta OS=Homo sapiens OX=9606 GN=PRKCSH PE=1 SV=2",-0.509870643869483,17.2585012677515,-0.929210670294372,0.357218010819685,0.582118037306237,-5.40194727627837
296,"Q9H4G0|E41L1_HUMAN","Band 4.1-like protein 1 OS=Homo sapiens OX=9606 GN=EPB41L1 PE=1 SV=2",-1.98019716798256,14.8959991444554,-3.09818706407646,0.00318332464182151,0.173551635852218,-1.75607223708732
297,"P31939|PUR9_HUMAN","Bifunctional purine biosynthesis protein ATIC OS=Homo sapiens OX=9606 GN=ATIC PE=1 SV=3",-1.25801328028473,14.8920418601409,-1.75914658500427,0.0864050635186546,0.377971753709499,-4.41414199726973
298,"Q9H2G2|SLK_HUMAN","STE20-like serine/threonine-protein kinase OS=Homo sapiens OX=9606 GN=SLK PE=1 SV=1",-0.810444701317929,14.2332530531815,-1.23823958048927,0.221375504942029,0.476862311775177,-5.09901659578462
299,"P0CG39|POTEJ_HUMAN","POTE ankyrin domain family member J OS=Homo sapiens OX=9606 GN=POTEJ PE=3 SV=1",2.14535145955469,5.70733661232315,1.02231693440696,0.311522845015352,0.544251696552947,-5.3193444683656
300,"Q99832|TCPH_HUMAN","T-complex protein 1 subunit eta OS=Homo sapiens OX=9606 GN=CCT7 PE=1 SV=2",-0.885452481563609,15.6952639586098,-1.45170848882225,0.152791885078847,0.425387620578276,-4.84270092041474
301,"Q99460|PSMD1_HUMAN","26S proteasome non-ATPase regulatory subunit 1 OS=Homo sapiens OX=9606 GN=PSMD1 PE=1 SV=2",-1.79344939127442,15.2684585689345,-2.23472670581973,0.0347698235147545,0.338634890255269,-3.66503554210563
302,"P10321|HLAC_HUMAN","HLA class I histocompatibility antigen, C alpha chain OS=Homo sapiens OX=9606 GN=HLA-C PE=1 SV=3",-0.217092171928483,12.4596525512003,-0.263017858291855,0.793611229355233,0.885972930231464,-5.76682172804116
303,"P49411|EFTU_HUMAN","Elongation factor Tu, mitochondrial OS=Homo sapiens OX=9606 GN=TUFM PE=1 SV=2",-0.481366281892289,16.4927329359883,-0.84921708368516,0.399784357857481,0.611546473994664,-5.46684550819549
304,"P30153|2AAA_HUMAN","Serine/threonine-protein phosphatase 2A 65 kDa regulatory subunit A alpha isoform OS=Homo sapiens OX=9606 GN=PPP2R1A PE=1 SV=4",-0.793205685314554,16.3678506636614,-1.38553684763578,0.17200180601052,0.441624863794215,-4.92616588056819
305,"P33121|ACSL1_HUMAN","Long-chain-fatty-acid--CoA ligase 1 OS=Homo sapiens OX=9606 GN=ACSL1 PE=1 SV=1",-0.864000919119958,16.3716982250209,-1.53203853233328,0.131778943770879,0.411764075527387,-4.73661944105778
305,"Q9UKU0|ACSL6_HUMAN","Long-chain-fatty-acid--CoA ligase 6 OS=Homo sapiens OX=9606 GN=ACSL6 PE=1 SV=4",-2.0764086104679,10.9748506635477,-1.57127489052217,0.122388820608788,0.404516019980971,-4.68293089027567
306,"P07737|PROF1_HUMAN","Profilin-1 OS=Homo sapiens OX=9606 GN=PFN1 PE=1 SV=2",-0.164953652931832,19.8764716714651,-0.359291698152891,0.720880870521693,0.833736280702721,-5.73908042041904
307,"Q460N5|PAR14_HUMAN","Protein mono-ADP-ribosyltransferase PARP14 OS=Homo sapiens OX=9606 GN=PARP14 PE=1 SV=3",-0.487606239415786,12.3160817863177,-0.571514851344679,0.570195881090219,0.728517846293555,-5.64786736206192
308,"Q15029|U5S1_HUMAN","116 kDa U5 small nuclear ribonucleoprotein component OS=Homo sapiens OX=9606 GN=EFTUD2 PE=1 SV=1",-0.577222858056407,14.6785551885451,-0.936155826711175,0.353666124136397,0.580804650406931,-5.39604706019398
309,"P01889|HLAB_HUMAN","HLA class I histocompatibility antigen, B alpha chain OS=Homo sapiens OX=9606 GN=HLA-B PE=1 SV=3",-0.127358229126397,15.4610507681784,-0.204458074116893,0.838820629693664,0.917420124959525,-5.77950937310555
310,"P60842|IF4A1_HUMAN","Eukaryotic initiation factor 4A-I OS=Homo sapiens OX=9606 GN=EIF4A1 PE=1 SV=1",-1.19172707685745,16.6338897350831,-1.96230270381809,0.0552712670918226,0.366768875860716,-4.08302359413615
311,"Q9Y5S1|TRPV2_HUMAN","Transient receptor potential cation channel subfamily V member 2 OS=Homo sapiens OX=9606 GN=TRPV2 PE=1 SV=1",-1.29969625564992,15.1693850662142,-2.1550020412096,0.03597308038437,0.338634890255269,-3.74608532247671
312,"P30740|ILEU_HUMAN","Leukocyte elastase inhibitor OS=Homo sapiens OX=9606 GN=SERPINB1 PE=1 SV=1",-0.791241415299247,17.1670759661737,-1.40194976213107,0.167071519635167,0.438676892435621,-4.90579648138443
313,"Q14152|EIF3A_HUMAN","Eukaryotic translation initiation factor 3 subunit A OS=Homo sapiens OX=9606 GN=EIF3A PE=1 SV=1",-1.03820538652639,14.8144740821223,-1.50861974368961,0.138036732734546,0.415460662395311,-4.76835364980554
314,"Q6IBS0|TWF2_HUMAN","Twinfilin-2 OS=Homo sapiens OX=9606 GN=TWF2 PE=1 SV=2",-0.801798595744486,16.0507495952372,-1.34539695780897,0.184531272591877,0.453398808503632,-4.97505066421801
315,"P48735|IDHP_HUMAN","Isocitrate dehydrogenase [NADP], mitochondrial OS=Homo sapiens OX=9606 GN=IDH2 PE=1 SV=2",-0.706448607289257,17.0501198669033,-1.25530220767467,0.215169810949427,0.474656876044215,-5.07991888861801
316,"Q92900|RENT1_HUMAN","Regulator of nonsense transcripts 1 OS=Homo sapiens OX=9606 GN=UPF1 PE=1 SV=2",-0.471283679636381,14.3995022152247,-0.734973085608583,0.465768988340966,0.657726895994932,-5.54969386392808
317,"P50990|TCPQ_HUMAN","T-complex protein 1 subunit theta OS=Homo sapiens OX=9606 GN=CCT8 PE=1 SV=4",-0.5784503281516,16.8712151585868,-1.0033656566346,0.320487170354569,0.549497708088028,-5.33677008974902
318,"P61160|ARP2_HUMAN","Actin-related protein 2 OS=Homo sapiens OX=9606 GN=ACTR2 PE=1 SV=1",-0.988005763829722,18.114411113807,-1.86035160056661,0.0686872765169408,0.374885133083069,-4.25051790083339
319,"Q92841|DDX17_HUMAN","Probable ATP-dependent RNA helicase DDX17 OS=Homo sapiens OX=9606 GN=DDX17 PE=1 SV=2",-0.488035581823342,15.7069525099894,-0.831031338002648,0.409883540671599,0.61899313102124,-5.48081073537668
320,"P51991|ROA3_HUMAN","Heterogeneous nuclear ribonucleoprotein A3 OS=Homo sapiens OX=9606 GN=HNRNPA3 PE=1 SV=2",-0.654720264259543,15.6857098323539,-1.03356486717289,0.306283637449984,0.540042889173149,-5.30885471739688
321,"P14866|HNRPL_HUMAN","Heterogeneous nuclear ribonucleoprotein L OS=Homo sapiens OX=9606 GN=HNRNPL PE=1 SV=2",-0.864056076761354,15.8292655346143,-1.38371913944039,0.172554656198837,0.441624863794215,-4.92840820152037
322,"O60313|OPA1_HUMAN","Dynamin-like 120 kDa protein, mitochondrial OS=Homo sapiens OX=9606 GN=OPA1 PE=1 SV=3",-1.00591455868936,14.2380076879359,-1.4986527758003,0.14021409582137,0.417059468717294,-4.78133678372834
323,"P07686|HEXB_HUMAN","Beta-hexosaminidase subunit beta OS=Homo sapiens OX=9606 GN=HEXB PE=1 SV=3",-0.892149020460948,17.2887676271414,-1.50900971978475,0.137552727622235,0.415083421255161,-4.76755993155499
324,"P06744|G6PI_HUMAN","Glucose-6-phosphate isomerase OS=Homo sapiens OX=9606 GN=GPI PE=1 SV=4",-1.01413637995442,17.2448057298818,-1.77743479234896,0.0815430693770437,0.375605864510613,-4.38106899392395
325,"P52566|GDIR2_HUMAN","Rho GDP-dissociation inhibitor 2 OS=Homo sapiens OX=9606 GN=ARHGDIB PE=1 SV=3",-0.636735364639556,17.8773234426895,-1.17950696455017,0.243745308863209,0.490336779670173,-5.16288030289671
326,"P30040|ERP29_HUMAN","Endoplasmic reticulum resident protein 29 OS=Homo sapiens OX=9606 GN=ERP29 PE=1 SV=4",-0.43595522439723,17.9030900588017,-0.825032105711342,0.413249110904408,0.621413538560967,-5.48535333200271
327,"Q8NF50|DOCK8_HUMAN","Dedicator of cytokinesis protein 8 OS=Homo sapiens OX=9606 GN=DOCK8 PE=1 SV=3",-1.51144200302953,12.3435831777801,-1.67615040399074,0.0999146310835325,0.387024448867313,-4.53347861320734
328,"P23634|AT2B4_HUMAN","Plasma membrane calcium-transporting ATPase 4 OS=Homo sapiens OX=9606 GN=ATP2B4 PE=1 SV=2",-2.05718778499763,12.1563465964301,-2.20002361515557,0.0324263622601065,0.335721976572785,-3.66364158045046
329,"P27348|1433T_HUMAN","14-3-3 protein theta OS=Homo sapiens OX=9606 GN=YWHAQ PE=1 SV=1",-1.47779287104578,16.8994732650018,-2.46550366351819,0.0171366193018819,0.292499164066587,-3.15016326729718
330,"O60841|IF2P_HUMAN","Eukaryotic translation initiation factor 5B OS=Homo sapiens OX=9606 GN=EIF5B PE=1 SV=4",-1.71351551001723,13.5525786955226,-2.23127312015729,0.0305383970289462,0.329885445628496,-3.61125526044236
331,"Q9Y3R5|DOP2_HUMAN","Protein dopey-2 OS=Homo sapiens OX=9606 GN=DOP1B PE=1 SV=5",-2.83410461511748,11.633694118595,-1.76870355975832,0.094851276798898,0.385835653299798,-4.42648947726361
332,"Q5T4S7|UBR4_HUMAN","E3 ubiquitin-protein ligase UBR4 OS=Homo sapiens OX=9606 GN=UBR4 PE=1 SV=1",-1.24395710390963,13.4758612555989,-1.17420881822596,0.255544178351382,0.500558775985993,-5.16307026659772
333,"Q6PIU2|NCEH1_HUMAN","Neutral cholesterol ester hydrolase 1 OS=Homo sapiens OX=9606 GN=NCEH1 PE=1 SV=3",-0.860709258509203,18.1040562902906,-1.63283210806729,0.108749652971074,0.392287613764031,-4.5962510738344
334,"O43776|SYNC_HUMAN","Asparagine--tRNA ligase, cytoplasmic OS=Homo sapiens OX=9606 GN=NARS1 PE=1 SV=1",-1.11606809597983,15.4427600161549,-1.75383454267528,0.0855504582144454,0.377971753709499,-4.41728144842629
335,"P05787|K2C8_HUMAN","Keratin, type II cytoskeletal 8 OS=Homo sapiens OX=9606 GN=KRT8 PE=1 SV=7",13.9587638905202,9.2829993491975,8.65099181150209,1.58577891537367e-11,6.8299497885144e-08,14.3543779130972
335,"P08729|K2C7_HUMAN","Keratin, type II cytoskeletal 7 OS=Homo sapiens OX=9606 GN=KRT7 PE=1 SV=5",6.62930805937538,5.61827143362511,3.50526212668304,0.000968773718018403,0.130390887609539,-0.751099714742641
336,"Q01469|FABP5_HUMAN","Fatty acid-binding protein 5 OS=Homo sapiens OX=9606 GN=FABP5 PE=1 SV=3",-0.907837077359893,17.539288177989,-1.5191164995617,0.135532340584307,0.413952924604843,-4.75444871241554
336,"A8MUU1|FB5L3_HUMAN","Putative fatty acid-binding protein 5-like protein 3 OS=Homo sapiens OX=9606 GN=FABP5P3 PE=5 SV=1",-0.78081081013012,16.5942903407026,-1.30515493413552,0.197779298815571,0.464106161503158,-5.02272531667518
337,"P11940|PABP1_HUMAN","Polyadenylate-binding protein 1 OS=Homo sapiens OX=9606 GN=PABPC1 PE=1 SV=2",-0.754725300038015,14.4541071188159,-1.21118464661178,0.23148461523329,0.485557760931822,-5.12879677518204
337,"Q4VXU2|PAP1L_HUMAN","Polyadenylate-binding protein 1-like OS=Homo sapiens OX=9606 GN=PABPC1L PE=2 SV=1",-0.694831178976788,11.7634508302389,-0.721554564393897,0.473909320066412,0.663134321483443,-5.55865988544063
338,"Q9UQ35|SRRM2_HUMAN","Serine/arginine repetitive matrix protein 2 OS=Homo sapiens OX=9606 GN=SRRM2 PE=1 SV=2",-0.303925529794713,13.7251186503168,-0.416753997321155,0.678631592917022,0.802764699448947,-5.71845552398615
339,"P17980|PRS6A_HUMAN","26S proteasome regulatory subunit 6A OS=Homo sapiens OX=9606 GN=PSMC3 PE=1 SV=3",-0.808462195394926,16.2112098503358,-1.38132903203404,0.17328368185549,0.441624863794215,-4.93135251166528
340,"P31943|HNRH1_HUMAN","Heterogeneous nuclear ribonucleoprotein H OS=Homo sapiens OX=9606 GN=HNRNPH1 PE=1 SV=4",-0.643346864188477,15.4156007604641,-1.07147211047403,0.289071564508777,0.525551383849432,-5.27269696268404
341,"O00299|CLIC1_HUMAN","Chloride intracellular channel protein 1 OS=Homo sapiens OX=9606 GN=CLIC1 PE=1 SV=4",-0.564841915637622,18.5101451691159,-1.10923333155054,0.272604929320794,0.511302948474156,-5.23544790343984
342,"P13804|ETFA_HUMAN","Electron transfer flavoprotein subunit alpha, mitochondrial OS=Homo sapiens OX=9606 GN=ETFA PE=1 SV=1",-0.230772901683288,16.64158192655,-0.410146773170262,0.683440061776298,0.806238385667082,-5.72098138991677
343,"P43490|NAMPT_HUMAN","Nicotinamide phosphoribosyltransferase OS=Homo sapiens OX=9606 GN=NAMPT PE=1 SV=1",-0.481419162683318,16.1446485298323,-0.800478352363339,0.427198508847932,0.628825692962421,-5.50361207659212
344,"P26599|PTBP1_HUMAN","Polypyrimidine tract-binding protein 1 OS=Homo sapiens OX=9606 GN=PTBP1 PE=1 SV=1",-1.68258021240157,15.5021331399565,-1.95445796631595,0.0648451310849968,0.37142069218209,-4.14300056981974
345,"Q13586|STIM1_HUMAN","Stromal interaction molecule 1 OS=Homo sapiens OX=9606 GN=STIM1 PE=1 SV=3",-0.866683445789858,12.5887809527907,-1.04949706755573,0.298966009777368,0.534734370968983,-5.29380901771471
346,"P25774|CATS_HUMAN","Cathepsin S OS=Homo sapiens OX=9606 GN=CTSS PE=1 SV=3",-0.145969102608898,17.6980231779728,-0.280928056363499,0.779917963382127,0.875621455445004,-5.76230832690623
347,"P35580|MYH10_HUMAN","Myosin-10 OS=Homo sapiens OX=9606 GN=MYH10 PE=1 SV=3",3.3962210756464,4.00172794176062,1.90197617679035,0.0629085299238588,0.370211424743563,-4.18305312803295
348,"Q86VP6|CAND1_HUMAN","Cullin-associated NEDD8-dissociated protein 1 OS=Homo sapiens OX=9606 GN=CAND1 PE=1 SV=2",-1.57413047159541,14.8510696379258,-2.39725858089822,0.0202727092709287,0.29753639723681,-3.28651466841717
349,"P63010|AP2B1_HUMAN","AP-2 complex subunit beta OS=Homo sapiens OX=9606 GN=AP2B1 PE=1 SV=1",-1.78594487904964,13.6855835517961,-2.44131336934212,0.0181942806210901,0.292499164066587,-3.19883091391722
350,"P49368|TCPG_HUMAN","T-complex protein 1 subunit gamma OS=Homo sapiens OX=9606 GN=CCT3 PE=1 SV=4",-0.951031097995129,16.3784226667282,-1.66001189164118,0.103134741199547,0.387142333108459,-4.55703522579877
351,"O15144|ARPC2_HUMAN","Actin-related protein 2/3 complex subunit 2 OS=Homo sapiens OX=9606 GN=ARPC2 PE=1 SV=1",-1.46176042908223,16.3166792382504,-2.31701244313648,0.0248690084077148,0.31600086074823,-3.44788631945983
352,"P50991|TCPD_HUMAN","T-complex protein 1 subunit delta OS=Homo sapiens OX=9606 GN=CCT4 PE=1 SV=4",-0.868719336330308,14.949901466238,-1.37071802328282,0.176548886701395,0.444156574195624,-4.9443673510781
353,"Q96G03|PGM2_HUMAN","Phosphoglucomutase-2 OS=Homo sapiens OX=9606 GN=PGM2 PE=1 SV=4",-1.99121271360215,14.6999087901766,-2.23761994028934,0.0364030541416739,0.338634890255269,-3.68250597667452
354,"Q15365|PCBP1_HUMAN","Poly(rC)-binding protein 1 OS=Homo sapiens OX=9606 GN=PCBP1 PE=1 SV=2",-0.665688555910382,14.6430150526531,-1.02366606336737,0.310891236229246,0.543870249569196,-5.31809206618144
355,"P23141|EST1_HUMAN","Liver carboxylesterase 1 OS=Homo sapiens OX=9606 GN=CES1 PE=1 SV=2",-0.434278628380667,15.3565556628123,-0.601899262440601,0.55130995093871,0.715639529443346,-5.6301230326787
355,"Q9UKY3|CES1P_HUMAN","Putative inactive carboxylesterase 4 OS=Homo sapiens OX=9606 GN=CES1P1 PE=5 SV=2",-0.5427162294929,12.8375317584395,-0.731435478476147,0.467907276151322,0.659881021081776,-5.55207330013084
356,"Q15691|MARE1_HUMAN","Microtubule-associated protein RP/EB family member 1 OS=Homo sapiens OX=9606 GN=MAPRE1 PE=1 SV=3",-1.21397017001973,15.0946843255641,-1.65754105372155,0.106754031048003,0.38869023294754,-4.56611376269185
357,"Q12913|PTPRJ_HUMAN","Receptor-type tyrosine-protein phosphatase eta OS=Homo sapiens OX=9606 GN=PTPRJ PE=1 SV=3",-0.689984150827549,14.5783217755762,-1.07450680658632,0.287723229462465,0.524428247691426,-5.26974872708856
358,"P98082|DAB2_HUMAN","Disabled homolog 2 OS=Homo sapiens OX=9606 GN=DAB2 PE=1 SV=3",-0.18925741882282,15.8152223592001,-0.325669638324758,0.746025296959732,0.851386050345937,-5.74973973485853
359,"Q9H223|EHD4_HUMAN","EH domain-containing protein 4 OS=Homo sapiens OX=9606 GN=EHD4 PE=1 SV=1",-0.556501680552341,16.1744973177992,-0.964037920147646,0.339639070134955,0.567646672515038,-5.37193470127192
360,"O75410|TACC1_HUMAN","Transforming acidic coiled-coil-containing protein 1 OS=Homo sapiens OX=9606 GN=TACC1 PE=1 SV=2",-0.689656147941994,13.6085800845154,-0.990143106857821,0.326843591368317,0.556629240025046,-5.34874330742505
360,"O95359|TACC2_HUMAN","Transforming acidic coiled-coil-containing protein 2 OS=Homo sapiens OX=9606 GN=TACC2 PE=1 SV=3",-1.99677284207061,9.1020622426234,-1.14215804756775,0.258796353088641,0.501421074832336,-5.20197254840909
361,"P15144|AMPN_HUMAN","Aminopeptidase N OS=Homo sapiens OX=9606 GN=ANPEP PE=1 SV=4",-0.931397681780135,15.4456715125454,-1.54572065970786,0.12844121685396,0.410383027440658,-4.7180364960179
362,"P33527|MRP1_HUMAN","Multidrug resistance-associated protein 1 OS=Homo sapiens OX=9606 GN=ABCC1 PE=1 SV=3",-2.37562278280964,12.7423168290602,-2.56206194607155,0.0150792067387464,0.286254888807852,-3.01382813080917
363,"Q93008|USP9X_HUMAN","Probable ubiquitin carboxyl-terminal hydrolase FAF-X OS=Homo sapiens OX=9606 GN=USP9X PE=1 SV=4",-2.56584727278131,12.1433871553911,-1.55719642825639,0.143686857506312,0.420050187165385,-4.71846707616492
363,"O00507|USP9Y_HUMAN","Probable ubiquitin carboxyl-terminal hydrolase FAF-Y OS=Homo sapiens OX=9606 GN=USP9Y PE=2 SV=2",-2.58781795012756,10.3236496268453,-1.68861218182369,0.0974850355852212,0.386522542993734,-4.51515091450999
364,"Q96TA1|NIBA2_HUMAN","Protein Niban 2 OS=Homo sapiens OX=9606 GN=NIBAN2 PE=1 SV=3",-1.6790405533618,15.3779336609415,-2.64884907853222,0.0107632203456106,0.273393487205875,-2.76961424140682
365,"P40926|MDHM_HUMAN","Malate dehydrogenase, mitochondrial OS=Homo sapiens OX=9606 GN=MDH2 PE=1 SV=3",-0.745176649164215,18.1277550832022,-1.4343118216566,0.157671584478325,0.43172711904486,-4.86498920006082
366,"P20042|IF2B_HUMAN","Eukaryotic translation initiation factor 2 subunit 2 OS=Homo sapiens OX=9606 GN=EIF2S2 PE=1 SV=2",-0.826915295303527,14.3877904058588,-1.3001159741414,0.199487459714245,0.464645177646718,-5.02860036519837
368,"P06753|TPM3_HUMAN","Tropomyosin alpha-3 chain OS=Homo sapiens OX=9606 GN=TPM3 PE=1 SV=2",-0.356307178314193,16.1895527488838,-0.63479866667996,0.528436827830985,0.700516287309342,-5.61272141032143
369,"P17931|LEG3_HUMAN","Galectin-3 OS=Homo sapiens OX=9606 GN=LGALS3 PE=1 SV=5",-1.21411075441615,18.5074350877487,-2.24601479702956,0.0291254267881746,0.326488217338006,-3.57800439261363
370,"O00429|DNM1L_HUMAN","Dynamin-1-like protein OS=Homo sapiens OX=9606 GN=DNM1L PE=1 SV=2",-1.34222789297447,13.9391760902125,-1.57559152054069,0.126525095754675,0.408259280835653,-4.68262516726633
371,"O00571|DDX3X_HUMAN","ATP-dependent RNA helicase DDX3X OS=Homo sapiens OX=9606 GN=DDX3X PE=1 SV=3",-0.614015070358436,5.21577341009808,-0.307548303508911,0.759695930387857,0.861055361100131,-5.75505279017536
372,"P30043|BLVRB_HUMAN","Flavin reductase (NADPH) OS=Homo sapiens OX=9606 GN=BLVRB PE=1 SV=3",-0.725060839633926,16.6695811687649,-1.21483704770363,0.230100494950532,0.485134332219116,-5.12481246732983
373,"P19338|NUCL_HUMAN","Nucleolin OS=Homo sapiens OX=9606 GN=NCL PE=1 SV=3",-0.524046236439652,17.546522384721,-0.986804740742903,0.328461678589633,0.558060926897653,-5.35174218701323
374,"P31040|SDHA_HUMAN","Succinate dehydrogenase [ubiquinone] flavoprotein subunit, mitochondrial OS=Homo sapiens OX=9606 GN=SDHA PE=1 SV=2",-0.570511714935494,15.0237818614172,-0.927986786735246,0.357846318575847,0.582921366908537,-5.4029826340121
375,"P23246|SFPQ_HUMAN","Splicing factor, proline- and glutamine-rich OS=Homo sapiens OX=9606 GN=SFPQ PE=1 SV=2",-0.625463304126514,15.1690838539678,-0.962487924695238,0.340409074299682,0.568712910399042,-5.37329298431183
377,"P06748|NPM_HUMAN","Nucleophosmin OS=Homo sapiens OX=9606 GN=NPM1 PE=1 SV=2",-0.987526251100547,17.3240545348208,-1.70184596554246,0.0949583915713458,0.385835653299798,-4.49555670510072
378,"O60488|ACSL4_HUMAN","Long-chain-fatty-acid--CoA ligase 4 OS=Homo sapiens OX=9606 GN=ACSL4 PE=1 SV=2",-2.40674507008498,14.2086687626105,-3.61687669538405,0.000690323254544007,0.0997134966538136,-0.463051500209264
379,"Q8TDJ6|DMXL2_HUMAN","DmX-like protein 2 OS=Homo sapiens OX=9606 GN=DMXL2 PE=1 SV=2",0.023466583206611,13.1791418544622,0.0302789639435161,0.975964400002173,0.985113351490358,-5.79847298244847
380,"O60749|SNX2_HUMAN","Sorting nexin-2 OS=Homo sapiens OX=9606 GN=SNX2 PE=1 SV=2",-0.460219882678233,15.2816071657064,-0.727911075276701,0.470043142455853,0.661377267088323,-5.5544327004934
381,"Q9ULV4|COR1C_HUMAN","Coronin-1C OS=Homo sapiens OX=9606 GN=CORO1C PE=1 SV=1",-0.710309052736836,16.9407861504207,-1.30723210454736,0.197078374278142,0.464106161503158,-5.02029735049391
382,"Q16881|TRXR1_HUMAN","Thioredoxin reductase 1, cytoplasmic OS=Homo sapiens OX=9606 GN=TXNRD1 PE=1 SV=3",-1.38287493966254,14.8409357458765,-2.35195276391067,0.0226303170364332,0.305669663022124,-3.37539561067267
383,"Q14974|IMB1_HUMAN","Importin subunit beta-1 OS=Homo sapiens OX=9606 GN=KPNB1 PE=1 SV=2",-0.764105149382136,15.478951884024,-1.27220087073312,0.209151943063641,0.469517032959905,-5.06076430204969
384,"O15523|DDX3Y_HUMAN","ATP-dependent RNA helicase DDX3Y OS=Homo sapiens OX=9606 GN=DDX3Y PE=1 SV=2",-0.196123882684493,8.20873674521348,-0.0982405688778171,0.92213172683962,0.960488838572732,-5.79442044239246
385,"P48147|PPCE_HUMAN","Prolyl endopeptidase OS=Homo sapiens OX=9606 GN=PREP PE=1 SV=2",-1.46063569739354,14.0319932717474,-2.16181705794154,0.0354152152151164,0.338634890255269,-3.73369453844671
386,"P47897|SYQ_HUMAN","Glutamine--tRNA ligase OS=Homo sapiens OX=9606 GN=QARS1 PE=1 SV=1",-1.02544459201813,14.201069141519,-1.54118570003451,0.129539932309646,0.411120587293556,-4.72421234076904
387,"P06737|PYGL_HUMAN","Glycogen phosphorylase, liver form OS=Homo sapiens OX=9606 GN=PYGL PE=1 SV=4",-0.899009427811373,14.6065569561948,-1.37950273412736,0.173842331868999,0.441624863794215,-4.93359912314245
388,"Q14008|CKAP5_HUMAN","Cytoskeleton-associated protein 5 OS=Homo sapiens OX=9606 GN=CKAP5 PE=1 SV=3",-1.3182633459293,14.5913786663848,-1.99883543797663,0.0510444694073378,0.358801880609411,-4.02116621248355
389,"O43390|HNRPR_HUMAN","Heterogeneous nuclear ribonucleoprotein R OS=Homo sapiens OX=9606 GN=HNRNPR PE=1 SV=1",-0.483687437784662,15.0100793355194,-0.750970223202096,0.456169722204337,0.652425059377509,-5.5387940500486
390,"P16435|NCPR_HUMAN","NADPH--cytochrome P450 reductase OS=Homo sapiens OX=9606 GN=POR PE=1 SV=2",-0.57023497298594,13.926633978754,-0.780544458703477,0.438728500313588,0.637248318053059,-5.51804072753842
391,"P11216|PYGB_HUMAN","Glycogen phosphorylase, brain form OS=Homo sapiens OX=9606 GN=PYGB PE=1 SV=5",-2.3107821495766,13.7841051881094,-1.68655233873647,0.118101133122759,0.399263406875764,-4.55443079184883
392,"P54136|SYRC_HUMAN","Arginine--tRNA ligase, cytoplasmic OS=Homo sapiens OX=9606 GN=RARS1 PE=1 SV=2",-1.22812636055887,14.9905611700004,-1.94421179210505,0.0574733547847761,0.366768875860716,-4.11329869595748
393,"P29144|TPP2_HUMAN","Tripeptidyl-peptidase 2 OS=Homo sapiens OX=9606 GN=TPP2 PE=1 SV=4",-1.30670406613658,14.024431576986,-1.63875313376941,0.110737888778615,0.392573148240718,-4.5929269966426
394,"P48506|GSH1_HUMAN","Glutamate--cysteine ligase catalytic subunit OS=Homo sapiens OX=9606 GN=GCLC PE=1 SV=2",-1.61927260357939,14.9013857733481,-2.57706646893839,0.0129428424044423,0.284166250325533,-2.92102704385275
395,"Q5K4L6|S27A3_HUMAN","Solute carrier family 27 member 3 OS=Homo sapiens OX=9606 GN=SLC27A3 PE=1 SV=4",-1.26574653927987,14.49214178081,-1.84025052679018,0.0716350815220936,0.374885133083069,-4.28263851898687
396,"P17844|DDX5_HUMAN","Probable ATP-dependent RNA helicase DDX5 OS=Homo sapiens OX=9606 GN=DDX5 PE=1 SV=1",-0.150499380768906,15.0920637172576,-0.243318160995432,0.808748549886041,0.895214598910095,-5.77144382304692
397,"Q92499|DDX1_HUMAN","ATP-dependent RNA helicase DDX1 OS=Homo sapiens OX=9606 GN=DDX1 PE=1 SV=2",-0.99361395285846,14.5977971106749,-1.42866172628228,0.159532253709879,0.433504994781357,-4.87224766974195
398,"P31930|QCR1_HUMAN","Cytochrome b-c1 complex subunit 1, mitochondrial OS=Homo sapiens OX=9606 GN=UQCRC1 PE=1 SV=3",-0.608864895439192,15.436836236199,-1.01646170935786,0.314274123545262,0.545138401171746,-5.32476160596091
399,"Q13231|CHIT1_HUMAN","Chitotriosidase-1 OS=Homo sapiens OX=9606 GN=CHIT1 PE=1 SV=1",-1.88583186120036,14.7740033573626,-2.91344193838553,0.00532105784522841,0.214586107848963,-2.18594830581105
401,"Q05209|PTN12_HUMAN","Tyrosine-protein phosphatase non-receptor type 12 OS=Homo sapiens OX=9606 GN=PTPN12 PE=1 SV=3",-0.939254936667975,13.5836569499035,-1.35897181837042,0.180218268516442,0.44789387334121,-4.95866668702888
402,"P36578|RL4_HUMAN","60S ribosomal protein L4 OS=Homo sapiens OX=9606 GN=RPL4 PE=1 SV=5",-2.99722325462706,12.2771437804635,-1.54833588940534,0.150247564222466,0.423664741436004,-4.73282537839983
403,"Q9P2J5|SYLC_HUMAN","Leucine--tRNA ligase, cytoplasmic OS=Homo sapiens OX=9606 GN=LARS1 PE=1 SV=2",-2.16106109556644,14.4016885697981,-2.32021342121905,0.0311898404294377,0.33087350426007,-3.55003366810553
404,"O43399|TPD54_HUMAN","Tumor protein D54 OS=Homo sapiens OX=9606 GN=TPD52L2 PE=1 SV=2",-0.399498586021384,16.5263544633801,-0.707904219807679,0.482272315360722,0.668890490565271,-5.56761505251728
405,"P04080|CYTB_HUMAN","Cystatin-B OS=Homo sapiens OX=9606 GN=CSTB PE=1 SV=2",-0.94332790932198,18.1744467867987,-1.84905577680214,0.0703309072123022,0.374885133083069,-4.26860507806616
406,"Q96P48|ARAP1_HUMAN","Arf-GAP with Rho-GAP domain, ANK repeat and PH domain-containing protein 1 OS=Homo sapiens OX=9606 GN=ARAP1 PE=1 SV=3",-1.18984229888054,14.470554381568,-1.82626804433268,0.0737479813098146,0.375605864510613,-4.30480450777463
407,"P31689|DNJA1_HUMAN","DnaJ homolog subfamily A member 1 OS=Homo sapiens OX=9606 GN=DNAJA1 PE=1 SV=2",-1.82686780909719,13.490571302042,-1.69659722531401,0.107566164692354,0.389644635264901,-4.52646395960395
408,"P10644|KAP0_HUMAN","cAMP-dependent protein kinase type I-alpha regulatory subunit OS=Homo sapiens OX=9606 GN=PRKAR1A PE=1 SV=1",-0.650705909985939,15.7875992571684,-1.13372227956387,0.262285827336594,0.504991085533621,-5.21063764855191
409,"P54577|SYYC_HUMAN","Tyrosine--tRNA ligase, cytoplasmic OS=Homo sapiens OX=9606 GN=YARS1 PE=1 SV=4",-0.766206381841283,15.4143057816163,-1.2712163777655,0.209499055351875,0.469517032959905,-5.0618867731188
410,"P47755|CAZA2_HUMAN","F-actin-capping protein subunit alpha-2 OS=Homo sapiens OX=9606 GN=CAPZA2 PE=1 SV=3",-1.01482370812618,15.9064997085207,-1.76119248974279,0.0842838234323962,0.376829835724992,-4.40603664959894
411,"P51149|RAB7A_HUMAN","Ras-related protein Rab-7a OS=Homo sapiens OX=9606 GN=RAB7A PE=1 SV=1",-0.599969495231829,18.1623392281271,-1.12957381504314,0.264014075459239,0.50615957398564,-5.21487661238244
412,"P55084|ECHB_HUMAN","Trifunctional enzyme subunit beta, mitochondrial OS=Homo sapiens OX=9606 GN=HADHB PE=1 SV=3",-0.860504148348106,17.0128626900058,-1.51610696124012,0.135752265535905,0.413952924604843,-4.75806955893853
413,"Q8NC51|PAIRB_HUMAN","Plasminogen activator inhibitor 1 RNA-binding protein OS=Homo sapiens OX=9606 GN=SERBP1 PE=1 SV=2",-0.282525518396028,15.5873987171483,-0.475643361108635,0.636387779970754,0.774271798964417,-5.69417483803349
414,"Q9C0C2|TB182_HUMAN","182 kDa tankyrase-1-binding protein OS=Homo sapiens OX=9606 GN=TNKS1BP1 PE=1 SV=4",-2.23998373530572,12.342009854547,-2.5850720805072,0.0126812311138083,0.284166250325533,-2.90429294618745
416,"P29692|EF1D_HUMAN","Elongation factor 1-delta OS=Homo sapiens OX=9606 GN=EEF1D PE=1 SV=5",-0.84087506041609,16.0467832331558,-1.4152803991478,0.163148207625226,0.435365136457156,-4.88909040187573
417,"Q5JRA6|TGO1_HUMAN","Transport and Golgi organization protein 1 homolog OS=Homo sapiens OX=9606 GN=MIA3 PE=1 SV=1",-0.544695288490079,13.8013197566296,-0.785006222279719,0.436131879863819,0.636321140438166,-5.5148419556912
418,"P00352|AL1A1_HUMAN","Retinal dehydrogenase 1 OS=Homo sapiens OX=9606 GN=ALDH1A1 PE=1 SV=2",-0.917676055959808,14.3271828999744,-0.820346233552287,0.425557683969013,0.627588108541716,-5.47937041596652
419,"Q9BTV4|TMM43_HUMAN","Transmembrane protein 43 OS=Homo sapiens OX=9606 GN=TMEM43 PE=1 SV=1",-1.13273153688678,14.7374873266537,-1.7767486194786,0.0816573300553627,0.375605864510613,-4.38212781794489
420,"P16284|PECA1_HUMAN","Platelet endothelial cell adhesion molecule OS=Homo sapiens OX=9606 GN=PECAM1 PE=1 SV=2",-0.307995134043905,14.9246180391868,-0.495891689605671,0.622130772239021,0.76383045496963,-5.68509297585491
421,"Q13283|G3BP1_HUMAN","Ras GTPase-activating protein-binding protein 1 OS=Homo sapiens OX=9606 GN=G3BP1 PE=1 SV=1",-0.612149633551425,14.7975472963046,-0.920012741092389,0.361957495329003,0.584314442422046,-5.40969617472543
422,"P35998|PRS7_HUMAN","26S proteasome regulatory subunit 7 OS=Homo sapiens OX=9606 GN=PSMC2 PE=1 SV=3",-0.687291345320764,16.2291005104904,-1.18516378757786,0.241522051886873,0.488182548193727,-5.1568561388773
423,"Q99613|EIF3C_HUMAN","Eukaryotic translation initiation factor 3 subunit C OS=Homo sapiens OX=9606 GN=EIF3C PE=1 SV=1",-0.941271681436882,14.9045586125969,-1.47067984132764,0.147606251837412,0.422207408090888,-4.81811600728179
423,"B5ME19|EIFCL_HUMAN","Eukaryotic translation initiation factor 3 subunit C-like protein OS=Homo sapiens OX=9606 GN=EIF3CL PE=1 SV=1",-0.949541095923797,14.8990438288936,-1.48501431967475,0.143780742013439,0.420050187165385,-4.79934744180064
424,"O00116|ADAS_HUMAN","Alkyldihydroxyacetonephosphate synthase, peroxisomal OS=Homo sapiens OX=9606 GN=AGPS PE=1 SV=1",-0.453429421657393,15.5049500100398,-0.749264911540226,0.457187526889564,0.653103375891659,-5.5399668902298
425,"P62191|PRS4_HUMAN","26S proteasome regulatory subunit 4 OS=Homo sapiens OX=9606 GN=PSMC1 PE=1 SV=1",-1.0633358339095,15.9582946704854,-1.80847560902633,0.0765122573306515,0.375605864510613,-4.33279898508425
426,"Q92945|FUBP2_HUMAN","Far upstream element-binding protein 2 OS=Homo sapiens OX=9606 GN=KHSRP PE=1 SV=4",-0.41786982871897,16.2098949130847,-0.735354710101546,0.465538652031057,0.657726895994932,-5.54943650864025
427,"Q92974|ARHG2_HUMAN","Rho guanine nucleotide exchange factor 2 OS=Homo sapiens OX=9606 GN=ARHGEF2 PE=1 SV=4",-0.974900012381955,14.1093821994216,-1.46648283340762,0.148741365181929,0.423261066143431,-4.82357993565609
428,"P05388|RLA0_HUMAN","60S acidic ribosomal protein P0 OS=Homo sapiens OX=9606 GN=RPLP0 PE=1 SV=1",-0.95501301495387,16.5681314860651,-1.66767548936573,0.101595180199271,0.387024448867313,-4.54587419610769
429,"Q7Z2W4|ZCCHV_HUMAN","Zinc finger CCCH-type antiviral protein 1 OS=Homo sapiens OX=9606 GN=ZC3HAV1 PE=1 SV=3",-1.09322962372955,14.0974856408426,-1.61434104972876,0.112710142919566,0.393708504099409,-4.62260118655414
430,"Q93009|UBP7_HUMAN","Ubiquitin carboxyl-terminal hydrolase 7 OS=Homo sapiens OX=9606 GN=USP7 PE=1 SV=2",-1.16899425576127,13.3180346702141,-1.54419282732719,0.128810538882688,0.410953326642769,-4.72011897045857
431,"Q13423|NNTM_HUMAN","NAD(P) transhydrogenase, mitochondrial OS=Homo sapiens OX=9606 GN=NNT PE=1 SV=3",-0.744269390156354,15.4262631575219,-1.2306889605103,0.224163463362348,0.478630742193082,-5.10738976411156
432,"Q96HE7|ERO1A_HUMAN","ERO1-like protein alpha OS=Homo sapiens OX=9606 GN=ERO1A PE=1 SV=2",-0.597445353337759,15.1558642371565,-0.970080294216317,0.336648342313102,0.564840050776209,-5.36661964639648
433,"Q4V328|GRAP1_HUMAN","GRIP1-associated protein 1 OS=Homo sapiens OX=9606 GN=GRIPAP1 PE=1 SV=2",0.125604961784159,14.6260171762581,0.172737507520963,0.863747183499051,0.928856613605917,-5.78498174104183
434,"P01893|HLAH_HUMAN","Putative HLA class I histocompatibility antigen, alpha chain H OS=Homo sapiens OX=9606 GN=HLA-H PE=5 SV=3",0.12570784389167,12.6586011999213,0.135836145251809,0.892711349560165,0.943767251486409,-5.79027136619739
435,"Q13263|TIF1B_HUMAN","Transcription intermediary factor 1-beta OS=Homo sapiens OX=9606 GN=TRIM28 PE=1 SV=5",-0.300300393258713,16.3848547650678,-0.532788265357146,0.596526303249294,0.744164959708206,-5.66758146278594
436,"P42331|RHG25_HUMAN","Rho GTPase-activating protein 25 OS=Homo sapiens OX=9606 GN=ARHGAP25 PE=1 SV=2",-1.39852246344157,14.862415990462,-2.23318091809268,0.0300152177539278,0.328110514888749,-3.60204458989921
437,"O00410|IPO5_HUMAN","Importin-5 OS=Homo sapiens OX=9606 GN=IPO5 PE=1 SV=4",-1.45646133092093,13.6956410286969,-1.88886139417901,0.0656781825830204,0.371812187766828,-4.20908611684501
438,"P55786|PSA_HUMAN","Puromycin-sensitive aminopeptidase OS=Homo sapiens OX=9606 GN=NPEPPS PE=1 SV=2",-0.99213000400824,14.8216248825963,-1.51033164800333,0.137215944775808,0.41450199427422,-4.76579531404423
438,"A6NEC2|PSAL_HUMAN","Puromycin-sensitive aminopeptidase-like protein OS=Homo sapiens OX=9606 GN=NPEPPSL1 PE=2 SV=3",-1.03123543363057,14.1455931688121,-1.5543348712663,0.126374747419964,0.408259280835653,-4.7062604091279
439,"Q9NY33|DPP3_HUMAN","Dipeptidyl peptidase 3 OS=Homo sapiens OX=9606 GN=DPP3 PE=1 SV=2",-0.819176727447745,15.4574422440306,-1.35423942518459,0.181713002245949,0.449791896938679,-4.96439562047397
440,"P52597|HNRPF_HUMAN","Heterogeneous nuclear ribonucleoprotein F OS=Homo sapiens OX=9606 GN=HNRNPF PE=1 SV=3",-0.208046289371381,16.3566407793533,-0.371713765226048,0.711667334044312,0.82551877396414,-5.73487893726384
441,"P00390|GSHR_HUMAN","Glutathione reductase, mitochondrial OS=Homo sapiens OX=9606 GN=GSR PE=1 SV=2",-1.02022804740445,15.9397217346055,-1.7228676356618,0.0910561324175263,0.38259339367387,-4.46415489545191
442,"P42167|LAP2B_HUMAN","Lamina-associated polypeptide 2, isoforms beta/gamma OS=Homo sapiens OX=9606 GN=TMPO PE=1 SV=2",-0.283568493156633,11.174172394517,-0.256056930588864,0.798951215639431,0.888284196801107,-5.76849592924678
443,"Q99541|PLIN2_HUMAN","Perilipin-2 OS=Homo sapiens OX=9606 GN=PLIN2 PE=1 SV=2",-1.06043127610639,15.2560531318145,-1.7093960708498,0.0935412677730993,0.385701893955712,-4.48431750971044
444,"P29508|SPB3_HUMAN","Serpin B3 OS=Homo sapiens OX=9606 GN=SERPINB3 PE=1 SV=2",-3.09377777355273,6.32267967682906,-1.33862315292115,0.188453186813072,0.455225953787942,-4.9830191933954
445,"Q9BTU6|P4K2A_HUMAN","Phosphatidylinositol 4-kinase type 2-alpha OS=Homo sapiens OX=9606 GN=PI4K2A PE=1 SV=1",-1.18343138128147,15.1537595590797,-1.86054708855501,0.0686591201115463,0.374885133083069,-4.25020404690525
446,"Q92608|DOCK2_HUMAN","Dedicator of cytokinesis protein 2 OS=Homo sapiens OX=9606 GN=DOCK2 PE=1 SV=2",-1.22934953632574,13.7795911197105,-1.49890133447551,0.143616767854876,0.420050187165385,-4.78322115593654
447,"P20020|AT2B1_HUMAN","Plasma membrane calcium-transporting ATPase 1 OS=Homo sapiens OX=9606 GN=ATP2B1 PE=1 SV=4",-0.67014366424698,12.595313500203,-0.826175613599232,0.412606305476016,0.621413538560967,-5.48448993647122
448,"Q7Z3T8|ZFY16_HUMAN","Zinc finger FYVE domain-containing protein 16 OS=Homo sapiens OX=9606 GN=ZFYVE16 PE=1 SV=3",-0.908384242718084,13.7757263686361,-1.27165689967578,0.209343683160654,0.469517032959905,-5.0613846115393
449,"Q13488|VPP3_HUMAN","V-type proton ATPase 116 kDa subunit a3 OS=Homo sapiens OX=9606 GN=TCIRG1 PE=1 SV=3",-1.5581237375748,14.3212275598789,-1.99147006884647,0.0549304357264224,0.366768875860716,-4.05360715662709
450,"Q9UNF0|PACN2_HUMAN","Protein kinase C and casein kinase substrate in neurons protein 2 OS=Homo sapiens OX=9606 GN=PACSIN2 PE=1 SV=2",-1.17092337334685,15.9294008390393,-1.97843823537051,0.0533686951914746,0.366768875860716,-4.05582123148503
451,"P48594|SPB4_HUMAN","Serpin B4 OS=Homo sapiens OX=9606 GN=SERPINB4 PE=1 SV=2",-2.75626356370354,5.87861904123691,-1.23649929605717,0.223009448495665,0.477861539637229,-5.1005473267338
452,"Q8N1F7|NUP93_HUMAN","Nuclear pore complex protein Nup93 OS=Homo sapiens OX=9606 GN=NUP93 PE=1 SV=2",-1.30972776536,13.6560685313737,-1.86375760399208,0.0681981011339346,0.374885133083069,-4.24504554633544
453,"O14579|COPE_HUMAN","Coatomer subunit epsilon OS=Homo sapiens OX=9606 GN=COPE PE=1 SV=3",-0.79354393520225,15.5227113046735,-1.30507648156804,0.197805808778353,0.464106161503158,-5.0228169481874
454,"P19105|ML12A_HUMAN","Myosin regulatory light chain 12A OS=Homo sapiens OX=9606 GN=MYL12A PE=1 SV=2",1.95381434612037,4.03690485060826,1.07342593350483,0.288202966440358,0.5248584255639,-5.2707997146885
455,"P47756|CAPZB_HUMAN","F-actin-capping protein subunit beta OS=Homo sapiens OX=9606 GN=CAPZB PE=1 SV=4",-0.775171457412998,15.9007243900195,-1.32673208405974,0.190589367077397,0.457563212933304,-4.99732962534046
456,"P55060|XPO2_HUMAN","Exportin-2 OS=Homo sapiens OX=9606 GN=CSE1L PE=1 SV=3",-1.97000022068629,13.1848721123552,-1.9550889400483,0.063779924766982,0.370215816673034,-4.13707640892673
457,"Q96QH2|PRAM_HUMAN","PML-RARA-regulated adapter molecule 1 OS=Homo sapiens OX=9606 GN=PRAM1 PE=1 SV=3",-0.995207023035031,15.7815728007103,-1.60274205538847,0.115253685601551,0.395535955287556,-4.63899330468663
458,"Q13464|ROCK1_HUMAN","Rho-associated protein kinase 1 OS=Homo sapiens OX=9606 GN=ROCK1 PE=1 SV=1",-0.950109187472043,14.3857189265159,-1.38069953544902,0.173476083565659,0.441624863794215,-4.93212719271551
459,"P49407|ARRB1_HUMAN","Beta-arrestin-1 OS=Homo sapiens OX=9606 GN=ARRB1 PE=1 SV=2",-3.0777573579013,11.2941769292736,-1.66729603050728,0.115350091043943,0.395551625896705,-4.56984806208019
459,"P36575|ARRC_HUMAN","Arrestin-C OS=Homo sapiens OX=9606 GN=ARR3 PE=1 SV=2",-2.92766675089058,10.8378512957893,-1.84853497556366,0.0741046055747323,0.375605864510613,-4.2839329967423
460,"P55884|EIF3B_HUMAN","Eukaryotic translation initiation factor 3 subunit B OS=Homo sapiens OX=9606 GN=EIF3B PE=1 SV=3",-1.23557999787894,15.3236047490105,-2.03696810023651,0.0469328738154179,0.354698763841406,-3.95558082498202
461,"P09525|ANXA4_HUMAN","Annexin A4 OS=Homo sapiens OX=9606 GN=ANXA4 PE=1 SV=4",-0.83495077157578,16.047769919134,-1.42462981918649,0.160439556902905,0.43423946509384,-4.87728720692174
462,"O95202|LETM1_HUMAN","Mitochondrial proton/calcium exchanger protein OS=Homo sapiens OX=9606 GN=LETM1 PE=1 SV=1",-0.825615219403542,14.9468241312973,-1.36792013135597,0.177417671157478,0.445729647544437,-4.94778367897074
463,"P62195|PRS8_HUMAN","26S proteasome regulatory subunit 8 OS=Homo sapiens OX=9606 GN=PSMC5 PE=1 SV=1",-1.5145920144364,14.90762248781,-2.44749592580471,0.0179185041477133,0.292499164066587,-3.18642737443382
464,"P40227|TCPZ_HUMAN","T-complex protein 1 subunit zeta OS=Homo sapiens OX=9606 GN=CCT6A PE=1 SV=3",-0.772063516092381,16.1174473705598,-1.34256248611827,0.185441693222316,0.453547627886719,-4.97845251094961
465,"Q12931|TRAP1_HUMAN","Heat shock protein 75 kDa, mitochondrial OS=Homo sapiens OX=9606 GN=TRAP1 PE=1 SV=3",-1.21897189922843,14.157263327879,-1.82320483608327,0.074217807835611,0.375605864510613,-4.30964102201567
466,"Q16666|IF16_HUMAN","Gamma-interferon-inducible protein 16 OS=Homo sapiens OX=9606 GN=IFI16 PE=1 SV=3",0.30732616989169,14.3535922101639,0.46800165679906,0.641805021517031,0.778224726259531,-5.69750489840127
466,"Q6K0P9|IFIX_HUMAN","Pyrin and HIN domain-containing protein 1 OS=Homo sapiens OX=9606 GN=PYHIN1 PE=1 SV=1",0.309438419596329,10.9020312393963,0.254591576163439,0.800076588030121,0.888584286912256,-5.76884266277366
467,"Q96BY6|DOC10_HUMAN","Dedicator of cytokinesis protein 10 OS=Homo sapiens OX=9606 GN=DOCK10 PE=1 SV=3",-0.997822861182856,13.5389846315877,-1.41640010535926,0.16282195370955,0.435365136457156,-4.88768057839025
468,"P50552|VASP_HUMAN","Vasodilator-stimulated phosphoprotein OS=Homo sapiens OX=9606 GN=VASP PE=1 SV=3",-1.11571891259543,16.1140313499686,-1.95835246651549,0.055745823784659,0.366768875860716,-4.08965452949617
469,"Q05655|KPCD_HUMAN","Protein kinase C delta type OS=Homo sapiens OX=9606 GN=PRKCD PE=1 SV=2",-1.05156290271305,14.3078569059127,-1.60348477940019,0.115089431982088,0.395535955287556,-4.63794682422867
470,"P36957|ODO2_HUMAN","Dihydrolipoyllysine-residue succinyltransferase component of 2-oxoglutarate dehydrogenase complex, mitochondrial OS=Homo sapiens OX=9606 GN=DLST PE=1 SV=4",-0.697044785622998,15.6795135388442,-1.17267512396221,0.246450068149792,0.492785721226163,-5.17011961500379
471,"Q5JRX3|PREP_HUMAN","Presequence protease, mitochondrial OS=Homo sapiens OX=9606 GN=PITRM1 PE=1 SV=3",-1.14472701769958,13.7728905646542,-1.67384323003143,0.100369858955189,0.387024448867313,-4.53685863908566
472,"Q13162|PRDX4_HUMAN","Peroxiredoxin-4 OS=Homo sapiens OX=9606 GN=PRDX4 PE=1 SV=1",-1.5414172326417,15.9335592850972,-2.48522308203774,0.0163158860976554,0.292499164066587,-3.11021978950451
473,"P02533|K1C14_HUMAN","Keratin, type I cytoskeletal 14 OS=Homo sapiens OX=9606 GN=KRT14 PE=1 SV=4",-0.0624568719349234,14.8827828026304,-0.102950714623225,0.918411454834991,0.958003907961808,-5.79398080714766
474,"P08779|K1C16_HUMAN","Keratin, type I cytoskeletal 16 OS=Homo sapiens OX=9606 GN=KRT16 PE=1 SV=4",0.761483846380804,13.4454437373534,0.45433137079473,0.658752433022048,0.790759957922508,-5.69719895102936
475,"P28331|NDUS1_HUMAN","NADH-ubiquinone oxidoreductase 75 kDa subunit, mitochondrial OS=Homo sapiens OX=9606 GN=NDUFS1 PE=1 SV=3",-0.516061448240412,15.3248181283645,-0.838077511488092,0.405952141714895,0.615980017183756,-5.47543461852414
477,"P14868|SYDC_HUMAN","Aspartate--tRNA ligase, cytoplasmic OS=Homo sapiens OX=9606 GN=DARS1 PE=1 SV=2",-0.829306488316503,14.2257442172012,-1.25334180423383,0.215876177909046,0.475088669077635,-5.08212552620066
478,"P00387|NB5R3_HUMAN","NADH-cytochrome b5 reductase 3 OS=Homo sapiens OX=9606 GN=CYB5R3 PE=1 SV=3",-1.05547710183711,13.5640182637453,-1.34128158322635,0.187149482375669,0.454663597208345,-4.97988936285611
479,"P05387|RLA2_HUMAN","60S acidic ribosomal protein P2 OS=Homo sapiens OX=9606 GN=RPLP2 PE=1 SV=1",-1.1001592706755,17.7021935601643,-2.03250072884522,0.0473992375239957,0.354698763841406,-3.96331787425075
480,"O94925|GLSK_HUMAN","Glutaminase kidney isoform, mitochondrial OS=Homo sapiens OX=9606 GN=GLS PE=1 SV=1",-1.15475775334429,14.6225719733152,-1.78043174036705,0.0810455863640314,0.375605864510613,-4.37644027307073
481,"P39656|OST48_HUMAN","Dolichyl-diphosphooligosaccharide--protein glycosyltransferase 48 kDa subunit OS=Homo sapiens OX=9606 GN=DDOST PE=1 SV=4",-0.589598973294057,15.6255893718844,-0.956288638049984,0.343500254991313,0.571659813851463,-5.37870451342205
482,"O00534|VMA5A_HUMAN","von Willebrand factor A domain-containing protein 5A OS=Homo sapiens OX=9606 GN=VWA5A PE=1 SV=2",-0.905188192207756,14.6616617216103,-1.36415743243409,0.178591207594647,0.446426193331483,-4.95236792676832
483,"P18031|PTN1_HUMAN","Tyrosine-protein phosphatase non-receptor type 1 OS=Homo sapiens OX=9606 GN=PTPN1 PE=1 SV=1",-0.84599620723491,14.4126616607818,-1.3067416111608,0.19724371818044,0.464106161503158,-5.02087100240834
484,"P13489|RINI_HUMAN","Ribonuclease inhibitor OS=Homo sapiens OX=9606 GN=RNH1 PE=1 SV=2",-0.629098175261195,16.4095747104186,-1.14458303341426,0.25779941135044,0.501168664675302,-5.19947040609023
485,"Q9NYL9|TMOD3_HUMAN","Tropomodulin-3 OS=Homo sapiens OX=9606 GN=TMOD3 PE=1 SV=1",-0.733169038792411,16.4580218435291,-1.28441305852763,0.204881794638162,0.467051180058524,-5.04677327960543
486,"Q9NUQ9|CYRIB_HUMAN","CYFIP-related Rac1 interactor B OS=Homo sapiens OX=9606 GN=CYRIB PE=1 SV=1",-0.722689950062879,16.194011138119,-1.25823951242456,0.214114662620608,0.473686406968886,-5.07660662141665
487,"P51572|BAP31_HUMAN","B-cell receptor-associated protein 31 OS=Homo sapiens OX=9606 GN=BCAP31 PE=1 SV=3",-0.897067599642163,17.5997312770892,-1.56885902732239,0.122951001770993,0.404516019980971,-4.68627186598354
488,"P61106|RAB14_HUMAN","Ras-related protein Rab-14 OS=Homo sapiens OX=9606 GN=RAB14 PE=1 SV=4",-0.728332031905225,16.4493641225716,-1.28470777443701,0.20477955621887,0.467051180058524,-5.04643409757267
489,"Q13011|ECH1_HUMAN","Delta(3,5)-Delta(2,4)-dienoyl-CoA isomerase, mitochondrial OS=Homo sapiens OX=9606 GN=ECH1 PE=1 SV=2",-0.595708066049156,16.7538304216176,-1.10386026096517,0.274906801436671,0.512342533010707,-5.24082280030301
490,"P40763|STAT3_HUMAN","Signal transducer and activator of transcription 3 OS=Homo sapiens OX=9606 GN=STAT3 PE=1 SV=2",-0.722861535526793,13.3197055909654,-1.01472247772425,0.315094522604768,0.545393668724436,-5.32636497824444
491,"P48643|TCPE_HUMAN","T-complex protein 1 subunit epsilon OS=Homo sapiens OX=9606 GN=CCT5 PE=1 SV=1",-0.947403536880188,16.4021929019836,-1.44648591675198,0.155964495336074,0.430326125184158,-4.85005526438872
492,"O14980|XPO1_HUMAN","Exportin-1 OS=Homo sapiens OX=9606 GN=XPO1 PE=1 SV=1",-1.18247607470042,14.8881038375029,-1.83169584549326,0.0729216310320015,0.375605864510613,-4.29621730886672
493,"Q9UNZ2|NSF1C_HUMAN","NSFL1 cofactor p47 OS=Homo sapiens OX=9606 GN=NSFL1C PE=1 SV=2",-0.998108765392864,15.103075997058,-1.63282478725721,0.108751198243383,0.392287613764031,-4.59626155900604
494,"Q12797|ASPH_HUMAN","Aspartyl/asparaginyl beta-hydroxylase OS=Homo sapiens OX=9606 GN=ASPH PE=1 SV=3",-0.918189704845185,14.564871773239,-1.376635278033,0.174722258626734,0.441624863794215,-4.93712099062829
495,"Q8WVM8|SCFD1_HUMAN","Sec1 family domain-containing protein 1 OS=Homo sapiens OX=9606 GN=SCFD1 PE=1 SV=4",-1.07892888654983,14.3266218745067,-1.62253241576918,0.110941462097822,0.392573148240718,-4.61096132512457
496,"Q9UBC2|EP15R_HUMAN","Epidermal growth factor receptor substrate 15-like 1 OS=Homo sapiens OX=9606 GN=EPS15L1 PE=1 SV=1",-0.987134449981342,14.2701083392912,-1.46740976737945,0.148490079819838,0.423261066143431,-4.8223744176213
497,"O00231|PSD11_HUMAN","26S proteasome non-ATPase regulatory subunit 11 OS=Homo sapiens OX=9606 GN=PSMD11 PE=1 SV=3",-1.27002664306854,15.3626665155295,-2.0839275682523,0.0422664211281233,0.348410947264029,-3.87339903416853
498,"P30048|PRDX3_HUMAN","Thioredoxin-dependent peroxide reductase, mitochondrial OS=Homo sapiens OX=9606 GN=PRDX3 PE=1 SV=3",-0.875192948431838,16.9281220079206,-1.57309257739523,0.121967202934805,0.404086725415542,-4.68041411007707
499,"P42166|LAP2A_HUMAN","Lamina-associated polypeptide 2, isoform alpha OS=Homo sapiens OX=9606 GN=TMPO PE=1 SV=2",-0.0457749601012196,9.25648662496819,-0.0248535115267927,0.980270149506569,0.987334610574494,-5.79861177958618
500,"Q06830|PRDX1_HUMAN","Peroxiredoxin-1 OS=Homo sapiens OX=9606 GN=PRDX1 PE=1 SV=1",-0.785661528394115,18.9140066516976,-1.56924631628607,0.122860738485952,0.404516019980971,-4.68573658214233
500,"#CONTAM#PRDX1_HUMAN|",">sp|PRDX1_HUMAN|",-0.785661528394115,18.9140066516976,-1.56924631628607,0.122860738485952,0.404516019980971,-4.68573658214233
501,"Q9Y3F4|STRAP_HUMAN","Serine-threonine kinase receptor-associated protein OS=Homo sapiens OX=9606 GN=STRAP PE=1 SV=1",-1.51302928594049,16.3915700948613,-2.4487540694578,0.0178628478826893,0.292499164066587,-3.18390032418935
502,"Q14677|EPN4_HUMAN","Clathrin interactor 1 OS=Homo sapiens OX=9606 GN=CLINT1 PE=1 SV=1",-0.314603214941467,14.8446184339799,-0.504626517474791,0.616024883549275,0.759147116866017,-5.68105955542329
503,"P09104|ENOG_HUMAN","Gamma-enolase OS=Homo sapiens OX=9606 GN=ENO2 PE=1 SV=3",-2.6665562942691,12.8135741245833,-1.34860674647581,0.20585241003189,0.467126622764674,-4.96933463525601
504,"P12268|IMDH2_HUMAN","Inosine-5'-monophosphate dehydrogenase 2 OS=Homo sapiens OX=9606 GN=IMPDH2 PE=1 SV=2",-0.823546157277905,14.0885670025308,-1.20885145092795,0.23237198964988,0.485557760931822,-5.13133610568149
505,"P27695|APEX1_HUMAN","DNA-(apurinic or apyrimidinic site) endonuclease OS=Homo sapiens OX=9606 GN=APEX1 PE=1 SV=2",-0.116932036960497,15.0817910665514,-0.182507944083611,0.855917736018597,0.925061728428461,-5.78344760117055
506,"P00338|LDHA_HUMAN","L-lactate dehydrogenase A chain OS=Homo sapiens OX=9606 GN=LDHA PE=1 SV=2",-0.940411079982713,17.4621998925861,-1.72568527367578,0.0905433294773836,0.381202463400871,-4.45992021704879
507,"Q14195|DPYL3_HUMAN","Dihydropyrimidinase-related protein 3 OS=Homo sapiens OX=9606 GN=DPYSL3 PE=1 SV=1",-4.00934882810058,11.3127988582239,-3.15389913117683,0.0029499138662158,0.172232339720537,-1.67730744847925
508,"Q6WKZ4|RFIP1_HUMAN","Rab11 family-interacting protein 1 OS=Homo sapiens OX=9606 GN=RAB11FIP1 PE=1 SV=3",-1.23652504842507,12.9017237777214,-1.56404589140056,0.124077229494778,0.405771167375862,-4.69291434531344
508,"Q7L804|RFIP2_HUMAN","Rab11 family-interacting protein 2 OS=Homo sapiens OX=9606 GN=RAB11FIP2 PE=1 SV=1",-0.600391827022689,11.1134223503931,-0.522017891118284,0.603949302551273,0.749628140083093,-5.67282152250317
509,"Q15459|SF3A1_HUMAN","Splicing factor 3A subunit 1 OS=Homo sapiens OX=9606 GN=SF3A1 PE=1 SV=1",-0.66183264953637,15.5285320930795,-1.10208137441424,0.275671896063527,0.512880715484064,-5.24259683810198
510,"Q9H3S7|PTN23_HUMAN","Tyrosine-protein phosphatase non-receptor type 23 OS=Homo sapiens OX=9606 GN=PTPN23 PE=1 SV=1",-1.31220257637077,12.8730095498467,-1.63993256848336,0.107259294936944,0.38886008694732,-4.58606181045741
511,"Q9Y262|EIF3L_HUMAN","Eukaryotic translation initiation factor 3 subunit L OS=Homo sapiens OX=9606 GN=EIF3L PE=1 SV=1",-1.34121293909807,14.4583785740084,-2.00288656568127,0.0505933876588144,0.358801880609411,-4.01424780970887
512,"Q9UI12|VATH_HUMAN","V-type proton ATPase subunit H OS=Homo sapiens OX=9606 GN=ATP6V1H PE=1 SV=1",-1.25145126805515,15.9712470132223,-2.16628172589485,0.0350538803943629,0.338634890255269,-3.7255598111771
513,"P04179|SODM_HUMAN","Superoxide dismutase [Mn], mitochondrial OS=Homo sapiens OX=9606 GN=SOD2 PE=1 SV=3",-0.0486277268268722,17.8647307760606,-0.0900904459282786,0.928573137624998,0.963926631243004,-5.79513255173305
514,"P27708|PYR1_HUMAN","CAD protein OS=Homo sapiens OX=9606 GN=CAD PE=1 SV=3",-1.46132415261186,11.4896010048193,-0.936012490872714,0.360815638673049,0.58380896665941,-5.38970787456336
515,"Q9Y4G6|TLN2_HUMAN","Talin-2 OS=Homo sapiens OX=9606 GN=TLN2 PE=1 SV=4",-5.85036170874371,8.86888691101079,-2.49670712172045,0.0190459368043344,0.295105535928087,-3.18177971266376
516,"Q99538|LGMN_HUMAN","Legumain OS=Homo sapiens OX=9606 GN=LGMN PE=1 SV=1",1.14446675175196,15.305352155054,1.58394459686503,0.122598222602713,0.404516019980971,-4.66902045132832
517,"P63244|RACK1_HUMAN","Receptor of activated protein C kinase 1 OS=Homo sapiens OX=9606 GN=RACK1 PE=1 SV=3",-1.58207156928806,15.3680288028843,-2.57220903322975,0.013103963397505,0.284166250325533,-2.93116171723831
518,"Q16531|DDB1_HUMAN","DNA damage-binding protein 1 OS=Homo sapiens OX=9606 GN=DDB1 PE=1 SV=1",-1.24785461504218,13.8700231650646,-1.77307437719141,0.0822714389275037,0.375605864510613,-4.38779143362257
519,"Q8N163|CCAR2_HUMAN","Cell cycle and apoptosis regulator protein 2 OS=Homo sapiens OX=9606 GN=CCAR2 PE=1 SV=2",-0.781138478328895,14.0434046521029,-1.12315894476292,0.266702405878861,0.50759490151138,-5.22140247812822
520,"P14550|AK1A1_HUMAN","Aldo-keto reductase family 1 member A1 OS=Homo sapiens OX=9606 GN=AKR1A1 PE=1 SV=3",-0.517681242094138,16.7807133603574,-0.944581703000804,0.349387947547332,0.576443792892205,-5.38883213894984
521,"P04259|K2C6B_HUMAN","Keratin, type II cytoskeletal 6B OS=Homo sapiens OX=9606 GN=KRT6B PE=1 SV=5",-0.199246440941176,7.52430787248202,-0.0967508834827463,0.923308712685579,0.961257604584038,-5.79455520361872
522,"Q9Y4I1|MYO5A_HUMAN","Unconventional myosin-Va OS=Homo sapiens OX=9606 GN=MYO5A PE=1 SV=2",-1.04982931398585,14.1740614915717,-1.49141873780199,0.142097069997794,0.419186356493491,-4.79090850776809
522,"Q9ULV0|MYO5B_HUMAN","Unconventional myosin-Vb OS=Homo sapiens OX=9606 GN=MYO5B PE=1 SV=3",-2.15172773056817,7.41268277409362,-1.12440748407043,0.266177655900145,0.50713114253025,-5.22013509217577
522,"Q9NQX4|MYO5C_HUMAN","Unconventional myosin-Vc OS=Homo sapiens OX=9606 GN=MYO5C PE=1 SV=2",-3.06534001287404,8.18560458737442,-1.64573860021316,0.106053053465027,0.388073899916163,-4.57770086831322
523,"O95352|ATG7_HUMAN","Ubiquitin-like modifier-activating enzyme ATG7 OS=Homo sapiens OX=9606 GN=ATG7 PE=1 SV=1",-0.87198758222512,14.1292047311507,-1.30182293468829,0.19890757672835,0.464238021811491,-5.02661254143236
524,"Q8TD55|PKHO2_HUMAN","Pleckstrin homology domain-containing family O member 2 OS=Homo sapiens OX=9606 GN=PLEKHO2 PE=1 SV=1",-0.891635754627341,15.5137578713213,-1.50182137511095,0.139395580207447,0.41688853907435,-4.77713102578349
525,"Q13561|DCTN2_HUMAN","Dynactin subunit 2 OS=Homo sapiens OX=9606 GN=DCTN2 PE=1 SV=4",-0.719685302743908,16.1226449596432,-1.23069995735843,0.224159384217805,0.478630742193082,-5.10737760414518
526,"Q15418|KS6A1_HUMAN","Ribosomal protein S6 kinase alpha-1 OS=Homo sapiens OX=9606 GN=RPS6KA1 PE=1 SV=2",-3.10824054113939,11.0047841147638,-2.38497049359103,0.0208893148047102,0.298643451904919,-3.31075175435858
527,"Q9Y6D6|BIG1_HUMAN","Brefeldin A-inhibited guanine nucleotide-exchange protein 1 OS=Homo sapiens OX=9606 GN=ARFGEF1 PE=1 SV=2",-1.10962832489098,11.6679324462617,-1.11839893395725,0.268709719245126,0.509847414481415,-5.22622211161431
528,"P31146|COR1A_HUMAN","Coronin-1A OS=Homo sapiens OX=9606 GN=CORO1A PE=1 SV=4",-0.416997031672004,15.2407482342719,-0.63583880921607,0.527764096607652,0.699839890421539,-5.6121134517511
529,"P52789|HXK2_HUMAN","Hexokinase-2 OS=Homo sapiens OX=9606 GN=HK2 PE=1 SV=2",-2.10953912781058,13.1976392409761,-2.84115825467192,0.0064745901257729,0.223088477373631,-2.34926406886214
530,"Q14103|HNRPD_HUMAN","Heterogeneous nuclear ribonucleoprotein D0 OS=Homo sapiens OX=9606 GN=HNRNPD PE=1 SV=1",-0.510059221519146,16.381361509817,-0.88100608556253,0.382505000499901,0.600402764637365,-5.44173097410686
531,"P09110|THIK_HUMAN","3-ketoacyl-CoA thiolase, peroxisomal OS=Homo sapiens OX=9606 GN=ACAA1 PE=1 SV=2",-1.02524468479533,14.533267531561,-1.54814227218504,0.127857579078803,0.409500321939568,-4.71473197662965
532,"Q9UH99|SUN2_HUMAN","SUN domain-containing protein 2 OS=Homo sapiens OX=9606 GN=SUN2 PE=1 SV=3",-0.845029639242071,12.9745971231843,-1.06721049079538,0.290972422169644,0.527753549596012,-5.27682377360888
533,"Q9BZF1|OSBL8_HUMAN","Oxysterol-binding protein-related protein 8 OS=Homo sapiens OX=9606 GN=OSBPL8 PE=1 SV=3",-1.60983865762593,13.1396909977188,-2.0525290180973,0.045339332136139,0.354403817623141,-3.92852050355641
534,"Q8IY17|PLPL6_HUMAN","Patatin-like phospholipase domain-containing protein 6 OS=Homo sapiens OX=9606 GN=PNPLA6 PE=1 SV=3",-0.340963347096139,12.6819144430993,-0.394264106753246,0.695153522452779,0.813373056561836,-5.72681137973174
535,"P07195|LDHB_HUMAN","L-lactate dehydrogenase B chain OS=Homo sapiens OX=9606 GN=LDHB PE=1 SV=2",-1.02444084360283,16.6387453890678,-1.79144332715123,0.0792394442401548,0.375605864510613,-4.35937489241186
536,"Q9Y4D7|PLXD1_HUMAN","Plexin-D1 OS=Homo sapiens OX=9606 GN=PLXND1 PE=1 SV=3",-1.12495393593644,14.7729932779458,-1.73385335716085,0.0890702676571228,0.379156265527792,-4.44760995611584
537,"Q6ZVF9|GRIN3_HUMAN","G protein-regulated inducer of neurite outgrowth 3 OS=Homo sapiens OX=9606 GN=GPRIN3 PE=2 SV=2",-3.05834481952252,12.4980390374781,-1.73623162450698,0.11014322695074,0.392573148240718,-4.49146214808939
538,"P37802|TAGL2_HUMAN","Transgelin-2 OS=Homo sapiens OX=9606 GN=TAGLN2 PE=1 SV=3",-0.753814415178834,17.1582046517634,-1.38012340583166,0.173652318070631,0.441624863794215,-4.93283591368496
538,"Q9UI15|TAGL3_HUMAN","Transgelin-3 OS=Homo sapiens OX=9606 GN=TAGLN3 PE=1 SV=2",-0.612856472238285,12.3408009344472,-0.736158919028676,0.465053470837139,0.657363078075339,-5.54889374875958
539,"Q08379|GOGA2_HUMAN","Golgin subfamily A member 2 OS=Homo sapiens OX=9606 GN=GOLGA2 PE=1 SV=3",-1.18733225409922,13.1703761555029,-1.56772688419408,0.123215170019806,0.404533528650966,-4.68783595504305
540,"Q06323|PSME1_HUMAN","Proteasome activator complex subunit 1 OS=Homo sapiens OX=9606 GN=PSME1 PE=1 SV=1",-0.600502410561784,16.9912297965807,-1.11724718536027,0.269197017256772,0.509847414481415,-5.22738537429164
541,"Q9NZT2|OGFR_HUMAN","Opioid growth factor receptor OS=Homo sapiens OX=9606 GN=OGFR PE=1 SV=3",-0.684484007607475,12.6222952409593,-0.90032754534071,0.372236512281779,0.592525051506009,-5.42603036992449
542,"Q15046|SYK_HUMAN","Lysine--tRNA ligase OS=Homo sapiens OX=9606 GN=KARS1 PE=1 SV=3",-0.205555609903557,14.9628821226031,-0.307259069314574,0.759914768608911,0.861076797789682,-5.75513513653007
543,"O43242|PSMD3_HUMAN","26S proteasome non-ATPase regulatory subunit 3 OS=Homo sapiens OX=9606 GN=PSMD3 PE=1 SV=2",-0.67394636199657,14.4951958929679,-0.939800479141759,0.35251306396799,0.580601822757221,-5.39229330608037
544,"Q96HC4|PDLI5_HUMAN","PDZ and LIM domain protein 5 OS=Homo sapiens OX=9606 GN=PDLIM5 PE=1 SV=5",-0.436503117907552,14.7114571193378,-0.663078909647765,0.510307511001324,0.687916885722285,-5.59584379431122
545,"Q00013|EM55_HUMAN","55 kDa erythrocyte membrane protein OS=Homo sapiens OX=9606 GN=MPP1 PE=1 SV=2",-0.573936110284187,15.7391987234796,-0.97347290227758,0.334976810955657,0.562693106390801,-5.36362143199886
546,"Q8N8A2|ANR44_HUMAN","Serine/threonine-protein phosphatase 6 regulatory ankyrin repeat subunit B OS=Homo sapiens OX=9606 GN=ANKRD44 PE=1 SV=3",-1.38894559835033,12.8764785649157,-1.54804875093934,0.130699331109236,0.411764075527387,-4.71750678600376
546,"O15084|ANR28_HUMAN","Serine/threonine-protein phosphatase 6 regulatory ankyrin repeat subunit A OS=Homo sapiens OX=9606 GN=ANKRD28 PE=1 SV=5",-2.96259206831204,6.08401537095658,-1.42018620536044,0.16172253407982,0.435336846426117,-4.88290593046321
547,"Q14847|LASP1_HUMAN","LIM and SH3 domain protein 1 OS=Homo sapiens OX=9606 GN=LASP1 PE=1 SV=2",-0.942542014718743,18.3540831961941,-1.87255988183555,0.0669475516345186,0.373504631469922,-4.23086333434011
548,"P42566|EPS15_HUMAN","Epidermal growth factor receptor substrate 15 OS=Homo sapiens OX=9606 GN=EPS15 PE=1 SV=2",-0.732529511763587,14.32290752039,-1.08343830048289,0.283780293722398,0.520767671522101,-5.261025700217
549,"O95466|FMNL1_HUMAN","Formin-like protein 1 OS=Homo sapiens OX=9606 GN=FMNL1 PE=1 SV=3",-0.311082519184971,15.4265679543555,-0.521394134057626,0.604380505831937,0.749947230947322,-5.67312175682393
550,"Q04917|1433F_HUMAN","14-3-3 protein eta OS=Homo sapiens OX=9606 GN=YWHAH PE=1 SV=4",-0.888943433409956,16.1159823993253,-1.44409562041959,0.154912507985673,0.428521626136347,-4.85248457133058
551,"O60784|TOM1_HUMAN","Target of Myb protein 1 OS=Homo sapiens OX=9606 GN=TOM1 PE=1 SV=2",-0.567470558562096,15.1538458797003,-0.903476507474788,0.37057980796221,0.591510078837532,-5.42344035664593
552,"Q08J23|NSUN2_HUMAN","RNA cytosine C(5)-methyltransferase NSUN2 OS=Homo sapiens OX=9606 GN=NSUN2 PE=1 SV=2",-0.444176171935178,13.4217922771645,-0.636916567583348,0.527067511363487,0.699562333264264,-5.6114824751847
553,"P22102|PUR2_HUMAN","Trifunctional purine biosynthetic protein adenosine-3 OS=Homo sapiens OX=9606 GN=GART PE=1 SV=1",-2.55357657638009,12.3550379945864,-1.55011190194109,0.146866025483797,0.421420367594079,-4.72851118939635
554,"O75995|SASH3_HUMAN","SAM and SH3 domain-containing protein 3 OS=Homo sapiens OX=9606 GN=SASH3 PE=1 SV=2",-0.593220646894167,15.0063584036671,-0.921929245592146,0.360966630651036,0.58380896665941,-5.40808772028689
555,"Q13409|DC1I2_HUMAN","Cytoplasmic dynein 1 intermediate chain 2 OS=Homo sapiens OX=9606 GN=DYNC1I2 PE=1 SV=3",-0.575631519278321,14.8887512572194,-0.915098587684225,0.364506207565641,0.586450592448718,-5.41380570559188
556,"P07951|TPM2_HUMAN","Tropomyosin beta chain OS=Homo sapiens OX=9606 GN=TPM2 PE=1 SV=1",1.07773293029583,10.9838328064781,0.339121133000865,0.741208536357371,0.848343349501968,-5.74192677476768
558,"P35658|NU214_HUMAN","Nuclear pore complex protein Nup214 OS=Homo sapiens OX=9606 GN=NUP214 PE=1 SV=2",-0.776777259999797,12.1181437600279,-0.863585247345365,0.39191520881225,0.608443627009921,-5.4556047479408
559,"Q16799|RTN1_HUMAN","Reticulon-1 OS=Homo sapiens OX=9606 GN=RTN1 PE=1 SV=1",-0.324295968605039,15.0745670198087,-0.529040698125275,0.599104291520368,0.745548160525347,-5.66941674234372
560,"Q14839|CHD4_HUMAN","Chromodomain-helicase-DNA-binding protein 4 OS=Homo sapiens OX=9606 GN=CHD4 PE=1 SV=2",-1.70326206142909,12.100403686626,-0.995087575316742,0.338724516446603,0.566966596190574,-5.33215199848756
560,"Q8TDI0|CHD5_HUMAN","Chromodomain-helicase-DNA-binding protein 5 OS=Homo sapiens OX=9606 GN=CHD5 PE=1 SV=1",-2.15155240246827,9.57866344103351,-1.20572302318879,0.233565709942503,0.485615495628163,-5.13473371508904
560,"Q12873|CHD3_HUMAN","Chromodomain-helicase-DNA-binding protein 3 OS=Homo sapiens OX=9606 GN=CHD3 PE=1 SV=3",0.138403224974378,6.43514365574654,0.0640876579315578,0.949154452947394,0.973361548029859,-5.79699262211062
561,"P36222|CH3L1_HUMAN","Chitinase-3-like protein 1 OS=Homo sapiens OX=9606 GN=CHI3L1 PE=1 SV=2",-2.02476446521064,15.0431903378489,-3.28613167032795,0.00185537132204183,0.158937088200598,-1.30143191055194
562,"P05198|IF2A_HUMAN","Eukaryotic translation initiation factor 2 subunit 1 OS=Homo sapiens OX=9606 GN=EIF2S1 PE=1 SV=3",-0.639820462367645,14.525884618475,-1.01124463727985,0.316739370740183,0.545678086232316,-5.32956327342606
563,"P55265|DSRAD_HUMAN","Double-stranded RNA-specific adenosine deaminase OS=Homo sapiens OX=9606 GN=ADAR PE=1 SV=4",-0.294803153885001,13.6199500840911,-0.419840679070651,0.676389826415804,0.80109306856914,-5.71726179135386
564,"Q14108|SCRB2_HUMAN","Lysosome membrane protein 2 OS=Homo sapiens OX=9606 GN=SCARB2 PE=1 SV=2",-1.35624216029268,15.1190311826687,-1.72310682574102,0.0964206544010402,0.386500097214807,-4.47646932970721
565,"P09622|DLDH_HUMAN","Dihydrolipoyl dehydrogenase, mitochondrial OS=Homo sapiens OX=9606 GN=DLD PE=1 SV=2",-0.882703569433421,16.3596317003493,-1.58541355951278,0.119140063575764,0.400662094185313,-4.6632856188531
566,"Q06210|GFPT1_HUMAN","Glutamine--fructose-6-phosphate aminotransferase [isomerizing] 1 OS=Homo sapiens OX=9606 GN=GFPT1 PE=1 SV=3",-2.12589967952283,12.892045375111,-2.86559581280397,0.00606090606072125,0.222292745441547,-2.29436690081801
567,"P22695|QCR2_HUMAN","Cytochrome b-c1 complex subunit 2, mitochondrial OS=Homo sapiens OX=9606 GN=UQCRC2 PE=1 SV=3",-0.243094517275825,16.4282271833244,-0.432129841207808,0.667494000163504,0.796149725478873,-5.71242245579276
569,"Q8NBS9|TXND5_HUMAN","Thioredoxin domain-containing protein 5 OS=Homo sapiens OX=9606 GN=TXNDC5 PE=1 SV=2",-1.2355099503435,15.101910301894,-1.92253843393937,0.0602100405326269,0.367824847682046,-4.14925607605144
570,"Q8NE71|ABCF1_HUMAN","ATP-binding cassette sub-family F member 1 OS=Homo sapiens OX=9606 GN=ABCF1 PE=1 SV=2",-1.08038874691431,13.5242141655393,-1.54062933108142,0.129675243763889,0.411120587293556,-4.72496889453178
571,"O75534|CSDE1_HUMAN","Cold shock domain-containing protein E1 OS=Homo sapiens OX=9606 GN=CSDE1 PE=1 SV=2",-1.24297943046916,13.7973904677677,-1.75317714391996,0.0856643934363023,0.377971753709499,-4.41828411819342
572,"P30519|HMOX2_HUMAN","Heme oxygenase 2 OS=Homo sapiens OX=9606 GN=HMOX2 PE=1 SV=2",-1.31550394093126,13.7088749096948,-1.85475337161584,0.0694977541510591,0.374885133083069,-4.25949377314823
573,"P40925|MDHC_HUMAN","Malate dehydrogenase, cytoplasmic OS=Homo sapiens OX=9606 GN=MDH1 PE=1 SV=4",-0.72930350940533,17.8370464348713,-1.41917210714261,0.162016443558426,0.435365136457156,-4.88418595359389
574,"P23284|PPIB_HUMAN","Peptidyl-prolyl cis-trans isomerase B OS=Homo sapiens OX=9606 GN=PPIB PE=1 SV=2",-0.564198623470059,18.622813394186,-1.11144813113229,0.27166005357139,0.511245843750777,-5.23322515072707
575,"Q9Y4E8|UBP15_HUMAN","Ubiquitin carboxyl-terminal hydrolase 15 OS=Homo sapiens OX=9606 GN=USP15 PE=1 SV=3",-2.32560006181982,12.9250812622007,-1.25342768483804,0.23714063634839,0.486431300737797,-5.07411712237051
576,"Q13596|SNX1_HUMAN","Sorting nexin-1 OS=Homo sapiens OX=9606 GN=SNX1 PE=1 SV=3",-1.00462081064768,15.7716090371462,-1.67031765956722,0.101068776411982,0.387024448867313,-4.54201566884092
577,"P35237|SPB6_HUMAN","Serpin B6 OS=Homo sapiens OX=9606 GN=SERPINB6 PE=1 SV=3",-0.732485658539577,15.0586951729688,-1.14471257172605,0.257746233843603,0.501168664675302,-5.19933660518024
578,"P24752|THIL_HUMAN","Acetyl-CoA acetyltransferase, mitochondrial OS=Homo sapiens OX=9606 GN=ACAT1 PE=1 SV=1",-0.232404440597541,15.7435514222723,-0.400251938473028,0.690665870133695,0.811871698325826,-5.72468912242072
579,"P17858|PFKAL_HUMAN","ATP-dependent 6-phosphofructokinase, liver type OS=Homo sapiens OX=9606 GN=PFKL PE=1 SV=6",-2.49783748264694,12.5132844499083,-1.42351166256991,0.182068536865942,0.450413089191045,-4.88306930512047
580,"P21399|ACOC_HUMAN","Cytoplasmic aconitate hydratase OS=Homo sapiens OX=9606 GN=ACO1 PE=1 SV=3",-2.57410377327579,13.405229930052,-2.82376202556389,0.00893248793840422,0.259434774582913,-2.55186875802099
581,"Q969V3|NCLN_HUMAN","Nicalin OS=Homo sapiens OX=9606 GN=NCLN PE=1 SV=2",-2.12996890677462,14.1810426582658,-2.85817068909144,0.00665334236603356,0.225637366696902,-2.35546092902797
582,"P78344|IF4G2_HUMAN","Eukaryotic translation initiation factor 4 gamma 2 OS=Homo sapiens OX=9606 GN=EIF4G2 PE=1 SV=1",-1.13139451795927,13.807837351087,-1.67036093506808,0.101060173227365,0.387024448867313,-4.54195242590769
583,"Q96AE4|FUBP1_HUMAN","Far upstream element-binding protein 1 OS=Homo sapiens OX=9606 GN=FUBP1 PE=1 SV=3",-0.329806502499137,15.2444766384119,-0.494013052483997,0.623564411413055,0.764500973514383,-5.68584752129973
584,"Q9H2U2|IPYR2_HUMAN","Inorganic pyrophosphatase 2, mitochondrial OS=Homo sapiens OX=9606 GN=PPA2 PE=1 SV=2",-1.192815880907,14.6925556693943,-1.80320961862216,0.0773468972708981,0.375605864510613,-4.34103893542845
585,"P09874|PARP1_HUMAN","Poly [ADP-ribose] polymerase 1 OS=Homo sapiens OX=9606 GN=PARP1 PE=1 SV=4",-0.271039921416929,14.3141389947107,-0.419756635824594,0.67645082556729,0.80109306856914,-5.71729440971918
586,"Q14315|FLNC_HUMAN","Filamin-C OS=Homo sapiens OX=9606 GN=FLNC PE=1 SV=3",-1.46014597419586,7.20734587039191,-0.635458783735833,0.528762480437223,0.70073230869019,-5.61159478357628
587,"P50416|CPT1A_HUMAN","Carnitine O-palmitoyltransferase 1, liver isoform OS=Homo sapiens OX=9606 GN=CPT1A PE=1 SV=2",-0.40835784070479,14.3737487143557,-0.63998151527023,0.525089195055516,0.698012087377811,-5.60968235500448
588,"P16885|PLCG2_HUMAN","1-phosphatidylinositol 4,5-bisphosphate phosphodiesterase gamma-2 OS=Homo sapiens OX=9606 GN=PLCG2 PE=1 SV=4",-1.03047193423314,14.2233400495081,-1.5267375095864,0.133090582546865,0.413207622515545,-4.74377917227812
589,"Q12907|LMAN2_HUMAN","Vesicular integral-membrane protein VIP36 OS=Homo sapiens OX=9606 GN=LMAN2 PE=1 SV=1",-0.792470360712601,16.1795384794485,-1.33178835945651,0.188933534709879,0.455874921005855,-4.99132274224609
590,"Q7L014|DDX46_HUMAN","Probable ATP-dependent RNA helicase DDX46 OS=Homo sapiens OX=9606 GN=DDX46 PE=1 SV=2",-0.758702131976454,13.6202817082146,-1.08567234239029,0.282799963256217,0.51980275592283,-5.258833073955
591,"P05455|LA_HUMAN","Lupus La protein OS=Homo sapiens OX=9606 GN=SSB PE=1 SV=2",-0.88848289106175,16.183438710932,-1.51110270694083,0.137019807565509,0.41450199427422,-4.76476539596917
592,"Q9H0U4|RAB1B_HUMAN","Ras-related protein Rab-1B OS=Homo sapiens OX=9606 GN=RAB1B PE=1 SV=1",-2.12562439526828,12.101519149605,-2.46725528098239,0.0170622344164917,0.292499164066587,-3.14662501621699
593,"P35232|PHB_HUMAN","Prohibitin OS=Homo sapiens OX=9606 GN=PHB PE=1 SV=1",-0.169993156020883,17.109758536698,-0.313885813308335,0.754905894054257,0.858304701330043,-5.7532291041229
594,"P62820|RAB1A_HUMAN","Ras-related protein Rab-1A OS=Homo sapiens OX=9606 GN=RAB1A PE=1 SV=3",-1.02252082367187,16.7631250402006,-1.82813680397782,0.0734625880031089,0.375605864510613,-4.30185047001536
595,"P16070|CD44_HUMAN","CD44 antigen OS=Homo sapiens OX=9606 GN=CD44 PE=1 SV=3",-1.30054162925672,17.2895301789853,-2.40534053611527,0.0198761290929866,0.29753639723681,-3.2705211929609
596,"P60660|MYL6_HUMAN","Myosin light polypeptide 6 OS=Homo sapiens OX=9606 GN=MYL6 PE=1 SV=2",-0.554702679626136,19.0461390973217,-1.08546141157044,0.282892421612053,0.51980275592283,-5.25904027788974
596,"P14649|MYL6B_HUMAN","Myosin light chain 6B OS=Homo sapiens OX=9606 GN=MYL6B PE=1 SV=1",-0.504091533617242,17.3146527214415,-0.951123530011729,0.346089818237,0.574637180858426,-5.38318761398626
597,"Q14683|SMC1A_HUMAN","Structural maintenance of chromosomes protein 1A OS=Homo sapiens OX=9606 GN=SMC1A PE=1 SV=2",-0.315280179817913,13.3927447073796,-0.43807811355644,0.663205316353784,0.794113232564845,-5.71003035536
598,"Q96T51|RUFY1_HUMAN","RUN and FYVE domain-containing protein 1 OS=Homo sapiens OX=9606 GN=RUFY1 PE=1 SV=2",-0.491223290930984,13.6154768746258,-0.703645664891687,0.484898171500375,0.669542468373762,-5.57037458763601
599,"Q96CX2|KCD12_HUMAN","BTB/POZ domain-containing protein KCTD12 OS=Homo sapiens OX=9606 GN=KCTD12 PE=1 SV=1",-0.265481238953212,15.5493203063715,-0.428450278697602,0.670152574901093,0.797994785761407,-5.71388595379929
600,"Q9BZQ8|NIBA1_HUMAN","Protein Niban 1 OS=Homo sapiens OX=9606 GN=NIBAN1 PE=1 SV=1",-1.077149115692,14.3109443039991,-1.59400087580786,0.117201101747593,0.397468618288883,-4.65127684296671
602,"O00232|PSD12_HUMAN","26S proteasome non-ATPase regulatory subunit 12 OS=Homo sapiens OX=9606 GN=PSMD12 PE=1 SV=3",-1.03255638140199,14.4838458051669,-1.55727438102273,0.125675718736889,0.407261051876768,-4.70222846618955
603,"Q99497|PARK7_HUMAN","Parkinson disease protein 7 OS=Homo sapiens OX=9606 GN=PARK7 PE=1 SV=2",-0.395392473192093,16.4554234648444,-0.719903397237217,0.474916536691554,0.663681221132552,-5.55975200853396
604,"Q14956|GPNMB_HUMAN","Transmembrane glycoprotein NMB OS=Homo sapiens OX=9606 GN=GPNMB PE=1 SV=2",-0.41838914321319,19.2188444061881,-0.823800344641213,0.413942209527041,0.621705544768909,-5.48628206341946
605,"Q8N2K0|ABD12_HUMAN","Lysophosphatidylserine lipase ABHD12 OS=Homo sapiens OX=9606 GN=ABHD12 PE=1 SV=2",-2.13442243000064,11.4072083041837,-1.5543663233665,0.131007340004694,0.411764075527387,-4.7107046888582
606,"P02649|APOE_HUMAN","Apolipoprotein E OS=Homo sapiens OX=9606 GN=APOE PE=1 SV=1",-1.08497078237648,14.808571303576,-1.72145171766376,0.0913147325829708,0.382952826908331,-4.46628061021572
607,"O95831|AIFM1_HUMAN","Apoptosis-inducing factor 1, mitochondrial OS=Homo sapiens OX=9606 GN=AIFM1 PE=1 SV=1",-0.621277044956221,15.7505315202242,-1.05316453960782,0.297298703315579,0.533438361428424,-5.29031454256309
608,"Q92888|ARHG1_HUMAN","Rho guanine nucleotide exchange factor 1 OS=Homo sapiens OX=9606 GN=ARHGEF1 PE=1 SV=2",-0.68470074374879,13.4748038536738,-0.949129064842454,0.347093176956476,0.57549456565423,-5.38491248036718
609,"Q9UJ70|NAGK_HUMAN","N-acetyl-D-glucosamine kinase OS=Homo sapiens OX=9606 GN=NAGK PE=1 SV=4",-0.830444128574181,16.3688193974075,-1.39066041308154,0.170450836579279,0.441216901957586,-4.91983089572338
610,"O94874|UFL1_HUMAN","E3 UFM1-protein ligase 1 OS=Homo sapiens OX=9606 GN=UFL1 PE=1 SV=2",-1.15338069544122,14.3944653654077,-1.7681666051765,0.0830977309266612,0.375605864510613,-4.39534052222208
611,"O15117|FYB1_HUMAN","FYN-binding protein 1 OS=Homo sapiens OX=9606 GN=FYB1 PE=1 SV=2",-0.9788005164759,13.1630775779486,-1.38717692496121,0.171504154145773,0.441624863794215,-4.92414036159199
612,"Q13451|FKBP5_HUMAN","Peptidyl-prolyl cis-trans isomerase FKBP5 OS=Homo sapiens OX=9606 GN=FKBP5 PE=1 SV=2",-0.264162785458923,13.6003790558434,-0.390501428403612,0.69781480399197,0.815437489106619,-5.72825481005153
613,"Q7Z417|NUFP2_HUMAN","Nuclear fragile X mental retardation-interacting protein 2 OS=Homo sapiens OX=9606 GN=NUFIP2 PE=1 SV=1",-1.24687604499789,13.3973646459134,-1.73890566975981,0.0881691088143511,0.378298631257937,-4.43997002475645
614,"Q9UKV3|ACINU_HUMAN","Apoptotic chromatin condensation inducer in the nucleus OS=Homo sapiens OX=9606 GN=ACIN1 PE=1 SV=2",-0.177686498022084,13.6166921147633,-0.250239314948159,0.803421578665431,0.890920890657057,-5.76986079881175
615,"O95782|AP2A1_HUMAN","AP-2 complex subunit alpha-1 OS=Homo sapiens OX=9606 GN=AP2A1 PE=1 SV=3",-1.2513520911588,13.9283648040922,-1.882345275021,0.0655802068156271,0.371812187766828,-4.21502992372243
616,"P04792|HSPB1_HUMAN","Heat shock protein beta-1 OS=Homo sapiens OX=9606 GN=HSPB1 PE=1 SV=2",-0.364137976049346,16.5377299514427,-0.640875637487969,0.524512808945083,0.697461151011568,-5.60915561517959
617,"P26583|HMGB2_HUMAN","High mobility group protein B2 OS=Homo sapiens OX=9606 GN=HMGB2 PE=1 SV=2",-0.477010318543448,15.1546811824429,-0.774791866326316,0.442089815799916,0.639597190678615,-5.52213872459924
618,"P41226|UBA7_HUMAN","Ubiquitin-like modifier-activating enzyme 7 OS=Homo sapiens OX=9606 GN=UBA7 PE=1 SV=2",-1.76809870554669,12.2528218774587,-1.93832773472281,0.0582055916363545,0.366887115993354,-4.12309449737657
619,"P01903|DRA_HUMAN","HLA class II histocompatibility antigen, DR alpha chain OS=Homo sapiens OX=9606 GN=HLA-DRA PE=1 SV=1",0.389733779841698,17.1728252036226,0.717160523267294,0.476592369967285,0.664298814708445,-5.5615608061449
619,"P01906|DQA2_HUMAN","HLA class II histocompatibility antigen, DQ alpha 2 chain OS=Homo sapiens OX=9606 GN=HLA-DQA2 PE=1 SV=2",-0.252278770069587,9.06357907481539,-0.113013318036912,0.910801585132723,0.953066673266919,-5.79288768934967
620,"Q12905|ILF2_HUMAN","Interleukin enhancer-binding factor 2 OS=Homo sapiens OX=9606 GN=ILF2 PE=1 SV=2",-1.10239281768422,14.8664924130678,-1.6542922703674,0.104296180305388,0.387142333108459,-4.56533541190441
621,"Q01813|PFKAP_HUMAN","ATP-dependent 6-phosphofructokinase, platelet type OS=Homo sapiens OX=9606 GN=PFKP PE=1 SV=2",-1.42655966764828,13.6735571480803,-2.02822717188589,0.0478491189584802,0.354698763841406,-3.97070600263604
622,"Q9NSE4|SYIM_HUMAN","Isoleucine--tRNA ligase, mitochondrial OS=Homo sapiens OX=9606 GN=IARS2 PE=1 SV=2",-0.711766496845309,14.7066220773815,-1.11039913409189,0.272107287384123,0.511245843750777,-5.23427843840918
623,"Q15042|RB3GP_HUMAN","Rab3 GTPase-activating protein catalytic subunit OS=Homo sapiens OX=9606 GN=RAB3GAP1 PE=1 SV=3",-1.02344654297615,13.2511818152092,-1.39463661834919,0.169254643490657,0.440205162750157,-4.91489974467424
624,"O15027|SC16A_HUMAN","Protein transport protein Sec16A OS=Homo sapiens OX=9606 GN=SEC16A PE=1 SV=4",-1.41217738121108,11.591344956933,-0.961244424048606,0.347545152751641,0.57549456565423,-5.36858153667496
625,"Q8N392|RHG18_HUMAN","Rho GTPase-activating protein 18 OS=Homo sapiens OX=9606 GN=ARHGAP18 PE=1 SV=3",-0.580957780027685,14.6758065755244,-0.916505019724716,0.363775587993218,0.585493818193868,-5.41263172419393
626,"Q03252|LMNB2_HUMAN","Lamin-B2 OS=Homo sapiens OX=9606 GN=LMNB2 PE=1 SV=4",-0.61243977892253,13.857410729418,-0.88507976726941,0.380325266799735,0.599380389479264,-5.43844808408076
627,"Q6P996|PDXD1_HUMAN","Pyridoxal-dependent decarboxylase domain-containing protein 1 OS=Homo sapiens OX=9606 GN=PDXDC1 PE=1 SV=2",-1.30190012770151,14.5427658144932,-2.05787608718096,0.044802705110225,0.353406926961911,-3.91918249933302
627,"Q6P474|PDXD2_HUMAN","Putative pyridoxal-dependent decarboxylase domain-containing protein 2 OS=Homo sapiens OX=9606 GN=PDXDC2P PE=5 SV=3",-1.22550105944545,13.8711999631251,-1.87212242796118,0.0670092388852442,0.373504631469922,-4.23156951228418
628,"Q9H2M9|RBGPR_HUMAN","Rab3 GTPase-activating protein non-catalytic subunit OS=Homo sapiens OX=9606 GN=RAB3GAP2 PE=1 SV=1",-2.89419162007123,11.5832940904056,-2.30915411621866,0.0274298350074068,0.321614610405292,-3.49970523227868
629,"Q9NQT8|KI13B_HUMAN","Kinesin-like protein KIF13B OS=Homo sapiens OX=9606 GN=KIF13B PE=1 SV=2",-3.01431744711206,10.3425935163266,-1.82901351440366,0.0743206005234081,0.375605864510613,-4.30416484372764
630,"P57737|CORO7_HUMAN","Coronin-7 OS=Homo sapiens OX=9606 GN=CORO7 PE=1 SV=2",-0.809722686717116,14.1911570344978,-1.23257145983385,0.223465969519276,0.478126145414565,-5.10530667447955
631,"Q5JSL3|DOC11_HUMAN","Dedicator of cytokinesis protein 11 OS=Homo sapiens OX=9606 GN=DOCK11 PE=1 SV=2",-2.35731814611096,11.2935876507335,-1.79581275405754,0.0805006066674234,0.375605864510613,-4.3589818289345
632,"P22307|NLTP_HUMAN","Non-specific lipid-transfer protein OS=Homo sapiens OX=9606 GN=SCP2 PE=1 SV=2",-0.617140643544182,16.0680974836176,-1.03651889125519,0.304917703651595,0.539397364677836,-5.30608164437163
633,"P37837|TALDO_HUMAN","Transaldolase OS=Homo sapiens OX=9606 GN=TALDO1 PE=1 SV=2",-0.528678036399096,17.8587306119092,-1.01191822025991,0.316420346734676,0.545451282744989,-5.32894465237229
634,"O43143|DHX15_HUMAN","Pre-mRNA-splicing factor ATP-dependent RNA helicase DHX15 OS=Homo sapiens OX=9606 GN=DHX15 PE=1 SV=2",-0.887289969024962,13.7296575880078,-1.30412632295692,0.198127090185023,0.464106161503158,-5.02392631424365
635,"Q02318|CP27A_HUMAN","Sterol 26-hydroxylase, mitochondrial OS=Homo sapiens OX=9606 GN=CYP27A1 PE=1 SV=1",-1.26264426748122,16.5991030842614,-2.22611799724888,0.0305150962089564,0.329885445628496,-3.61522760273316
636,"P32455|GBP1_HUMAN","Guanylate-binding protein 1 OS=Homo sapiens OX=9606 GN=GBP1 PE=1 SV=2",0.0323513372786337,14.7042377611037,0.0461533585133937,0.963392004131198,0.979196285888604,-5.79790774598018
637,"P49589|SYCC_HUMAN","Cysteine--tRNA ligase, cytoplasmic OS=Homo sapiens OX=9606 GN=CARS1 PE=1 SV=3",-1.17125949126612,13.0728211506015,-1.61090890258627,0.113457986868551,0.394932135154396,-4.62746261406267
638,"P05091|ALDH2_HUMAN","Aldehyde dehydrogenase, mitochondrial OS=Homo sapiens OX=9606 GN=ALDH2 PE=1 SV=2",-0.0491071453343004,16.3723185673349,-0.0849009905301718,0.932677140271377,0.964938852545957,-5.7955538704471
639,"Q13310|PABP4_HUMAN","Polyadenylate-binding protein 4 OS=Homo sapiens OX=9606 GN=PABPC4 PE=1 SV=1",-0.941681250647099,13.3712252822268,-1.38912571967857,0.170914271721609,0.441624863794215,-4.9217307081305
640,"Q9UBS4|DJB11_HUMAN","DnaJ homolog subfamily B member 11 OS=Homo sapiens OX=9606 GN=DNAJB11 PE=1 SV=1",-0.630658455796956,15.2330655429042,-1.03919317432311,0.303684717769208,0.538480889020987,-5.30356466298365
641,"P55795|HNRH2_HUMAN","Heterogeneous nuclear ribonucleoprotein H2 OS=Homo sapiens OX=9606 GN=HNRNPH2 PE=1 SV=1",-0.314610288869936,14.5530496022832,-0.500176344015369,0.61913229591283,0.7614918063712,-5.68312318601356
642,"Q07866|KLC1_HUMAN","Kinesin light chain 1 OS=Homo sapiens OX=9606 GN=KLC1 PE=1 SV=2",-1.33441828105524,13.9978113282769,-2.00980849775159,0.0498306080260585,0.358801880609411,-4.00239957489852
643,"Q15366|PCBP2_HUMAN","Poly(rC)-binding protein 2 OS=Homo sapiens OX=9606 GN=PCBP2 PE=1 SV=1",-0.840336147422038,13.4087551365484,-0.843485452416475,0.408617072458109,0.617947237035489,-5.46575103510726
644,"Q93050|VPP1_HUMAN","V-type proton ATPase 116 kDa subunit a1 OS=Homo sapiens OX=9606 GN=ATP6V0A1 PE=1 SV=3",-0.131396983888475,15.9238720414073,-0.165999081075444,0.869603632667404,0.930761144606985,-5.78582619909354
645,"Q04695|K1C17_HUMAN","Keratin, type I cytoskeletal 17 OS=Homo sapiens OX=9606 GN=KRT17 PE=1 SV=2",0.320248496665885,10.375724666979,0.108835571185501,0.915174697555944,0.956016837830088,-5.79305227513219
646,"Q07960|RHG01_HUMAN","Rho GTPase-activating protein 1 OS=Homo sapiens OX=9606 GN=ARHGAP1 PE=1 SV=1",-0.745273936902214,15.8833476586222,-1.26045065404418,0.213322908466544,0.473498040699101,-5.07410844943619
647,"Q13617|CUL2_HUMAN","Cullin-2 OS=Homo sapiens OX=9606 GN=CUL2 PE=1 SV=2",-3.40870730157352,11.8654468647774,-2.41556618124925,0.0259051488255869,0.31600086074823,-3.39267269404202
648,"P49257|LMAN1_HUMAN","Protein ERGIC-53 OS=Homo sapiens OX=9606 GN=LMAN1 PE=1 SV=2",-0.706626157991394,14.3770017595644,-0.968343942255243,0.338375933609589,0.566890215656691,-5.36737997058303
649,"P52630|STAT2_HUMAN","Signal transducer and activator of transcription 2 OS=Homo sapiens OX=9606 GN=STAT2 PE=1 SV=1",-1.09964873762852,12.421831289191,-1.318484694255,0.193313808082121,0.45893566311809,-5.00708214840212
650,"P26641|EF1G_HUMAN","Elongation factor 1-gamma OS=Homo sapiens OX=9606 GN=EEF1G PE=1 SV=3",-1.10883891063341,16.0413581419788,-1.84113325191522,0.0715034242328902,0.374885133083069,-4.28123427083482
651,"P25786|PSA1_HUMAN","Proteasome subunit alpha type-1 OS=Homo sapiens OX=9606 GN=PSMA1 PE=1 SV=1",-0.553066772200092,15.5128367209179,-0.920959757307589,0.361467652972986,0.583988102576645,-5.40890178070356
652,"Q14157|UBP2L_HUMAN","Ubiquitin-associated protein 2-like OS=Homo sapiens OX=9606 GN=UBAP2L PE=1 SV=2",-0.656700653549034,13.681298715869,-0.932688629954338,0.355436432023288,0.581214391911143,-5.39899788457422
653,"O15511|ARPC5_HUMAN","Actin-related protein 2/3 complex subunit 5 OS=Homo sapiens OX=9606 GN=ARPC5 PE=1 SV=3",-0.926399919597859,17.0614966797126,-1.519382816785,0.135348088795953,0.413729040769459,-4.75400145673686
654,"Q5VYK3|ECM29_HUMAN","Proteasome adapter and scaffold protein ECM29 OS=Homo sapiens OX=9606 GN=ECPAS PE=1 SV=2",-2.75269595881581,11.5425326663177,-2.10251882158308,0.0441881092470143,0.353406926961911,-3.87420360143309
655,"Q5SW79|CE170_HUMAN","Centrosomal protein of 170 kDa OS=Homo sapiens OX=9606 GN=CEP170 PE=1 SV=1",-2.04033058288596,13.3202398560171,-2.63320560736951,0.0112073881320931,0.277415061407616,-2.80287197374066
655,"Q96L14|C170L_HUMAN","Cep170-like protein OS=Homo sapiens OX=9606 GN=CEP170P1 PE=5 SV=2",-0.343199636260909,8.57991183442479,-0.178627331951938,0.858947879321281,0.92673252278484,-5.78409744293804
656,"Q9H3P7|GCP60_HUMAN","Golgi resident protein GCP60 OS=Homo sapiens OX=9606 GN=ACBD3 PE=1 SV=4",-0.456389397144964,14.2159707191493,-0.69257851629759,0.49175941503585,0.673666603231363,-5.57746984966752
657,"P41250|GARS_HUMAN","Glycine--tRNA ligase OS=Homo sapiens OX=9606 GN=GARS1 PE=1 SV=3",-1.36712970964084,14.2366652365147,-1.85376685842627,0.0707227250398959,0.374885133083069,-4.26550048822547
658,"P09493|TPM1_HUMAN","Tropomyosin alpha-1 chain OS=Homo sapiens OX=9606 GN=TPM1 PE=1 SV=2",-2.36727915167872,13.9666039801558,-1.13139068522569,0.283309034464248,0.520155077073834,-5.20008011978009
659,"P08754|GNAI3_HUMAN","Guanine nucleotide-binding protein G(i) subunit alpha OS=Homo sapiens OX=9606 GN=GNAI3 PE=1 SV=3",-0.661019242035332,13.7254493626648,-0.999636194527214,0.322271536117891,0.551898014337876,-5.34016257344508
660,"Q6NUK1|SCMC1_HUMAN","Calcium-binding mitochondrial carrier protein SCaMC-1 OS=Homo sapiens OX=9606 GN=SLC25A24 PE=1 SV=2",-0.900253377768577,15.6899720253539,-1.52402921318047,0.133764705984997,0.413207622515545,-4.74742843410172
661,"P52306|GDS1_HUMAN","Rap1 GTPase-GDP dissociation stimulator 1 OS=Homo sapiens OX=9606 GN=RAP1GDS1 PE=1 SV=3",-2.27271906154999,13.574880600383,-3.13883715791742,0.00283657343382915,0.172232339720537,-1.65917332411133
662,"P07948|LYN_HUMAN","Tyrosine-protein kinase Lyn OS=Homo sapiens OX=9606 GN=LYN PE=1 SV=3",-0.128945794212335,14.4388966761803,-0.204600616796968,0.838709848497768,0.917420124959525,-5.77948234091353
663,"P07384|CAN1_HUMAN","Calpain-1 catalytic subunit OS=Homo sapiens OX=9606 GN=CAPN1 PE=1 SV=1",-1.04740320115204,14.8574182988934,-1.60727122189928,0.114255004834101,0.394932135154396,-4.63260508418842
664,"Q8IWJ2|GCC2_HUMAN","GRIP and coiled-coil domain-containing protein 2 OS=Homo sapiens OX=9606 GN=GCC2 PE=1 SV=4",-2.22187251146265,11.603462415139,-2.15815255476715,0.0357142327975598,0.338634890255269,-3.74036114571516
665,"O00203|AP3B1_HUMAN","AP-3 complex subunit beta-1 OS=Homo sapiens OX=9606 GN=AP3B1 PE=1 SV=3",-1.45904575256148,13.6280291629468,-2.03720716687542,0.0469080293224789,0.354698763841406,-3.9551663861203
666,"O94979|SC31A_HUMAN","Protein transport protein Sec31A OS=Homo sapiens OX=9606 GN=SEC31A PE=1 SV=3",-1.24492958208619,13.9217654194083,-1.78654379183308,0.0800388701693356,0.375605864510613,-4.36697932014858
667,"O60716|CTND1_HUMAN","Catenin delta-1 OS=Homo sapiens OX=9606 GN=CTNND1 PE=1 SV=1",-1.29955864330784,11.6797703789668,-1.24576997898888,0.218620588705024,0.476276618893545,-5.09061814911239
668,"Q13492|PICAL_HUMAN","Phosphatidylinositol-binding clathrin assembly protein OS=Homo sapiens OX=9606 GN=PICALM PE=1 SV=2",-0.70094414149939,14.1659447994994,-1.00862958570505,0.317979977150717,0.546722459715824,-5.33196121185504
668,"O60641|AP180_HUMAN","Clathrin coat assembly protein AP180 OS=Homo sapiens OX=9606 GN=SNAP91 PE=1 SV=2",-0.670943695929953,6.79029991317501,-0.324878263066754,0.746620626006675,0.851614151538863,-5.74997808269239
669,"P05109|S10A8_HUMAN","Protein S100-A8 OS=Homo sapiens OX=9606 GN=S100A8 PE=1 SV=1",-0.59011901481048,17.623241868783,-1.09515560205786,0.278664901280327,0.515775560728134,-5.24947787413233
670,"Q14240|IF4A2_HUMAN","Eukaryotic initiation factor 4A-II OS=Homo sapiens OX=9606 GN=EIF4A2 PE=1 SV=2",-1.49447561149459,11.8230530304463,-1.50580109397789,0.138372908129799,0.415891217944901,-4.7718372477941
671,"Q16822|PCKGM_HUMAN","Phosphoenolpyruvate carboxykinase [GTP], mitochondrial OS=Homo sapiens OX=9606 GN=PCK2 PE=1 SV=4",0.356423523496417,15.8523147539262,0.59849165841267,0.552197691260349,0.716575913304707,-5.63332916465978
672,"O75947|ATP5H_HUMAN","ATP synthase subunit d, mitochondrial OS=Homo sapiens OX=9606 GN=ATP5PD PE=1 SV=3",-0.658100829207218,17.3247744393727,-1.18947462477166,0.239837694982583,0.487715274924449,-5.15224716447708
673,"Q16543|CDC37_HUMAN","Hsp90 co-chaperone Cdc37 OS=Homo sapiens OX=9606 GN=CDC37 PE=1 SV=1",-1.79468359138489,16.2742984211753,-3.13734683310956,0.00284863298548123,0.172232339720537,-1.66274013474868
674,"O15031|PLXB2_HUMAN","Plexin-B2 OS=Homo sapiens OX=9606 GN=PLXNB2 PE=1 SV=3",-0.253150452859744,12.7479086384489,-0.312128115450704,0.756233439203261,0.859165766987192,-5.75373861238229
675,"P51858|HDGF_HUMAN","Hepatoma-derived growth factor OS=Homo sapiens OX=9606 GN=HDGF PE=1 SV=1",-0.584555003005912,15.0555606106667,-0.937042469712152,0.353214338402186,0.580691990810602,-5.39529077332438
676,"Q9HBI0|PARVG_HUMAN","Gamma-parvin OS=Homo sapiens OX=9606 GN=PARVG PE=1 SV=1",-1.1714355803318,14.151117722253,-1.82018982294996,0.0746827000939109,0.375605864510613,-4.31439458825761
677,"P13647|K2C5_HUMAN","Keratin, type II cytoskeletal 5 OS=Homo sapiens OX=9606 GN=KRT5 PE=1 SV=3",-0.663337337816436,15.1297491672987,-1.0109778754883,0.316865775172283,0.545678086232316,-5.32980815950696
678,"Q9Y3L3|3BP1_HUMAN","SH3 domain-binding protein 1 OS=Homo sapiens OX=9606 GN=SH3BP1 PE=1 SV=3",-0.584904280342371,14.5625339743291,-0.883729228151209,0.381047036683891,0.599842685306111,-5.43953807590612
678,"Q6ZT62|BGIN_HUMAN","Bargin OS=Homo sapiens OX=9606 GN=BARGIN PE=1 SV=2",-0.686866452412284,14.2157941303818,-1.00751718534193,0.318508703902891,0.546976470378688,-5.33297945493968
679,"P28066|PSA5_HUMAN","Proteasome subunit alpha type-5 OS=Homo sapiens OX=9606 GN=PSMA5 PE=1 SV=3",-0.757941032313724,15.9496682311495,-1.31191183787741,0.195506102149261,0.46246206287814,-5.01481416703257
680,"O43149|ZZEF1_HUMAN","Zinc finger ZZ-type and EF-hand domain-containing protein 1 OS=Homo sapiens OX=9606 GN=ZZEF1 PE=1 SV=6",-0.987095106937506,11.7319463146823,-0.988021670611337,0.327871220828921,0.557717752018232,-5.35065013398012
681,"P48960|AGRE5_HUMAN","Adhesion G protein-coupled receptor E5 OS=Homo sapiens OX=9606 GN=ADGRE5 PE=1 SV=4",-0.931346396656071,15.3771875941493,-1.56056266385476,0.124897431058005,0.406908650201837,-4.69771001503175
682,"P49755|TMEDA_HUMAN","Transmembrane emp24 domain-containing protein 10 OS=Homo sapiens OX=9606 GN=TMED10 PE=1 SV=2",-0.450913116045957,16.9103801486816,-0.811112177646657,0.421122861328268,0.626204001696752,-5.49577031986576
683,"Q9Y2X3|NOP58_HUMAN","Nucleolar protein 58 OS=Homo sapiens OX=9606 GN=NOP58 PE=1 SV=1",-0.687173020529631,13.1496382759049,-0.972316597068997,0.335545900554374,0.563429315277851,-5.36464444418706
684,"Q15435|PP1R7_HUMAN","Protein phosphatase 1 regulatory subunit 7 OS=Homo sapiens OX=9606 GN=PPP1R7 PE=1 SV=1",-1.23308862417678,12.9374832442258,-1.55451533417809,0.126331742864452,0.408259280835653,-4.70601307681392
685,"P61981|1433G_HUMAN","14-3-3 protein gamma OS=Homo sapiens OX=9606 GN=YWHAG PE=1 SV=2",-0.804720377190549,16.9812093629555,-1.41284559459018,0.163859399924604,0.436181974953814,-4.89215254095131
686,"P83111|LACTB_HUMAN","Serine beta-lactamase-like protein LACTB, mitochondrial OS=Homo sapiens OX=9606 GN=LACTB PE=1 SV=2",-1.20840056704327,14.2049511168477,-1.61675816751782,0.113756725153081,0.394932135154396,-4.62143481210256
687,"Q92619|HMHA1_HUMAN","Rho GTPase-activating protein 45 OS=Homo sapiens OX=9606 GN=ARHGAP45 PE=1 SV=2",-0.885061380033529,14.2284255651582,-1.31449628120873,0.194641863941439,0.461123491746852,-5.01177821679618
688,"O43815|STRN_HUMAN","Striatin OS=Homo sapiens OX=9606 GN=STRN PE=1 SV=4",-0.849895274809015,13.7195993118423,-1.2506403225075,0.216852384266251,0.475088669077635,-5.08516104699406
689,"Q14444|CAPR1_HUMAN","Caprin-1 OS=Homo sapiens OX=9606 GN=CAPRIN1 PE=1 SV=2",-0.644465851624062,15.5471465839117,-1.07251297370282,0.288608609020098,0.524931283382416,-5.27168664796661
690,"Q15057|ACAP2_HUMAN","Arf-GAP with coiled-coil, ANK repeat and PH domain-containing protein 2 OS=Homo sapiens OX=9606 GN=ACAP2 PE=1 SV=3",-1.79333440230925,12.4189879256722,-2.17204429548951,0.0345922980094627,0.338634890255269,-3.71504012126125
691,"O43396|TXNL1_HUMAN","Thioredoxin-like protein 1 OS=Homo sapiens OX=9606 GN=TXNL1 PE=1 SV=3",-1.09329913735028,13.243962277351,-1.40031823036015,0.167556667033563,0.438676892435621,-4.90783116933447
692,"Q16719|KYNU_HUMAN","Kynureninase OS=Homo sapiens OX=9606 GN=KYNU PE=1 SV=1",-1.30591312975056,15.2731753210572,-1.9735795024467,0.0539964845979533,0.366768875860716,-4.06441817709011
693,"P17900|SAP3_HUMAN","Ganglioside GM2 activator OS=Homo sapiens OX=9606 GN=GM2A PE=1 SV=4",-0.822636753895191,13.1241848929485,-0.579759058453783,0.572688333146178,0.729952824728607,-5.6358163360676
694,"P58107|EPIPL_HUMAN","Epiplakin OS=Homo sapiens OX=9606 GN=EPPK1 PE=1 SV=3",-4.22256910677051,6.92753098496758,-1.91510990860563,0.0612380686635322,0.369401066854108,-4.1618364094464
695,"P06865|HEXA_HUMAN","Beta-hexosaminidase subunit alpha OS=Homo sapiens OX=9606 GN=HEXA PE=1 SV=2",-0.735185115351799,15.2134885909241,-1.12045620153338,0.267840854743466,0.508862179700091,-5.22414145321327
696,"P43686|PRS6B_HUMAN","26S proteasome regulatory subunit 6B OS=Homo sapiens OX=9606 GN=PSMC4 PE=1 SV=2",-0.74671420949848,15.1951130008635,-1.20779428761552,0.232774873664019,0.485557760931822,-5.13248515555487
697,"O43252|PAPS1_HUMAN","Bifunctional 3'-phosphoadenosine 5'-phosphosulfate synthase 1 OS=Homo sapiens OX=9606 GN=PAPSS1 PE=1 SV=2",-1.35775619194376,14.1877667779794,-2.05605164540557,0.0449851811069399,0.353406926961911,-3.92237093078207
698,"P30086|PEBP1_HUMAN","Phosphatidylethanolamine-binding protein 1 OS=Homo sapiens OX=9606 GN=PEBP1 PE=1 SV=3",-0.627388478749932,16.0419797442391,-1.03966309667768,0.303468411668438,0.538480889020987,-5.30312174229587
699,"P78324|SHPS1_HUMAN","Tyrosine-protein phosphatase non-receptor type substrate 1 OS=Homo sapiens OX=9606 GN=SIRPA PE=1 SV=2",-0.796894235356108,15.0439858102422,-1.30369963219693,0.198271496904065,0.464106161503158,-5.02442425670437
700,"Q15437|SC23B_HUMAN","Protein transport protein Sec23B OS=Homo sapiens OX=9606 GN=SEC23B PE=1 SV=2",-1.52098569617633,12.7698335782355,-1.67226085181851,0.103279362304638,0.387142333108459,-4.54410285657615
701,"Q96S66|CLCC1_HUMAN","Chloride channel CLIC-like protein 1 OS=Homo sapiens OX=9606 GN=CLCC1 PE=1 SV=1",-1.75975809242155,12.356110052004,-1.93511747626277,0.058608445197425,0.366887115993354,-4.12842833677967
702,"Q9Y2Z0|SGT1_HUMAN","Protein SGT1 homolog OS=Homo sapiens OX=9606 GN=SUGT1 PE=1 SV=3",-1.0816912989394,14.6877154179843,-1.70199770054731,0.0949297380545486,0.385835653299798,-4.49533126154279
703,"Q14669|TRIPC_HUMAN","E3 ubiquitin-protein ligase TRIP12 OS=Homo sapiens OX=9606 GN=TRIP12 PE=1 SV=1",-0.619448849274661,11.2152934328612,-0.511606368214082,0.611165343379694,0.756404923544926,-5.67778645471632
704,"Q93084|AT2A3_HUMAN","Sarcoplasmic/endoplasmic reticulum calcium ATPase 3 OS=Homo sapiens OX=9606 GN=ATP2A3 PE=1 SV=2",-0.99597335390788,12.2803953219149,-1.19636489349662,0.237163226412783,0.486431300737797,-5.14484770110256
705,"Q5JTV8|TOIP1_HUMAN","Torsin-1A-interacting protein 1 OS=Homo sapiens OX=9606 GN=TOR1AIP1 PE=1 SV=2",-0.706664158958731,13.9291864558117,-1.02812984792336,0.308807675870547,0.542649800071173,-5.31393706942886
706,"A0AVT1|UBA6_HUMAN","Ubiquitin-like modifier-activating enzyme 6 OS=Homo sapiens OX=9606 GN=UBA6 PE=1 SV=1",-1.6812783880919,13.7892873015057,-2.25264390367206,0.0289349945883669,0.326488217338006,-3.56958648996124
707,"P39023|RL3_HUMAN","60S ribosomal protein L3 OS=Homo sapiens OX=9606 GN=RPL3 PE=1 SV=2",-0.924576846063381,15.7760216534067,-1.51910270175273,0.134997939891052,0.413207622515545,-4.75405159142558
708,"Q9BYT8|NEUL_HUMAN","Neurolysin, mitochondrial OS=Homo sapiens OX=9606 GN=NLN PE=1 SV=1",-1.59919351939135,13.6337035554594,-2.05365825267135,0.0462345346105567,0.354698763841406,-3.93481099455816
710,"P22897|MRC1_HUMAN","Macrophage mannose receptor 1 OS=Homo sapiens OX=9606 GN=MRC1 PE=1 SV=1",0.671696030144741,13.5797885300865,0.959083672286281,0.342104273930906,0.570331287078358,-5.37626880956719
711,"P49591|SYSC_HUMAN","Serine--tRNA ligase, cytoplasmic OS=Homo sapiens OX=9606 GN=SARS1 PE=1 SV=3",-0.948946632833207,13.6454938435292,-1.34633854419193,0.184229594091193,0.453398808503632,-4.973919133855
712,"Q68EM7|RHG17_HUMAN","Rho GTPase-activating protein 17 OS=Homo sapiens OX=9606 GN=ARHGAP17 PE=1 SV=1",-0.694329574154043,14.9021499575876,-0.823833305932971,0.418545692626499,0.624195394093605,-5.48170777559051
713,"O15355|PPM1G_HUMAN","Protein phosphatase 1G OS=Homo sapiens OX=9606 GN=PPM1G PE=1 SV=1",-0.759364496016943,13.2123604123997,-1.06797334099425,0.290631524804883,0.527719214727922,-5.2760862047315
714,"Q96PC5|MIA2_HUMAN","Melanoma inhibitory activity protein 2 OS=Homo sapiens OX=9606 GN=MIA2 PE=1 SV=4",-0.853730104101222,12.4212617618486,-1.02453962654105,0.310482733036245,0.543597207799637,-5.31728029204309
715,"Q9BT78|CSN4_HUMAN","COP9 signalosome complex subunit 4 OS=Homo sapiens OX=9606 GN=COPS4 PE=1 SV=1",-1.02839040274365,13.3683435046989,-1.42548355034365,0.160193974177814,0.433934243260281,-4.87620586749608
716,"P24534|EF1B_HUMAN","Elongation factor 1-beta OS=Homo sapiens OX=9606 GN=EEF1B2 PE=1 SV=3",-0.833044895023814,16.6713827057991,-1.47795074764859,0.145655931776491,0.421420367594079,-4.80861667026889
717,"P09769|FGR_HUMAN","Tyrosine-protein kinase Fgr OS=Homo sapiens OX=9606 GN=FGR PE=1 SV=2",-1.30682767445645,13.9176263168637,-1.91599485587252,0.0610578629302656,0.368830596971464,-4.16004495230884
718,"O14617|AP3D1_HUMAN","AP-3 complex subunit delta-1 OS=Homo sapiens OX=9606 GN=AP3D1 PE=1 SV=1",-2.00445380321924,13.059005918553,-2.12514190579427,0.0428681097551624,0.348410947264029,-3.84279200009681
720,"Q08AM6|VAC14_HUMAN","Protein VAC14 homolog OS=Homo sapiens OX=9606 GN=VAC14 PE=1 SV=1",-1.37918278416931,13.5570479543366,-1.85370607377983,0.0696502702438017,0.374885133083069,-4.26117036718099
721,"P22061|PIMT_HUMAN","Protein-L-isoaspartate(D-aspartate) O-methyltransferase OS=Homo sapiens OX=9606 GN=PCMT1 PE=1 SV=4",-0.93033528786628,15.1587646250535,-1.53167624282192,0.131868255818852,0.411764075527387,-4.73710947403357
722,"#CONTAM#CAH2_HUMAN|",">sp|CAH2_HUMAN|",-1.05719101282068,15.7643892570103,-1.77948345263193,0.0812027236859788,0.375605864510613,-4.37790561676598
722,"P00918|CAH2_HUMAN","Carbonic anhydrase 2 OS=Homo sapiens OX=9606 GN=CA2 PE=1 SV=2",-1.05719101282068,15.7643892570103,-1.77948345263193,0.0812027236859788,0.375605864510613,-4.37790561676598
722,"#CONTAM#CAH2_BOVIN|",">sp|CAH2_BOVIN|",-2.2983184269862,6.25798607077938,-1.07684567823731,0.286687040032529,0.523203848059365,-5.26747108074623
723,"P51148|RAB5C_HUMAN","Ras-related protein Rab-5C OS=Homo sapiens OX=9606 GN=RAB5C PE=1 SV=2",-0.481157323166794,16.604648481687,-0.841676106155768,0.403953291066852,0.614922102745194,-5.47267196450905
724,"O15400|STX7_HUMAN","Syntaxin-7 OS=Homo sapiens OX=9606 GN=STX7 PE=1 SV=4",-0.726720578803276,16.3024121527177,-1.26006312099329,0.213461516773772,0.473498040699101,-5.07454658433736
725,"O95479|G6PE_HUMAN","GDH/6PGL endoplasmic bifunctional protein OS=Homo sapiens OX=9606 GN=H6PD PE=1 SV=2",-0.863101868839133,13.8549330738447,-1.1882196171009,0.240327176892367,0.488182548193727,-5.15359059218974
727,"Q16658|FSCN1_HUMAN","Fascin OS=Homo sapiens OX=9606 GN=FSCN1 PE=1 SV=3",-1.72636630842165,13.8461544698748,-2.47006374781646,0.0169435777216552,0.292499164066587,-3.14094794093065
728,"Q9UKY7|CDV3_HUMAN","Protein CDV3 homolog OS=Homo sapiens OX=9606 GN=CDV3 PE=1 SV=1",-0.490943270147785,14.921366556107,-0.784440083958382,0.436460850083318,0.636369966590674,-5.51524882059089
729,"O76094|SRP72_HUMAN","Signal recognition particle subunit SRP72 OS=Homo sapiens OX=9606 GN=SRP72 PE=1 SV=3",-0.802760535378331,13.5023891681666,-1.11034467209662,0.272130521108342,0.511245843750777,-5.23433309742785
730,"Q9UGP8|SEC63_HUMAN","Translocation protein SEC63 homolog OS=Homo sapiens OX=9606 GN=SEC63 PE=1 SV=2",-3.73296444940141,10.5127027290352,-2.31840603258812,0.0256441215053027,0.31600086074823,-3.46113767881125
731,"Q99459|CDC5L_HUMAN","Cell division cycle 5-like protein OS=Homo sapiens OX=9606 GN=CDC5L PE=1 SV=2",-0.16557692661689,14.1591717128452,-0.253180347514993,0.801160796892571,0.889559049295257,-5.76917471320116
732,"Q16851|UGPA_HUMAN","UTP--glucose-1-phosphate uridylyltransferase OS=Homo sapiens OX=9606 GN=UGP2 PE=1 SV=5",-0.583898816960756,14.5317348599562,-0.887064421768403,0.379266177292069,0.599048746344749,-5.43684339201709
733,"P08648|ITA5_HUMAN","Integrin alpha-5 OS=Homo sapiens OX=9606 GN=ITGA5 PE=1 SV=2",-1.87533169245448,13.2914656544266,-2.54340696937702,0.0140974252204588,0.284531131458015,-2.99096190052208
734,"P49753|ACOT2_HUMAN","Acyl-coenzyme A thioesterase 2, mitochondrial OS=Homo sapiens OX=9606 GN=ACOT2 PE=1 SV=6",-1.18272728662706,13.5985318330313,-1.69761503915701,0.0957602344162883,0.386500097214807,-4.50183576409144
734,"Q86TX2|ACOT1_HUMAN","Acyl-coenzyme A thioesterase 1 OS=Homo sapiens OX=9606 GN=ACOT1 PE=1 SV=1",-1.15450828055084,13.5752669776956,-1.65888136118372,0.10336346558771,0.387142333108459,-4.5586778401903
735,"Q96SB3|NEB2_HUMAN","Neurabin-2 OS=Homo sapiens OX=9606 GN=PPP1R9B PE=1 SV=3",-0.489331914804103,13.8242633113156,-0.716455010837175,0.477023960799192,0.66468527957364,-5.56202496698185
735,"Q9ULJ8|NEB1_HUMAN","Neurabin-1 OS=Homo sapiens OX=9606 GN=PPP1R9A PE=1 SV=2",1.63291121281433,8.84100688804465,0.831489276722301,0.40962732828337,0.618823185870388,-5.48046267368935
736,"P23396|RS3_HUMAN","40S ribosomal protein S3 OS=Homo sapiens OX=9606 GN=RPS3 PE=1 SV=2",-0.633353010951797,17.2187382879013,-1.15188412243397,0.254814418672402,0.499863921172832,-5.19190676058614
737,"Q9BR76|COR1B_HUMAN","Coronin-1B OS=Homo sapiens OX=9606 GN=CORO1B PE=1 SV=1",-0.297278704643203,15.5519233779827,-0.493285001952691,0.623958147533825,0.764766004959642,-5.68628314868962
738,"Q13838|DX39B_HUMAN","Spliceosome RNA helicase DDX39B OS=Homo sapiens OX=9606 GN=DDX39B PE=1 SV=1",-1.30176010850891,14.3311609087886,-1.60679757936095,0.118973998621823,0.400662094185313,-4.63942762285674
739,"O75436|VP26A_HUMAN","Vacuolar protein sorting-associated protein 26A OS=Homo sapiens OX=9606 GN=VPS26A PE=1 SV=2",-0.926922995435921,15.5602349654257,-1.54973578502177,0.127474683471538,0.408811214975366,-4.71255493643648
740,"Q15019|SEPT2_HUMAN","Septin-2 OS=Homo sapiens OX=9606 GN=SEPTIN2 PE=1 SV=1",-0.588645092089536,15.2674617075306,-0.998550635525198,0.322792175449018,0.552350377297942,-5.3411477731805
741,"P80303|NUCB2_HUMAN","Nucleobindin-2 OS=Homo sapiens OX=9606 GN=NUCB2 PE=1 SV=3",-0.158121745370616,13.7561368555096,-0.230346088560387,0.818757146469233,0.903275366250765,-5.77429153614764
742,"Q9Y263|PLAP_HUMAN","Phospholipase A-2-activating protein OS=Homo sapiens OX=9606 GN=PLAA PE=1 SV=2",-0.756480966136191,12.5695826349401,-0.974248455464515,0.33459547214755,0.562313248826563,-5.36293462693218
743,"P13861|KAP2_HUMAN","cAMP-dependent protein kinase type II-alpha regulatory subunit OS=Homo sapiens OX=9606 GN=PRKAR2A PE=1 SV=2",-0.978905971129661,14.1925029243558,-1.49291400751687,0.141706229422772,0.418852151617044,-4.78893348458371
743,"P31323|KAP3_HUMAN","cAMP-dependent protein kinase type II-beta regulatory subunit OS=Homo sapiens OX=9606 GN=PRKAR2B PE=1 SV=3",-2.24569821337901,9.6625828882337,-1.38160027113936,0.173200829972082,0.441624863794215,-4.93101861494671
744,"P62495|ERF1_HUMAN","Eukaryotic peptide chain release factor subunit 1 OS=Homo sapiens OX=9606 GN=ETF1 PE=1 SV=3",-1.54690276552592,13.1769770501404,-2.12778519651379,0.0382786614119719,0.345631435432627,-3.79525144074677
745,"P20592|MX2_HUMAN","Interferon-induced GTP-binding protein Mx2 OS=Homo sapiens OX=9606 GN=MX2 PE=1 SV=1",-0.284726199049617,12.4095678364114,-0.290337791795956,0.773260285481398,0.870701189429642,-5.75950774433749
746,"Q15643|TRIPB_HUMAN","Thyroid receptor-interacting protein 11 OS=Homo sapiens OX=9606 GN=TRIP11 PE=1 SV=3",-1.19706708945262,11.9849989157165,-1.19969304587977,0.235879201038008,0.486091731517081,-5.14125921389434
747,"Q8NHJ6|LIRB4_HUMAN","Leukocyte immunoglobulin-like receptor subfamily B member 4 OS=Homo sapiens OX=9606 GN=LILRB4 PE=1 SV=3",-0.946426407020168,13.6872824578456,-1.29732065271925,0.200439823002609,0.464731305655111,-5.0318503956172
748,"P09972|ALDOC_HUMAN","Fructose-bisphosphate aldolase C OS=Homo sapiens OX=9606 GN=ALDOC PE=1 SV=2",-2.37240145391391,14.0570121603975,-1.17840503131072,0.264893995621767,0.50615957398564,-5.15263056534163
750,"P12955|PEPD_HUMAN","Xaa-Pro dipeptidase OS=Homo sapiens OX=9606 GN=PEPD PE=1 SV=3",-2.46058381536026,13.1941934513856,-1.27659503008888,0.229360664105313,0.484522759027114,-5.04904266747419
751,"P00491|PNPH_HUMAN","Purine nucleoside phosphorylase OS=Homo sapiens OX=9606 GN=PNP PE=1 SV=2",-1.99125196340657,14.9256531117563,-2.84651552321423,0.0067706385603838,0.22691910587228,-2.37301427468486
752,"P08865|RSSA_HUMAN","40S ribosomal protein SA OS=Homo sapiens OX=9606 GN=RPSA PE=1 SV=4",-1.14060465031739,16.7741028425926,-2.0429137654924,0.0463183569929957,0.354698763841406,-3.94526157797969
753,"O60486|PLXC1_HUMAN","Plexin-C1 OS=Homo sapiens OX=9606 GN=PLXNC1 PE=1 SV=1",-1.48644216890945,13.2668633114781,-2.0328509723414,0.047362529993349,0.354698763841406,-3.96271179825689
754,"P54819|KAD2_HUMAN","Adenylate kinase 2, mitochondrial OS=Homo sapiens OX=9606 GN=AK2 PE=1 SV=2",-0.373909714988958,16.709865211042,-0.682428206836248,0.498099151276445,0.678467123512855,-5.58388045189728
755,"Q03518|TAP1_HUMAN","Antigen peptide transporter 1 OS=Homo sapiens OX=9606 GN=TAP1 PE=1 SV=2",-0.641568007519865,13.9452743912412,-0.924824362435816,0.359473133984959,0.583239736205884,-5.40565183464595
756,"Q8TDZ2|MICA1_HUMAN","[F-actin]-monooxygenase MICAL1 OS=Homo sapiens OX=9606 GN=MICAL1 PE=1 SV=2",-1.05399916983361,13.4126652274403,-1.48234767856326,0.144486411356169,0.420723281529778,-4.80285148049571
757,"Q96A65|EXOC4_HUMAN","Exocyst complex component 4 OS=Homo sapiens OX=9606 GN=EXOC4 PE=1 SV=1",-2.22130572371914,10.7496471177615,-1.5858144376613,0.119048975138767,0.400662094185313,-4.66272631080358
758,"Q96I99|SUCB2_HUMAN","Succinate--CoA ligase [GDP-forming] subunit beta, mitochondrial OS=Homo sapiens OX=9606 GN=SUCLG2 PE=1 SV=2",-0.409376827519958,15.5460414730149,-0.709866707108096,0.481064916564844,0.667723685351204,-5.56633788060309
759,"Q5JSH3|WDR44_HUMAN","WD repeat-containing protein 44 OS=Homo sapiens OX=9606 GN=WDR44 PE=1 SV=1",-0.0914801008498536,12.6657624909878,-0.109421273560493,0.913303749519868,0.955220798732897,-5.79334331168035
760,"Q9UQ80|PA2G4_HUMAN","Proliferation-associated protein 2G4 OS=Homo sapiens OX=9606 GN=PA2G4 PE=1 SV=3",-0.0799194079906851,15.4398141937021,-0.131317398708298,0.896048076451626,0.945669949835127,-5.79089808044813
761,"Q8TEM1|PO210_HUMAN","Nuclear pore membrane glycoprotein 210 OS=Homo sapiens OX=9606 GN=NUP210 PE=1 SV=3",-1.0264910524703,13.899028132289,-1.52876409208612,0.1325879188076,0.412847032454416,-4.74104465042316
762,"Q14247|SRC8_HUMAN","Src substrate cortactin OS=Homo sapiens OX=9606 GN=CTTN PE=1 SV=2",-1.27264224965149,13.4139683211488,-1.83850665565714,0.0718957789474379,0.374885133083069,-4.28541098108814
763,"Q9UQE7|SMC3_HUMAN","Structural maintenance of chromosomes protein 3 OS=Homo sapiens OX=9606 GN=SMC3 PE=1 SV=2",-0.508337984744072,13.4001728517855,-0.727017892707867,0.47058531079556,0.661923884257503,-5.55502886988334
764,"O00567|NOP56_HUMAN","Nucleolar protein 56 OS=Homo sapiens OX=9606 GN=NOP56 PE=1 SV=4",-0.629270743190132,12.0094692943989,-0.555721038623855,0.582441736851445,0.736516899770749,-5.6545894955162
765,"P61026|RAB10_HUMAN","Ras-related protein Rab-10 OS=Homo sapiens OX=9606 GN=RAB10 PE=1 SV=1",-0.837216558020796,14.4759347811794,-1.22910300336471,0.224752327011624,0.47944936723084,-5.10914240007464
766,"Q9HD20|AT131_HUMAN","Manganese-transporting ATPase 13A1 OS=Homo sapiens OX=9606 GN=ATP13A1 PE=1 SV=2",-0.965780433273828,14.1911069686042,-1.39750138805886,0.168396839235525,0.439034616578334,-4.91133894188874
767,"P82094|TMF1_HUMAN","TATA element modulatory factor OS=Homo sapiens OX=9606 GN=TMF1 PE=1 SV=2",-2.50906303618746,10.9655726284951,-1.81989537736317,0.0752224003536905,0.375605864510613,-4.31664741990826
768,"Q6NYC8|PPR18_HUMAN","Phostensin OS=Homo sapiens OX=9606 GN=PPP1R18 PE=1 SV=1",-0.879740948298826,14.6294522870669,-1.38641113788765,0.171736380078731,0.441624863794215,-4.92508639380918
769,"O94973|AP2A2_HUMAN","AP-2 complex subunit alpha-2 OS=Homo sapiens OX=9606 GN=AP2A2 PE=1 SV=2",-0.436970667214398,13.7387128895424,-0.629761025518258,0.531701368185678,0.703328560434801,-5.61565204688785
770,"P61421|VA0D1_HUMAN","V-type proton ATPase subunit d 1 OS=Homo sapiens OX=9606 GN=ATP6V0D1 PE=1 SV=1",-0.776313301480899,16.0832216498866,-1.35744778849737,0.180698605218863,0.448569966961176,-4.96051365804353
771,"Q16181|SEPT7_HUMAN","Septin-7 OS=Homo sapiens OX=9606 GN=SEPTIN7 PE=1 SV=2",-1.04617315962152,14.9684964643633,-1.61453511815901,0.112667976412849,0.393708504099409,-4.62232602466357
772,"P35221|CTNA1_HUMAN","Catenin alpha-1 OS=Homo sapiens OX=9606 GN=CTNNA1 PE=1 SV=1",-0.509215892110696,13.0549722053194,-0.616053556146541,0.541071830733358,0.709964104575279,-5.62308589577207
773,"P09429|HMGB1_HUMAN","High mobility group protein B1 OS=Homo sapiens OX=9606 GN=HMGB1 PE=1 SV=3",-2.69006805865204,13.8963904970836,-1.34552714342824,0.207050247137978,0.467750732028288,-4.97277557165034
773,"B2RPK0|HGB1A_HUMAN","Putative high mobility group protein B1-like 1 OS=Homo sapiens OX=9606 GN=HMGB1P1 PE=5 SV=1",-3.06258303637461,13.4463685363306,-1.61390017957598,0.136312480545763,0.41400500238329,-4.65189302775241
774,"P16989|YBOX3_HUMAN","Y-box-binding protein 3 OS=Homo sapiens OX=9606 GN=YBX3 PE=1 SV=4",-0.310242029088847,13.3431340814048,-0.441495020483654,0.660746858111416,0.791609657270061,-5.70864157919657
775,"Q9UHB6|LIMA1_HUMAN","LIM domain and actin-binding protein 1 OS=Homo sapiens OX=9606 GN=LIMA1 PE=1 SV=1",-0.962314879824454,14.1819879772501,-1.46272912078056,0.14976239133079,0.423261066143431,-4.82845471111324
776,"P05362|ICAM1_HUMAN","Intercellular adhesion molecule 1 OS=Homo sapiens OX=9606 GN=ICAM1 PE=1 SV=2",-0.779779098190172,13.8306840577737,-1.16975917712815,0.247611079156263,0.494267057291943,-5.17319741760418
777,"Q9NQW7|XPP1_HUMAN","Xaa-Pro aminopeptidase 1 OS=Homo sapiens OX=9606 GN=XPNPEP1 PE=1 SV=3",-1.13735110174562,15.0489257505798,-1.83901870897244,0.0718191474137132,0.374885133083069,-4.28459713730658
778,"Q16777|H2A2C_HUMAN","Histone H2A type 2-C OS=Homo sapiens OX=9606 GN=H2AC20 PE=1 SV=4",1.92924951700739,4.00817618804344,1.04819642669915,0.299558848505138,0.534734370968983,-5.29504551547655
778,"Q6FI13|H2A2A_HUMAN","Histone H2A type 2-A OS=Homo sapiens OX=9606 GN=H2AC18 PE=1 SV=3",1.92924951700739,4.00817618804344,1.04819642669915,0.299558848505138,0.534734370968983,-5.29504551547655
779,"Q15293|RCN1_HUMAN","Reticulocalbin-1 OS=Homo sapiens OX=9606 GN=RCN1 PE=1 SV=1",-0.489425394144909,14.1493852861763,-0.740517425226408,0.462429017297171,0.655991065155828,-5.54594211788718
780,"Q9P2R3|ANFY1_HUMAN","Rabankyrin-5 OS=Homo sapiens OX=9606 GN=ANKFY1 PE=1 SV=2",-1.34361076232929,12.7334312863407,-1.64970148065207,0.105236118355626,0.387142333108459,-4.57197907690982
781,"Q9BWM7|SFXN3_HUMAN","Sideroflexin-3 OS=Homo sapiens OX=9606 GN=SFXN3 PE=1 SV=3",-0.754796563162419,14.9855158890697,-1.23773513764749,0.221560961779116,0.476862311775177,-5.09957748519102
782,"Q9Y6G9|DC1L1_HUMAN","Cytoplasmic dynein 1 light intermediate chain 1 OS=Homo sapiens OX=9606 GN=DYNC1LI1 PE=1 SV=3",-1.36929362804721,13.9931151158819,-2.08903651303388,0.0417839722935257,0.348345476869979,-3.86436464339106
783,"Q8NFQ8|TOIP2_HUMAN","Torsin-1A-interacting protein 2 OS=Homo sapiens OX=9606 GN=TOR1AIP2 PE=1 SV=1",-1.61558384996898,11.2923669944223,-1.41868659435265,0.162157303481862,0.435365136457156,-4.88479848499765
784,"Q16698|DECR_HUMAN","2,4-dienoyl-CoA reductase, mitochondrial OS=Homo sapiens OX=9606 GN=DECR1 PE=1 SV=1",-0.535555644168358,15.585053887507,-0.89329961934487,0.375951005226701,0.595992958721951,-5.43177933059589
785,"P62140|PP1B_HUMAN","Serine/threonine-protein phosphatase PP1-beta catalytic subunit OS=Homo sapiens OX=9606 GN=PPP1CB PE=1 SV=3",-1.46049688374933,11.4173970983315,-1.40869741591055,0.16507659785114,0.437260090371993,-4.89735837810039
786,"Q9H361|PABP3_HUMAN","Polyadenylate-binding protein 3 OS=Homo sapiens OX=9606 GN=PABPC3 PE=1 SV=2",9.76621673170956,7.1867257697922,4.14008397726406,0.000201278715396185,0.0666851867085668,0.623521108779189
787,"P16152|CBR1_HUMAN","Carbonyl reductase [NADPH] 1 OS=Homo sapiens OX=9606 GN=CBR1 PE=1 SV=3",-0.875213704376694,15.4510643655412,-1.42431713145905,0.160529577372731,0.43423946509384,-4.87768311015678
788,"A0FGR8|ESYT2_HUMAN","Extended synaptotagmin-2 OS=Homo sapiens OX=9606 GN=ESYT2 PE=1 SV=1",-0.981555213813589,13.0029971896431,-1.26784728766115,0.210690179704957,0.47083410979897,-5.06572191720484
789,"O95573|ACSL3_HUMAN","Long-chain-fatty-acid--CoA ligase 3 OS=Homo sapiens OX=9606 GN=ACSL3 PE=1 SV=3",-1.00937340627295,13.6202910325473,-1.49809792127292,0.140357817411905,0.417198840298879,-4.78207242704349
790,"P55160|NCKPL_HUMAN","Nck-associated protein 1-like OS=Homo sapiens OX=9606 GN=NCKAP1L PE=1 SV=3",-1.52076916487177,14.2722224823797,-2.24099653311501,0.0294705284885076,0.326488217338006,-3.58741765042445
791,"Q9UBV2|SE1L1_HUMAN","Protein sel-1 homolog 1 OS=Homo sapiens OX=9606 GN=SEL1L PE=1 SV=3",-1.63914804034981,13.311727578584,-1.97367542938659,0.0559467742279252,0.366768875860716,-4.07641232894582
792,"P13674|P4HA1_HUMAN","Prolyl 4-hydroxylase subunit alpha-1 OS=Homo sapiens OX=9606 GN=P4HA1 PE=1 SV=2",-0.186436913933688,13.9961395528113,-0.263068563803813,0.793572367473022,0.885972930231464,-5.76680936840322
793,"P16278|BGAL_HUMAN","Beta-galactosidase OS=Homo sapiens OX=9606 GN=GLB1 PE=1 SV=2",0.00669708223364118,14.9495884229865,0.011135045367671,0.991159751546349,0.994392045168909,-5.79884087203668
794,"Q9Y5X1|SNX9_HUMAN","Sorting nexin-9 OS=Homo sapiens OX=9606 GN=SNX9 PE=1 SV=1",-1.63674214093672,13.0751936454465,-2.14322485222094,0.0369553454912324,0.342293920496211,-3.76742295535647
795,"P30520|PURA2_HUMAN","Adenylosuccinate synthetase isozyme 2 OS=Homo sapiens OX=9606 GN=ADSS2 PE=1 SV=3",-1.13933827542748,14.3459268883741,-1.80277680889276,0.0774158345141975,0.375605864510613,-4.34171524749084
796,"Q6JBY9|CPZIP_HUMAN","CapZ-interacting protein OS=Homo sapiens OX=9606 GN=RCSD1 PE=1 SV=1",-0.683317306806934,13.442701200058,-0.981926153440304,0.330835909906379,0.55966624664838,-5.35610719665131
797,"Q86V81|THOC4_HUMAN","THO complex subunit 4 OS=Homo sapiens OX=9606 GN=ALYREF PE=1 SV=3",-0.255172562130305,15.6904187683841,-0.437430314238409,0.663671829415213,0.794173121425261,-5.71029244190088
798,"Q9Y3I0|RTCB_HUMAN","RNA-splicing ligase RtcB homolog OS=Homo sapiens OX=9606 GN=RTCB PE=1 SV=1",-2.22597886449477,16.7384008186576,-3.0207930254033,0.00574621686504981,0.218475775385125,-2.17445682979803
799,"Q99685|MGLL_HUMAN","Monoglyceride lipase OS=Homo sapiens OX=9606 GN=MGLL PE=1 SV=2",-1.34442544229253,15.2907362925944,-1.97905423592203,0.0541663221763007,0.366768875860716,-4.06033989786706
800,"P41091|IF2G_HUMAN","Eukaryotic translation initiation factor 2 subunit 3 OS=Homo sapiens OX=9606 GN=EIF2S3 PE=1 SV=3",-0.895407605979679,13.3576419350049,-1.20982260078468,0.232002334700069,0.485557760931822,-5.13027971410929
800,"Q2VIR3|IF2GL_HUMAN","Eukaryotic translation initiation factor 2 subunit 3B OS=Homo sapiens OX=9606 GN=EIF2S3B PE=2 SV=2",-0.821309687506012,13.2502363747763,-1.10549798742239,0.274203740774529,0.512140291203772,-5.23918713895831
801,"P45880|VDAC2_HUMAN","Voltage-dependent anion-selective channel protein 2 OS=Homo sapiens OX=9606 GN=VDAC2 PE=1 SV=2",-0.766259344839897,14.9991472696542,-1.25793612308876,0.214223468808887,0.473686406968886,-5.07694907463243
802,"P31949|S10AB_HUMAN","Protein S100-A11 OS=Homo sapiens OX=9606 GN=S100A11 PE=1 SV=2",-0.4749385303761,18.4551992608222,-0.924718252581207,0.359527801918407,0.583239736205884,-5.40574124298811
803,"Q8IZP0|ABI1_HUMAN","Abl interactor 1 OS=Homo sapiens OX=9606 GN=ABI1 PE=1 SV=4",-1.48356658090418,12.8987795610551,-1.74750874794462,0.0876697891701391,0.377971753709499,-4.42965616411515
803,"Q9NYB9|ABI2_HUMAN","Abl interactor 2 OS=Homo sapiens OX=9606 GN=ABI2 PE=1 SV=1",-3.41375552941758,8.74554826148023,-1.60166377146081,0.117585340437548,0.398144702251981,-4.64327245662708
804,"Q9UL46|PSME2_HUMAN","Proteasome activator complex subunit 2 OS=Homo sapiens OX=9606 GN=PSME2 PE=1 SV=4",-1.28654296515459,12.9445068847918,-1.51133697363164,0.138318071018626,0.415891217944901,-4.76543209183797
805,"P51812|KS6A3_HUMAN","Ribosomal protein S6 kinase alpha-3 OS=Homo sapiens OX=9606 GN=RPS6KA3 PE=1 SV=1",-1.51916660245922,12.5836722681488,-1.90788445230265,0.062122807845322,0.370211424743563,-4.17337371335881
806,"Q9NVA2|SEP11_HUMAN","Septin-11 OS=Homo sapiens OX=9606 GN=SEPTIN11 PE=1 SV=3",-1.06205617709663,13.9968764964274,-1.65385988688487,0.104384414390015,0.387142333108459,-4.56596184416054
807,"Q99653|CHP1_HUMAN","Calcineurin B homologous protein 1 OS=Homo sapiens OX=9606 GN=CHP1 PE=1 SV=3",-0.928258513139044,14.0926009347202,-1.35012640656362,0.183019785096413,0.451598183033131,-4.96935976662839
808,"P20701|ITAL_HUMAN","Integrin alpha-L OS=Homo sapiens OX=9606 GN=ITGAL PE=1 SV=3",-0.476819996308043,14.2451291642163,-0.710650609050449,0.480583103748618,0.667485142807255,-5.56582675628363
809,"P78417|GSTO1_HUMAN","Glutathione S-transferase omega-1 OS=Homo sapiens OX=9606 GN=GSTO1 PE=1 SV=2",-1.79020652136984,16.4582201502671,-3.02987704116061,0.00385702432895432,0.188775043009162,-1.9170567864148
810,"P21283|VATC1_HUMAN","V-type proton ATPase subunit C 1 OS=Homo sapiens OX=9606 GN=ATP6V1C1 PE=1 SV=4",-1.3251942986168,15.5491537098528,-2.16036858018051,0.0355331447261986,0.338634890255269,-3.73633076558752
811,"P36873|PP1G_HUMAN","Serine/threonine-protein phosphatase PP1-gamma catalytic subunit OS=Homo sapiens OX=9606 GN=PPP1CC PE=1 SV=1",-1.31854583123929,10.6557347931475,-1.04609549537886,0.300518168839593,0.535763890272252,-5.29703974832682
812,"O75821|EIF3G_HUMAN","Eukaryotic translation initiation factor 3 subunit G OS=Homo sapiens OX=9606 GN=EIF3G PE=1 SV=2",-0.833517324421823,13.7311979236307,-1.20486517913462,0.233893820122252,0.485615495628163,-5.13566392762804
813,"O14879|IFIT3_HUMAN","Interferon-induced protein with tetratricopeptide repeats 3 OS=Homo sapiens OX=9606 GN=IFIT3 PE=1 SV=1",-1.49067252900429,9.75344435191899,-0.806896263216264,0.424174204239524,0.627577835583832,-5.49824771710724
814,"P28482|MK01_HUMAN","Mitogen-activated protein kinase 1 OS=Homo sapiens OX=9606 GN=MAPK1 PE=1 SV=3",-0.792488666316872,13.7929341368796,-1.20691893395927,0.233108856281758,0.485615495628163,-5.13343587923634
815,"Q9UL25|RAB21_HUMAN","Ras-related protein Rab-21 OS=Homo sapiens OX=9606 GN=RAB21 PE=1 SV=3",0.458337954839697,12.7797546234909,0.60930802262635,0.545062821446217,0.712469065847908,-5.62731466802659
816,"Q96C23|GALM_HUMAN","Galactose mutarotase OS=Homo sapiens OX=9606 GN=GALM PE=1 SV=1",-0.930696074226617,15.6385043099852,-1.57621405286854,0.121245897027461,0.403432607165343,-4.67608600479319
817,"Q96JJ7|TMX3_HUMAN","Protein disulfide-isomerase TMX3 OS=Homo sapiens OX=9606 GN=TMX3 PE=1 SV=2",-1.58838542933926,13.7630707870286,-2.17408802185615,0.0344298844801369,0.338634890255269,-3.71130380651607
818,"O60701|UGDH_HUMAN","UDP-glucose 6-dehydrogenase OS=Homo sapiens OX=9606 GN=UGDH PE=1 SV=1",-1.6265842377144,13.2465394765406,-2.01700425072939,0.0499330290171514,0.358801880609411,-3.99647652402946
819,"Q96JJ3|ELMO2_HUMAN","Engulfment and cell motility protein 2 OS=Homo sapiens OX=9606 GN=ELMO2 PE=1 SV=2",-0.426995120189337,15.0927657834988,-0.701104858345434,0.48646864364911,0.670256061483274,-5.57201326298663
820,"Q96RP9|EFGM_HUMAN","Elongation factor G, mitochondrial OS=Homo sapiens OX=9606 GN=GFM1 PE=1 SV=2",-2.17282219425774,13.2127245736328,-2.79402382965238,0.00734728046357102,0.232681889386767,-2.45422137906272
821,"P60953|CDC42_HUMAN","Cell division control protein 42 homolog OS=Homo sapiens OX=9606 GN=CDC42 PE=1 SV=2",-0.174864660343228,17.4693493341842,-0.306043768466746,0.760834496651631,0.861545279893479,-5.75548029520099
821,"P17081|RHOQ_HUMAN","Rho-related GTP-binding protein RhoQ OS=Homo sapiens OX=9606 GN=RHOQ PE=1 SV=2",-0.608120788409417,13.0449591294201,-0.85605683091699,0.396026229897518,0.609849204117461,-5.46151729634894
823,"P36871|PGM1_HUMAN","Phosphoglucomutase-1 OS=Homo sapiens OX=9606 GN=PGM1 PE=1 SV=3",-1.43885348439502,13.5074330293577,-1.77939806195243,0.0832299362772428,0.375605864510613,-4.38416895856438
824,"Q9UIB8|SLAF5_HUMAN","SLAM family member 5 OS=Homo sapiens OX=9606 GN=CD84 PE=1 SV=1",-0.824946903284696,16.173717466079,-1.44328121197207,0.15514072442733,0.428877471186465,-4.8535284252976
825,"Q13153|PAK1_HUMAN","Serine/threonine-protein kinase PAK 1 OS=Homo sapiens OX=9606 GN=PAK1 PE=1 SV=2",-0.245344807078796,11.5005107789442,-0.233120244188268,0.8166141277271,0.901603960041174,-5.77369561593794
826,"O00161|SNP23_HUMAN","Synaptosomal-associated protein 23 OS=Homo sapiens OX=9606 GN=SNAP23 PE=1 SV=1",-0.149292904287975,16.2274042419624,-0.264012440927836,0.792849054606655,0.885626346082099,-5.76657886154798
827,"O75955|FLOT1_HUMAN","Flotillin-1 OS=Homo sapiens OX=9606 GN=FLOT1 PE=1 SV=3",-1.29416106471867,12.5008481185419,-1.47556690360476,0.146293113690781,0.421420367594079,-4.81173582290819
828,"Q9Y265|RUVB1_HUMAN","RuvB-like 1 OS=Homo sapiens OX=9606 GN=RUVBL1 PE=1 SV=1",-0.262821737327098,13.5052497449592,-0.375165710286931,0.709114613659231,0.823222814293883,-5.73368619171078
829,"Q9UHX1|PUF60_HUMAN","Poly(U)-binding-splicing factor PUF60 OS=Homo sapiens OX=9606 GN=PUF60 PE=1 SV=1",-0.812654332633706,14.4241662970543,-1.25993512763898,0.213507310649192,0.473498040699101,-5.07469126271433
830,"P23368|MAOM_HUMAN","NAD-dependent malic enzyme, mitochondrial OS=Homo sapiens OX=9606 GN=ME2 PE=1 SV=1",-1.53120307597238,14.0940026060679,-1.85812153337921,0.0733093291006507,0.375605864510613,-4.2714695864347
831,"Q92882|OSTF1_HUMAN","Osteoclast-stimulating factor 1 OS=Homo sapiens OX=9606 GN=OSTF1 PE=1 SV=2",-1.07238790177032,15.5224841644562,-1.69262008309615,0.0967140534161021,0.386500097214807,-4.50923097402985
832,"P32456|GBP2_HUMAN","Guanylate-binding protein 2 OS=Homo sapiens OX=9606 GN=GBP2 PE=1 SV=3",-2.38389747039002,12.6593526118091,-1.39896028751135,0.189126289194524,0.45608450591311,-4.91174740128651
833,"P30038|AL4A1_HUMAN","Delta-1-pyrroline-5-carboxylate dehydrogenase, mitochondrial OS=Homo sapiens OX=9606 GN=ALDH4A1 PE=1 SV=3",-1.51206455048175,13.431364744963,-2.05466498542569,0.0451243026849491,0.353406926961911,-3.924792716002
834,"Q9NQR4|NIT2_HUMAN","Omega-amidase NIT2 OS=Homo sapiens OX=9606 GN=NIT2 PE=1 SV=1",-0.966590506136818,12.6805696358465,-1.19105535955806,0.239222202623907,0.487715274924449,-5.15055316357734
835,"Q9UJZ1|STML2_HUMAN","Stomatin-like protein 2, mitochondrial OS=Homo sapiens OX=9606 GN=STOML2 PE=1 SV=1",-0.767116615523934,14.9561632731257,-1.14599997921172,0.257218158850578,0.501168664675302,-5.19800605679967
836,"P62333|PRS10_HUMAN","26S proteasome regulatory subunit 10B OS=Homo sapiens OX=9606 GN=PSMC6 PE=1 SV=1",-0.740629118738983,15.3084670185535,-1.23826066636102,0.221367755282808,0.476862311775177,-5.09899314577374
837,"Q9BYX2|TBD2A_HUMAN","TBC1 domain family member 2A OS=Homo sapiens OX=9606 GN=TBC1D2 PE=1 SV=3",-0.80691080116536,13.7975470940694,-1.17670758280462,0.244850989497406,0.491511261398611,-5.16585143606475
838,"P05556|ITB1_HUMAN","Integrin beta-1 OS=Homo sapiens OX=9606 GN=ITGB1 PE=1 SV=2",-1.12084916871689,15.6652359465812,-1.81455558926673,0.0755580242939678,0.375605864510613,-4.32325946261639
839,"P78347|GTF2I_HUMAN","General transcription factor II-I OS=Homo sapiens OX=9606 GN=GTF2I PE=1 SV=2",-3.38797230943751,11.6263512675824,-2.56181763515008,0.0163761281947151,0.292499164066587,-3.05789508532671
839,"Q86UP8|GTD2A_HUMAN","General transcription factor II-I repeat domain-containing protein 2A OS=Homo sapiens OX=9606 GN=GTF2IRD2 PE=1 SV=3",-3.57818468068905,9.46866977439625,-2.07792883323603,0.0428390836744433,0.348410947264029,-3.88398356427651
839,"Q6EKJ0|GTD2B_HUMAN","General transcription factor II-I repeat domain-containing protein 2B OS=Homo sapiens OX=9606 GN=GTF2IRD2B PE=1 SV=1",-3.57818468068905,9.46866977439625,-2.07792883323603,0.0428390836744433,0.348410947264029,-3.88398356427651
840,"O75153|CLU_HUMAN","Clustered mitochondria protein homolog OS=Homo sapiens OX=9606 GN=CLUH PE=1 SV=2",-2.30028407966693,10.1284054714869,-1.47996301554303,0.14511977422872,0.42129346231839,-4.80598014622901
841,"P07099|HYEP_HUMAN","Epoxide hydrolase 1 OS=Homo sapiens OX=9606 GN=EPHX1 PE=1 SV=1",-1.50709165261106,9.86915223027872,-0.865852006523462,0.390682647851725,0.607587399032252,-5.4538146990136
842,"Q8TDB6|DTX3L_HUMAN","E3 ubiquitin-protein ligase DTX3L OS=Homo sapiens OX=9606 GN=DTX3L PE=1 SV=1",-1.07317890652201,12.3101100815537,-1.19449620328021,0.237886407156346,0.486781837532565,-5.1468584581167
843,"Q29RF7|PDS5A_HUMAN","Sister chromatid cohesion protein PDS5 homolog A OS=Homo sapiens OX=9606 GN=PDS5A PE=1 SV=1",0.255868419018844,11.8889448996431,0.271254602347668,0.787305386270076,0.881679222374811,-5.76478284981849
844,"P05783|K1C18_HUMAN","Keratin, type I cytoskeletal 18 OS=Homo sapiens OX=9606 GN=KRT18 PE=1 SV=2",12.4570082799154,8.5321215438951,7.17166763685434,3.1344632866496e-09,6.75006668779992e-06,10.0084891304822
845,"Q9Y2W1|TR150_HUMAN","Thyroid hormone receptor-associated protein 3 OS=Homo sapiens OX=9606 GN=THRAP3 PE=1 SV=2",-0.368887660873783,14.0677800870644,-0.572919300487507,0.56925180277369,0.728174620641625,-5.64712678773395
846,"P07205|PGK2_HUMAN","Phosphoglycerate kinase 2 OS=Homo sapiens OX=9606 GN=PGK2 PE=1 SV=3",-6.85282447397479,10.7952669283152,-2.83209222656666,0.014243539534003,0.284531131458015,-2.81781474568703
847,"P56192|SYMC_HUMAN","Methionine--tRNA ligase, cytoplasmic OS=Homo sapiens OX=9606 GN=MARS1 PE=1 SV=2",-1.56759510990008,13.0849005562247,-2.02219319515599,0.0484906124453473,0.355864932063967,-3.98111545067402
848,"Q9ULH1|ASAP1_HUMAN","Arf-GAP with SH3 domain, ANK repeat and PH domain-containing protein 1 OS=Homo sapiens OX=9606 GN=ASAP1 PE=1 SV=4",-3.11290709336228,11.7822290799539,-2.15157545038111,0.0444489741184188,0.353406926961911,-3.83492343463745
849,"P23526|SAHH_HUMAN","Adenosylhomocysteinase OS=Homo sapiens OX=9606 GN=AHCY PE=1 SV=4",-0.818251826334828,15.8136426810392,-1.39652973897149,0.168687404799325,0.439526105547908,-4.91254741781675
850,"P13798|ACPH_HUMAN","Acylamino-acid-releasing enzyme OS=Homo sapiens OX=9606 GN=APEH PE=1 SV=4",-1.02975804981855,15.2506503578384,-1.67939091821997,0.099278111227223,0.386522542993734,-4.52872428705056
851,"O60568|PLOD3_HUMAN","Multifunctional procollagen lysine hydroxylase and glycosyltransferase LH3 OS=Homo sapiens OX=9606 GN=PLOD3 PE=1 SV=1",0.127068857918044,12.5232968495236,0.145189441551032,0.885141553731025,0.939685647502964,-5.78911893987123
852,"Q02790|FKBP4_HUMAN","Peptidyl-prolyl cis-trans isomerase FKBP4 OS=Homo sapiens OX=9606 GN=FKBP4 PE=1 SV=3",-0.772563670596552,14.141101212895,-1.14890847768676,0.256027985305696,0.500558775985993,-5.19499489542241
853,"P23786|CPT2_HUMAN","Carnitine O-palmitoyltransferase 2, mitochondrial OS=Homo sapiens OX=9606 GN=CPT2 PE=1 SV=2",-0.880786863750105,13.8651736430498,-1.21416619937179,0.230354265340614,0.485255527168959,-5.12554512153733
854,"Q14258|TRI25_HUMAN","E3 ubiquitin/ISG15 ligase TRIM25 OS=Homo sapiens OX=9606 GN=TRIM25 PE=1 SV=2",-0.777968400102667,14.3375905023787,-0.943017813757389,0.353896596614491,0.580804650406931,-5.38679897650824
855,"P00488|F13A_HUMAN","Coagulation factor XIII A chain OS=Homo sapiens OX=9606 GN=F13A1 PE=1 SV=4",-3.2228947543526,11.9659477657699,-1.45457887008633,0.174720941556845,0.441624863794215,-4.84664963482369
856,"Q02809|PLOD1_HUMAN","Procollagen-lysine,2-oxoglutarate 5-dioxygenase 1 OS=Homo sapiens OX=9606 GN=PLOD1 PE=1 SV=2",-1.43212713972736,12.136403767585,-1.41234768888014,0.165467726460393,0.437757676821198,-4.8930874761201
857,"Q8N766|EMC1_HUMAN","ER membrane protein complex subunit 1 OS=Homo sapiens OX=9606 GN=EMC1 PE=1 SV=1",2.20561685950619,15.5064499592453,3.62275513973417,0.000678016466884962,0.0997134966538136,-0.447743789164672
858,"P0DOX5|IGG1_HUMAN","Immunoglobulin gamma-1 heavy chain OS=Homo sapiens OX=9606 PE=1 SV=2",-1.55733329463176,7.25104677987671,-0.617684147976082,0.541662885450283,0.709964104575279,-5.62054030062758
858,"P01857|IGHG1_HUMAN","Immunoglobulin heavy constant gamma 1 OS=Homo sapiens OX=9606 GN=IGHG1 PE=1 SV=1",-1.55733329463176,7.25104677987671,-0.617684147976082,0.541662885450283,0.709964104575279,-5.62054030062758
859,"Q9H2K8|TAOK3_HUMAN","Serine/threonine-protein kinase TAO3 OS=Homo sapiens OX=9606 GN=TAOK3 PE=1 SV=2",-0.845887025934179,12.8672777506976,-0.994123979057831,0.325664278239267,0.555499424307534,-5.34451737539232
860,"Q9BXS5|AP1M1_HUMAN","AP-1 complex subunit mu-1 OS=Homo sapiens OX=9606 GN=AP1M1 PE=1 SV=3",-0.793083863183421,14.4480730355151,-1.21811624676294,0.228862976969697,0.48414186729297,-5.12122569225245
861,"O00267|SPT5H_HUMAN","Transcription elongation factor SPT5 OS=Homo sapiens OX=9606 GN=SUPT5H PE=1 SV=1",-2.12010696724075,11.1502747024585,-1.61986157613931,0.11205363441743,0.393650084368574,-4.61555651943297
862,"Q07021|C1QBP_HUMAN","Complement component 1 Q subcomponent-binding protein, mitochondrial OS=Homo sapiens OX=9606 GN=C1QBP PE=1 SV=1",-0.742256616779994,16.5705216287717,-1.30130811078149,0.199082337191972,0.464238021811491,-5.02721232958472
863,"Q9UMZ2|SYNRG_HUMAN","Synergin gamma OS=Homo sapiens OX=9606 GN=SYNRG PE=1 SV=2",-2.6144609037688,12.0310957118322,-2.8593140426105,0.00616483827161366,0.222292745441547,-2.3085095060988
864,"Q9ULT8|HECD1_HUMAN","E3 ubiquitin-protein ligase HECTD1 OS=Homo sapiens OX=9606 GN=HECTD1 PE=1 SV=3",-2.6385117978549,8.83313793727062,-1.35121274384339,0.182673940244978,0.451392232148664,-4.96804998310418
865,"Q9Y696|CLIC4_HUMAN","Chloride intracellular channel protein 4 OS=Homo sapiens OX=9606 GN=CLIC4 PE=1 SV=4",-1.98475578687942,13.8522777310334,-2.76045153191723,0.0080338096851399,0.243297543272581,-2.52822491048652
866,"Q8IUE6|H2A2B_HUMAN","Histone H2A type 2-B OS=Homo sapiens OX=9606 GN=H2AC21 PE=1 SV=3",0.0922345192301179,4.89361615176222,0.0475503168171729,0.962262931238588,0.979143431238864,-5.79784924948046
867,"P07910|HNRPC_HUMAN","Heterogeneous nuclear ribonucleoproteins C1/C2 OS=Homo sapiens OX=9606 GN=HNRNPC PE=1 SV=4",-0.294969800552042,16.8017909804745,-0.55210044242616,0.583324506853289,0.736767932849594,-5.65792099949351
868,"P24928|RPB1_HUMAN","DNA-directed RNA polymerase II subunit RPB1 OS=Homo sapiens OX=9606 GN=POLR2A PE=1 SV=2",0.517800147399941,12.1184976755709,0.588605906802952,0.558759751797848,0.720964125522269,-5.6387334107686
869,"Q15424|SAFB1_HUMAN","Scaffold attachment factor B1 OS=Homo sapiens OX=9606 GN=SAFB PE=1 SV=4",-2.9795407113887,10.1237861302882,-1.76729391947494,0.0835307930424939,0.375605864510613,-4.39752044901888
870,"Q14257|RCN2_HUMAN","Reticulocalbin-2 OS=Homo sapiens OX=9606 GN=RCN2 PE=1 SV=1",-0.359533853355199,13.0968755831198,-0.482610122115864,0.631466391684725,0.770460552120711,-5.69109236372346
871,"P29590|PML_HUMAN","Protein PML OS=Homo sapiens OX=9606 GN=PML PE=1 SV=3",-1.60801891366634,10.6713095752679,-1.12797528737335,0.26468217571894,0.50615957398564,-5.21650608881575
872,"P17655|CAN2_HUMAN","Calpain-2 catalytic subunit OS=Homo sapiens OX=9606 GN=CAPN2 PE=1 SV=6",-4.6301170694618,11.5989168887096,-2.20874245516697,0.0479033463944848,0.354698763841406,-3.81956753170423
873,"Q14696|MESD_HUMAN","LRP chaperone MESD OS=Homo sapiens OX=9606 GN=MESD PE=1 SV=2",-1.04361136313567,14.6997177778464,-1.58448137776885,0.119352093531404,0.400662094185313,-4.66458571566311
874,"Q9H0D6|XRN2_HUMAN","5'-3' exoribonuclease 2 OS=Homo sapiens OX=9606 GN=XRN2 PE=1 SV=1",-2.26563478802705,13.4461499838404,-1.01376025772795,0.333705257696045,0.561250423858395,-5.31224322021243
875,"O00764|PDXK_HUMAN","Pyridoxal kinase OS=Homo sapiens OX=9606 GN=PDXK PE=1 SV=1",-0.978845118748252,15.6603951301886,-1.54708813615246,0.128111376958565,0.409937370401588,-4.71617101762047
876,"Q96TC7|RMD3_HUMAN","Regulator of microtubule dynamics protein 3 OS=Homo sapiens OX=9606 GN=RMDN3 PE=1 SV=2",-0.972582880959344,13.0086363226409,-1.30949428147384,0.196317153403507,0.463308482032277,-5.01764905709166
877,"O43314|VIP2_HUMAN","Inositol hexakisphosphate and diphosphoinositol-pentakisphosphate kinase 2 OS=Homo sapiens OX=9606 GN=PPIP5K2 PE=1 SV=3",-2.15921495072217,12.0497714375749,-2.35620028941876,0.0223992944746452,0.305296712981952,-3.36711899922384
877,"Q6PFW1|VIP1_HUMAN","Inositol hexakisphosphate and diphosphoinositol-pentakisphosphate kinase 1 OS=Homo sapiens OX=9606 GN=PPIP5K1 PE=1 SV=1",-4.93342423691904,9.02324180839503,-2.7033068454769,0.00933979807922287,0.261211106020863,-2.65272177263385
878,"#CONTAM#LYSC_LYSEN|",">sp|LYSC_LYSEN|",0.0789583350222376,15.9743912043081,0.0905845572337204,0.928789301058386,0.963926631243004,-5.79496561783236
879,"Q9UBF2|COPG2_HUMAN","Coatomer subunit gamma-2 OS=Homo sapiens OX=9606 GN=COPG2 PE=1 SV=1",-1.09302392363165,12.580959740809,-1.34504556215287,0.184643954055113,0.453398808503632,-4.97547275864327
880,"Q15436|SC23A_HUMAN","Protein transport protein Sec23A OS=Homo sapiens OX=9606 GN=SEC23A PE=1 SV=2",-0.979107249882883,13.0312648545581,-1.27585846901545,0.207866106486175,0.467753041084616,-5.05658699465285
881,"Q13347|EIF3I_HUMAN","Eukaryotic translation initiation factor 3 subunit I OS=Homo sapiens OX=9606 GN=EIF3I PE=1 SV=1",-0.621925182015403,14.3455732986722,-0.922076115926462,0.36089076861414,0.58380896665941,-5.40796432413302
882,"Q14161|GIT2_HUMAN","ARF GTPase-activating protein GIT2 OS=Homo sapiens OX=9606 GN=GIT2 PE=1 SV=2",-1.05520065025945,13.540673769753,-1.5399990964679,0.12982865619161,0.411120587293556,-4.72582559380344
883,"P61247|RS3A_HUMAN","40S ribosomal protein S3a OS=Homo sapiens OX=9606 GN=RPS3A PE=1 SV=2",-0.850589453601044,15.1938368270397,-1.38165311340899,0.173184692481127,0.441624863794215,-4.93095355882381
884,"P54727|RD23B_HUMAN","UV excision repair protein RAD23 homolog B OS=Homo sapiens OX=9606 GN=RAD23B PE=1 SV=1",-0.938209513749937,15.013484814023,-1.2541721164614,0.218892552635371,0.476628020323834,-5.08000218940167
885,"Q9H4M9|EHD1_HUMAN","EH domain-containing protein 1 OS=Homo sapiens OX=9606 GN=EHD1 PE=1 SV=2",-0.48075094422359,14.3770641307277,-0.752761659679946,0.455101929444852,0.65120399007275,-5.53755917475753
886,"P63241|IF5A1_HUMAN","Eukaryotic translation initiation factor 5A-1 OS=Homo sapiens OX=9606 GN=EIF5A PE=1 SV=2",-0.834318570483177,16.1813729294472,-1.4361873823895,0.157139717038288,0.431083287441979,-4.86259807192044
886,"Q6IS14|IF5AL_HUMAN","Eukaryotic translation initiation factor 5A-1-like OS=Homo sapiens OX=9606 GN=EIF5AL1 PE=2 SV=2",-0.948866753984115,16.0387836434616,-1.63747576016928,0.10777307262532,0.389730949118858,-4.58959181448388
886,"Q9GZV4|IF5A2_HUMAN","Eukaryotic translation initiation factor 5A-2 OS=Homo sapiens OX=9606 GN=EIF5A2 PE=1 SV=3",-0.993263403113684,15.9444674552091,-1.71319034117513,0.0928357226941369,0.3848556497435,-4.47865277856933
887,"Q9Y5X3|SNX5_HUMAN","Sorting nexin-5 OS=Homo sapiens OX=9606 GN=SNX5 PE=1 SV=1",-0.650009474788197,15.5771005766758,-1.12821800248529,0.264580656387683,0.50615957398564,-5.2162588151216
888,"P40855|PEX19_HUMAN","Peroxisomal biogenesis factor 19 OS=Homo sapiens OX=9606 GN=PEX19 PE=1 SV=1",-0.760347909304611,13.2100096347494,-1.01878141912765,0.313182165524751,0.544701328738046,-5.32261901400512
889,"P52565|GDIR1_HUMAN","Rho GDP-dissociation inhibitor 1 OS=Homo sapiens OX=9606 GN=ARHGDIA PE=1 SV=3",-0.603208758876434,17.452419151993,-1.11482919889478,0.270222084785484,0.510235212262638,-5.2298238399065
890,"Q15907|RB11B_HUMAN","Ras-related protein Rab-11B OS=Homo sapiens OX=9606 GN=RAB11B PE=1 SV=4",-1.38695922488161,12.5360923892857,-1.65100838087641,0.104967835592457,0.387142333108459,-4.57008943489233
891,"Q8TAQ2|SMRC2_HUMAN","SWI/SNF complex subunit SMARCC2 OS=Homo sapiens OX=9606 GN=SMARCC2 PE=1 SV=1",0.307054861502323,13.0275670230353,0.430932946375318,0.668358316668618,0.796739349541029,-5.71289986744866
892,"Q9H444|CHM4B_HUMAN","Charged multivesicular body protein 4b OS=Homo sapiens OX=9606 GN=CHMP4B PE=1 SV=1",-0.506953662834634,15.7587671735546,-0.837939206410894,0.40602908492795,0.615980017183756,-5.47554056673086
893,"P11177|ODPB_HUMAN","Pyruvate dehydrogenase E1 component subunit beta, mitochondrial OS=Homo sapiens OX=9606 GN=PDHB PE=1 SV=3",-0.278388568078626,15.7005498951613,-0.483334558836976,0.630955601890103,0.770273746411756,-5.69076928653419
894,"O14974|MYPT1_HUMAN","Protein phosphatase 1 regulatory subunit 12A OS=Homo sapiens OX=9606 GN=PPP1R12A PE=1 SV=1",-2.45085104011717,11.820150634228,-1.76433840104756,0.0928311444354623,0.3848556497435,-4.42582314008292
895,"Q12904|AIMP1_HUMAN","Aminoacyl tRNA synthase complex-interacting multifunctional protein 1 OS=Homo sapiens OX=9606 GN=AIMP1 PE=1 SV=2",-1.41315657797811,14.093184991757,-2.09158700985791,0.041544924967572,0.348345476869979,-3.85984764985084
896,"Q9UBW5|BIN2_HUMAN","Bridging integrator 2 OS=Homo sapiens OX=9606 GN=BIN2 PE=1 SV=3",-1.20925088004594,13.1739711120513,-1.59353326866257,0.117306023587344,0.397511442636264,-4.65193225443166
897,"Q9UH65|SWP70_HUMAN","Switch-associated protein 70 OS=Homo sapiens OX=9606 GN=SWAP70 PE=1 SV=1",-1.22705002971628,13.9963838111375,-1.51801115142383,0.13886128496799,0.416777389795912,-4.75820166736499
898,"Q9BXD5|NPL_HUMAN","N-acetylneuraminate lyase OS=Homo sapiens OX=9606 GN=NPL PE=1 SV=1",-0.27126708323941,15.1978475207564,-0.442000424701602,0.660383539775979,0.791394520260195,-5.70843525311079
899,"Q15233|NONO_HUMAN","Non-POU domain-containing octamer-binding protein OS=Homo sapiens OX=9606 GN=NONO PE=1 SV=4",-0.02636297326098,14.340568955848,-0.0410249375393922,0.96743843034534,0.981568273144259,-5.79811744028753
901,"Q8TBA6|GOGA5_HUMAN","Golgin subfamily A member 5 OS=Homo sapiens OX=9606 GN=GOLGA5 PE=1 SV=3",-1.40672208147174,11.7361564004438,-1.40907093535759,0.164966709817265,0.437260090371993,-4.89689019760811
902,"P41240|CSK_HUMAN","Tyrosine-protein kinase CSK OS=Homo sapiens OX=9606 GN=CSK PE=1 SV=1",-0.762685838289386,14.3220605174318,-1.24076026926296,0.220450498330076,0.476862311775177,-5.09621064222316
903,"Q9HC35|EMAL4_HUMAN","Echinoderm microtubule-associated protein-like 4 OS=Homo sapiens OX=9606 GN=EML4 PE=1 SV=3",-0.763568711260158,14.4596947069573,-1.20470048783861,0.233956850111084,0.485615495628163,-5.13584244131849
904,"P62701|RS4X_HUMAN","40S ribosomal protein S4, X isoform OS=Homo sapiens OX=9606 GN=RPS4X PE=1 SV=2",-1.21540421574884,14.6145281908413,-1.85442223918789,0.0695459458059018,0.374885133083069,-4.26002396314272
905,"Q3KQU3|MA7D1_HUMAN","MAP7 domain-containing protein 1 OS=Homo sapiens OX=9606 GN=MAP7D1 PE=1 SV=1",-1.5878086255505,12.9057822318542,-1.74703446542657,0.090070659031777,0.381157174847528,-4.43643532975361
906,"Q92556|ELMO1_HUMAN","Engulfment and cell motility protein 1 OS=Homo sapiens OX=9606 GN=ELMO1 PE=1 SV=2",-0.595491191519402,13.3681569066992,-0.808920192839549,0.42237096349852,0.626497297247659,-5.49739499744984
907,"Q9Y5P4|CERT_HUMAN","Ceramide transfer protein OS=Homo sapiens OX=9606 GN=CERT1 PE=1 SV=1",-0.559586019920875,13.1726592475497,-0.792406834961942,0.431845109775644,0.63285365355689,-5.50949710143734
908,"P32121|ARRB2_HUMAN","Beta-arrestin-2 OS=Homo sapiens OX=9606 GN=ARRB2 PE=1 SV=2",-0.757033389483242,13.0642310393948,-0.947443971149037,0.347942384249736,0.57549456565423,-5.38636708052798
909,"O75396|SC22B_HUMAN","Vesicle-trafficking protein SEC22b OS=Homo sapiens OX=9606 GN=SEC22B PE=1 SV=4",-0.58607264550545,15.6244373249019,-0.978306011963966,0.332605075292337,0.560214426830518,-5.35933283034523
910,"Q96K76|UBP47_HUMAN","Ubiquitin carboxyl-terminal hydrolase 47 OS=Homo sapiens OX=9606 GN=USP47 PE=1 SV=3",-2.16318385206485,10.9251792864673,-1.60704138070637,0.114305515263949,0.394932135154396,-4.63292965446661
911,"Q9NXV6|CARF_HUMAN","CDKN2A-interacting protein OS=Homo sapiens OX=9606 GN=CDKN2AIP PE=1 SV=3",-0.939949310697143,11.8493135561894,-1.02315521437441,0.311130293057837,0.544067467397525,-5.31856647513698
912,"Q14166|TTL12_HUMAN","Tubulin--tyrosine ligase-like protein 12 OS=Homo sapiens OX=9606 GN=TTLL12 PE=1 SV=2",-1.21371779663464,13.3270237911836,-1.66498136879493,0.102134247302967,0.387024448867313,-4.54980302092781
913,"Q66K14|TBC9B_HUMAN","TBC1 domain family member 9B OS=Homo sapiens OX=9606 GN=TBC1D9B PE=1 SV=3",-1.25164255835642,12.9932280471043,-1.5759732343105,0.121301422400538,0.403432607165343,-4.67642018757852
914,"P36543|VATE1_HUMAN","V-type proton ATPase subunit E 1 OS=Homo sapiens OX=9606 GN=ATP6V1E1 PE=1 SV=1",-1.11514601435149,15.3971296555287,-1.76945009316106,0.0828809718236775,0.375605864510613,-4.39336803416848
914,"Q96A05|VATE2_HUMAN","V-type proton ATPase subunit E 2 OS=Homo sapiens OX=9606 GN=ATP6V1E2 PE=1 SV=1",-1.31628625514131,13.5621563113303,-1.47603412103286,0.151618960011866,0.424642952141671,-4.81387909800175
915,"Q00169|PIPNA_HUMAN","Phosphatidylinositol transfer protein alpha isoform OS=Homo sapiens OX=9606 GN=PITPNA PE=1 SV=2",-0.834412852634483,14.0721572699707,-1.27956806712989,0.206568030180066,0.467373457046528,-5.05233888954429
916,"Q9NR45|SIAS_HUMAN","Sialic acid synthase OS=Homo sapiens OX=9606 GN=NANS PE=1 SV=2",-0.717177492073693,15.8261058579054,-1.19144792307743,0.239069527788135,0.487715274924449,-5.15013214344124
917,"P79483|DRB3_HUMAN","HLA class II histocompatibility antigen, DR beta 3 chain OS=Homo sapiens OX=9606 GN=HLA-DRB3 PE=1 SV=1",-1.23789224811214,8.77363976738108,-0.500807102072172,0.621204253659072,0.763345711985627,-5.68058160929328
918,"O75116|ROCK2_HUMAN","Rho-associated protein kinase 2 OS=Homo sapiens OX=9606 GN=ROCK2 PE=1 SV=4",-2.64698978315814,9.97202946297274,-1.65851086370626,0.103438513450384,0.387142333108459,-4.55921594201576
919,"P30084|ECHM_HUMAN","Enoyl-CoA hydratase, mitochondrial OS=Homo sapiens OX=9606 GN=ECHS1 PE=1 SV=4",-0.470796470704556,16.0257557503382,-0.8116262074913,0.420830499015249,0.626204001696752,-5.49538870752517
920,"O43290|SNUT1_HUMAN","U4/U6.U5 tri-snRNP-associated protein 1 OS=Homo sapiens OX=9606 GN=SART1 PE=1 SV=1",-0.173641659917847,12.643158851659,-0.213177862078615,0.832049931401577,0.912680191839555,-5.77782111961788
921,"P08727|K1C19_HUMAN","Keratin, type I cytoskeletal 19 OS=Homo sapiens OX=9606 GN=KRT19 PE=1 SV=4",10.9398393428425,7.77353707535869,6.01778302922937,2.01375612186868e-07,0.000216831190422211,6.49998155824877
922,"P46777|RL5_HUMAN","60S ribosomal protein L5 OS=Homo sapiens OX=9606 GN=RPL5 PE=1 SV=3",-0.85013400458622,16.4178588845859,-1.38941789599544,0.170825967686895,0.441624863794215,-4.92136916872716
924,"Q96F07|CYFP2_HUMAN","Cytoplasmic FMR1-interacting protein 2 OS=Homo sapiens OX=9606 GN=CYFIP2 PE=1 SV=2",-0.296249664426917,4.24380416207386,-0.160003598882127,0.873519071846218,0.932445041036632,-5.78702204705551
925,"P53992|SC24C_HUMAN","Protein transport protein Sec24C OS=Homo sapiens OX=9606 GN=SEC24C PE=1 SV=3",-0.695044974521053,13.6596736699242,-0.990959788678506,0.32644856353951,0.556466498941494,-5.34800819834995
926,"Q8IV08|PLD3_HUMAN","5'-3' exonuclease PLD3 OS=Homo sapiens OX=9606 GN=PLD3 PE=1 SV=1",-0.93780755024595,15.2878532478916,-1.60832299889052,0.114024094732654,0.394932135154396,-4.6311192882744
927,"O00629|IMA3_HUMAN","Importin subunit alpha-3 OS=Homo sapiens OX=9606 GN=KPNA4 PE=1 SV=1",-1.28590878223136,10.8445416569738,-0.985306410037168,0.329189647870548,0.559077213477306,-5.35308499245293
928,"Q96I24|FUBP3_HUMAN","Far upstream element-binding protein 3 OS=Homo sapiens OX=9606 GN=FUBP3 PE=1 SV=2",-1.48358441302778,12.9493774281279,-1.71411343126881,0.0945798736524343,0.385701893955712,-4.48170430079069
929,"P55036|PSMD4_HUMAN","26S proteasome non-ATPase regulatory subunit 4 OS=Homo sapiens OX=9606 GN=PSMD4 PE=1 SV=1",-0.342516599854703,14.1370964531067,-0.535632434494329,0.594573250796296,0.743993896333424,-5.66618005964867
930,"Q10713|MPPA_HUMAN","Mitochondrial-processing peptidase subunit alpha OS=Homo sapiens OX=9606 GN=PMPCA PE=1 SV=2",-1.45513120754226,13.2152501972408,-2.00087755017509,0.0508166541888115,0.358801880609411,-4.01768021805182
931,"P43353|AL3B1_HUMAN","Aldehyde dehydrogenase family 3 member B1 OS=Homo sapiens OX=9606 GN=ALDH3B1 PE=1 SV=1",-1.39407169080803,10.5314614286397,-0.943905175522264,0.349730194850127,0.576541064581289,-5.38941373342726
931,"P48448|AL3B2_HUMAN","Aldehyde dehydrogenase family 3 member B2 OS=Homo sapiens OX=9606 GN=ALDH3B2 PE=2 SV=3",-0.241264783427024,5.24190776703969,-0.119427103896337,0.905412719175336,0.951583039073553,-5.79228107375046
932,"Q9NRV9|HEBP1_HUMAN","Heme-binding protein 1 OS=Homo sapiens OX=9606 GN=HEBP1 PE=1 SV=1",-1.09881208926728,14.8811424164532,-1.63770816010527,0.107724386421211,0.389730949118858,-4.58925809791285
933,"Q12768|WASC5_HUMAN","WASH complex subunit 5 OS=Homo sapiens OX=9606 GN=WASHC5 PE=1 SV=1",-1.7533861571784,8.79360913600657,-0.890631531843769,0.37736733056739,0.597324914646729,-5.4339504748273
934,"P48444|COPD_HUMAN","Coatomer subunit delta OS=Homo sapiens OX=9606 GN=ARCN1 PE=1 SV=1",-1.04597953884718,15.3470368741659,-1.76424922658193,0.0837622360934749,0.375795782140205,-4.40135310371309
935,"P26196|DDX6_HUMAN","Probable ATP-dependent RNA helicase DDX6 OS=Homo sapiens OX=9606 GN=DDX6 PE=1 SV=2",-0.885173045968594,12.7569092311548,-1.10423482763923,0.274745891752346,0.512264309860327,-5.2404489087649
936,"Q9H845|ACAD9_HUMAN","Complex I assembly factor ACAD9, mitochondrial OS=Homo sapiens OX=9606 GN=ACAD9 PE=1 SV=1",-0.428035781324438,13.2628028389909,-0.595686169330115,0.554055980081335,0.718338081339647,-5.63487185013681
937,"O76003|GLRX3_HUMAN","Glutaredoxin-3 OS=Homo sapiens OX=9606 GN=GLRX3 PE=1 SV=2",-1.06140356575061,14.345789294213,-1.58333000832834,0.119614399208787,0.400726023232222,-4.66619056381899
938,"Q15181|IPYR_HUMAN","Inorganic pyrophosphatase OS=Homo sapiens OX=9606 GN=PPA1 PE=1 SV=2",-0.867260682153907,14.2943542471145,-1.34302613707912,0.185292536809446,0.453547627886719,-4.97789650480412
939,"Q9Y281|COF2_HUMAN","Cofilin-2 OS=Homo sapiens OX=9606 GN=CFL2 PE=1 SV=1",-2.65085623086275,10.0631615887029,-1.71767208981761,0.0920080149124943,0.383990814174528,-4.47194743936142
940,"Q9UKG1|DP13A_HUMAN","DCC-interacting protein 13-alpha OS=Homo sapiens OX=9606 GN=APPL1 PE=1 SV=1",-0.497299619704286,12.5257303285911,-0.6254473729111,0.534505086856501,0.704872446139299,-5.61814326332277
941,"P08621|RU17_HUMAN","U1 small nuclear ribonucleoprotein 70 kDa OS=Homo sapiens OX=9606 GN=SNRNP70 PE=1 SV=2",0.0145088905586999,13.1165400967343,0.0196374354148015,0.984410293610009,0.990168170398751,-5.79871946456506
942,"Q9Y613|FHOD1_HUMAN","FH1/FH2 domain-containing protein 1 OS=Homo sapiens OX=9606 GN=FHOD1 PE=1 SV=3",-1.31790881404435,12.8007805413118,-1.70754590071572,0.0938869108024717,0.385701893955712,-4.48707575015159
943,"Q15154|PCM1_HUMAN","Pericentriolar material 1 protein OS=Homo sapiens OX=9606 GN=PCM1 PE=1 SV=5",-1.85467025554045,10.8972842315507,-1.32680808224429,0.190909019564438,0.457658037949828,-4.99719597392017
944,"Q9H4G4|GAPR1_HUMAN","Golgi-associated plant pathogenesis-related protein 1 OS=Homo sapiens OX=9606 GN=GLIPR2 PE=1 SV=3",-0.493831241644482,16.8726567363399,-0.893521540748166,0.375833353114331,0.595992958721951,-5.43159846045385
945,"Q9NP72|RAB18_HUMAN","Ras-related protein Rab-18 OS=Homo sapiens OX=9606 GN=RAB18 PE=1 SV=1",-0.790379939196912,15.4380237364675,-1.34552889992084,0.18448897647352,0.453398808503632,-4.97489214980757
946,"Q9H7D0|DOCK5_HUMAN","Dedicator of cytokinesis protein 5 OS=Homo sapiens OX=9606 GN=DOCK5 PE=1 SV=3",-1.78059625437776,11.5430013058262,-1.68658723510598,0.0978764854452805,0.386522542993734,-4.51813718763762
947,"Q9Y266|NUDC_HUMAN","Nuclear migration protein nudC OS=Homo sapiens OX=9606 GN=NUDC PE=1 SV=1",-0.913489155513899,14.8458596755236,-1.47247982876947,0.147121525518292,0.421872443679948,-4.81576831741055
948,"Q7Z2K6|ERMP1_HUMAN","Endoplasmic reticulum metallopeptidase 1 OS=Homo sapiens OX=9606 GN=ERMP1 PE=1 SV=2",-3.41441648625812,11.8734293105453,-2.41132992468968,0.0261966037125209,0.317827527295289,-3.40110540875977
949,"Q8IWB9|TEX2_HUMAN","Testis-expressed protein 2 OS=Homo sapiens OX=9606 GN=TEX2 PE=1 SV=2",-3.44273682141646,7.85477368392514,-1.69585626257307,0.0960951956363264,0.386500097214807,-4.50444188672555
950,"Q92878|RAD50_HUMAN","DNA repair protein RAD50 OS=Homo sapiens OX=9606 GN=RAD50 PE=1 SV=1",-0.935554797447637,12.8834596693762,-1.15834657442936,0.252193022707242,0.497740446359534,-5.18517404374413
951,"P52594|AGFG1_HUMAN","Arf-GAP domain and FG repeat-containing protein 1 OS=Homo sapiens OX=9606 GN=AGFG1 PE=1 SV=2",-1.05873575070378,14.1386368929214,-1.48795754619729,0.143005043678904,0.420050187165385,-4.79547332317815
952,"Q14571|ITPR2_HUMAN","Inositol 1,4,5-trisphosphate receptor type 2 OS=Homo sapiens OX=9606 GN=ITPR2 PE=1 SV=2",-2.00819765659215,11.4076699304384,-1.47967386851257,0.149464980769849,0.423261066143431,-4.80861997206734
953,"Q9Y305|ACOT9_HUMAN","Acyl-coenzyme A thioesterase 9, mitochondrial OS=Homo sapiens OX=9606 GN=ACOT9 PE=1 SV=2",-0.604470304462181,13.8922487241435,-0.82560378273586,0.412927675097723,0.621413538560967,-5.48492183743421
954,"Q9BVG4|PBDC1_HUMAN","Protein PBDC1 OS=Homo sapiens OX=9606 GN=PBDC1 PE=1 SV=1",-2.48532328343588,13.4019641896076,-3.20135550734437,0.00244262462921145,0.172232339720537,-1.52825392635602
955,"Q14C86|GAPD1_HUMAN","GTPase-activating protein and VPS9 domain-containing protein 1 OS=Homo sapiens OX=9606 GN=GAPVD1 PE=1 SV=2",-1.86524365589023,11.3015444747051,-1.43286903350722,0.159871671104559,0.433606604185981,-4.86737216512217
956,"P15880|RS2_HUMAN","40S ribosomal protein S2 OS=Homo sapiens OX=9606 GN=RPS2 PE=1 SV=2",-1.40005966566999,15.1342226615767,-2.15099500938443,0.0363046791528632,0.338634890255269,-3.75335586753064
957,"Q96B97|SH3K1_HUMAN","SH3 domain-containing kinase-binding protein 1 OS=Homo sapiens OX=9606 GN=SH3KBP1 PE=1 SV=2",-0.961102234313186,12.976094436572,-1.27496948599153,0.208178085910967,0.468210452228999,-5.05760332127403
958,"P18583|SON_HUMAN","Protein SON OS=Homo sapiens OX=9606 GN=SON PE=1 SV=4",-0.198835765755989,14.9134252079364,-0.311489245194945,0.756716145851826,0.85933786186416,-5.75392309732037
959,"P61224|RAP1B_HUMAN","Ras-related protein Rap-1b OS=Homo sapiens OX=9606 GN=RAP1B PE=1 SV=1",-1.71648510951767,13.9221554434087,-2.39184768725737,0.0205421797654504,0.29753639723681,-3.29719904548443
959,"A6NIZ1|RP1BL_HUMAN","Ras-related protein Rap-1b-like protein OS=Homo sapiens OX=9606 PE=2 SV=1",-1.71648510951767,13.9221554434087,-2.39184768725737,0.0205421797654504,0.29753639723681,-3.29719904548443
960,"Q96AG4|LRC59_HUMAN","Leucine-rich repeat-containing protein 59 OS=Homo sapiens OX=9606 GN=LRRC59 PE=1 SV=1",-1.08519963710756,15.5700934141817,-1.74655658815524,0.0868188728019636,0.377971753709499,-4.42836352085516
961,"P09382|LEG1_HUMAN","Galectin-1 OS=Homo sapiens OX=9606 GN=LGALS1 PE=1 SV=2",-2.42835254643752,13.9210332086524,-1.90336397319088,0.0804425648243852,0.375605864510613,-4.25547904887864
962,"Q53T59|H1BP3_HUMAN","HCLS1-binding protein 3 OS=Homo sapiens OX=9606 GN=HS1BP3 PE=1 SV=1",-1.13319576056646,12.7727854877389,-1.41695554271319,0.162660301572881,0.435365136457156,-4.88698084750586
963,"Q70J99|UN13D_HUMAN","Protein unc-13 homolog D OS=Homo sapiens OX=9606 GN=UNC13D PE=1 SV=1",-2.6301114775681,11.2556295612776,-2.00114885243504,0.0522945764892422,0.363309511713208,-4.02753505285864
964,"P35613|BASI_HUMAN","Basigin OS=Homo sapiens OX=9606 GN=BSG PE=1 SV=2",-0.874240658208002,14.8746977674159,-1.42952835696913,0.159034429231697,0.433245595636256,-4.87107464279745
965,"Q8WWM7|ATX2L_HUMAN","Ataxin-2-like protein OS=Homo sapiens OX=9606 GN=ATXN2L PE=1 SV=2",-0.951006403975246,14.0277843211814,-1.40432853021725,0.166366125442472,0.438676892435621,-4.90282601689387
966,"P84095|RHOG_HUMAN","Rho-related GTP-binding protein RhoG OS=Homo sapiens OX=9606 GN=RHOG PE=1 SV=1",-0.197044613388226,16.0962311030491,-0.34651008014149,0.730404839745923,0.841137338177993,-5.74325527833099
967,"O00186|STXB3_HUMAN","Syntaxin-binding protein 3 OS=Homo sapiens OX=9606 GN=STXBP3 PE=1 SV=2",-1.49169319539552,12.9504617780961,-1.94760100063853,0.0570551787049298,0.366768875860716,-4.10764491731935
968,"P18621|RL17_HUMAN","60S ribosomal protein L17 OS=Homo sapiens OX=9606 GN=RPL17 PE=1 SV=3",-0.839208027620042,15.8553176888277,-1.3858533770172,0.17190567431098,0.441624863794215,-4.92577513384433
969,"Q99714|HCD2_HUMAN","3-hydroxyacyl-CoA dehydrogenase type-2 OS=Homo sapiens OX=9606 GN=HSD17B10 PE=1 SV=3",-0.382499031622062,14.4515261365079,-0.607498896643595,0.546252896835371,0.712510971129601,-5.62832802573882
970,"P07203|GPX1_HUMAN","Glutathione peroxidase 1 OS=Homo sapiens OX=9606 GN=GPX1 PE=1 SV=4",-0.454913411932395,14.2089163397563,-0.687775790230717,0.494753556339539,0.675833671790166,-5.58051465079111
970,"P18283|GPX2_HUMAN","Glutathione peroxidase 2 OS=Homo sapiens OX=9606 GN=GPX2 PE=1 SV=3",1.3297809003551,8.86154271283541,0.437314734968183,0.668111030441451,0.796665063153745,-5.70672657785319
971,"Q9UHD2|TBK1_HUMAN","Serine/threonine-protein kinase TBK1 OS=Homo sapiens OX=9606 GN=TBK1 PE=1 SV=1",-1.00130604488897,12.3945064939748,-1.19924632283561,0.236051255108205,0.486137920059364,-5.14174142461577
972,"Q9P0L0|VAPA_HUMAN","Vesicle-associated membrane protein-associated protein A OS=Homo sapiens OX=9606 GN=VAPA PE=1 SV=3",-0.59477250740845,16.0697723671624,-1.05214761678494,0.297760374059183,0.533466693457945,-5.29128466055363
973,"Q6P179|ERAP2_HUMAN","Endoplasmic reticulum aminopeptidase 2 OS=Homo sapiens OX=9606 GN=ERAP2 PE=1 SV=2",-3.0591594137689,8.45888003409955,-1.42388279121321,0.162239932156013,0.435365136457156,-4.87865059750062
974,"Q9NYF8|BCLF1_HUMAN","Bcl-2-associated transcription factor 1 OS=Homo sapiens OX=9606 GN=BCLAF1 PE=1 SV=2",0.119470467804462,12.667359484876,0.15081533132906,0.880724606347682,0.937538526826364,-5.78834656520638
975,"Q86TU7|SETD3_HUMAN","Actin-histidine N-methyltransferase OS=Homo sapiens OX=9606 GN=SETD3 PE=1 SV=1",-2.81912590738811,13.0471118979673,-3.76995300847241,0.000430225025913928,0.0889841931813121,-0.0601619650208294
976,"Q9UN86|G3BP2_HUMAN","Ras GTPase-activating protein-binding protein 2 OS=Homo sapiens OX=9606 GN=G3BP2 PE=1 SV=2",-0.920735284062129,13.758836988722,-1.3875223648735,0.171399478315733,0.441624863794215,-4.92371345745608
977,"Q9UHB9|SRP68_HUMAN","Signal recognition particle subunit SRP68 OS=Homo sapiens OX=9606 GN=SRP68 PE=1 SV=2",-1.23925200340085,13.95745697506,-1.73679603446049,0.0885444703589793,0.378665330085122,-4.44316251021102
978,"P30533|AMRP_HUMAN","Alpha-2-macroglobulin receptor-associated protein OS=Homo sapiens OX=9606 GN=LRPAP1 PE=1 SV=1",-0.680872330456891,13.8423842372218,-0.886806482508225,0.380335872869011,0.599380389479264,-5.43616324477579
979,"O95336|6PGL_HUMAN","6-phosphogluconolactonase OS=Homo sapiens OX=9606 GN=PGLS PE=1 SV=2",-0.704665191748218,13.8846255323678,-1.06391432499257,0.292448574012886,0.528286176558071,-5.28000493623424
980,"Q8IZ83|A16A1_HUMAN","Aldehyde dehydrogenase family 16 member A1 OS=Homo sapiens OX=9606 GN=ALDH16A1 PE=1 SV=2",-0.945912418073503,12.3934806213657,-1.12808054677505,0.264638145958706,0.50615957398564,-5.21639885865342
981,"P13747|HLAE_HUMAN","HLA class I histocompatibility antigen, alpha chain E OS=Homo sapiens OX=9606 GN=HLA-E PE=1 SV=4",-1.86745623008213,10.5876415884415,-1.30659241990153,0.197294030861339,0.464106161503158,-5.0210454480035
982,"P15153|RAC2_HUMAN","Ras-related C3 botulinum toxin substrate 2 OS=Homo sapiens OX=9606 GN=RAC2 PE=1 SV=1",-0.938873182913303,15.5740986886185,-1.62984242849417,0.109382202507491,0.392573148240718,-4.60052953808629
983,"Q12979|ABR_HUMAN","Active breakpoint cluster region-related protein OS=Homo sapiens OX=9606 GN=ABR PE=1 SV=2",-0.582636325416667,12.97208198596,-0.753919502572798,0.454412564635379,0.650649905546735,-5.53675952170181
983,"P11274|BCR_HUMAN","Breakpoint cluster region protein OS=Homo sapiens OX=9606 GN=BCR PE=1 SV=2",-0.75907471614553,10.9393487165639,-0.644331225270183,0.522288344473779,0.69610414568948,-5.60711308987692
984,"O60711|LPXN_HUMAN","Leupaxin OS=Homo sapiens OX=9606 GN=LPXN PE=1 SV=1",-0.812276342026063,15.0790734240472,-1.34507940993525,0.184633097860486,0.453398808503632,-4.97543210531778
985,"Q9Y277|VDAC3_HUMAN","Voltage-dependent anion-selective channel protein 3 OS=Homo sapiens OX=9606 GN=VDAC3 PE=1 SV=1",-1.34559694891528,13.5691989207021,-1.90268228741534,0.0628141835518553,0.370211424743563,-4.1818976673597
986,"P50454|SERPH_HUMAN","Serpin H1 OS=Homo sapiens OX=9606 GN=SERPINH1 PE=1 SV=2",1.52568918211675,13.4247356657201,1.48648619432057,0.153281739353405,0.426475743795294,-4.80275682844594
988,"Q02878|RL6_HUMAN","60S ribosomal protein L6 OS=Homo sapiens OX=9606 GN=RPL6 PE=1 SV=3",-0.410038014748682,16.0186591021046,-0.7007740866362,0.486673301753833,0.670275229663149,-5.57222616501403
990,"P22392|NDKB_HUMAN","Nucleoside diphosphate kinase B OS=Homo sapiens OX=9606 GN=NME2 PE=1 SV=1",-0.435569099103738,14.5155523986741,-0.585799743991002,0.561575621433312,0.723457318440679,-5.63934309563132
991,"P15586|GNS_HUMAN","N-acetylglucosamine-6-sulfatase OS=Homo sapiens OX=9606 GN=GNS PE=1 SV=3",-0.275103254804591,15.046466372515,-0.423936501127034,0.673419709115742,0.799013412441185,-5.71566429215745
992,"P46060|RAGP1_HUMAN","Ran GTPase-activating protein 1 OS=Homo sapiens OX=9606 GN=RANGAP1 PE=1 SV=1",-0.721900031300505,13.3855681540236,-1.00790426411058,0.318324657129321,0.54687845961547,-5.33262526176614
993,"P13797|PLST_HUMAN","Plastin-3 OS=Homo sapiens OX=9606 GN=PLS3 PE=1 SV=4",0.524329902914742,9.2880073199955,0.261654681171879,0.794961682828006,0.886790978487496,-5.76698235063232
994,"Q9UPY3|DICER_HUMAN","Endoribonuclease Dicer OS=Homo sapiens OX=9606 GN=DICER1 PE=1 SV=3",-3.28790725318634,10.4024570416014,-2.21985915639164,0.030964205874135,0.329885445628496,-3.62688175985892
995,"Q9BY44|EIF2A_HUMAN","Eukaryotic translation initiation factor 2A OS=Homo sapiens OX=9606 GN=EIF2A PE=1 SV=3",-1.69618621216182,13.7658920247277,-2.43866220910661,0.0183137052818067,0.292499164066587,-3.20414234130884
996,"#CONTAM#CAS1_BOVIN|",">sp|CAS1_BOVIN|",4.15500739150422,8.82391624142038,2.32247880106938,0.0242929904608502,0.31600086074823,-3.43250509856822
997,"Q9HB40|RISC_HUMAN","Retinoid-inducible serine carboxypeptidase OS=Homo sapiens OX=9606 GN=SCPEP1 PE=1 SV=1",-0.87046225068347,16.3128411393769,-1.46835609765837,0.148233880869142,0.423090341221601,-4.82114295860002
998,"P49189|AL9A1_HUMAN","4-trimethylaminobutyraldehyde dehydrogenase OS=Homo sapiens OX=9606 GN=ALDH9A1 PE=1 SV=3",-0.642252883224621,14.1343936206658,-0.968693232394499,0.337333333775186,0.565768951935251,-5.36784256739744
999,"Q12874|SF3A3_HUMAN","Splicing factor 3A subunit 3 OS=Homo sapiens OX=9606 GN=SF3A3 PE=1 SV=1",-0.463744302893023,13.8191577426696,-0.693642508518281,0.491097453181907,0.673402333923742,-5.5767924988363
1000,"Q7Z6I6|RHG30_HUMAN","Rho GTPase-activating protein 30 OS=Homo sapiens OX=9606 GN=ARHGAP30 PE=1 SV=3",-1.21971760068846,11.2065305684768,-1.05028124471955,0.298608967835589,0.534542321058971,-5.29306280719377
1001,"Q92973|TNPO1_HUMAN","Transportin-1 OS=Homo sapiens OX=9606 GN=TNPO1 PE=1 SV=2",-0.875809723646922,13.5740831173713,-1.22445286682709,0.226485477234481,0.481678846833288,-5.11426904995333
1002,"P29466|CASP1_HUMAN","Caspase-1 OS=Homo sapiens OX=9606 GN=CASP1 PE=1 SV=1",-2.12271645223109,12.366602708791,-1.25848554880727,0.232633541003183,0.485557760931822,-5.06969873677302
1002,"Q5EG05|CAR16_HUMAN","Caspase recruitment domain-containing protein 16 OS=Homo sapiens OX=9606 GN=CARD16 PE=1 SV=1",-0.535932225333603,10.1802904356544,-0.341200510607512,0.734373885034845,0.843452886092021,-5.74494532090037
1003,"Q8N6H7|ARFG2_HUMAN","ADP-ribosylation factor GTPase-activating protein 2 OS=Homo sapiens OX=9606 GN=ARFGAP2 PE=1 SV=1",-0.525810685657536,12.9189586964867,-0.710231955997818,0.480840388462597,0.667627193136172,-5.56609979755763
1004,"P25787|PSA2_HUMAN","Proteasome subunit alpha type-2 OS=Homo sapiens OX=9606 GN=PSMA2 PE=1 SV=2",-0.894567325267369,15.2190510111073,-1.45360570221715,0.152266958792361,0.425255728220961,-4.84025541931843
1005,"Q567U6|CCD93_HUMAN","Coiled-coil domain-containing protein 93 OS=Homo sapiens OX=9606 GN=CCDC93 PE=1 SV=2",-1.30760815961896,13.0277887170202,-1.77189478314889,0.0824694110809234,0.375605864510613,-4.38960753863207
1005,"Q8NB25|F184A_HUMAN","Protein FAM184A OS=Homo sapiens OX=9606 GN=FAM184A PE=1 SV=3",-1.7095868350358,6.67718950160465,-0.770587078733771,0.444724867993251,0.641447872715971,-5.52494676559238
1006,"P61221|ABCE1_HUMAN","ATP-binding cassette sub-family E member 1 OS=Homo sapiens OX=9606 GN=ABCE1 PE=1 SV=1",-0.730477954835335,11.7712564250516,-0.772804874878407,0.44325435949209,0.640851469060904,-5.5235473434162
1007,"P53367|ARFP1_HUMAN","Arfaptin-1 OS=Homo sapiens OX=9606 GN=ARFIP1 PE=1 SV=2",-0.769996090980182,13.197248417032,-1.01319927146443,0.315814211701589,0.545393668724436,-5.32776704318644
1008,"O60826|CCD22_HUMAN","Coiled-coil domain-containing protein 22 OS=Homo sapiens OX=9606 GN=CCDC22 PE=1 SV=1",-0.12322627199169,12.8864887307661,-0.165786809619485,0.868989313044943,0.930566129111031,-5.78614826758479
1009,"P61204|ARF3_HUMAN","ADP-ribosylation factor 3 OS=Homo sapiens OX=9606 GN=ARF3 PE=1 SV=2",-1.58955869712645,16.594217589236,-1.9167047943225,0.0703248440742227,0.374885133083069,-4.20329461577978
1009,"P84077|ARF1_HUMAN","ADP-ribosylation factor 1 OS=Homo sapiens OX=9606 GN=ARF1 PE=1 SV=2",-1.58955869712645,16.594217589236,-1.9167047943225,0.0703248440742227,0.374885133083069,-4.20329461577978
1010,"Q15276|RABE1_HUMAN","Rab GTPase-binding effector protein 1 OS=Homo sapiens OX=9606 GN=RABEP1 PE=1 SV=2",-1.23503227167864,12.5352986590402,-1.48266012939247,0.14440358681278,0.420723281529778,-4.80244120751427
1011,"O14818|PSA7_HUMAN","Proteasome subunit alpha type-7 OS=Homo sapiens OX=9606 GN=PSMA7 PE=1 SV=1",-0.999837793982413,16.4566025711909,-1.72769745570459,0.0901785839725172,0.381157174847528,-4.45689235593773
1011,"Q8TAA3|PSMA8_HUMAN","Proteasome subunit alpha-type 8 OS=Homo sapiens OX=9606 GN=PSMA8 PE=2 SV=3",-1.35441907776923,15.3525815151779,-1.99656359068036,0.0522123075696129,0.363309511713208,-4.03123773130366
1012,"Q92538|GBF1_HUMAN","Golgi-specific brefeldin A-resistance guanine nucleotide exchange factor 1 OS=Homo sapiens OX=9606 GN=GBF1 PE=1 SV=2",-3.85513811294396,10.66002581331,-2.67479272885476,0.0100619931417551,0.269645126307281,-2.71414198687079
1013,"Q13217|DNJC3_HUMAN","DnaJ homolog subfamily C member 3 OS=Homo sapiens OX=9606 GN=DNAJC3 PE=1 SV=1",-0.868052838312863,14.259028775884,-0.903406742870278,0.377576088315495,0.597435787059087,-5.41696140958146
1014,"P05120|PAI2_HUMAN","Plasminogen activator inhibitor 2 OS=Homo sapiens OX=9606 GN=SERPINB2 PE=1 SV=2",-1.12990326327627,13.6809629067782,-1.06327118557348,0.302265583746354,0.537513571096428,-5.27336362443375
1015,"Q6ZNJ1|NBEL2_HUMAN","Neurobeachin-like protein 2 OS=Homo sapiens OX=9606 GN=NBEAL2 PE=1 SV=2",-3.37131091117983,9.9288590771695,-1.97630017712323,0.0536175155989016,0.366768875860716,-4.05943649974606
1016,"P10451|OSTP_HUMAN","Osteopontin OS=Homo sapiens OX=9606 GN=SPP1 PE=1 SV=1",-4.88175718409472,11.1386284427626,-3.39793823153389,0.00183571068304146,0.158937088200598,-1.24408581181355
1017,"O60814|H2B1K_HUMAN","Histone H2B type 1-K OS=Homo sapiens OX=9606 GN=H2BC12 PE=1 SV=3",-0.100495116861715,17.2274676278537,-0.168653049240157,0.866745932222471,0.928856613605917,-5.78570372672979
1017,"P58876|H2B1D_HUMAN","Histone H2B type 1-D OS=Homo sapiens OX=9606 GN=H2BC5 PE=1 SV=2",-0.100495116861715,17.2274676278537,-0.168653049240157,0.866745932222471,0.928856613605917,-5.78570372672979
1017,"Q5QNW6|H2B2F_HUMAN","Histone H2B type 2-F OS=Homo sapiens OX=9606 GN=H2BC18 PE=1 SV=3",-0.100495116861715,17.2274676278537,-0.168653049240157,0.866745932222471,0.928856613605917,-5.78570372672979
1017,"Q99879|H2B1M_HUMAN","Histone H2B type 1-M OS=Homo sapiens OX=9606 GN=H2BC14 PE=1 SV=3",-0.100495116861715,17.2274676278537,-0.168653049240157,0.866745932222471,0.928856613605917,-5.78570372672979
1017,"Q99877|H2B1N_HUMAN","Histone H2B type 1-N OS=Homo sapiens OX=9606 GN=H2BC15 PE=1 SV=3",-0.100495116861715,17.2274676278537,-0.168653049240157,0.866745932222471,0.928856613605917,-5.78570372672979
1017,"P57053|H2BFS_HUMAN","Histone H2B type F-S OS=Homo sapiens OX=9606 GN=H2BS1 PE=1 SV=2",-0.100495116861715,17.2274676278537,-0.168653049240157,0.866745932222471,0.928856613605917,-5.78570372672979
1017,"P62807|H2B1C_HUMAN","Histone H2B type 1-C/E/F/G/I OS=Homo sapiens OX=9606 GN=H2BC4 PE=1 SV=4",-0.100495116861715,17.2274676278537,-0.168653049240157,0.866745932222471,0.928856613605917,-5.78570372672979
1017,"Q93079|H2B1H_HUMAN","Histone H2B type 1-H OS=Homo sapiens OX=9606 GN=H2BC9 PE=1 SV=3",-0.100495116861715,17.2274676278537,-0.168653049240157,0.866745932222471,0.928856613605917,-5.78570372672979
1017,"Q99880|H2B1L_HUMAN","Histone H2B type 1-L OS=Homo sapiens OX=9606 GN=H2BC13 PE=1 SV=3",-0.100495116861715,17.2274676278537,-0.168653049240157,0.866745932222471,0.928856613605917,-5.78570372672979
1018,"Q9NXW2|DJB12_HUMAN","DnaJ homolog subfamily B member 12 OS=Homo sapiens OX=9606 GN=DNAJB12 PE=1 SV=5",-1.41134185705782,11.3640364380052,-1.32372634988425,0.191578889222556,0.457965239928968,-5.00089042560187
1019,"P24844|MYL9_HUMAN","Myosin regulatory light polypeptide 9 OS=Homo sapiens OX=9606 GN=MYL9 PE=1 SV=4",-2.11936660157567,7.93042901603762,-0.950341490337276,0.347697049213023,0.57549456565423,-5.38276811022742
1020,"Q9BZH6|WDR11_HUMAN","WD repeat-containing protein 11 OS=Homo sapiens OX=9606 GN=WDR11 PE=1 SV=1",-1.52802819802634,12.7286572988662,-2.02200977303914,0.0485102286553268,0.355864932063967,-3.98143147379317
1021,"P22234|PUR6_HUMAN","Multifunctional protein ADE2 OS=Homo sapiens OX=9606 GN=PAICS PE=1 SV=3",-2.26953867825249,13.2584330059275,-2.99106412910164,0.00429705050016417,0.196887196853267,-2.00747266836343
1022,"P42768|WASP_HUMAN","Wiskott-Aldrich syndrome protein OS=Homo sapiens OX=9606 GN=WAS PE=1 SV=4",-0.60069734128931,13.77697424708,-0.877389370705028,0.384446818373429,0.601924766802418,-5.44463333316759
1023,"Q8IY81|SPB1_HUMAN","pre-rRNA 2'-O-ribose RNA methyltransferase FTSJ3 OS=Homo sapiens OX=9606 GN=FTSJ3 PE=1 SV=2",-1.82809652933268,10.191782427946,-1.18123389504965,0.243065021957,0.489654373044339,-5.16104410553114
1024,"P55209|NP1L1_HUMAN","Nucleosome assembly protein 1-like 1 OS=Homo sapiens OX=9606 GN=NAP1L1 PE=1 SV=1",-0.858468579277533,15.9820485244197,-1.47564143126435,0.146273159846531,0.421420367594079,-4.81163837614156
1025,"Q96JB5|CK5P3_HUMAN","CDK5 regulatory subunit-associated protein 3 OS=Homo sapiens OX=9606 GN=CDK5RAP3 PE=1 SV=2",-0.491138849170346,13.9902448038264,-0.740666300091118,0.462339523582356,0.655991065155828,-5.54584099758566
1027,"O94826|TOM70_HUMAN","Mitochondrial import receptor subunit TOM70 OS=Homo sapiens OX=9606 GN=TOMM70 PE=1 SV=1",-1.59441727020214,13.1311891147692,-2.15175930540645,0.0362412241207988,0.338634890255269,-3.75196994426296
1028,"P30044|PRDX5_HUMAN","Peroxiredoxin-5, mitochondrial OS=Homo sapiens OX=9606 GN=PRDX5 PE=1 SV=4",-0.181317445313475,16.4102783998038,-0.317755655888985,0.751985731049352,0.855694199109526,-5.75209730255206
1029,"P42679|MATK_HUMAN","Megakaryocyte-associated tyrosine-protein kinase OS=Homo sapiens OX=9606 GN=MATK PE=1 SV=1",-2.50300539776417,11.483555544622,-2.29662359452705,0.0258404217045252,0.31600086074823,-3.48213555149397
1030,"Q13185|CBX3_HUMAN","Chromobox protein homolog 3 OS=Homo sapiens OX=9606 GN=CBX3 PE=1 SV=4",0.161055607041675,14.2371918036634,0.246574036071619,0.806241462042417,0.893128080508408,-5.77070464657593
1031,"Q9BZL4|PP12C_HUMAN","Protein phosphatase 1 regulatory subunit 12C OS=Homo sapiens OX=9606 GN=PPP1R12C PE=1 SV=1",-1.69583368970524,10.13623325412,-1.08278329939687,0.284068166646161,0.521073932600093,-5.26166774504374
1032,"Q14005|IL16_HUMAN","Pro-interleukin-16 OS=Homo sapiens OX=9606 GN=IL16 PE=1 SV=4",-0.841703968250139,13.6110465703208,-1.19001238935826,0.239628176096143,0.487715274924449,-5.15167110424061
1033,"Q99623|PHB2_HUMAN","Prohibitin-2 OS=Homo sapiens OX=9606 GN=PHB2 PE=1 SV=2",-0.249099077159116,15.6485910749138,-0.420902980802432,0.675618989380512,0.80109306856914,-5.7168489384881
1034,"Q9NZM3|ITSN2_HUMAN","Intersectin-2 OS=Homo sapiens OX=9606 GN=ITSN2 PE=1 SV=3",-2.0942560935789,11.2468997612269,-1.45605358579939,0.156164421503472,0.430326400137847,-4.83895720549386
1035,"Q9UQB8|BAIP2_HUMAN","Brain-specific angiogenesis inhibitor 1-associated protein 2 OS=Homo sapiens OX=9606 GN=BAIAP2 PE=1 SV=1",-1.89246698276982,12.7522269448805,-2.40144145519983,0.0200665772288565,0.29753639723681,-3.27824233021001
1036,"Q01432|AMPD3_HUMAN","AMP deaminase 3 OS=Homo sapiens OX=9606 GN=AMPD3 PE=1 SV=1",-1.27550690549673,13.6781365587738,-1.74407784220369,0.0872544272953818,0.377971753709499,-4.43212868178593
1036,"P23109|AMPD1_HUMAN","AMP deaminase 1 OS=Homo sapiens OX=9606 GN=AMPD1 PE=1 SV=2",-3.04305696546273,6.65576302138796,-1.46934013700329,0.147967841971478,0.422611071201031,-4.81986166251593
1037,"Q15008|PSMD6_HUMAN","26S proteasome non-ATPase regulatory subunit 6 OS=Homo sapiens OX=9606 GN=PSMD6 PE=1 SV=1",-1.41202850615291,13.8728121503982,-2.05888441430889,0.0447021309543826,0.353406926961911,-3.91741931971131
1038,"Q96M96|FGD4_HUMAN","FYVE, RhoGEF and PH domain-containing protein 4 OS=Homo sapiens OX=9606 GN=FGD4 PE=1 SV=2",-5.01995329093649,10.1667271143025,-3.15268010212466,0.00272682899313563,0.172232339720537,-1.62599132859371
1039,"P46087|NOP2_HUMAN","Probable 28S rRNA (cytosine(4447)-C(5))-methyltransferase OS=Homo sapiens OX=9606 GN=NOP2 PE=1 SV=2",-0.211768707451686,12.7636381760273,-0.282870914088495,0.778436682987146,0.874881966304104,-5.76180091322445
1040,"Q9BXP5|SRRT_HUMAN","Serrate RNA effector molecule homolog OS=Homo sapiens OX=9606 GN=SRRT PE=1 SV=1",-0.872094227863689,13.5531610413542,-1.22544241696944,0.226115842249166,0.481642399884847,-5.11317962209919
1041,"P13929|ENOB_HUMAN","Beta-enolase OS=Homo sapiens OX=9606 GN=ENO3 PE=1 SV=5",0.191726334250777,6.66784786104087,0.0884425938446391,0.929876109997254,0.964822068358992,-5.79526904339018
1042,"O00148|DX39A_HUMAN","ATP-dependent RNA helicase DDX39A OS=Homo sapiens OX=9606 GN=DDX39A PE=1 SV=2",-1.88918392702953,12.2155175615691,-2.08593020431906,0.0420767324168451,0.348345476869979,-3.86985985279326
1043,"Q14344|GNA13_HUMAN","Guanine nucleotide-binding protein subunit alpha-13 OS=Homo sapiens OX=9606 GN=GNA13 PE=1 SV=2",-1.31606550479883,12.9943699066096,-1.74788258376198,0.0865866177939117,0.377971753709499,-4.4263474420127
1044,"P35610|SOAT1_HUMAN","Sterol O-acyltransferase 1 OS=Homo sapiens OX=9606 GN=SOAT1 PE=1 SV=3",-1.42690699187662,13.8120854300813,-1.58730660390156,0.12532673900067,0.407261051876768,-4.66841266481604
1045,"Q96C19|EFHD2_HUMAN","EF-hand domain-containing protein D2 OS=Homo sapiens OX=9606 GN=EFHD2 PE=1 SV=1",-0.591500344998181,16.8775154141882,-1.08224588878661,0.284304510583678,0.521285452142997,-5.26219424984693
1045,"Q9BUP0|EFHD1_HUMAN","EF-hand domain-containing protein D1 OS=Homo sapiens OX=9606 GN=EFHD1 PE=1 SV=1",-0.684375080824205,14.8520480256215,-1.12401867559898,0.26634099010992,0.50713114253025,-5.22052991258625
1046,"Q15369|ELOC_HUMAN","Elongin-C OS=Homo sapiens OX=9606 GN=ELOC PE=1 SV=1",-0.870033243264729,14.1423954262363,-1.27797362777089,0.207125217597218,0.467750732028288,-5.05416619453059
1047,"P06280|AGAL_HUMAN","Alpha-galactosidase A OS=Homo sapiens OX=9606 GN=GLA PE=1 SV=1",-0.471570198848061,15.7550495685159,-0.806198961032638,0.423923518046655,0.627577835583832,-5.49940600180902
1048,"P62805|H4_HUMAN","Histone H4 OS=Homo sapiens OX=9606 GN=H4C1 PE=1 SV=2",-1.16323837508605,18.4214408471426,-2.14582863948584,0.0367361759727271,0.340997219643395,-3.76271368716295
1049,"Q9NUJ1|ABHDA_HUMAN","Mycophenolic acid acyl-glucuronide esterase, mitochondrial OS=Homo sapiens OX=9606 GN=ABHD10 PE=1 SV=1",-1.44822792932684,14.0786815920982,-2.22040693680618,0.0309246672740941,0.329885445628496,-3.62586282870707
1050,"Q8WWP7|GIMA1_HUMAN","GTPase IMAP family member 1 OS=Homo sapiens OX=9606 GN=GIMAP1 PE=1 SV=1",0.708487017521691,11.4924634959865,0.64741978257645,0.52030438324082,0.695299714122933,-5.60527837924054
1051,"P04839|CY24B_HUMAN","Cytochrome b-245 heavy chain OS=Homo sapiens OX=9606 GN=CYBB PE=1 SV=2",0.252436096257625,13.3226245050205,0.349520540934975,0.728157730834714,0.839222731256385,-5.74228551232527
1052,"P43034|LIS1_HUMAN","Platelet-activating factor acetylhydrolase IB subunit alpha OS=Homo sapiens OX=9606 GN=PAFAH1B1 PE=1 SV=2",0.0176832091316719,14.4129666549663,0.0220213780601072,0.98258146207356,0.989242252723427,-5.79867017402124
1053,"Q96JH7|VCIP1_HUMAN","Deubiquitinating protein VCIP135 OS=Homo sapiens OX=9606 GN=VCPIP1 PE=1 SV=2",-0.649024423827573,11.4013868847864,-0.602260704517425,0.549706136657666,0.714634570052692,-5.63124540376065
1054,"P13995|MTDC_HUMAN","Bifunctional methylenetetrahydrofolate dehydrogenase/cyclohydrolase, mitochondrial OS=Homo sapiens OX=9606 GN=MTHFD2 PE=1 SV=2",-0.818604559779683,13.788729066054,-1.22493381317024,0.22630576988075,0.481678846833288,-5.11373966348755
1055,"Q9HBL0|TENS1_HUMAN","Tensin-1 OS=Homo sapiens OX=9606 GN=TNS1 PE=1 SV=2",-1.09539934987682,10.8372500605757,-0.783789888328048,0.436838845754681,0.636473408901708,-5.51571574210516
1056,"Q7Z5R6|AB1IP_HUMAN","Amyloid beta A4 precursor protein-binding family B member 1-interacting protein OS=Homo sapiens OX=9606 GN=APBB1IP PE=1 SV=1",-1.53194898862589,13.2029853821482,-1.94382766955612,0.0575828375280822,0.366877634960725,-4.11429308910279
1057,"O00560|SDCB1_HUMAN","Syntenin-1 OS=Homo sapiens OX=9606 GN=SDCBP PE=1 SV=1",-0.0254997370274364,15.0915064645367,-0.043548741507759,0.965436536131799,0.980174056256604,-5.79801839854396
1058,"P54578|UBP14_HUMAN","Ubiquitin carboxyl-terminal hydrolase 14 OS=Homo sapiens OX=9606 GN=USP14 PE=1 SV=3",-1.86119173697041,13.6829287126351,-2.27776902259693,0.029224289692279,0.326488217338006,-3.55360787079791
1059,"O60333|KIF1B_HUMAN","Kinesin-like protein KIF1B OS=Homo sapiens OX=9606 GN=KIF1B PE=1 SV=5",-2.67947222388821,11.0622087149615,-2.03239513115198,0.0474103096019329,0.354698763841406,-3.9635005878373
1060,"Q9Y394|DHRS7_HUMAN","Dehydrogenase/reductase SDR family member 7 OS=Homo sapiens OX=9606 GN=DHRS7 PE=1 SV=1",-0.924666913307032,14.9251696130365,-1.52137936888694,0.134426910658296,0.413207622515545,-4.75099326940968
1061,"P68400|CSK21_HUMAN","Casein kinase II subunit alpha OS=Homo sapiens OX=9606 GN=CSNK2A1 PE=1 SV=1",-2.40235469145673,12.2115863335664,-1.58955049374203,0.134033690505029,0.413207622515545,-4.6751788549974
1061,"Q8NEV1|CSK23_HUMAN","Casein kinase II subunit alpha 3 OS=Homo sapiens OX=9606 GN=CSNK2A3 PE=1 SV=2",-2.32850179154294,11.5573130405358,-1.84941957372054,0.0733713180784447,0.375605864510613,-4.28026102739229
1062,"P10606|COX5B_HUMAN","Cytochrome c oxidase subunit 5B, mitochondrial OS=Homo sapiens OX=9606 GN=COX5B PE=1 SV=2",-0.387711347623853,16.6533242980739,-0.703490131171939,0.484994225514893,0.669542468373762,-5.57047506472962
1063,"Q92597|NDRG1_HUMAN","Protein NDRG1 OS=Homo sapiens OX=9606 GN=NDRG1 PE=1 SV=1",-1.31267039494751,13.2949597885531,-1.79699841129776,0.0783411576168915,0.375605864510613,-4.35073112846868
1064,"P24557|THAS_HUMAN","Thromboxane-A synthase OS=Homo sapiens OX=9606 GN=TBXAS1 PE=1 SV=3",-0.277432064181641,12.8458332323583,-0.355988110601144,0.723338274436563,0.836207288148346,-5.74017388228556
1065,"P46926|GNPI1_HUMAN","Glucosamine-6-phosphate isomerase 1 OS=Homo sapiens OX=9606 GN=GNPDA1 PE=1 SV=1",-1.46681718454735,12.6528511689719,-1.61584660445454,0.114172046210445,0.394932135154396,-4.6230255124768
1066,"P60900|PSA6_HUMAN","Proteasome subunit alpha type-6 OS=Homo sapiens OX=9606 GN=PSMA6 PE=1 SV=1",-0.85603463115692,15.2156115885929,-1.43034898667815,0.158799975407316,0.432880692455259,-4.87003197260429
1067,"Q7L5N7|PCAT2_HUMAN","Lysophosphatidylcholine acyltransferase 2 OS=Homo sapiens OX=9606 GN=LPCAT2 PE=1 SV=1",-1.20972304115332,13.2750473671718,-1.67745380342845,0.0996582082371817,0.387024448867313,-4.53156730430778
1068,"Q8TAT6|NPL4_HUMAN","Nuclear protein localization protein 4 homolog OS=Homo sapiens OX=9606 GN=NPLOC4 PE=1 SV=3",-0.691768906795922,14.1068659685561,-1.02576620438508,0.309909766263102,0.543256558117697,-5.31613935621862
1069,"P08240|SRPRA_HUMAN","Signal recognition particle receptor subunit alpha OS=Homo sapiens OX=9606 GN=SRPRA PE=1 SV=2",-1.91790904116895,13.0311961868221,-1.92584353106853,0.0663850660165653,0.373504631469922,-4.1769647832553
1070,"P27105|STOM_HUMAN","Stomatin OS=Homo sapiens OX=9606 GN=STOM PE=1 SV=3",-0.212113825782273,13.9190296751092,-0.321182051781303,0.749403238071223,0.853883530786443,-5.75108366975574
1071,"O00170|AIP_HUMAN","AH receptor-interacting protein OS=Homo sapiens OX=9606 GN=AIP PE=1 SV=2",-0.560423577387144,13.4931106826886,-0.810974714512258,0.421201066383908,0.626204001696752,-5.49587233176626
1072,"Q6P2E9|EDC4_HUMAN","Enhancer of mRNA-decapping protein 4 OS=Homo sapiens OX=9606 GN=EDC4 PE=1 SV=1",-0.811979679891691,12.7606081283117,-0.913925295318428,0.36633919041888,0.587994664907536,-5.41364150817481
1073,"Q01105|SET_HUMAN","Protein SET OS=Homo sapiens OX=9606 GN=SET PE=1 SV=3",-0.299327628130724,16.0884729633234,-0.509846955548659,0.612388639010548,0.757483592251128,-5.67861569696959
1073,"P0DME0|SETLP_HUMAN","Protein SETSIP OS=Homo sapiens OX=9606 GN=SETSIP PE=1 SV=1",-0.45618623706417,15.8590569793636,-0.793754556535856,0.431067163612947,0.632482894615447,-5.50851849953246
1075,"P98171|RHG04_HUMAN","Rho GTPase-activating protein 4 OS=Homo sapiens OX=9606 GN=ARHGAP4 PE=1 SV=2",0.000738229079752628,12.1681585282452,0.000854454103585786,0.99932162424323,0.99932162424323,-5.79889806766539
1076,"O94905|ERLN2_HUMAN","Erlin-2 OS=Homo sapiens OX=9606 GN=ERLIN2 PE=1 SV=1",-0.53246030427772,14.4281233310054,-0.849973786359078,0.39936750065694,0.611256512199516,-5.46625806901362
1077,"O43684|BUB3_HUMAN","Mitotic checkpoint protein BUB3 OS=Homo sapiens OX=9606 GN=BUB3 PE=1 SV=1",0.170171921444389,14.1904845444268,0.239979821582446,0.811321238284412,0.897600969250183,-5.77219154551871
1078,"P43405|KSYK_HUMAN","Tyrosine-protein kinase SYK OS=Homo sapiens OX=9606 GN=SYK PE=1 SV=1",-0.469894750355445,13.2304004871595,-0.56675364364978,0.574140631661949,0.730523988350964,-5.64966455508619
1079,"O75390|CISY_HUMAN","Citrate synthase, mitochondrial OS=Homo sapiens OX=9606 GN=CS PE=1 SV=2",-0.89830241414942,15.5329686671743,-1.45934648998854,0.150687191612476,0.423664741436004,-4.83283783141815
1080,"P18859|ATP5J_HUMAN","ATP synthase-coupling factor 6, mitochondrial OS=Homo sapiens OX=9606 GN=ATP5PF PE=1 SV=1",-0.964381783570825,14.9710887604896,-1.4627492579204,0.149756899285152,0.423261066143431,-4.82842859028194
1081,"Q07666|KHDR1_HUMAN","KH domain-containing, RNA-binding, signal transduction-associated protein 1 OS=Homo sapiens OX=9606 GN=KHDRBS1 PE=1 SV=1",-0.373538972456602,15.3421608827178,-0.626659929447517,0.533716192942148,0.704479204107211,-5.61744468966366
1081,"O75525|KHDR3_HUMAN","KH domain-containing, RNA-binding, signal transduction-associated protein 3 OS=Homo sapiens OX=9606 GN=KHDRBS3 PE=1 SV=1",-0.264973930016952,13.6511093034584,-0.397631927908606,0.692584066780733,0.812106597825385,-5.72565582141204
1081,"Q5VWX1|KHDR2_HUMAN","KH domain-containing, RNA-binding, signal transduction-associated protein 2 OS=Homo sapiens OX=9606 GN=KHDRBS2 PE=1 SV=1",-0.264973930016952,13.6511093034584,-0.397631927908606,0.692584066780733,0.812106597825385,-5.72565582141204
1082,"Q9BPW9|DHRS9_HUMAN","Dehydrogenase/reductase SDR family member 9 OS=Homo sapiens OX=9606 GN=DHRS9 PE=1 SV=1",-1.92964206100448,14.1454369890308,-2.90263060224229,0.00548049033280379,0.214586107848963,-2.21055412170412
1083,"P05141|ADT2_HUMAN","ADP/ATP translocase 2 OS=Homo sapiens OX=9606 GN=SLC25A5 PE=1 SV=7",-0.792754872338808,15.9928783053362,-1.41692218524896,0.162670006267228,0.435365136457156,-4.88702287778665
1084,"P15374|UCHL3_HUMAN","Ubiquitin carboxyl-terminal hydrolase isozyme L3 OS=Homo sapiens OX=9606 GN=UCHL3 PE=1 SV=1",-0.761839012853695,15.0330527820997,-1.29859267484057,0.200006023273823,0.464731305655111,-5.03037226220487
1085,"Q9HC38|GLOD4_HUMAN","Glyoxalase domain-containing protein 4 OS=Homo sapiens OX=9606 GN=GLOD4 PE=1 SV=1",-0.581331105726237,14.8585265130171,-0.937086803011646,0.353191758402193,0.580691990810602,-5.3952529399099
1086,"Q14141|SEPT6_HUMAN","Septin-6 OS=Homo sapiens OX=9606 GN=SEPTIN6 PE=1 SV=4",-1.10204917330087,13.5815030872036,-1.52418999952109,0.133724608748565,0.413207622515545,-4.74721194788234
1087,"P21757|MSRE_HUMAN","Macrophage scavenger receptor types I and II OS=Homo sapiens OX=9606 GN=MSR1 PE=1 SV=1",-1.17738811539995,11.3190726724258,-0.826028965222874,0.415792569710988,0.623065987298432,-5.48154614904741
1088,"Q13573|SNW1_HUMAN","SNW domain-containing protein 1 OS=Homo sapiens OX=9606 GN=SNW1 PE=1 SV=1",-0.130327937617587,12.0294267421568,-0.147811883991102,0.88308217927936,0.939119739791655,-5.7887625561523
1089,"O14828|SCAM3_HUMAN","Secretory carrier-associated membrane protein 3 OS=Homo sapiens OX=9606 GN=SCAMP3 PE=1 SV=3",-0.502973695122096,14.1848959201805,-0.707142402266343,0.48274147208671,0.668890490565271,-5.56810990545829
1090,"Q9NR30|DDX21_HUMAN","Nucleolar RNA helicase 2 OS=Homo sapiens OX=9606 GN=DDX21 PE=1 SV=5",-0.0834722851136895,12.9551083295365,-0.110615728008993,0.912361272214402,0.95446684465082,-5.79322138586187
1090,"Q9BQ39|DDX50_HUMAN","ATP-dependent RNA helicase DDX50 OS=Homo sapiens OX=9606 GN=DDX50 PE=1 SV=1",-0.207048328349833,12.0739618055246,-0.241301438347513,0.810302482755877,0.896704212032262,-5.77189676142492
1091,"P61769|B2MG_HUMAN","Beta-2-microglobulin OS=Homo sapiens OX=9606 GN=B2M PE=1 SV=1",-0.477046183520185,16.2156654730029,-0.818159464524004,0.417125313511933,0.623558716670251,-5.49051799582378
1091,"#CONTAM#B2MG_HUMAN|",">sp|B2MG_HUMAN|",-0.477046183520185,16.2156654730029,-0.818159464524004,0.417125313511933,0.623558716670251,-5.49051799582378
1092,"Q9Y2D5|AKAP2_HUMAN","A-kinase anchor protein 2 OS=Homo sapiens OX=9606 GN=AKAP2 PE=1 SV=3",-3.71370869672878,6.98357635390233,-1.73356500770333,0.0891219289949264,0.379156265527792,-4.44804540049103
1093,"P39687|AN32A_HUMAN","Acidic leucine-rich nuclear phosphoprotein 32 family member A OS=Homo sapiens OX=9606 GN=ANP32A PE=1 SV=1",-3.35332650486907,12.0356749071974,-1.49752988104601,0.163585513738534,0.436140739044401,-4.79531169787202
1095,"Q9Y6E0|STK24_HUMAN","Serine/threonine-protein kinase 24 OS=Homo sapiens OX=9606 GN=STK24 PE=1 SV=1",-0.827734036442976,12.4453652644674,-1.01461280208507,0.315146305367299,0.545393668724436,-5.32646599861617
1096,"O14976|GAK_HUMAN","Cyclin-G-associated kinase OS=Homo sapiens OX=9606 GN=GAK PE=1 SV=2",-4.19219954023053,10.40101033153,-2.65817733748604,0.010535306113225,0.271939923252938,-2.75127936142047
1097,"O60264|SMCA5_HUMAN","SWI/SNF-related matrix-associated actin-dependent regulator of chromatin subfamily A member 5 OS=Homo sapiens OX=9606 GN=SMARCA5 PE=1 SV=1",-1.51189773118177,11.7085668329307,-1.03704031844363,0.312418227820258,0.544701328738046,-5.2993963002916
1097,"P28370|SMCA1_HUMAN","Probable global transcription activator SNF2L1 OS=Homo sapiens OX=9606 GN=SMARCA1 PE=1 SV=2",-1.53795464053577,9.68134049307646,-0.945392253098723,0.348978188281007,0.576101593302529,-5.38813480062281
1098,"Q6PGP7|TTC37_HUMAN","Tetratricopeptide repeat protein 37 OS=Homo sapiens OX=9606 GN=TTC37 PE=1 SV=1",-3.48082586060976,9.87102641700046,-2.0434074940369,0.0462676426197817,0.354698763841406,-3.94440354138601
1099,"P20618|PSB1_HUMAN","Proteasome subunit beta type-1 OS=Homo sapiens OX=9606 GN=PSMB1 PE=1 SV=2",-0.860703657210717,15.4192815974347,-1.43429935721156,0.157675123811833,0.43172711904486,-4.86500508126748
1100,"Q92835|SHIP1_HUMAN","Phosphatidylinositol 3,4,5-trisphosphate 5-phosphatase 1 OS=Homo sapiens OX=9606 GN=INPP5D PE=1 SV=2",-1.7262075507305,11.4095329136009,-1.30619484765291,0.200699471906517,0.464774425128055,-5.02085521131657
1101,"P52948|NUP98_HUMAN","Nuclear pore complex protein Nup98-Nup96 OS=Homo sapiens OX=9606 GN=NUP98 PE=1 SV=4",-1.4196268063847,12.5580938801293,-1.6486637052335,0.105449553722685,0.387142333108459,-4.57347864624027
1102,"P49756|RBM25_HUMAN","RNA-binding protein 25 OS=Homo sapiens OX=9606 GN=RBM25 PE=1 SV=3",-2.51328398599169,10.206049080317,-1.46391857735728,0.150828105627012,0.423664741436004,-4.82755010761384
1103,"Q9H270|VPS11_HUMAN","Vacuolar protein sorting-associated protein 11 homolog OS=Homo sapiens OX=9606 GN=VPS11 PE=1 SV=1",-1.06916589151738,11.6145015208135,-1.0460854350456,0.300522767623744,0.535763890272252,-5.29704928855569
1104,"P37235|HPCL1_HUMAN","Hippocalcin-like protein 1 OS=Homo sapiens OX=9606 GN=HPCAL1 PE=1 SV=3",-4.58728881598742,11.5935861143213,-2.63231052202316,0.0189275707187275,0.295105535928087,-3.08910320666394
1104,"P84074|HPCA_HUMAN","Neuron-specific calcium-binding protein hippocalcin OS=Homo sapiens OX=9606 GN=HPCA PE=1 SV=2",-4.49422882012927,11.416066349898,-2.78783978104252,0.0116995043287428,0.279943139688307,-2.7298751603875
1105,"P55008|AIF1_HUMAN","Allograft inflammatory factor 1 OS=Homo sapiens OX=9606 GN=AIF1 PE=1 SV=1",-0.503849054743196,16.1033890362862,-0.859346351326697,0.394226640728483,0.609670840579968,-5.45893999194487
1106,"Q9Y5B9|SP16H_HUMAN","FACT complex subunit SPT16 OS=Homo sapiens OX=9606 GN=SUPT16H PE=1 SV=1",-0.559015680340188,13.6576064015847,-0.799860595620839,0.427553074587266,0.62913259045007,-5.50406453941627
1107,"P23469|PTPRE_HUMAN","Receptor-type tyrosine-protein phosphatase epsilon OS=Homo sapiens OX=9606 GN=PTPRE PE=1 SV=1",-1.02544100537116,12.6555984770671,-1.21402685732142,0.230407001739446,0.485255527168959,-5.12569725369837
1108,"P22033|MUTA_HUMAN","Methylmalonyl-CoA mutase, mitochondrial OS=Homo sapiens OX=9606 GN=MMUT PE=1 SV=4",-0.942424870864732,13.1858171425257,-1.29878734191075,0.19993969800205,0.464731305655111,-5.03014593363022
1109,"P50453|SPB9_HUMAN","Serpin B9 OS=Homo sapiens OX=9606 GN=SERPINB9 PE=1 SV=1",-0.896933827723339,13.5269935429905,-1.24917078528141,0.217384787651525,0.475267147418842,-5.08680972364383
1110,"O43914|TYOBP_HUMAN","TYRO protein tyrosine kinase-binding protein OS=Homo sapiens OX=9606 GN=TYROBP PE=1 SV=1",0.0917379328575052,14.6342614966889,0.142019424900473,0.887631998076998,0.941169624745846,-5.7895412286966
1111,"P24539|AT5F1_HUMAN","ATP synthase F(0) complex subunit B1, mitochondrial OS=Homo sapiens OX=9606 GN=ATP5PB PE=1 SV=2",-0.574764993802633,15.5493855410999,-0.954580539423268,0.344355208028731,0.572861290451813,-5.38018965524237
1112,"Q9Y5M8|SRPRB_HUMAN","Signal recognition particle receptor subunit beta OS=Homo sapiens OX=9606 GN=SRPRB PE=1 SV=3",-0.585111312666582,14.1608613426294,-0.888679178708508,0.378405859779928,0.598223316247626,-5.43553521794174
1113,"Q96FW1|OTUB1_HUMAN","Ubiquitin thioesterase OTUB1 OS=Homo sapiens OX=9606 GN=OTUB1 PE=1 SV=2",-0.572365281640861,13.9746538663947,-0.863254767316353,0.392095111646314,0.608443627009921,-5.45586534702188
1114,"Q96A49|SYAP1_HUMAN","Synapse-associated protein 1 OS=Homo sapiens OX=9606 GN=SYAP1 PE=1 SV=1",-1.21299784894943,12.8178450759042,-1.51876990657498,0.135081572440652,0.413207622515545,-4.7544982993166
1115,"P26639|SYTC_HUMAN","Threonine--tRNA ligase 1, cytoplasmic OS=Homo sapiens OX=9606 GN=TARS1 PE=1 SV=3",-1.43052201321072,13.2818924760314,-1.8481474935721,0.0704645014052563,0.374885133083069,-4.27005532968788
1116,"O75787|RENR_HUMAN","Renin receptor OS=Homo sapiens OX=9606 GN=ATP6AP2 PE=1 SV=2",-1.10588810213979,14.2042409614609,-1.7055902925753,0.0942533975770921,0.385701893955712,-4.48998832011598
1117,"Q8TD16|BICD2_HUMAN","Protein bicaudal D homolog 2 OS=Homo sapiens OX=9606 GN=BICD2 PE=1 SV=1",-1.8292308184437,11.6082362853108,-1.84313360991083,0.0712058291223648,0.374885133083069,-4.27804993376819
1118,"P01861|IGHG4_HUMAN","Immunoglobulin heavy constant gamma 4 OS=Homo sapiens OX=9606 GN=IGHG4 PE=1 SV=1",-0.539205518286208,14.1568150909267,-0.816784341044096,0.417903532750574,0.62410212051204,-5.49154633803095
1119,"Q9NTK5|OLA1_HUMAN","Obg-like ATPase 1 OS=Homo sapiens OX=9606 GN=OLA1 PE=1 SV=2",-1.20614674765725,14.4413657153403,-1.76274465295263,0.0840186321764492,0.376553848890704,-4.40365930381127
1120,"Q14699|RFTN1_HUMAN","Raftlin OS=Homo sapiens OX=9606 GN=RFTN1 PE=1 SV=4",-1.13550511406066,12.5280464554646,-1.45563647112414,0.151706647849315,0.424642952141671,-4.83763453882816
1121,"P31937|3HIDH_HUMAN","3-hydroxyisobutyrate dehydrogenase, mitochondrial OS=Homo sapiens OX=9606 GN=HIBADH PE=1 SV=2",-0.831857985833238,13.8808913422623,-1.2686697843028,0.210398925690385,0.470747102830383,-5.06478651809022
1122,"P14598|NCF1_HUMAN","Neutrophil cytosol factor 1 OS=Homo sapiens OX=9606 GN=NCF1 PE=1 SV=4",-1.91346328102986,12.0295172231704,-1.06931271287016,0.305798490318362,0.539784466311962,-5.26295043252948
1122,"A6NI72|NCF1B_HUMAN","Putative neutrophil cytosol factor 1B OS=Homo sapiens OX=9606 GN=NCF1B PE=5 SV=2",-1.91346328102986,12.0295172231704,-1.06931271287016,0.305798490318362,0.539784466311962,-5.26295043252948
1122,"A8MVU1|NCF1C_HUMAN","Putative neutrophil cytosol factor 1C OS=Homo sapiens OX=9606 GN=NCF1C PE=5 SV=1",-1.91839668713538,12.0108629308141,-1.0773643620865,0.302177755772964,0.537513571096428,-5.25535445945692
1123,"Q92783|STAM1_HUMAN","Signal transducing adapter molecule 1 OS=Homo sapiens OX=9606 GN=STAM PE=1 SV=3",-0.902150574305686,13.6981672301134,-1.34404096686349,0.184966385280989,0.453547627886719,-4.97667891062532
1124,"Q9UJS0|CMC2_HUMAN","Calcium-binding mitochondrial carrier protein Aralar2 OS=Homo sapiens OX=9606 GN=SLC25A13 PE=1 SV=2",-1.59238489581903,13.4061746386861,-2.06592905203378,0.0441343074062766,0.353406926961911,-3.90619650014741
1125,"Q9H3U1|UN45A_HUMAN","Protein unc-45 homolog A OS=Homo sapiens OX=9606 GN=UNC45A PE=1 SV=1",-1.09883797675382,12.995660814319,-1.56429358056716,0.124019070934876,0.405771167375862,-4.69257296366232
1126,"Q8NBJ5|GT251_HUMAN","Procollagen galactosyltransferase 1 OS=Homo sapiens OX=9606 GN=COLGALT1 PE=1 SV=1",-0.0891525056982765,14.7165858999015,-0.146347084322277,0.884232370522898,0.939183432760079,-5.78896240472224
1127,"P21964|COMT_HUMAN","Catechol O-methyltransferase OS=Homo sapiens OX=9606 GN=COMT PE=1 SV=2",-1.29724641332072,14.7041672750071,-1.90639449736843,0.0623201593644245,0.370211424743563,-4.17581709101382
1128,"Q8N6T3|ARFG1_HUMAN","ADP-ribosylation factor GTPase-activating protein 1 OS=Homo sapiens OX=9606 GN=ARFGAP1 PE=1 SV=2",-0.157504269925816,12.8464904958405,-0.214644947232196,0.830912021864598,0.912245240420806,-5.77753015977546
1129,"Q96CV9|OPTN_HUMAN","Optineurin OS=Homo sapiens OX=9606 GN=OPTN PE=1 SV=3",-1.70595301398805,12.251195603624,-1.99865736533124,0.0510643766360691,0.358801880609411,-4.02147005049222
1130,"Q96KG9|SCYL1_HUMAN","N-terminal kinase-like protein OS=Homo sapiens OX=9606 GN=SCYL1 PE=1 SV=1",-2.91919689617874,11.7895807207869,-2.26710734176241,0.0322936362445075,0.335153473024323,-3.60680968671904
1131,"O96005|CLPT1_HUMAN","Cleft lip and palate transmembrane protein 1 OS=Homo sapiens OX=9606 GN=CLPTM1 PE=1 SV=1",-0.727253876076544,13.3366002794564,-1.03799339352084,0.304237457530752,0.538799746053187,-5.30469463793976
1132,"Q96A33|CCD47_HUMAN","Coiled-coil domain-containing protein 47 OS=Homo sapiens OX=9606 GN=CCDC47 PE=1 SV=1",-1.01077394398914,13.6476983333604,-1.34079633658748,0.186254182032468,0.454245052102966,-4.9805503602583
1133,"O75122|CLAP2_HUMAN","CLIP-associating protein 2 OS=Homo sapiens OX=9606 GN=CLASP2 PE=1 SV=3",-0.656438567931069,11.9121292752527,-0.687927999126761,0.49465851167988,0.675833671790166,-5.58041847285359
1134,"O15067|PUR4_HUMAN","Phosphoribosylformylglycinamidine synthase OS=Homo sapiens OX=9606 GN=PFAS PE=1 SV=4",-0.922164335589128,12.4961464031024,-1.15453381327249,0.253737259995077,0.499351254018063,-5.18915055641695
1136,"P61011|SRP54_HUMAN","Signal recognition particle 54 kDa protein OS=Homo sapiens OX=9606 GN=SRP54 PE=1 SV=1",-2.03491011251753,13.2609388510022,-1.93563781046103,0.0678207849267665,0.374885133083069,-4.17454653395945
1137,"P15170|ERF3A_HUMAN","Eukaryotic peptide chain release factor GTP-binding subunit ERF3A OS=Homo sapiens OX=9606 GN=GSPT1 PE=1 SV=1",-1.77699510654583,12.7011549050633,-2.31652407475683,0.0246418598956388,0.31600086074823,-3.44397435818286
1138,"P18124|RL7_HUMAN","60S ribosomal protein L7 OS=Homo sapiens OX=9606 GN=RPL7 PE=1 SV=1",-0.879721763331643,15.7221500426725,-1.43214192942315,0.158288669411916,0.432307735673508,-4.86775200365892
1139,"Q7L2H7|EIF3M_HUMAN","Eukaryotic translation initiation factor 3 subunit M OS=Homo sapiens OX=9606 GN=EIF3M PE=1 SV=1",-1.43505153645556,13.7340618640722,-2.09205173143351,0.0415014972573904,0.348345476869979,-3.85902412691721
1140,"Q9UHL4|DPP2_HUMAN","Dipeptidyl peptidase 2 OS=Homo sapiens OX=9606 GN=DPP7 PE=1 SV=3",0.00944079994739333,14.2308274915128,0.0141017667160209,0.988804577726501,0.992722917544997,-5.79880613010108
1141,"P23588|IF4B_HUMAN","Eukaryotic translation initiation factor 4B OS=Homo sapiens OX=9606 GN=EIF4B PE=1 SV=2",-0.207588127753509,13.3203226680519,-0.281601408862493,0.779404490099555,0.875331196573347,-5.76213286291032
1142,"P49915|GUAA_HUMAN","GMP synthase [glutamine-hydrolyzing] OS=Homo sapiens OX=9606 GN=GMPS PE=1 SV=1",-0.841038039261761,12.0588977801853,-0.940217536812265,0.351599579460654,0.579318817420443,-5.3925768594721
1143,"Q09028|RBBP4_HUMAN","Histone-binding protein RBBP4 OS=Homo sapiens OX=9606 GN=RBBP4 PE=1 SV=3",-0.204205979313748,13.0801134964671,-0.278978881679035,0.781404887488516,0.876324260013646,-5.76281388816101
1144,"Q93052|LPP_HUMAN","Lipoma-preferred partner OS=Homo sapiens OX=9606 GN=LPP PE=1 SV=1",-2.03957001790689,11.4600226195619,-1.55009729987421,0.131129906936718,0.411764075527387,-4.71559969007858
1145,"Q9H269|VPS16_HUMAN","Vacuolar protein sorting-associated protein 16 homolog OS=Homo sapiens OX=9606 GN=VPS16 PE=1 SV=2",-1.91878261563757,12.1502791988425,-2.11024721553334,0.0398319888789679,0.348345476869979,-3.82666194518321
1146,"P48637|GSHB_HUMAN","Glutathione synthetase OS=Homo sapiens OX=9606 GN=GSS PE=1 SV=1",0.617281778807207,14.4798900163289,0.951739231227256,0.345780461281619,0.574344946679495,-5.38265443603968
1147,"Q9NR09|BIRC6_HUMAN","Baculoviral IAP repeat-containing protein 6 OS=Homo sapiens OX=9606 GN=BIRC6 PE=1 SV=2",-3.20216354408822,9.19852335667324,-1.77796753484727,0.0814544499080378,0.375605864510613,-4.38024668078975
1148,"O75351|VPS4B_HUMAN","Vacuolar protein sorting-associated protein 4B OS=Homo sapiens OX=9606 GN=VPS4B PE=1 SV=2",-1.50531408085559,13.4694519861579,-2.10258751974526,0.040527508702222,0.348345476869979,-3.84031345575806
1149,"Q16401|PSMD5_HUMAN","26S proteasome non-ATPase regulatory subunit 5 OS=Homo sapiens OX=9606 GN=PSMD5 PE=1 SV=3",-3.33754269422684,11.1665997440102,-2.61750894795931,0.0116698576983346,0.279943139688307,-2.83609749763988
1150,"Q9UKK3|PARP4_HUMAN","Protein mono-ADP-ribosyltransferase PARP4 OS=Homo sapiens OX=9606 GN=PARP4 PE=1 SV=3",-3.88037337993361,10.4895059585792,-2.46891818535316,0.0173464494904346,0.292499164066587,-3.15388283673651
1151,"Q14165|MLEC_HUMAN","Malectin OS=Homo sapiens OX=9606 GN=MLEC PE=1 SV=1",-0.939602473357722,13.3601652601081,-1.29492847627077,0.201257546252343,0.465030177955387,-5.03462654039658
1152,"Q9ULZ3|ASC_HUMAN","Apoptosis-associated speck-like protein containing a CARD OS=Homo sapiens OX=9606 GN=PYCARD PE=1 SV=2",-1.5718531805372,14.29852657837,-2.2205523738965,0.0309141771770593,0.329885445628496,-3.62559226594403
1153,"Q9Y6D5|BIG2_HUMAN","Brefeldin A-inhibited guanine nucleotide-exchange protein 2 OS=Homo sapiens OX=9606 GN=ARFGEF2 PE=1 SV=3",-2.40568442453034,11.169220461613,-1.88755326741883,0.0648621955653327,0.37142069218209,-4.20657425325368
1154,"Q07955|SRSF1_HUMAN","Serine/arginine-rich splicing factor 1 OS=Homo sapiens OX=9606 GN=SRSF1 PE=1 SV=2",0.119225310268492,15.0647894515049,0.198510759836089,0.843445664044192,0.919684711562978,-5.78062047684879
1155,"P09601|HMOX1_HUMAN","Heme oxygenase 1 OS=Homo sapiens OX=9606 GN=HMOX1 PE=1 SV=1",0.436053662678891,13.9236086206942,0.64101622848526,0.524422208879203,0.697461151011568,-5.60907272534305
1156,"Q9HAV7|GRPE1_HUMAN","GrpE protein homolog 1, mitochondrial OS=Homo sapiens OX=9606 GN=GRPEL1 PE=1 SV=2",-0.68179759835027,13.9678212952082,-1.0268061663666,0.309424536462978,0.542763309849103,-5.31517098487107
1157,"P08708|RS17_HUMAN","40S ribosomal protein S17 OS=Homo sapiens OX=9606 GN=RPS17 PE=1 SV=2",-0.47277971449194,15.3728173407597,-0.746721111992213,0.458708216739932,0.653581581608344,-5.54171157032331
1158,"Q6ZUJ8|BCAP_HUMAN","Phosphoinositide 3-kinase adapter protein 1 OS=Homo sapiens OX=9606 GN=PIK3AP1 PE=1 SV=2",-1.98031222600996,12.2032616520981,-1.23199192832552,0.239798292434766,0.487715274924449,-5.0991016265172
1159,"Q9Y336|SIGL9_HUMAN","Sialic acid-binding Ig-like lectin 9 OS=Homo sapiens OX=9606 GN=SIGLEC9 PE=1 SV=2",-0.950887936788959,11.9011575777118,-1.02768802625221,0.309013479931347,0.542763309849103,-5.31434909755766
1160,"P10515|ODP2_HUMAN","Dihydrolipoyllysine-residue acetyltransferase component of pyruvate dehydrogenase complex, mitochondrial OS=Homo sapiens OX=9606 GN=DLAT PE=1 SV=3",-0.826476486482916,13.9364573782509,-1.28398730353058,0.205029558668097,0.467051180058524,-5.04726314375465
1162,"P11279|LAMP1_HUMAN","Lysosome-associated membrane glycoprotein 1 OS=Homo sapiens OX=9606 GN=LAMP1 PE=1 SV=3",-0.918381471784285,16.0315729340454,-1.50169342241923,0.139428559505958,0.41688853907435,-4.77730101643311
1163,"Q14151|SAFB2_HUMAN","Scaffold attachment factor B2 OS=Homo sapiens OX=9606 GN=SAFB2 PE=1 SV=1",-3.08984528773872,8.94682036553668,-1.68381135776091,0.0984152015727174,0.386522542993734,-4.52222574827926
1164,"O94776|MTA2_HUMAN","Metastasis-associated protein MTA2 OS=Homo sapiens OX=9606 GN=MTA2 PE=1 SV=1",-0.39767484102712,13.1544824186523,-0.564342309199272,0.575029255248067,0.731006789360515,-5.65162153509598
1165,"Q86V48|LUZP1_HUMAN","Leucine zipper protein 1 OS=Homo sapiens OX=9606 GN=LUZP1 PE=1 SV=2",-3.40829023198929,9.54663634694613,-1.92900619716621,0.0593819400011145,0.366887115993354,-4.13856148589884
1166,"Q10471|GALT2_HUMAN","Polypeptide N-acetylgalactosaminyltransferase 2 OS=Homo sapiens OX=9606 GN=GALNT2 PE=1 SV=1",-3.4432067333861,11.3542038395391,-1.8696179492942,0.0808751826451231,0.375605864510613,-4.28813837426364
1167,"Q8NHP6|MSPD2_HUMAN","Motile sperm domain-containing protein 2 OS=Homo sapiens OX=9606 GN=MOSPD2 PE=1 SV=1",-3.14272857414646,12.5476503215421,-1.88813639548532,0.084517673858914,0.376829835724992,-4.28336458367706
1168,"Q12846|STX4_HUMAN","Syntaxin-4 OS=Homo sapiens OX=9606 GN=STX4 PE=1 SV=2",-0.851755085779011,14.2156540100473,-1.20972706855728,0.232038678660043,0.485557760931822,-5.1303836668807
1169,"P28062|PSB8_HUMAN","Proteasome subunit beta type-8 OS=Homo sapiens OX=9606 GN=PSMB8 PE=1 SV=3",-1.12180585587943,13.4171276618467,-1.51200845901022,0.1367896925478,0.414313084249913,-4.76355495809711
1170,"Q8NHL6|LIRB1_HUMAN","Leukocyte immunoglobulin-like receptor subfamily B member 1 OS=Homo sapiens OX=9606 GN=LILRB1 PE=1 SV=1",1.37697642347242,9.02908996147828,0.810200149868515,0.421641893102842,0.62642691741771,-5.49644682495953
1171,"Q9BXK5|B2L13_HUMAN","Bcl-2-like protein 13 OS=Homo sapiens OX=9606 GN=BCL2L13 PE=1 SV=1",-0.235004028228751,13.6931091284008,-0.337299059671602,0.73729499714119,0.845486961190386,-5.74617060817139
1172,"P07602|SAP_HUMAN","Prosaposin OS=Homo sapiens OX=9606 GN=PSAP PE=1 SV=2",0.297955673808586,15.7919602875379,0.511344979198415,0.611347013037405,0.756412405961535,-5.67790983061544
1173,"Q2M389|WASC4_HUMAN","WASH complex subunit 4 OS=Homo sapiens OX=9606 GN=WASHC4 PE=1 SV=2",-0.252457971821306,13.3535949957898,-0.320696864712543,0.749898323651001,0.854221655637361,-5.75114215123413
1174,"O43765|SGTA_HUMAN","Small glutamine-rich tetratricopeptide repeat-containing protein alpha OS=Homo sapiens OX=9606 GN=SGTA PE=1 SV=1",-2.55519857421996,12.205641843039,-1.66132400529362,0.119182426159094,0.400662094185313,-4.58177849585646
1175,"Q92544|TM9S4_HUMAN","Transmembrane 9 superfamily member 4 OS=Homo sapiens OX=9606 GN=TM9SF4 PE=1 SV=2",-0.93529777683626,13.2364921724931,-1.22264082328328,0.227163495705295,0.482680402566703,-5.11626185028135
1176,"Q9UNM6|PSD13_HUMAN","26S proteasome non-ATPase regulatory subunit 13 OS=Homo sapiens OX=9606 GN=PSMD13 PE=1 SV=2",-0.867199410253331,14.9026583753292,-1.31721356730897,0.19373631976431,0.459230781081388,-5.00858024067523
1177,"Q9ULC5|ACSL5_HUMAN","Long-chain-fatty-acid--CoA ligase 5 OS=Homo sapiens OX=9606 GN=ACSL5 PE=1 SV=1",-1.1260065976607,12.7613285479797,-1.50770925012713,0.137884683789844,0.415293239918083,-4.76929453947053
1178,"O75400|PR40A_HUMAN","Pre-mRNA-processing factor 40 homolog A OS=Homo sapiens OX=9606 GN=PRPF40A PE=1 SV=2",-0.577926239683297,13.0350984203578,-0.797177449396358,0.4290951321692,0.630755199403668,-5.50602581023075
1180,"P11310|ACADM_HUMAN","Medium-chain specific acyl-CoA dehydrogenase, mitochondrial OS=Homo sapiens OX=9606 GN=ACADM PE=1 SV=1",-0.75844551733825,14.7370219615197,-1.23749074188118,0.22165085434383,0.476862311775177,-5.09984915167947
1181,"P15531|NDKA_HUMAN","Nucleoside diphosphate kinase A OS=Homo sapiens OX=9606 GN=NME1 PE=1 SV=1",-1.13409036806691,14.7417886164963,-1.79633836914314,0.0784474410634479,0.375605864510613,-4.35175937654929
1182,"Q5TEJ8|THMS2_HUMAN","Protein THEMIS2 OS=Homo sapiens OX=9606 GN=THEMIS2 PE=1 SV=1",-2.02184795192174,12.1434895398051,-1.94857970698343,0.0590718198394867,0.366887115993354,-4.1181603990403
1184,"Q9Y230|RUVB2_HUMAN","RuvB-like 2 OS=Homo sapiens OX=9606 GN=RUVBL2 PE=1 SV=3",-1.22247583672624,12.9281439588366,-1.57398894290058,0.121759719355597,0.403709862405354,-4.67917203564434
1185,"P61586|RHOA_HUMAN","Transforming protein RhoA OS=Homo sapiens OX=9606 GN=RHOA PE=1 SV=1",0.00775972637783795,13.7370994880193,0.0115430034552435,0.990835883051557,0.994298729800339,-5.79883657900294
1186,"Q9Y295|DRG1_HUMAN","Developmentally-regulated GTP-binding protein 1 OS=Homo sapiens OX=9606 GN=DRG1 PE=1 SV=1",-0.69714070656066,13.0809131487901,-0.774937651195096,0.444260413024923,0.641229758343949,-5.5197815569235
1187,"P62834|RAP1A_HUMAN","Ras-related protein Rap-1A OS=Homo sapiens OX=9606 GN=RAP1A PE=1 SV=1",-4.5207688539072,11.7742943028638,-2.37557189818207,0.0347482532646571,0.338634890255269,-3.55913319006176
1188,"Q14498|RBM39_HUMAN","RNA-binding protein 39 OS=Homo sapiens OX=9606 GN=RBM39 PE=1 SV=2",-0.146799836288714,12.4501334880996,-0.182252628542188,0.856117030303192,0.925061728428461,-5.78349078453337
1189,"P42785|PCP_HUMAN","Lysosomal Pro-X carboxypeptidase OS=Homo sapiens OX=9606 GN=PRCP PE=1 SV=1",-0.231254466616354,15.6042149644544,-0.3808601396516,0.704910927137496,0.820332710937907,-5.73169465666418
1190,"P63092|GNAS2_HUMAN","Guanine nucleotide-binding protein G(s) subunit alpha isoforms short OS=Homo sapiens OX=9606 GN=GNAS PE=1 SV=1",-0.600306516950525,13.2995781387933,-0.83817319489518,0.405898915449488,0.615980017183756,-5.4753613105997
1190,"Q5JWF2|GNAS1_HUMAN","Guanine nucleotide-binding protein G(s) subunit alpha isoforms XLas OS=Homo sapiens OX=9606 GN=GNAS PE=1 SV=2",-0.600306516950525,13.2995781387933,-0.83817319489518,0.405898915449488,0.615980017183756,-5.4753613105997
1191,"O14745|NHRF1_HUMAN","Na(+)/H(+) exchange regulatory cofactor NHE-RF1 OS=Homo sapiens OX=9606 GN=SLC9A3R1 PE=1 SV=4",-0.320026638969294,13.0700626415988,-0.439319145089899,0.662311962521665,0.793264077469636,-5.70952718479703
1192,"Q14254|FLOT2_HUMAN","Flotillin-2 OS=Homo sapiens OX=9606 GN=FLOT2 PE=1 SV=2",-0.58878239998926,13.2502000749086,-0.848807723745909,0.400009980979776,0.611587855193431,-5.46716308885479
1193,"O43847|NRDC_HUMAN","Nardilysin OS=Homo sapiens OX=9606 GN=NRDC PE=1 SV=3",-2.81605170455128,11.7528550853983,-2.20918667134809,0.0359219968525959,0.338634890255269,-3.69977450443784
1194,"Q12888|TP53B_HUMAN","TP53-binding protein 1 OS=Homo sapiens OX=9606 GN=TP53BP1 PE=1 SV=2",-1.91416040306587,10.0435550103371,-1.20496164523744,0.233856906761556,0.485615495628163,-5.13555935457245
1196,"Q6PKG0|LARP1_HUMAN","La-related protein 1 OS=Homo sapiens OX=9606 GN=LARP1 PE=1 SV=2",-0.145196959770676,12.9719813952628,-0.183088426151814,0.855464658387509,0.925061728428461,-5.78334919540001
1197,"E9PAV3|NACAM_HUMAN","Nascent polypeptide-associated complex subunit alpha, muscle-specific form OS=Homo sapiens OX=9606 GN=NACA PE=1 SV=1",-0.0617602438932323,16.7541147076763,-0.107592112450412,0.914747281403811,0.955813385090409,-5.793527461779
1197,"Q13765|NACA_HUMAN","Nascent polypeptide-associated complex subunit alpha OS=Homo sapiens OX=9606 GN=NACA PE=1 SV=1",-0.331943790472756,16.6190229343866,-0.582290665456246,0.562972075370561,0.724229608309739,-5.64213935040355
1198,"P41219|PERI_HUMAN","Peripherin OS=Homo sapiens OX=9606 GN=PRPH PE=1 SV=2",-1.53125725516296,7.22330312792162,-0.510384619544981,0.615774675496822,0.759055960894337,-5.67496134852795
1199,"Q9Y3P9|RBGP1_HUMAN","Rab GTPase-activating protein 1 OS=Homo sapiens OX=9606 GN=RABGAP1 PE=1 SV=3",-0.64188803055932,11.4729976827316,-0.603245014830415,0.5490563924712,0.71422104571835,-5.63069909572161
1199,"B7ZAP0|RBG10_HUMAN","Rab GTPase-activating protein 1-like, isoform 10 OS=Homo sapiens OX=9606 GN=RABGAP1L PE=1 SV=1",2.15584059452064,8.61607329907081,1.14925232093617,0.255887543645142,0.500558775985993,-5.19463843900345
1200,"P19784|CSK22_HUMAN","Casein kinase II subunit alpha' OS=Homo sapiens OX=9606 GN=CSNK2A2 PE=1 SV=1",-3.62397761958922,10.2995157977471,-2.28145021012567,0.0267888851826928,0.321315489443528,-3.51105689157216
1201,"Q5ZPR3|CD276_HUMAN","CD276 antigen OS=Homo sapiens OX=9606 GN=CD276 PE=1 SV=1",-2.47018479843589,10.4016833314554,-1.67962328465897,0.0992325968599024,0.386522542993734,-4.52838305836135
1202,"P46109|CRKL_HUMAN","Crk-like protein OS=Homo sapiens OX=9606 GN=CRKL PE=1 SV=1",-1.31734321803139,13.4688100579962,-1.92721730243993,0.0596100017925181,0.367296534650036,-4.14152251516086
1203,"Q86SF2|GALT7_HUMAN","N-acetylgalactosaminyltransferase 7 OS=Homo sapiens OX=9606 GN=GALNT7 PE=1 SV=1",-1.61515769912161,11.6167876084861,-1.11955219057351,0.275496449020855,0.512875549761528,-5.22019079501889
1204,"P13762|DRB4_HUMAN","HLA class II histocompatibility antigen, DR beta 4 chain OS=Homo sapiens OX=9606 GN=HLA-DRB4 PE=1 SV=2",0.296835790059674,9.5729341391237,0.147000998551983,0.884023058692717,0.939183432760079,-5.78877309333863
1205,"P14384|CBPM_HUMAN","Carboxypeptidase M OS=Homo sapiens OX=9606 GN=CPM PE=1 SV=2",-0.922906239376902,14.7087722913619,-1.43996219077579,0.156073512607836,0.430326400137847,-4.85777696204851
1206,"P54802|ANAG_HUMAN","Alpha-N-acetylglucosaminidase OS=Homo sapiens OX=9606 GN=NAGLU PE=1 SV=2",-0.541320184174207,12.9129213176033,-0.722729180569138,0.473193537733929,0.66299432889396,-5.55788147605051
1207,"P60228|EIF3E_HUMAN","Eukaryotic translation initiation factor 3 subunit E OS=Homo sapiens OX=9606 GN=EIF3E PE=1 SV=1",-1.15275726125058,14.6459680628442,-1.81515468091524,0.0754645425865102,0.375605864510613,-4.32231798459673
1208,"Q13043|STK4_HUMAN","Serine/threonine-protein kinase 4 OS=Homo sapiens OX=9606 GN=STK4 PE=1 SV=2",-0.971013269573653,13.2872441811747,-1.38362947037469,0.172581964150123,0.441624863794215,-4.92851874701168
1209,"Q9Y2Q3|GSTK1_HUMAN","Glutathione S-transferase kappa 1 OS=Homo sapiens OX=9606 GN=GSTK1 PE=1 SV=3",-0.470446034098803,16.4101153540394,-0.840992848081865,0.404332341531086,0.614922102745194,-5.47319738704383
1210,"Q9HCC0|MCCB_HUMAN","Methylcrotonoyl-CoA carboxylase beta chain, mitochondrial OS=Homo sapiens OX=9606 GN=MCCC2 PE=1 SV=1",-0.856328808289737,12.8028608223316,-1.12684699856909,0.265154462935042,0.506214659512955,-5.21765490781974
1211,"Q14318|FKBP8_HUMAN","Peptidyl-prolyl cis-trans isomerase FKBP8 OS=Homo sapiens OX=9606 GN=FKBP8 PE=1 SV=2",-0.705159245740226,13.9195899501725,-1.10562530782821,0.274149136368209,0.512140291203772,-5.23905988277107
1212,"O75312|ZPR1_HUMAN","Zinc finger protein ZPR1 OS=Homo sapiens OX=9606 GN=ZPR1 PE=1 SV=1",-2.71606509201825,11.7297600482567,-2.14239683081409,0.0411304796700484,0.348345476869979,-3.81157261599806
1213,"P63208|SKP1_HUMAN","S-phase kinase-associated protein 1 OS=Homo sapiens OX=9606 GN=SKP1 PE=1 SV=2",-0.745900611481394,14.2301829350371,-1.10053176944016,0.27633959575247,0.513236153042642,-5.24414000750132
1214,"P30050|RL12_HUMAN","60S ribosomal protein L12 OS=Homo sapiens OX=9606 GN=RPL12 PE=1 SV=1",-0.591625201097754,15.8314075596179,-1.02717820004055,0.30925107707741,0.542763309849103,-5.31482433424247
1215,"O95747|OXSR1_HUMAN","Serine/threonine-protein kinase OSR1 OS=Homo sapiens OX=9606 GN=OXSR1 PE=1 SV=1",-1.48940426601147,13.1680996268725,-2.04561312245175,0.046041674443899,0.354698763841406,-3.94056833741871
1216,"P30419|NMT1_HUMAN","Glycylpeptide N-tetradecanoyltransferase 1 OS=Homo sapiens OX=9606 GN=NMT1 PE=1 SV=2",-1.00060858198736,13.6798209619639,-1.50181364620974,0.139397572125525,0.41688853907435,-4.77714129433332
1216,"O60551|NMT2_HUMAN","Glycylpeptide N-tetradecanoyltransferase 2 OS=Homo sapiens OX=9606 GN=NMT2 PE=1 SV=1",-3.19056528365578,10.859754345426,-2.36712054060291,0.0218150074507837,0.302426637993535,-3.34578657072571
1217,"Q9Y5S2|MRCKB_HUMAN","Serine/threonine-protein kinase MRCK beta OS=Homo sapiens OX=9606 GN=CDC42BPB PE=1 SV=2",-0.806400048293389,14.1483850589775,-1.2829706815479,0.205382713840213,0.467126622764674,-5.04843223484819
1218,"O95433|AHSA1_HUMAN","Activator of 90 kDa heat shock protein ATPase homolog 1 OS=Homo sapiens OX=9606 GN=AHSA1 PE=1 SV=1",-1.7779830929063,13.0832976052074,-2.23381751640161,0.029970520586903,0.328110514888749,-3.60085472707212
1219,"Q9Y6W5|WASF2_HUMAN","Wiskott-Aldrich syndrome protein family member 2 OS=Homo sapiens OX=9606 GN=WASF2 PE=1 SV=3",0.40790740746899,13.0150388513593,0.55130385197739,0.583866272642662,0.737019940290723,-5.65832618821441
1219,"Q9UPY6|WASF3_HUMAN","Wiskott-Aldrich syndrome protein family member 3 OS=Homo sapiens OX=9606 GN=WASF3 PE=1 SV=2",-2.93414578932948,7.81273493283427,-1.47687375381105,0.145943531851638,0.421420367594079,-4.81002643508766
1220,"O43681|GET3_HUMAN","ATPase GET3 OS=Homo sapiens OX=9606 GN=GET3 PE=1 SV=2",-0.65869972778551,14.6516733342935,-1.01221122156839,0.316281642556437,0.545451282744989,-5.32867543594549
1221,"O75022|LIRB3_HUMAN","Leukocyte immunoglobulin-like receptor subfamily B member 3 OS=Homo sapiens OX=9606 GN=LILRB3 PE=1 SV=3",-0.918784409409858,11.8732377507069,-0.927348909057313,0.358174071039828,0.583014256979796,-5.40352173256718
1222,"P09543|CN37_HUMAN","2',3'-cyclic-nucleotide 3'-phosphodiesterase OS=Homo sapiens OX=9606 GN=CNP PE=1 SV=2",-0.785323710197176,12.9978826074497,-1.00369964234986,0.320327699594445,0.549443011610224,-5.33646569160526
1223,"Q96GA7|SDSL_HUMAN","Serine dehydratase-like OS=Homo sapiens OX=9606 GN=SDSL PE=1 SV=1",-1.19727730767385,14.3476814516329,-1.8800165032585,0.0659034452360614,0.372501494267344,-4.21880443739086
1224,"O95793|STAU1_HUMAN","Double-stranded RNA-binding protein Staufen homolog 1 OS=Homo sapiens OX=9606 GN=STAU1 PE=1 SV=2",-0.755945893115861,13.1034327841045,-1.04555193525215,0.300766710503229,0.535954580942245,-5.29755508186485
1225,"Q96RQ9|OXLA_HUMAN","L-amino-acid oxidase OS=Homo sapiens OX=9606 GN=IL4I1 PE=1 SV=1",0.116063417625963,13.7611944295388,0.156753855796895,0.876066351833373,0.934215380139378,-5.78749944890951
1226,"Q9BRF8|CPPED_HUMAN","Serine/threonine-protein phosphatase CPPED1 OS=Homo sapiens OX=9606 GN=CPPED1 PE=1 SV=3",-0.405977648328967,14.8474836718349,-0.649606002071668,0.51890246870906,0.695151767567627,-5.6039744812824
1227,"P63000|RAC1_HUMAN","Ras-related C3 botulinum toxin substrate 1 OS=Homo sapiens OX=9606 GN=RAC1 PE=1 SV=1",3.43722280268833,4.02222880528158,1.78919578833331,0.0796053267402071,0.375605864510613,-4.36286547942502
1228,"Q9UKK9|NUDT5_HUMAN","ADP-sugar pyrophosphatase OS=Homo sapiens OX=9606 GN=NUDT5 PE=1 SV=1",-0.288798248301251,14.7522271469355,-0.435866088997329,0.664798860639485,0.79436715390964,-5.71092371012339
1229,"P49790|NU153_HUMAN","Nuclear pore complex protein Nup153 OS=Homo sapiens OX=9606 GN=NUP153 PE=1 SV=2",-0.4590766327316,11.1660194110073,-0.402015596207619,0.689375788137877,0.810797793421583,-5.72403483944935
1230,"A1L0T0|HACL2_HUMAN","2-hydroxyacyl-CoA lyase 2 OS=Homo sapiens OX=9606 GN=ILVBL PE=1 SV=2",-2.91200525144969,8.08934012481819,-1.47052342397506,0.147648433440602,0.422207408090888,-4.81831989612333
1231,"Q9UHD9|UBQL2_HUMAN","Ubiquilin-2 OS=Homo sapiens OX=9606 GN=UBQLN2 PE=1 SV=2",-5.39945671713311,8.51494241778212,-2.92713867695472,0.00512526812577324,0.214315823472867,-2.15468611706353
1232,"P62424|RL7A_HUMAN","60S ribosomal protein L7a OS=Homo sapiens OX=9606 GN=RPL7A PE=1 SV=2",-1.12463033719641,13.437800243625,-1.53846637628494,0.130202358337697,0.411376678513593,-4.72790775345443
1233,"Q6IAA8|LTOR1_HUMAN","Ragulator complex protein LAMTOR1 OS=Homo sapiens OX=9606 GN=LAMTOR1 PE=1 SV=2",-0.357397532784843,15.559836465389,-0.615176159871576,0.541211803760458,0.709964104575279,-5.62400730500937
1234,"P52294|IMA5_HUMAN","Importin subunit alpha-5 OS=Homo sapiens OX=9606 GN=KPNA1 PE=1 SV=3",-0.833565264754148,12.6058971276381,-1.06530450184624,0.291825367943026,0.52788402340639,-5.27866440473603
1235,"P34897|GLYM_HUMAN","Serine hydroxymethyltransferase, mitochondrial OS=Homo sapiens OX=9606 GN=SHMT2 PE=1 SV=3",0.25461193861582,14.5175347474894,0.415596059836854,0.67947332643134,0.803335155794226,-5.71890108571051
1236,"Q9H8Y8|GORS2_HUMAN","Golgi reassembly-stacking protein 2 OS=Homo sapiens OX=9606 GN=GORASP2 PE=1 SV=3",-0.472532811858279,14.0946014994007,-0.737086929136964,0.464493960178482,0.657219279398398,-5.54826671545605
1237,"P00505|AATM_HUMAN","Aspartate aminotransferase, mitochondrial OS=Homo sapiens OX=9606 GN=GOT2 PE=1 SV=3",-1.57629677074174,13.3849501454823,-2.20195107312844,0.0322816564655232,0.335153473024323,-3.66008122660625
1238,"Q9P0M6|H2AW_HUMAN","Core histone macro-H2A.2 OS=Homo sapiens OX=9606 GN=MACROH2A2 PE=1 SV=3",-2.73454207288491,7.06452652960298,-1.29857576149768,0.200011786622245,0.464731305655111,-5.03039192491964
1239,"Q9BWD1|THIC_HUMAN","Acetyl-CoA acetyltransferase, cytosolic OS=Homo sapiens OX=9606 GN=ACAT2 PE=1 SV=2",-1.81138358646158,13.4559168092978,-2.46413689598435,0.0171948643695998,0.292499164066587,-3.15292279361104
1240,"A0AV96|RBM47_HUMAN","RNA-binding protein 47 OS=Homo sapiens OX=9606 GN=RBM47 PE=1 SV=2",-0.943613118581951,13.2329154467747,-1.24978542191702,0.217161991277257,0.475088669077635,-5.08612038191533
1241,"P61163|ACTZ_HUMAN","Alpha-centractin OS=Homo sapiens OX=9606 GN=ACTR1A PE=1 SV=1",-0.841087110731008,15.1447685033395,-1.36315867909222,0.178903702518147,0.446947938947599,-4.95358279307066
1242,"Q04446|GLGB_HUMAN","1,4-alpha-glucan-branching enzyme OS=Homo sapiens OX=9606 GN=GBE1 PE=1 SV=3",-2.53828919984097,11.0886229499764,-1.94105486520371,0.0578652292788016,0.366887115993354,-4.11855748763026
1243,"P12236|ADT3_HUMAN","ADP/ATP translocase 3 OS=Homo sapiens OX=9606 GN=SLC25A6 PE=1 SV=4",-1.08558080217836,14.7414760540576,-1.78862570229783,0.0796983570647802,0.375605864510613,-4.36375025805765
1243,"P12235|ADT1_HUMAN","ADP/ATP translocase 1 OS=Homo sapiens OX=9606 GN=SLC25A4 PE=1 SV=4",-1.14937113899666,10.6830523402785,-0.899739306284208,0.372546514854487,0.592525051506009,-5.42651322736828
1244,"Q8N1G4|LRC47_HUMAN","Leucine-rich repeat-containing protein 47 OS=Homo sapiens OX=9606 GN=LRRC47 PE=1 SV=1",-0.829749345797033,12.9987760589232,-1.16188167846616,0.250767281386335,0.496568421999068,-5.18147606564224
1245,"Q13884|SNTB1_HUMAN","Beta-1-syntrophin OS=Homo sapiens OX=9606 GN=SNTB1 PE=1 SV=3",-0.998624541024563,12.5180516999073,-1.14572535614492,0.257330740123156,0.501168664675302,-5.19829000097516
1246,"P0DOX7|IGK_HUMAN","Immunoglobulin kappa light chain OS=Homo sapiens OX=9606 PE=1 SV=1",-1.16466425507613,14.5973632175523,-1.78288652779314,0.080639993063278,0.375605864510613,-4.37264385264256
1246,"P01834|IGKC_HUMAN","Immunoglobulin kappa constant OS=Homo sapiens OX=9606 GN=IGKC PE=1 SV=2",-1.1589155702344,14.5944888751314,-1.77458723904657,0.0820181152751675,0.375605864510613,-4.38546068788952
1247,"Q8NBJ7|SUMF2_HUMAN","Inactive C-alpha-formylglycine-generating enzyme 2 OS=Homo sapiens OX=9606 GN=SUMF2 PE=1 SV=2",-0.789015214057068,13.8440115767384,-1.08643479273526,0.28246593055436,0.519684221656398,-5.25808377617121
1248,"P16671|CD36_HUMAN","Platelet glycoprotein 4 OS=Homo sapiens OX=9606 GN=CD36 PE=1 SV=2",-1.19050782018354,15.5278551699464,-1.9181446499439,0.0607782070195887,0.368830596971464,-4.15650388013037
1249,"Q05086|UBE3A_HUMAN","Ubiquitin-protein ligase E3A OS=Homo sapiens OX=9606 GN=UBE3A PE=1 SV=4",-2.55746339750685,11.1123379677014,-2.12511469579752,0.0385117088294236,0.346237429386904,-3.80004805787436
1250,"P52292|IMA1_HUMAN","Importin subunit alpha-1 OS=Homo sapiens OX=9606 GN=KPNA2 PE=1 SV=1",-1.5687260683276,11.3697449155338,-1.18562868867849,0.244107197755925,0.490709603939222,-5.15488470911325
1251,"Q9NVJ2|ARL8B_HUMAN","ADP-ribosylation factor-like protein 8B OS=Homo sapiens OX=9606 GN=ARL8B PE=1 SV=1",1.33688039280927,4.2811750336967,0.696400737498338,0.489383721497828,0.672765939512016,-5.57503183437069
1252,"P51610|HCFC1_HUMAN","Host cell factor 1 OS=Homo sapiens OX=9606 GN=HCFC1 PE=1 SV=2",-0.563462332007701,12.6063017365959,-0.663324171617191,0.510151761309161,0.687916885722285,-5.59569426474906
1253,"O43237|DC1L2_HUMAN","Cytoplasmic dynein 1 light intermediate chain 2 OS=Homo sapiens OX=9606 GN=DYNC1LI2 PE=1 SV=1",-0.474766922904985,13.6588215844252,-0.709327225218895,0.481396657819729,0.667968880550764,-5.56668931611979
1254,"Q03169|TNAP2_HUMAN","Tumor necrosis factor alpha-induced protein 2 OS=Homo sapiens OX=9606 GN=TNFAIP2 PE=1 SV=2",0.394102123678356,5.80210375682195,0.192689743804647,0.84797787318592,0.921119974731843,-5.78167627875476
1255,"Q13557|KCC2D_HUMAN","Calcium/calmodulin-dependent protein kinase type II subunit delta OS=Homo sapiens OX=9606 GN=CAMK2D PE=1 SV=3",-1.51438669532508,13.2166966934547,-1.9533057201316,0.0563571908281407,0.366768875860716,-4.09810965886518
1256,"#CONTAM#RS27A_HUMAN|",">sp|RS27A_HUMAN|",0.0506374229381272,18.5565918405346,0.0943504263716495,0.92520565318326,0.961365681124318,-5.79476802534417
1256,"P62979|RS27A_HUMAN","Ubiquitin-40S ribosomal protein S27a OS=Homo sapiens OX=9606 GN=RPS27A PE=1 SV=2",0.0506374229381272,18.5565918405346,0.0943504263716495,0.92520565318326,0.961365681124318,-5.79476802534417
1256,"P0CG48|UBC_HUMAN","Polyubiquitin-C OS=Homo sapiens OX=9606 GN=UBC PE=1 SV=3",0.0506374229381272,18.5565918405346,0.0943504263716495,0.92520565318326,0.961365681124318,-5.79476802534417
1256,"P0CG47|UBB_HUMAN","Polyubiquitin-B OS=Homo sapiens OX=9606 GN=UBB PE=1 SV=1",0.0506374229381272,18.5565918405346,0.0943504263716495,0.92520565318326,0.961365681124318,-5.79476802534417
1256,"P62987|RL40_HUMAN","Ubiquitin-60S ribosomal protein L40 OS=Homo sapiens OX=9606 GN=UBA52 PE=1 SV=2",0.0506374229381272,18.5565918405346,0.0943504263716495,0.92520565318326,0.961365681124318,-5.79476802534417
1257,"P53004|BIEA_HUMAN","Biliverdin reductase A OS=Homo sapiens OX=9606 GN=BLVRA PE=1 SV=2",-0.729045830636485,14.2018851378483,-1.10338028465149,0.275113090790347,0.512505225793264,-5.24130173564321
1258,"Q9Y5K6|CD2AP_HUMAN","CD2-associated protein OS=Homo sapiens OX=9606 GN=CD2AP PE=1 SV=1",-0.548670725189981,13.4018529540147,-0.755923998633902,0.453220547726835,0.649266758265395,-5.53537230109794
1259,"O95373|IPO7_HUMAN","Importin-7 OS=Homo sapiens OX=9606 GN=IPO7 PE=1 SV=1",-0.00449984479203991,14.0807627498815,-0.00696125632829719,0.994473302664328,0.996642747593253,-5.79887592008107
1260,"Q8TCT9|HM13_HUMAN","Minor histocompatibility antigen H13 OS=Homo sapiens OX=9606 GN=HM13 PE=1 SV=1",-1.46154829005253,17.515584400309,-2.62923571533558,0.011322742153184,0.278668859735792,-2.81128892683073
1261,"O15371|EIF3D_HUMAN","Eukaryotic translation initiation factor 3 subunit D OS=Homo sapiens OX=9606 GN=EIF3D PE=1 SV=1",-1.6547536315551,12.9526279751722,-1.82477581403898,0.0774006897530825,0.375605864510613,-4.31947029918492
1262,"Q9UPN7|PP6R1_HUMAN","Serine/threonine-protein phosphatase 6 regulatory subunit 1 OS=Homo sapiens OX=9606 GN=PPP6R1 PE=1 SV=5",-0.793180344970693,12.1261841865859,-0.882211012496089,0.381859451621637,0.600185606687819,-5.44076147491371
1263,"Q6PCB7|S27A1_HUMAN","Long-chain fatty acid transport protein 1 OS=Homo sapiens OX=9606 GN=SLC27A1 PE=1 SV=1",-0.401227085532289,14.314220275607,-0.535198950261358,0.595602041965616,0.744164959708206,-5.66571781767123
1264,"P55263|ADK_HUMAN","Adenosine kinase OS=Homo sapiens OX=9606 GN=ADK PE=1 SV=2",-0.906949173538077,13.0743490292252,-1.16966173606931,0.247649944192248,0.494267057291943,-5.17330014268808
1265,"P18510|IL1RA_HUMAN","Interleukin-1 receptor antagonist protein OS=Homo sapiens OX=9606 GN=IL1RN PE=1 SV=1",-1.33874112398885,14.7898271726472,-2.00542864319502,0.0503120942670898,0.358801880609411,-4.00990052686747
1266,"O43493|TGON2_HUMAN","Trans-Golgi network integral membrane protein 2 OS=Homo sapiens OX=9606 GN=TGOLN2 PE=1 SV=4",-0.0372514010910709,11.8453329607123,-0.0390670982556445,0.968991544750043,0.982319731858775,-5.79819020076635
1267,"P61225|RAP2B_HUMAN","Ras-related protein Rap-2b OS=Homo sapiens OX=9606 GN=RAP2B PE=1 SV=1",-0.187944825013041,14.0930290444148,-0.282392500166408,0.778801360299498,0.874881966304104,-5.76192618340593
1268,"P13693|TCTP_HUMAN","Translationally-controlled tumor protein OS=Homo sapiens OX=9606 GN=TPT1 PE=1 SV=1",-0.727295750704757,15.3345813822458,-1.15308818999115,0.254324532834111,0.499464502003335,-5.19065503229987
1268,"Q56UQ5|TPT1L_HUMAN","TPT1-like protein OS=Homo sapiens OX=9606 PE=2 SV=2",-3.82883096748468,10.353096146536,-2.4680612473692,0.0170281060384575,0.292499164066587,-3.14499632789061
1269,"Q92896|GSLG1_HUMAN","Golgi apparatus protein 1 OS=Homo sapiens OX=9606 GN=GLG1 PE=1 SV=2",-1.45266395256257,12.6265000947362,-1.78589387190859,0.0801454188397652,0.375605864510613,-4.36798668231572
1270,"Q92609|TBCD5_HUMAN","TBC1 domain family member 5 OS=Homo sapiens OX=9606 GN=TBC1D5 PE=1 SV=1",-2.0810897245703,11.2812760708734,-1.61227605749777,0.114508844052008,0.394932135154396,-4.62742659240226
1271,"Q5SSJ5|HP1B3_HUMAN","Heterochromatin protein 1-binding protein 3 OS=Homo sapiens OX=9606 GN=HP1BP3 PE=1 SV=1",-0.798023056091505,12.6642248149888,-0.972029655084264,0.335687221773736,0.563446946289743,-5.36489812823765
1272,"P14780|MMP9_HUMAN","Matrix metalloproteinase-9 OS=Homo sapiens OX=9606 GN=MMP9 PE=1 SV=3",-1.01920609245957,15.0641851183209,-1.69949308946514,0.0954036208504212,0.386337905749618,-4.49905027546624
1273,"Q8NEB9|PK3C3_HUMAN","Phosphatidylinositol 3-kinase catalytic subunit type 3 OS=Homo sapiens OX=9606 GN=PIK3C3 PE=1 SV=1",-2.48350041156215,11.4331042025614,-1.94331798448639,0.0598937584964067,0.367824847682046,-4.12766102190821
1274,"Q9UHW9|S12A6_HUMAN","Solute carrier family 12 member 6 OS=Homo sapiens OX=9606 GN=SLC12A6 PE=1 SV=2",-3.35359723375734,10.0364301941102,-2.00407338612952,0.0504618916796132,0.358801880609411,-4.01221876748716
1275,"Q9Y4P3|TBL2_HUMAN","Transducin beta-like protein 2 OS=Homo sapiens OX=9606 GN=TBL2 PE=1 SV=1",-1.09263788227309,13.085505466534,-1.49320788673403,0.141629514015451,0.418852151617044,-4.78854510384842
1276,"P62753|RS6_HUMAN","40S ribosomal protein S6 OS=Homo sapiens OX=9606 GN=RPS6 PE=1 SV=1",-0.598280790006147,15.3255393816395,-0.979203848052903,0.332165716427814,0.560214426830518,-5.35853390224483
1277,"Q9Y6K5|OAS3_HUMAN","2'-5'-oligoadenylate synthase 3 OS=Homo sapiens OX=9606 GN=OAS3 PE=1 SV=3",-1.86258555281759,9.74928796746063,-1.0207393170582,0.312770781339252,0.544701328738046,-5.32038771588806
1278,"Q9Y2B0|CNPY2_HUMAN","Protein canopy homolog 2 OS=Homo sapiens OX=9606 GN=CNPY2 PE=1 SV=1",-1.08636700004064,13.5823105661737,-1.57514899330601,0.121491622164603,0.403481848123436,-4.67756363627071
1279,"Q14690|RRP5_HUMAN","Protein RRP5 homolog OS=Homo sapiens OX=9606 GN=PDCD11 PE=1 SV=3",-3.07690884781143,9.98018032042425,-1.81346596326709,0.0757282980655925,0.375605864510613,-4.324971130383
1280,"Q9UBT2|SAE2_HUMAN","SUMO-activating enzyme subunit 2 OS=Homo sapiens OX=9606 GN=UBA2 PE=1 SV=2",-1.11838197054484,12.5163215908116,-1.38483091903257,0.172216349609664,0.441624863794215,-4.92703703413349
1281,"P35914|HMGCL_HUMAN","Hydroxymethylglutaryl-CoA lyase, mitochondrial OS=Homo sapiens OX=9606 GN=HMGCL PE=1 SV=2",-0.697591612813234,14.5914173537545,-1.10799391295599,0.273134698539639,0.511474411569663,-5.23668993874875
1282,"A0A0B4J2D5|GAL3B_HUMAN","Glutamine amidotransferase-like class 1 domain-containing protein 3B, mitochondrial OS=Homo sapiens OX=9606 GN=GATD3B PE=1 SV=1",-0.467617282570748,15.2373379542357,-0.808840176775476,0.422416566335547,0.626497297247659,-5.49745422372874
1282,"P0DPI2|GAL3A_HUMAN","Glutamine amidotransferase-like class 1 domain-containing protein 3A, mitochondrial OS=Homo sapiens OX=9606 GN=GATD3A PE=1 SV=1",-0.467617282570748,15.2373379542357,-0.808840176775476,0.422416566335547,0.626497297247659,-5.49745422372874
1283,"Q7Z3B4|NUP54_HUMAN","Nucleoporin p54 OS=Homo sapiens OX=9606 GN=NUP54 PE=1 SV=2",-1.17816490349262,12.4809169832637,-1.47480815510458,0.14649638118308,0.421420367594079,-4.81272765071658
1284,"P62241|RS8_HUMAN","40S ribosomal protein S8 OS=Homo sapiens OX=9606 GN=RPS8 PE=1 SV=2",-0.534764323319994,15.9060482410644,-0.920939848252241,0.361477946487144,0.583988102576645,-5.40891848929929
1285,"P09936|UCHL1_HUMAN","Ubiquitin carboxyl-terminal hydrolase isozyme L1 OS=Homo sapiens OX=9606 GN=UCHL1 PE=1 SV=2",-4.14982126627709,11.2404656821428,-2.61918948505975,0.0156690384202575,0.289641838953,-2.99614894948836
1286,"P30085|KCY_HUMAN","UMP-CMP kinase OS=Homo sapiens OX=9606 GN=CMPK1 PE=1 SV=3",-1.20404432364091,14.2563045832726,-1.79195491190736,0.0791563591555659,0.375605864510613,-4.35857983321169
1287,"P61020|RAB5B_HUMAN","Ras-related protein Rab-5B OS=Homo sapiens OX=9606 GN=RAB5B PE=1 SV=1",-0.652922386498435,13.5362912094912,-0.965654437094703,0.338837246016842,0.566966596190574,-5.37051588845218
1288,"Q9NR28|DBLOH_HUMAN","Diablo homolog, mitochondrial OS=Homo sapiens OX=9606 GN=DIABLO PE=1 SV=1",-1.32470987937014,14.0780955748985,-1.80492206827627,0.0776320150665738,0.375605864510613,-4.34026410380457
1290,"P05026|AT1B1_HUMAN","Sodium/potassium-transporting ATPase subunit beta-1 OS=Homo sapiens OX=9606 GN=ATP1B1 PE=1 SV=1",-1.82038703440507,13.777514694975,-2.64558698468017,0.0108544895082899,0.273393487205875,-2.77656128260963
1291,"P05166|PCCB_HUMAN","Propionyl-CoA carboxylase beta chain, mitochondrial OS=Homo sapiens OX=9606 GN=PCCB PE=1 SV=3",-0.882934406368134,10.9615493903239,-0.742019339012711,0.461526622630857,0.655821565051501,-5.54492106279852
1292,"P61019|RAB2A_HUMAN","Ras-related protein Rab-2A OS=Homo sapiens OX=9606 GN=RAB2A PE=1 SV=1",-0.484526172951165,16.0019353786084,-0.854680282148825,0.396780809074426,0.609849204117461,-5.46259296604493
1293,"Q96N67|DOCK7_HUMAN","Dedicator of cytokinesis protein 7 OS=Homo sapiens OX=9606 GN=DOCK7 PE=1 SV=4",-3.21140343462023,6.36872749951056,-1.48737636487255,0.14315795354064,0.420050187165385,-4.79623887401589
1294,"O60443|GSDME_HUMAN","Gasdermin-E OS=Homo sapiens OX=9606 GN=GSDME PE=1 SV=2",-0.941902447833062,13.2545532344518,-1.30264768538696,0.198627850275405,0.464238021811491,-5.025651218328
1295,"Q9Y5L0|TNPO3_HUMAN","Transportin-3 OS=Homo sapiens OX=9606 GN=TNPO3 PE=1 SV=3",-1.3084309127925,11.4835269567001,-1.24831702781281,0.217694542548755,0.47546166062753,-5.08776672412367
1296,"P43007|SATT_HUMAN","Neutral amino acid transporter A OS=Homo sapiens OX=9606 GN=SLC1A4 PE=1 SV=1",-2.33631421944805,12.8600180525161,-3.09888069300811,0.00317708782677318,0.173551635852218,-1.75442562816219
1298,"Q13438|OS9_HUMAN","Protein OS-9 OS=Homo sapiens OX=9606 GN=OS9 PE=1 SV=1",-0.924762976028084,13.2957249681467,-1.28710875186766,0.203948068563954,0.467051180058524,-5.0436681679432
1299,"Q99805|TM9S2_HUMAN","Transmembrane 9 superfamily member 2 OS=Homo sapiens OX=9606 GN=TM9SF2 PE=1 SV=1",-1.67551524535131,10.6739678761565,-1.18651402747628,0.240993557820164,0.488182548193727,-5.15541420919735
1300,"Q9UBR2|CATZ_HUMAN","Cathepsin Z OS=Homo sapiens OX=9606 GN=CTSZ PE=1 SV=1",0.408394960383152,15.7551331766797,0.700579363482277,0.486793805058354,0.670275229663149,-5.57235145306237
1301,"P47929|LEG7_HUMAN","Galectin-7 OS=Homo sapiens OX=9606 GN=LGALS7 PE=1 SV=2",0.146400705428703,7.30907014347604,0.0556277264122617,0.95608138476078,0.975560891770831,-5.79743416641756
1302,"Q9UNH7|SNX6_HUMAN","Sorting nexin-6 OS=Homo sapiens OX=9606 GN=SNX6 PE=1 SV=1",-0.546555708944037,13.0855668453724,-0.76131900266345,0.450021338667298,0.646943226181593,-5.53162081713619
1302,"Q86XE0|SNX32_HUMAN","Sorting nexin-32 OS=Homo sapiens OX=9606 GN=SNX32 PE=1 SV=1",-3.74070690974319,7.15330850224096,-1.76004740900809,0.0844799104594394,0.376829835724992,-4.40778932240781
1303,"Q16512|PKN1_HUMAN","Serine/threonine-protein kinase N1 OS=Homo sapiens OX=9606 GN=PKN1 PE=1 SV=2",-0.835682347404694,12.2325503215613,-0.979053737310733,0.33223914668186,0.560214426830518,-5.35866752533214
1304,"C4AMC7|WASH3_HUMAN","Putative WAS protein family homolog 3 OS=Homo sapiens OX=9606 GN=WASH3P PE=1 SV=2",-0.451998325353786,9.07853750988515,-0.256398947956192,0.798688612735481,0.888284196801107,-5.76841471515557
1304,"Q6VEQ5|WASH2_HUMAN","WAS protein family homolog 2 OS=Homo sapiens OX=9606 GN=WASH2P PE=2 SV=2",-0.451998325353786,9.07853750988515,-0.256398947956192,0.798688612735481,0.888284196801107,-5.76841471515557
1304,"A8K0Z3|WASH1_HUMAN","WASH complex subunit 1 OS=Homo sapiens OX=9606 GN=WASHC1 PE=1 SV=2",-0.451998325353786,9.07853750988515,-0.256398947956192,0.798688612735481,0.888284196801107,-5.76841471515557
1304,"A8MWX3|WASH4_HUMAN","Putative WAS protein family homolog 4 OS=Homo sapiens OX=9606 GN=WASH4P PE=5 SV=1",-0.451998325353786,9.07853750988515,-0.256398947956192,0.798688612735481,0.888284196801107,-5.76841471515557
1305,"Q08945|SSRP1_HUMAN","FACT complex subunit SSRP1 OS=Homo sapiens OX=9606 GN=SSRP1 PE=1 SV=1",-2.34156372361442,12.1246722379932,-1.57287530864361,0.13651960911778,0.41400500238329,-4.69546518540033
1306,"A3KMH1|VWA8_HUMAN","von Willebrand factor A domain-containing protein 8 OS=Homo sapiens OX=9606 GN=VWA8 PE=1 SV=2",-3.83360252004366,7.52132886902686,-1.86134908766424,0.0685437093062781,0.374885133083069,-4.24891614923683
1307,"Q99733|NP1L4_HUMAN","Nucleosome assembly protein 1-like 4 OS=Homo sapiens OX=9606 GN=NAP1L4 PE=1 SV=1",-0.401052953961138,14.4899700205777,-0.613947598126158,0.542016898544428,0.710211981147201,-5.62470232052596
1308,"Q9UBQ7|GRHPR_HUMAN","Glyoxylate reductase/hydroxypyruvate reductase OS=Homo sapiens OX=9606 GN=GRHPR PE=1 SV=1",-0.985320769225316,13.7978010950548,-1.40946638175627,0.164850432779558,0.437260090371993,-4.89639440918286
1309,"Q9Y5K8|VATD_HUMAN","V-type proton ATPase subunit D OS=Homo sapiens OX=9606 GN=ATP6V1D PE=1 SV=1",-1.21703097888626,14.24969376385,-1.87467645826667,0.0666497638012822,0.373504631469922,-4.22744456634933
1310,"Q6ZMI0|PPR21_HUMAN","Protein phosphatase 1 regulatory subunit 21 OS=Homo sapiens OX=9606 GN=PPP1R21 PE=1 SV=1",-0.684577894846591,11.966963954675,-0.736377404280365,0.464921708200498,0.657363078075339,-5.54874619316197
1311,"P06454|PTMA_HUMAN","Prothymosin alpha OS=Homo sapiens OX=9606 GN=PTMA PE=1 SV=2",0.825437112872093,13.5179574169478,1.06004268051214,0.294889935297684,0.530969023287776,-5.28318993977615
1312,"Q8TCS8|PNPT1_HUMAN","Polyribonucleotide nucleotidyltransferase 1, mitochondrial OS=Homo sapiens OX=9606 GN=PNPT1 PE=1 SV=2",-0.172550726569611,12.2301913091351,-0.197553974787492,0.844190248992218,0.919684711562978,-5.78079617041956
1313,"Q16539|MK14_HUMAN","Mitogen-activated protein kinase 14 OS=Homo sapiens OX=9606 GN=MAPK14 PE=1 SV=3",-1.81024244591031,11.0873295207176,-1.2622335221217,0.215533943795739,0.474836161600127,-5.07113627207068
1314,"Q9P258|RCC2_HUMAN","Protein RCC2 OS=Homo sapiens OX=9606 GN=RCC2 PE=1 SV=2",0.157422956270072,12.7132338266727,0.199667699174417,0.842545508466573,0.919392831255518,-5.78040689727473
1315,"P54709|AT1B3_HUMAN","Sodium/potassium-transporting ATPase subunit beta-3 OS=Homo sapiens OX=9606 GN=ATP1B3 PE=1 SV=1",-2.89862868578927,14.0200929570078,-3.56870543090976,0.00118183844635743,0.1351918445385,-0.86751943755519
1316,"P11766|ADHX_HUMAN","Alcohol dehydrogenase class-3 OS=Homo sapiens OX=9606 GN=ADH5 PE=1 SV=4",-1.55795619633668,13.2063555957475,-1.96592896015026,0.0551006715664239,0.366768875860716,-4.07854037251399
1317,"O15372|EIF3H_HUMAN","Eukaryotic translation initiation factor 3 subunit H OS=Homo sapiens OX=9606 GN=EIF3H PE=1 SV=1",-2.27686703671404,13.1949973570869,-1.22092867669406,0.248840391812348,0.495037213642393,-5.10858897774916
1318,"Q86VS8|HOOK3_HUMAN","Protein Hook homolog 3 OS=Homo sapiens OX=9606 GN=HOOK3 PE=1 SV=2",-0.771848818201848,12.4911874995187,-0.987569780261298,0.328090396429684,0.557850794810903,-5.35105580358988
1319,"Q96JC1|VPS39_HUMAN","Vam6/Vps39-like protein OS=Homo sapiens OX=9606 GN=VPS39 PE=1 SV=2",-0.793513929095514,11.809172005229,-0.802453022563013,0.42606631747759,0.627588108541716,-5.50216349282272
1320,"P62906|RL10A_HUMAN","60S ribosomal protein L10a OS=Homo sapiens OX=9606 GN=RPL10A PE=1 SV=2",-1.17153246036516,14.844900704751,-1.84913556500653,0.0703191818541477,0.374885133083069,-4.26847765131066
1321,"O94906|PRP6_HUMAN","Pre-mRNA-processing factor 6 OS=Homo sapiens OX=9606 GN=PRPF6 PE=1 SV=1",-0.365115821105553,13.1138968385163,-0.506222309968348,0.614912313748324,0.758427071968509,-5.68031515213405
1322,"P17661|DESM_HUMAN","Desmin OS=Homo sapiens OX=9606 GN=DES PE=1 SV=3",1.7248075650217,8.9626583429777,0.750891890698057,0.459106159267585,0.653581581608344,-5.53595292242444
1323,"P50402|EMD_HUMAN","Emerin OS=Homo sapiens OX=9606 GN=EMD PE=1 SV=1",-0.847472266207518,13.9422256739329,-1.29770625873256,0.200308244513485,0.464731305655111,-5.03140245035136
1324,"P40818|UBP8_HUMAN","Ubiquitin carboxyl-terminal hydrolase 8 OS=Homo sapiens OX=9606 GN=USP8 PE=1 SV=1",-1.64850108002028,11.114409839877,-1.4385888605155,0.156460757245526,0.430592000930659,-4.85953229002412
1325,"P55899|FCGRN_HUMAN","IgG receptor FcRn large subunit p51 OS=Homo sapiens OX=9606 GN=FCGRT PE=1 SV=1",-0.0254638633947533,14.7874665120959,-0.0405942739056859,0.967780056414707,0.98168363235472,-5.79813375048427
1326,"Q8IUD2|RB6I2_HUMAN","ELKS/Rab6-interacting/CAST family member 1 OS=Homo sapiens OX=9606 GN=ERC1 PE=1 SV=1",-2.09922288512801,10.8568803622492,-1.52264163369953,0.134111141691298,0.413207622515545,-4.74929584379699
1326,"O15083|ERC2_HUMAN","ERC protein 2 OS=Homo sapiens OX=9606 GN=ERC2 PE=1 SV=3",-1.12713673121928,8.1610600892172,-0.570570028419175,0.570831428464896,0.728897409545896,-5.64836456443976
1328,"P60981|DEST_HUMAN","Destrin OS=Homo sapiens OX=9606 GN=DSTN PE=1 SV=3",-1.26245174336837,14.6023929944967,-1.95007583560744,0.056751471435161,0.366768875860716,-4.10351120597307
1329,"Q14966|ZN638_HUMAN","Zinc finger protein 638 OS=Homo sapiens OX=9606 GN=ZNF638 PE=1 SV=2",-1.20493644736074,10.0186932971757,-0.746036511429261,0.459117970940124,0.653581581608344,-5.54218011868092
1330,"Q08380|LG3BP_HUMAN","Galectin-3-binding protein OS=Homo sapiens OX=9606 GN=LGALS3BP PE=1 SV=1",4.12929578279253,10.2453997337669,2.56823662147159,0.0132370836641458,0.284166250325533,-2.93943927807757
1331,"P62873|GBB1_HUMAN","Guanine nucleotide-binding protein G(I)/G(S)/G(T) subunit beta-1 OS=Homo sapiens OX=9606 GN=GNB1 PE=1 SV=3",-0.82992464514775,13.6839833497759,-1.26120634603277,0.213052813830277,0.473243150679218,-5.07325372193389
1333,"P29373|RABP2_HUMAN","Cellular retinoic acid-binding protein 2 OS=Homo sapiens OX=9606 GN=CRABP2 PE=1 SV=2",-2.48568589343606,15.5959660142746,-3.87775108989259,0.00030673869491485,0.0880749039332173,0.228656927737241
1334,"P62081|RS7_HUMAN","40S ribosomal protein S7 OS=Homo sapiens OX=9606 GN=RPS7 PE=1 SV=1",-0.0708173399539618,15.412925347576,-0.107594621788731,0.914758015635631,0.955813385090409,-5.79352411268676
1335,"P23229|ITA6_HUMAN","Integrin alpha-6 OS=Homo sapiens OX=9606 GN=ITGA6 PE=1 SV=5",1.12786930555843,9.84832717318282,0.609148416656433,0.545916112984443,0.712510971129601,-5.62667626869758
1336,"Q9BZZ5|API5_HUMAN","Apoptosis inhibitor 5 OS=Homo sapiens OX=9606 GN=API5 PE=1 SV=3",-0.541909032851974,14.1748087624766,-0.841381098972533,0.404116925052263,0.614922102745194,-5.47289887452948
1337,"Q04323|UBXN1_HUMAN","UBX domain-containing protein 1 OS=Homo sapiens OX=9606 GN=UBXN1 PE=1 SV=2",-2.76128817962801,7.9551787723687,-1.37852999390197,0.174140450492785,0.441624863794215,-4.93479461831073
1338,"O75489|NDUS3_HUMAN","NADH dehydrogenase [ubiquinone] iron-sulfur protein 3, mitochondrial OS=Homo sapiens OX=9606 GN=NDUFS3 PE=1 SV=1",-0.371109454784387,14.6207032865935,-0.595406425326996,0.554241448552068,0.718362298800408,-5.63502528474742
1339,"Q9P0K7|RAI14_HUMAN","Ankycorbin OS=Homo sapiens OX=9606 GN=RAI14 PE=1 SV=2",-4.23737225678439,9.84633251078638,-2.46351354924129,0.0172214877499324,0.292499164066587,-3.15418095332782
1340,"P38117|ETFB_HUMAN","Electron transfer flavoprotein subunit beta OS=Homo sapiens OX=9606 GN=ETFB PE=1 SV=3",-0.207285633962897,13.9998392436171,-0.296005010675195,0.768444937931869,0.867319797608113,-5.75827929949109
1341,"P61289|PSME3_HUMAN","Proteasome activator complex subunit 3 OS=Homo sapiens OX=9606 GN=PSME3 PE=1 SV=1",-0.931417016064442,14.5866789306515,-1.49979973139333,0.139917374487011,0.417059468717294,-4.77981533170203
1342,"A4D1P6|WDR91_HUMAN","WD repeat-containing protein 91 OS=Homo sapiens OX=9606 GN=WDR91 PE=1 SV=2",-0.595341631988084,11.3271183244029,-0.546875397078958,0.586882482499501,0.739849179792705,-5.66056821044493
1343,"Q9H6Z4|RANB3_HUMAN","Ran-binding protein 3 OS=Homo sapiens OX=9606 GN=RANBP3 PE=1 SV=1",-1.20999250937878,12.1008264288287,-1.35144671930691,0.182599517492569,0.451392232148664,-4.96776775443418
1344,"Q9UBE0|SAE1_HUMAN","SUMO-activating enzyme subunit 1 OS=Homo sapiens OX=9606 GN=SAE1 PE=1 SV=1",-0.981026957919635,13.2378071733455,-1.32890910238479,0.189875091402949,0.45661195905779,-4.99474590887271
1345,"Q2M2I8|AAK1_HUMAN","AP2-associated protein kinase 1 OS=Homo sapiens OX=9606 GN=AAK1 PE=1 SV=3",-2.0020404911281,11.5498410893896,-1.5307024279388,0.136580808111512,0.41400500238329,-4.74208987375279
1346,"P04181|OAT_HUMAN","Ornithine aminotransferase, mitochondrial OS=Homo sapiens OX=9606 GN=OAT PE=1 SV=1",-3.67236620298713,10.5088302277222,-2.37785375959116,0.0214134453700715,0.300415990908463,-3.3283901250942
1347,"Q92905|CSN5_HUMAN","COP9 signalosome complex subunit 5 OS=Homo sapiens OX=9606 GN=COPS5 PE=1 SV=4",-2.74579997017984,11.4778102823415,-2.08794947187803,0.04512974456212,0.353406926961911,-3.89507633209675
1348,"Q00688|FKBP3_HUMAN","Peptidyl-prolyl cis-trans isomerase FKBP3 OS=Homo sapiens OX=9606 GN=FKBP3 PE=1 SV=1",-1.36973060024028,12.8016122359156,-1.24733015800339,0.226580298046028,0.481678846833288,-5.08562559080158
1349,"P62942|FKB1A_HUMAN","Peptidyl-prolyl cis-trans isomerase FKBP1A OS=Homo sapiens OX=9606 GN=FKBP1A PE=1 SV=2",-0.79293355436366,15.9697222255742,-1.36552306958309,0.178164597441065,0.446220064772336,-4.95070546164159
1350,"O15145|ARPC3_HUMAN","Actin-related protein 2/3 complex subunit 3 OS=Homo sapiens OX=9606 GN=ARPC3 PE=1 SV=3",-0.880858767414061,16.4930033008696,-1.47179808517792,0.14730496747523,0.422117428420371,-4.81665781013432
1351,"P27986|P85A_HUMAN","Phosphatidylinositol 3-kinase regulatory subunit alpha OS=Homo sapiens OX=9606 GN=PIK3R1 PE=1 SV=2",-1.87191563691236,10.4294593806188,-1.26525797325263,0.21160904247024,0.471709726663518,-5.06866296834021
1352,"Q9Y6Y8|S23IP_HUMAN","SEC23-interacting protein OS=Homo sapiens OX=9606 GN=SEC23IP PE=1 SV=1",-0.960468299635094,12.7499029511585,-1.2055740768331,0.233622655165117,0.485615495628163,-5.13489527127449
1353,"O14672|ADA10_HUMAN","Disintegrin and metalloproteinase domain-containing protein 10 OS=Homo sapiens OX=9606 GN=ADAM10 PE=1 SV=1",-0.870962353418186,11.8561660596085,-0.931228859569323,0.35618349256862,0.581311975177357,-5.40023709644456
1354,"O75368|SH3L1_HUMAN","SH3 domain-binding glutamic acid-rich-like protein OS=Homo sapiens OX=9606 GN=SH3BGRL PE=1 SV=1",-1.20432185478242,15.5409749863186,-2.08627930046727,0.0420437422467431,0.348345476869979,-3.8692426214713
1355,"Q14155|ARHG7_HUMAN","Rho guanine nucleotide exchange factor 7 OS=Homo sapiens OX=9606 GN=ARHGEF7 PE=1 SV=2",-4.80557149491154,9.38096391912264,-2.65447870476084,0.0106073617614334,0.271939923252938,-2.75761054157365
1357,"O95759|TBCD8_HUMAN","TBC1 domain family member 8 OS=Homo sapiens OX=9606 GN=TBC1D8 PE=1 SV=3",-4.8074382047365,8.29698886953511,-2.55120204147102,0.0138220045107066,0.284531131458015,-2.97482706947772
1358,"P62263|RS14_HUMAN","40S ribosomal protein S14 OS=Homo sapiens OX=9606 GN=RPS14 PE=1 SV=3",-1.04717026874491,15.0338239165816,-1.74294742203101,0.0874536619948938,0.377971753709499,-4.4338442116699
1359,"P16401|H15_HUMAN","Histone H1.5 OS=Homo sapiens OX=9606 GN=H1-5 PE=1 SV=3",0.224283557962163,17.6687830884297,0.435077763386741,0.66536714886216,0.794493016398482,-5.71124100158574
1360,"Q13126|MTAP_HUMAN","S-methyl-5'-thioadenosine phosphorylase OS=Homo sapiens OX=9606 GN=MTAP PE=1 SV=2",-0.74431164542116,13.2285813892245,-1.01486595580431,0.315026788897117,0.545393668724436,-5.32623280725369
1361,"O95299|NDUAA_HUMAN","NADH dehydrogenase [ubiquinone] 1 alpha subcomplex subunit 10, mitochondrial OS=Homo sapiens OX=9606 GN=NDUFA10 PE=1 SV=1",-0.882120887127613,12.7417849968592,-1.12525895691729,0.265820209492928,0.50713114253025,-5.21927000205985
1362,"P20339|RAB5A_HUMAN","Ras-related protein Rab-5A OS=Homo sapiens OX=9606 GN=RAB5A PE=1 SV=2",-1.5464613598694,15.2253786044746,-2.41927660458111,0.0192086456912215,0.295105535928087,-3.2428452844885
1363,"O95716|RAB3D_HUMAN","Ras-related protein Rab-3D OS=Homo sapiens OX=9606 GN=RAB3D PE=1 SV=1",-0.598369078430956,13.1048943154544,-0.806644544683307,0.423669062382262,0.627577835583832,-5.49907716420204
1363,"P20336|RAB3A_HUMAN","Ras-related protein Rab-3A OS=Homo sapiens OX=9606 GN=RAB3A PE=1 SV=1",-3.33681815638048,9.27206293586323,-1.90336418991664,0.0627231861201642,0.370211424743563,-4.18078147304939
1363,"P20337|RAB3B_HUMAN","Ras-related protein Rab-3B OS=Homo sapiens OX=9606 GN=RAB3B PE=1 SV=2",-3.21947005589545,7.97876016189186,-1.59966745974991,0.115935654293851,0.395669463584481,-4.64332072664629
1363,"Q96E17|RAB3C_HUMAN","Ras-related protein Rab-3C OS=Homo sapiens OX=9606 GN=RAB3C PE=1 SV=1",-3.21947005589545,7.97876016189186,-1.59966745974991,0.115935654293851,0.395669463584481,-4.64332072664629
1364,"P04114|APOB_HUMAN","Apolipoprotein B-100 OS=Homo sapiens OX=9606 GN=APOB PE=1 SV=2",-4.08112608265298,9.26283022658435,-1.70877640390835,0.101295416788848,0.387024448867313,-4.50177152169901
1365,"Q16576|RBBP7_HUMAN","Histone-binding protein RBBP7 OS=Homo sapiens OX=9606 GN=RBBP7 PE=1 SV=1",-0.145190609632538,12.0790496518551,-0.162530083886565,0.87153964202386,0.931922875180849,-5.78664413447108
1366,"Q9HDC9|APMAP_HUMAN","Adipocyte plasma membrane-associated protein OS=Homo sapiens OX=9606 GN=APMAP PE=1 SV=2",-0.325549992654762,15.9376227498837,-0.57298521267431,0.569207515137071,0.728174620641625,-5.64709198782519
1367,"P10768|ESTD_HUMAN","S-formylglutathione hydrolase OS=Homo sapiens OX=9606 GN=ESD PE=1 SV=2",-1.22609279110499,14.3063159886176,-1.83448037559137,0.0725007404364301,0.375605864510613,-4.29180343279505
1368,"Q9Y512|SAM50_HUMAN","Sorting and assembly machinery component 50 homolog OS=Homo sapiens OX=9606 GN=SAMM50 PE=1 SV=3",-3.5116543633614,10.2007315112284,-2.17266582740926,0.0345428341182727,0.338634890255269,-3.71390414623137
1369,"O15042|SR140_HUMAN","U2 snRNP-associated SURP motif-containing protein OS=Homo sapiens OX=9606 GN=U2SURP PE=1 SV=2",-0.683322800972508,11.124813746512,-0.602004950148808,0.549875024233375,0.714638421657558,-5.6313872078087
1370,"P02794|FRIH_HUMAN","Ferritin heavy chain OS=Homo sapiens OX=9606 GN=FTH1 PE=1 SV=2",0.390062526149009,14.5560745018244,0.619565169868679,0.538340654182231,0.708305810099981,-5.62151321529035
1371,"Q7Z2Z2|EFL1_HUMAN","Elongation factor-like GTPase 1 OS=Homo sapiens OX=9606 GN=EFL1 PE=1 SV=2",-2.97908129124201,10.5768698707947,-2.0687234841883,0.0437309987231,0.352714253746052,-3.90017696636528
1372,"O60684|IMA7_HUMAN","Importin subunit alpha-7 OS=Homo sapiens OX=9606 GN=KPNA6 PE=1 SV=1",-2.61854809468196,10.6309586454726,-1.85600613956002,0.0693156869163223,0.374885133083069,-4.25748717760661
1373,"P53041|PPP5_HUMAN","Serine/threonine-protein phosphatase 5 OS=Homo sapiens OX=9606 GN=PPP5C PE=1 SV=1",-0.79647138386345,12.0151580423343,-0.909900822829345,0.367214554523648,0.589047704407207,-5.41812931282887
1374,"O95721|SNP29_HUMAN","Synaptosomal-associated protein 29 OS=Homo sapiens OX=9606 GN=SNAP29 PE=1 SV=1",-0.760266511547949,14.1658261137702,-1.1834263724314,0.242203324821951,0.488570616963882,-5.15870926316155
1375,"Q15067|ACOX1_HUMAN","Peroxisomal acyl-coenzyme A oxidase 1 OS=Homo sapiens OX=9606 GN=ACOX1 PE=1 SV=3",-0.820229594050407,13.9332693817517,-1.21484294494868,0.230098265032433,0.485134332219116,-5.12480602508348
1376,"P01111|RASN_HUMAN","GTPase NRas OS=Homo sapiens OX=9606 GN=NRAS PE=1 SV=1",-3.04495197900636,6.13380722620909,-1.49433097546363,0.141336641195727,0.41866362698074,-4.78706022927873
1377,"P42229|STA5A_HUMAN","Signal transducer and activator of transcription 5A OS=Homo sapiens OX=9606 GN=STAT5A PE=1 SV=1",0.34742814654056,6.24392057788271,0.162411111943183,0.871632834702371,0.931922875180849,-5.78666206302381
1378,"Q9NUY8|TBC23_HUMAN","TBC1 domain family member 23 OS=Homo sapiens OX=9606 GN=TBC1D23 PE=1 SV=3",-2.15818014799465,10.6116540821008,-1.66331960065367,0.102467918383411,0.387024448867313,-4.55222356522559
1379,"Q9Y6M5|ZNT1_HUMAN","Zinc transporter 1 OS=Homo sapiens OX=9606 GN=SLC30A1 PE=1 SV=3",-1.61976067808741,12.1430042014713,-1.89846966418676,0.0633788388719395,0.370215816673034,-4.18878567178513
1380,"Q01581|HMCS1_HUMAN","Hydroxymethylglutaryl-CoA synthase, cytoplasmic OS=Homo sapiens OX=9606 GN=HMGCS1 PE=1 SV=2",-1.60486526350776,11.9531021408285,-1.60481875043898,0.11479490013572,0.395221131002835,-4.63606620302603
1381,"O14964|HGS_HUMAN","Hepatocyte growth factor-regulated tyrosine kinase substrate OS=Homo sapiens OX=9606 GN=HGS PE=1 SV=1",-3.52245017604061,12.0113753343179,-2.59560525586849,0.0177130010506751,0.292499164066587,-3.07705712025087
1383,"Q99615|DNJC7_HUMAN","DnaJ homolog subfamily C member 7 OS=Homo sapiens OX=9606 GN=DNAJC7 PE=1 SV=2",-0.583128810541806,12.5996277238428,-0.739078980231329,0.463294227834347,0.656620340013761,-5.54691813069048
1384,"Q9Y315|DEOC_HUMAN","Deoxyribose-phosphate aldolase OS=Homo sapiens OX=9606 GN=DERA PE=1 SV=2",-2.32185011657517,11.8977956802143,-1.68944841706089,0.106898308268712,0.38869023294754,-4.53263866668472
1385,"P51151|RAB9A_HUMAN","Ras-related protein Rab-9A OS=Homo sapiens OX=9606 GN=RAB9A PE=1 SV=1",-0.692914449714666,12.376970747426,-0.83696625388802,0.406570620725512,0.616584388543937,-5.47628541486721
1386,"P31153|METK2_HUMAN","S-adenosylmethionine synthase isoform type-2 OS=Homo sapiens OX=9606 GN=MAT2A PE=1 SV=1",-0.922827024709377,14.0714519576421,-1.4161366436845,0.162898674106828,0.435365136457156,-4.88801239521242
1387,"P27694|RFA1_HUMAN","Replication protein A 70 kDa DNA-binding subunit OS=Homo sapiens OX=9606 GN=RPA1 PE=1 SV=2",-1.96452920856351,11.5122020920659,-1.52295871110909,0.13762227201123,0.415083421255161,-4.75166146182628
1388,"Q86XP3|DDX42_HUMAN","ATP-dependent RNA helicase DDX42 OS=Homo sapiens OX=9606 GN=DDX42 PE=1 SV=1",-0.780312790602425,13.3108490935315,-1.11739278616325,0.269135379943355,0.509847414481415,-5.22723838059096
1389,"Q9NTX5|ECHD1_HUMAN","Ethylmalonyl-CoA decarboxylase OS=Homo sapiens OX=9606 GN=ECHDC1 PE=1 SV=2",-1.19317693412627,14.031967488098,-1.80351226231191,0.0772987232769279,0.375605864510613,-4.34056593827357
1390,"A5YKK6|CNOT1_HUMAN","CCR4-NOT transcription complex subunit 1 OS=Homo sapiens OX=9606 GN=CNOT1 PE=1 SV=2",-2.07145356084465,11.4732523519807,-1.59280143282639,0.121026594703453,0.403141178180797,-4.65736726351219
1391,"O95292|VAPB_HUMAN","Vesicle-associated membrane protein-associated protein B/C OS=Homo sapiens OX=9606 GN=VAPB PE=1 SV=3",-0.329132284926059,11.4535261737556,-0.311026503943754,0.757065837040333,0.85933786186416,-5.75405648687836
1392,"O95219|SNX4_HUMAN","Sorting nexin-4 OS=Homo sapiens OX=9606 GN=SNX4 PE=1 SV=1",-0.0631202045460775,11.9982460116658,-0.0667714065010065,0.947028394141145,0.972312584878644,-5.79682967389484
1393,"Q9NSK0|KLC4_HUMAN","Kinesin light chain 4 OS=Homo sapiens OX=9606 GN=KLC4 PE=1 SV=3",0.461867245939699,6.29426450250489,0.223298139173691,0.824207885724818,0.908313954759092,-5.77577350250065
1394,"P13284|GILT_HUMAN","Gamma-interferon-inducible lysosomal thiol reductase OS=Homo sapiens OX=9606 GN=IFI30 PE=1 SV=3",-1.73513573550713,15.027613465299,-2.25780251711071,0.0316520019954795,0.332500420962268,-3.60534811583808
1395,"P84085|ARF5_HUMAN","ADP-ribosylation factor 5 OS=Homo sapiens OX=9606 GN=ARF5 PE=1 SV=2",-1.85266012837634,12.7260381417341,-1.84971811865653,0.07544033075203,0.375605864510613,-4.28777863223624
1396,"O14773|TPP1_HUMAN","Tripeptidyl-peptidase 1 OS=Homo sapiens OX=9606 GN=TPP1 PE=1 SV=2",-0.843560732802652,11.4253155054613,-0.777276170492871,0.440636345211548,0.63835208167714,-5.5203725934733
1397,"P00813|ADA_HUMAN","Adenosine deaminase OS=Homo sapiens OX=9606 GN=ADA PE=1 SV=3",-0.170928591818933,13.0378306290803,-0.236950325721392,0.813657735394112,0.899031263812837,-5.7728611748622
1398,"P51648|AL3A2_HUMAN","Aldehyde dehydrogenase family 3 member A2 OS=Homo sapiens OX=9606 GN=ALDH3A2 PE=1 SV=1",-0.662952651895361,14.661387335863,-1.07707941135621,0.286583632164168,0.523203848059365,-5.2672432073254
1399,"P68036|UB2L3_HUMAN","Ubiquitin-conjugating enzyme E2 L3 OS=Homo sapiens OX=9606 GN=UBE2L3 PE=1 SV=1",-0.393972489356965,12.6119861242174,-0.457900175851273,0.648996216033724,0.784074811348457,-5.70182486963968
1400,"P58546|MTPN_HUMAN","Myotrophin OS=Homo sapiens OX=9606 GN=MTPN PE=1 SV=2",-0.507967155531908,16.379355773508,-0.90905058874046,0.367658803702724,0.589238751572376,-5.41883429417555
1401,"Q8IUI8|CRLF3_HUMAN","Cytokine receptor-like factor 3 OS=Homo sapiens OX=9606 GN=CRLF3 PE=1 SV=2",-0.112312865672239,9.67757837729054,-0.0630168042726108,0.950002885461576,0.973973441486076,-5.79705577557623
1402,"Q13526|PIN1_HUMAN","Peptidyl-prolyl cis-trans isomerase NIMA-interacting 1 OS=Homo sapiens OX=9606 GN=PIN1 PE=1 SV=1",-1.38842960985585,12.6177684799488,-1.70359864035577,0.0946278524138657,0.385701893955712,-4.49295155204102
1403,"O43837|IDH3B_HUMAN","Isocitrate dehydrogenase [NAD] subunit beta, mitochondrial OS=Homo sapiens OX=9606 GN=IDH3B PE=1 SV=2",-1.11956370805007,13.0313342057786,-1.51981371558495,0.134819397810701,0.413207622515545,-4.75309690768295
1404,"Q8N0X7|SPART_HUMAN","Spartin OS=Homo sapiens OX=9606 GN=SPART PE=1 SV=1",-2.06138668276492,9.95194256560885,-1.08588334110697,0.285314509129327,0.522026164324559,-5.25672649194344
1405,"P04062|GLCM_HUMAN","Lysosomal acid glucosylceramidase OS=Homo sapiens OX=9606 GN=GBA PE=1 SV=3",-1.75993431300169,13.8657852685528,-2.53027601579123,0.0145726746109634,0.286254888807852,-3.01805762175425
1406,"Q9NVI7|ATD3A_HUMAN","ATPase family AAA domain-containing protein 3A OS=Homo sapiens OX=9606 GN=ATAD3A PE=1 SV=2",-2.7061934711182,10.1065010013015,-1.60893230775919,0.113961148630331,0.394932135154396,-4.63035669478676
1406,"Q5T2N8|ATD3C_HUMAN","ATPase family AAA domain-containing protein 3C OS=Homo sapiens OX=9606 GN=ATAD3C PE=2 SV=2",-2.81007026718513,9.64360801246662,-1.6098650447354,0.113686233912841,0.394932135154396,-4.62893934363082
1407,"Q9Y5P6|GMPPB_HUMAN","Mannose-1-phosphate guanyltransferase beta OS=Homo sapiens OX=9606 GN=GMPPB PE=1 SV=2",0.271068079553217,11.1713211048133,0.174497451461337,0.862903376202275,0.928434884162677,-5.78449076727301
1408,"Q9BXJ9|NAA15_HUMAN","N-alpha-acetyltransferase 15, NatA auxiliary subunit OS=Homo sapiens OX=9606 GN=NAA15 PE=1 SV=1",-1.53933516199016,12.9673263886217,-2.0743327371835,0.0431856101803458,0.349624855351032,-3.89031664179699
1409,"Q9HB71|CYBP_HUMAN","Calcyclin-binding protein OS=Homo sapiens OX=9606 GN=CACYBP PE=1 SV=2",-1.25211112903122,14.4979226668595,-1.84282711252159,0.0712513590741498,0.374885133083069,-4.27853803517659
1410,"P51571|SSRD_HUMAN","Translocon-associated protein subunit delta OS=Homo sapiens OX=9606 GN=SSR4 PE=1 SV=1",-0.619201809034163,14.8880715862633,-0.949507401058158,0.346902700359149,0.57549456565423,-5.38458555274234
1411,"P62879|GBB2_HUMAN","Guanine nucleotide-binding protein G(I)/G(S)/G(T) subunit beta-2 OS=Homo sapiens OX=9606 GN=GNB2 PE=1 SV=3",-0.333193783572774,12.8841658469354,-0.426591591182479,0.671497144741446,0.798206988927996,-5.71462050269258
1412,"Q06124|PTN11_HUMAN","Tyrosine-protein phosphatase non-receptor type 11 OS=Homo sapiens OX=9606 GN=PTPN11 PE=1 SV=3",-1.55406787089521,12.0278041211843,-1.64973623022075,0.105228977656926,0.387142333108459,-4.57192884983023
1413,"O00182|LEG9_HUMAN","Galectin-9 OS=Homo sapiens OX=9606 GN=LGALS9 PE=1 SV=2",-0.718030688307135,15.5928165168695,-1.2077240317222,0.232801666200188,0.485557760931822,-5.13256148452235
1414,"Q3LXA3|TKFC_HUMAN","Triokinase/FMN cyclase OS=Homo sapiens OX=9606 GN=TKFC PE=1 SV=2",-1.71464808787296,12.46092084986,-1.91074947766528,0.0618097273902784,0.369742355374902,-4.16900112302349
1415,"O60861|GAS7_HUMAN","Growth arrest-specific protein 7 OS=Homo sapiens OX=9606 GN=GAS7 PE=1 SV=3",-0.560804531747262,12.6723155978578,-0.717180154984646,0.47658036359353,0.664298814708445,-5.56154788393211
1416,"P51608|MECP2_HUMAN","Methyl-CpG-binding protein 2 OS=Homo sapiens OX=9606 GN=MECP2 PE=1 SV=1",-0.810080890456661,11.8067532225515,-0.855700330109514,0.396221566317356,0.609849204117461,-5.46179603591813
1417,"Q9P265|DIP2B_HUMAN","Disco-interacting protein 2 homolog B OS=Homo sapiens OX=9606 GN=DIP2B PE=1 SV=3",-0.970984441716331,10.5440266962112,-0.646942244506816,0.52061087220461,0.695406366708676,-5.60556261657624
1418,"Q13636|RAB31_HUMAN","Ras-related protein Rab-31 OS=Homo sapiens OX=9606 GN=RAB31 PE=1 SV=1",-0.686274218031182,14.0268142127007,-1.06590090878558,0.291558285070397,0.527777748519832,-5.27808878567653
1419,"Q15080|NCF4_HUMAN","Neutrophil cytosol factor 4 OS=Homo sapiens OX=9606 GN=NCF4 PE=1 SV=2",0.161067454146115,12.9692242368344,0.202781044415831,0.840124228643596,0.918146422930213,-5.77982599755524
1421,"P50502|F10A1_HUMAN","Hsc70-interacting protein OS=Homo sapiens OX=9606 GN=ST13 PE=1 SV=2",-1.40999252970677,16.3558587412245,-2.47754540409662,0.0166311118855324,0.292499164066587,-3.12580040934621
1421,"Q8IZP2|ST134_HUMAN","Putative protein FAM10A4 OS=Homo sapiens OX=9606 GN=ST13P4 PE=5 SV=1",-1.38252245172869,16.0639003786556,-2.41661147059411,0.0193347132231982,0.295105535928087,-3.24814756669682
1421,"Q8NFI4|F10A5_HUMAN","Putative protein FAM10A5 OS=Homo sapiens OX=9606 GN=ST13P5 PE=5 SV=1",-1.18642986362367,15.6466095937315,-2.00753691255307,0.0500798289440061,0.358801880609411,-4.00629160883018
1422,"O43865|SAHH2_HUMAN","S-adenosylhomocysteine hydrolase-like protein 1 OS=Homo sapiens OX=9606 GN=AHCYL1 PE=1 SV=2",-0.690294926157609,13.8003857846293,-0.98885369520883,0.32746792875028,0.557472082659074,-5.34990274619918
1422,"Q96HN2|SAHH3_HUMAN","Adenosylhomocysteinase 3 OS=Homo sapiens OX=9606 GN=AHCYL2 PE=1 SV=1",-0.614479161604937,11.5369823515355,-0.591124531535015,0.55708421571357,0.719880503173821,-5.63736496927228
1423,"Q96CM8|ACSF2_HUMAN","Medium-chain acyl-CoA ligase ACSF2, mitochondrial OS=Homo sapiens OX=9606 GN=ACSF2 PE=1 SV=2",-0.662374807643351,12.7994745137774,-0.87310026990877,0.386757676061155,0.603538156085288,-5.44806030443628
1424,"P04632|CPNS1_HUMAN","Calpain small subunit 1 OS=Homo sapiens OX=9606 GN=CAPNS1 PE=1 SV=1",-1.93938170724611,13.6248419583785,-2.52529322165221,0.0151642217735976,0.286254888807852,-3.04273191262036
1425,"P84103|SRSF3_HUMAN","Serine/arginine-rich splicing factor 3 OS=Homo sapiens OX=9606 GN=SRSF3 PE=1 SV=1",-0.929151203857707,13.6320642280786,-1.27683955567214,0.207522209784361,0.467750732028288,-5.05546460495439
1426,"Q9UGP4|LIMD1_HUMAN","LIM domain-containing protein 1 OS=Homo sapiens OX=9606 GN=LIMD1 PE=1 SV=1",-1.76361432801836,10.4556411430016,-1.17591483229224,0.245164762407987,0.49181398774625,-5.16669161685576
1427,"P18085|ARF4_HUMAN","ADP-ribosylation factor 4 OS=Homo sapiens OX=9606 GN=ARF4 PE=1 SV=3",-4.42640184992477,11.9195294875533,-2.14971690939733,0.0545844366613997,0.366768875860716,-3.91660283619882
1428,"Q12792|TWF1_HUMAN","Twinfilin-1 OS=Homo sapiens OX=9606 GN=TWF1 PE=1 SV=3",-0.994796967674096,12.3787641511194,-1.24269616360588,0.219742032130931,0.476862311775177,-5.09405204135882
1429,"Q96DB5|RMD1_HUMAN","Regulator of microtubule dynamics protein 1 OS=Homo sapiens OX=9606 GN=RMDN1 PE=1 SV=1",-2.83377445896599,12.7141535645912,-1.69859849395779,0.11711122951166,0.397468618288883,-4.54079032814166
1430,"P20073|ANXA7_HUMAN","Annexin A7 OS=Homo sapiens OX=9606 GN=ANXA7 PE=1 SV=3",-0.532159509694646,14.1333910389537,-0.819793260755051,0.416201849289802,0.623073119531171,-5.4892940294266
1431,"P62993|GRB2_HUMAN","Growth factor receptor-bound protein 2 OS=Homo sapiens OX=9606 GN=GRB2 PE=1 SV=1",-0.989872956136216,14.1173869911916,-1.45396102592765,0.152168804223516,0.425255728220961,-4.83979708455269
1432,"Q14746|COG2_HUMAN","Conserved oligomeric Golgi complex subunit 2 OS=Homo sapiens OX=9606 GN=COG2 PE=1 SV=1",-4.85262767962705,9.34474732641965,-2.67376318265542,0.0100890026555364,0.269645126307281,-2.71635083394187
1433,"Q03519|TAP2_HUMAN","Antigen peptide transporter 2 OS=Homo sapiens OX=9606 GN=TAP2 PE=1 SV=1",-1.87426983421716,9.58410129738541,-0.930397273682999,0.358895545249122,0.583183097660902,-5.39883844788639
1434,"P63220|RS21_HUMAN","40S ribosomal protein S21 OS=Homo sapiens OX=9606 GN=RPS21 PE=1 SV=1",-0.19227220191898,15.4535800544593,-0.31110250373714,0.757008400868353,0.85933786186416,-5.75403459276977
1435,"Q15005|SPCS2_HUMAN","Signal peptidase complex subunit 2 OS=Homo sapiens OX=9606 GN=SPCS2 PE=1 SV=3",-0.551990183308865,14.7458269715945,-0.90567050251427,0.369428314431336,0.590538597351154,-5.42163064260562
1436,"Q9BQS8|FYCO1_HUMAN","FYVE and coiled-coil domain-containing protein 1 OS=Homo sapiens OX=9606 GN=FYCO1 PE=1 SV=3",-1.11219517418369,8.91157297659843,-0.559510391520697,0.57841293219482,0.733360170433644,-5.65401451070621
1437,"O95340|PAPS2_HUMAN","Bifunctional 3'-phosphoadenosine 5'-phosphosulfate synthase 2 OS=Homo sapiens OX=9606 GN=PAPSS2 PE=1 SV=2",-1.01539538956089,10.9940861971604,-0.805266128589644,0.424456520793059,0.627577835583832,-5.5000938536088
1438,"P49585|PCY1A_HUMAN","Choline-phosphate cytidylyltransferase A OS=Homo sapiens OX=9606 GN=PCYT1A PE=1 SV=2",-0.925048948253121,13.0398780387052,-1.2806713068734,0.206183152365404,0.467373457046528,-5.05107328144173
1438,"Q9Y5K3|PCY1B_HUMAN","Choline-phosphate cytidylyltransferase B OS=Homo sapiens OX=9606 GN=PCYT1B PE=1 SV=1",-0.804664432002317,12.3510281834734,-0.993261796336034,0.325336806215257,0.55516070696082,-5.3459329971751
1439,"Q01844|EWS_HUMAN","RNA-binding protein EWS OS=Homo sapiens OX=9606 GN=EWSR1 PE=1 SV=1",-0.338248347209282,13.9989199745451,-0.523399040234128,0.602995021030703,0.748875304376943,-5.67215546869585
1440,"Q13637|RAB32_HUMAN","Ras-related protein Rab-32 OS=Homo sapiens OX=9606 GN=RAB32 PE=1 SV=3",-1.66152193136606,11.4276418874652,-1.21030397063286,0.236127357502714,0.486137920059364,-5.12771042583634
1441,"Q9H299|SH3L3_HUMAN","SH3 domain-binding glutamic acid-rich-like protein 3 OS=Homo sapiens OX=9606 GN=SH3BGRL3 PE=1 SV=1",-1.68394130329262,13.4373323201613,-1.71240203135692,0.101492184794448,0.387024448867313,-4.49842504662031
1442,"O43426|SYNJ1_HUMAN","Synaptojanin-1 OS=Homo sapiens OX=9606 GN=SYNJ1 PE=1 SV=2",-4.67260358672839,9.28691111509473,-2.64707717114977,0.0108127084787034,0.273393487205875,-2.77338851819395
1443,"Q92696|PGTA_HUMAN","Geranylgeranyl transferase type-2 subunit alpha OS=Homo sapiens OX=9606 GN=RABGGTA PE=1 SV=2",-2.37369817778606,10.5074829369405,-1.63075694975296,0.109188392897765,0.392573148240718,-4.59922152784339
1444,"O00154|BACH_HUMAN","Cytosolic acyl coenzyme A thioester hydrolase OS=Homo sapiens OX=9606 GN=ACOT7 PE=1 SV=3",-1.75491612303794,12.4067100971703,-2.13848684396341,0.0373571028871747,0.34261629261681,-3.77598024562278
1445,"Q6NZY4|ZCHC8_HUMAN","Zinc finger CCHC domain-containing protein 8 OS=Homo sapiens OX=9606 GN=ZCCHC8 PE=1 SV=2",0.439523528057565,12.2971951689722,0.464458500118122,0.644502927121393,0.780178220098887,-5.69887682776886
1446,"P53634|CATC_HUMAN","Dipeptidyl peptidase 1 OS=Homo sapiens OX=9606 GN=CTSC PE=1 SV=2",1.03129257773837,11.4500487762567,0.959798803854284,0.341747702492508,0.570331287078358,-5.37564451817419
1447,"Q16706|MA2A1_HUMAN","Alpha-mannosidase 2 OS=Homo sapiens OX=9606 GN=MAN2A1 PE=1 SV=2",-1.78925975964537,10.2708185155267,-1.15395166423305,0.25397363631357,0.499464502003335,-5.18975661918683
1449,"P46063|RECQ1_HUMAN","ATP-dependent DNA helicase Q1 OS=Homo sapiens OX=9606 GN=RECQL PE=1 SV=3",-1.3381818199246,11.0032045842595,-1.1182961401238,0.268753185334003,0.509847414481415,-5.22632597921464
1450,"P28070|PSB4_HUMAN","Proteasome subunit beta type-4 OS=Homo sapiens OX=9606 GN=PSMB4 PE=1 SV=4",-1.01691706694036,15.1855425742264,-1.65439424779391,0.104275379235642,0.387142333108459,-4.56518764700296
1451,"Q15836|VAMP3_HUMAN","Vesicle-associated membrane protein 3 OS=Homo sapiens OX=9606 GN=VAMP3 PE=1 SV=3",-0.405315037324835,13.1965543067856,-0.587605498315797,0.559425980942351,0.721607577094551,-5.6392753644071
1453,"P61006|RAB8A_HUMAN","Ras-related protein Rab-8A OS=Homo sapiens OX=9606 GN=RAB8A PE=1 SV=1",-0.555649082006841,14.1386544282191,-0.858383975701191,0.394752596814682,0.609849204117461,-5.45969499375437
1454,"Q8N8Y2|VA0D2_HUMAN","V-type proton ATPase subunit d 2 OS=Homo sapiens OX=9606 GN=ATP6V0D2 PE=1 SV=1",-4.50880266949303,9.43004381426587,-2.46599022414431,0.0171159274885426,0.292499164066587,-3.1491806115815
1455,"Q16204|CCDC6_HUMAN","Coiled-coil domain-containing protein 6 OS=Homo sapiens OX=9606 GN=CCDC6 PE=1 SV=2",-1.3644352629952,13.2864089422572,-1.91822947567257,0.0607671949188874,0.368830596971464,-4.15636408862524
1456,"Q9BRQ8|FSP1_HUMAN","Ferroptosis suppressor protein 1 OS=Homo sapiens OX=9606 GN=AIFM2 PE=1 SV=1",-3.57390348399292,8.28404012093269,-1.75740986530898,0.0849330179541492,0.377899285463348,-4.41182258867824
1457,"P61923|COPZ1_HUMAN","Coatomer subunit zeta-1 OS=Homo sapiens OX=9606 GN=COPZ1 PE=1 SV=1",-0.722936217425959,13.9431575466862,-1.09114623650991,0.280407939181585,0.517223552057853,-5.25344252472666
1458,"P49757|NUMB_HUMAN","Protein numb homolog OS=Homo sapiens OX=9606 GN=NUMB PE=1 SV=2",-2.05990331965121,12.9742705515056,-2.77626210278511,0.00770343948736926,0.2404254628413,-2.49345239952542
1458,"Q9Y6R0|NUMBL_HUMAN","Numb-like protein OS=Homo sapiens OX=9606 GN=NUMBL PE=1 SV=1",-4.06408733502677,6.62973548488675,-1.93440982226524,0.058697568417559,0.366887115993354,-4.12960309425448
1459,"Q13136|LIPA1_HUMAN","Liprin-alpha-1 OS=Homo sapiens OX=9606 GN=PPFIA1 PE=1 SV=1",-0.563317153602286,11.8911504514706,-0.618322393515728,0.539152839160504,0.70861497658355,-5.62222120274445
1460,"P12081|HARS1_HUMAN","Histidine--tRNA ligase, cytoplasmic OS=Homo sapiens OX=9606 GN=HARS1 PE=1 SV=2",-4.11858687781587,11.1366242342039,-2.71019639738484,0.0115374976843625,0.279168553519941,-2.76877226645229
1460,"#CONTAM#SYH_HUMAN|",">sp|SYH_HUMAN|",-4.11858687781587,11.1366242342039,-2.71019639738484,0.0115374976843625,0.279168553519941,-2.76877226645229
1462,"P49023|PAXI_HUMAN","Paxillin OS=Homo sapiens OX=9606 GN=PXN PE=1 SV=3",-1.3638701274048,12.9034318228378,-1.78304914599199,0.0806131844693261,0.375605864510613,-4.3723921968287
1463,"P36551|HEM6_HUMAN","Oxygen-dependent coproporphyrinogen-III oxidase, mitochondrial OS=Homo sapiens OX=9606 GN=CPOX PE=1 SV=3",-1.53464627560688,10.3641386043069,-1.02056659884168,0.312343580872462,0.544701328738046,-5.32096696016814
1465,"P21912|SDHB_HUMAN","Succinate dehydrogenase [ubiquinone] iron-sulfur subunit, mitochondrial OS=Homo sapiens OX=9606 GN=SDHB PE=1 SV=3",-0.110024850596503,14.1981838672895,-0.170507066300096,0.865295396667082,0.928856613605917,-5.78541212359503
1466,"P31942|HNRH3_HUMAN","Heterogeneous nuclear ribonucleoprotein H3 OS=Homo sapiens OX=9606 GN=HNRNPH3 PE=1 SV=2",-0.320064748105931,13.9082122511717,-0.497970982372716,0.620674835703996,0.762912818886161,-5.6841391536552
1467,"Q9UIJ7|KAD3_HUMAN","GTP:AMP phosphotransferase AK3, mitochondrial OS=Homo sapiens OX=9606 GN=AK3 PE=1 SV=4",-2.78443740318139,10.9306494340664,-1.92508293904698,0.0615071053262643,0.369405035496774,-4.15360857284435
1468,"P10412|H14_HUMAN","Histone H1.4 OS=Homo sapiens OX=9606 GN=H1-4 PE=1 SV=2",0.667338580746508,12.9067429968298,0.913512511168091,0.365331282115849,0.586760503404765,-5.41512755457217
1469,"Q7Z739|YTHD3_HUMAN","YTH domain-containing family protein 3 OS=Homo sapiens OX=9606 GN=YTHDF3 PE=1 SV=1",-1.98337234131466,13.3911152667356,-2.36070982003528,0.0241471814629191,0.31600086074823,-3.39966240755824
1470,"P08134|RHOC_HUMAN","Rho-related GTP-binding protein RhoC OS=Homo sapiens OX=9606 GN=RHOC PE=1 SV=1",-1.21096031236266,12.5128685317774,-1.56512639965413,0.123823681836819,0.405557868951468,-4.69142476091536
1471,"P00403|COX2_HUMAN","Cytochrome c oxidase subunit 2 OS=Homo sapiens OX=9606 GN=MT-CO2 PE=1 SV=1",-0.518424855041681,15.4131051585066,-0.873549479886814,0.386515244716474,0.603378455597627,-5.44770214938003
1472,"P31947|1433S_HUMAN","14-3-3 protein sigma OS=Homo sapiens OX=9606 GN=SFN PE=1 SV=1",1.38715984311312,7.58049958498461,0.608989188878002,0.546055273351613,0.712510971129601,-5.62673209800523
1473,"Q96HY6|DDRGK_HUMAN","DDRGK domain-containing protein 1 OS=Homo sapiens OX=9606 GN=DDRGK1 PE=1 SV=2",-2.1544107205702,10.5464894192039,-1.50771684215672,0.137882744014283,0.415293239918083,-4.76928441690853
1474,"Q99426|TBCB_HUMAN","Tubulin-folding cofactor B OS=Homo sapiens OX=9606 GN=TBCB PE=1 SV=2",-0.72404843647049,13.5357998980065,-1.00954121503756,0.317547119279787,0.546414479719554,-5.33112594441565
1475,"Q99439|CNN2_HUMAN","Calponin-2 OS=Homo sapiens OX=9606 GN=CNN2 PE=1 SV=4",-3.38194352225203,12.5529855656985,-2.10836205764063,0.0569784701163937,0.366768875860716,-3.96566378007315
1476,"Q5T8D3|ACBD5_HUMAN","Acyl-CoA-binding domain-containing protein 5 OS=Homo sapiens OX=9606 GN=ACBD5 PE=1 SV=1",-3.71306802214418,10.1557405029234,-2.25858366768182,0.028276749872926,0.322745691040182,-3.55435387036622
1477,"P50897|PPT1_HUMAN","Palmitoyl-protein thioesterase 1 OS=Homo sapiens OX=9606 GN=PPT1 PE=1 SV=1",-0.409616915437157,15.764487110228,-0.701903027501349,0.485974990508145,0.670107527325416,-5.57149911446116
1478,"Q9BVK6|TMED9_HUMAN","Transmembrane emp24 domain-containing protein 9 OS=Homo sapiens OX=9606 GN=TMED9 PE=1 SV=2",-0.576508596504256,14.1375937827252,-0.855447005213655,0.396360406280676,0.609849204117461,-5.46199403632271
1479,"P50213|IDH3A_HUMAN","Isocitrate dehydrogenase [NAD] subunit alpha, mitochondrial OS=Homo sapiens OX=9606 GN=IDH3A PE=1 SV=1",-0.549836552124255,13.4652874377445,-0.757907176407092,0.452042999285815,0.648550698842107,-5.53399629802047
1480,"Q08257|QOR_HUMAN","Quinone oxidoreductase OS=Homo sapiens OX=9606 GN=CRYZ PE=1 SV=1",0.0465784395447244,9.71608035102354,0.0267288912632874,0.978781736442173,0.986800781567519,-5.79856689173682
1481,"P61604|CH10_HUMAN","10 kDa heat shock protein, mitochondrial OS=Homo sapiens OX=9606 GN=HSPE1 PE=1 SV=2",-0.023658026540458,15.3976707656849,-0.0374158030054455,0.970301578389847,0.982687508995829,-5.79824880373209
1482,"P67775|PP2AA_HUMAN","Serine/threonine-protein phosphatase 2A catalytic subunit alpha isoform OS=Homo sapiens OX=9606 GN=PPP2CA PE=1 SV=1",-1.95338563443824,10.2167130211636,-1.27368359235771,0.208629975537868,0.468737248117683,-5.05907224678612
1483,"P12004|PCNA_HUMAN","Proliferating cell nuclear antigen OS=Homo sapiens OX=9606 GN=PCNA PE=1 SV=1",0.147208747741692,13.8088892032218,0.213953645548597,0.831448168157486,0.912368728727208,-5.77766751038553
1485,"#CONTAM#SODC_HUMAN|",">sp|SODC_HUMAN|",-1.00567008550731,15.2953000780824,-1.59990502008469,0.115882845413185,0.395669463584481,-4.64298663078894
1485,"P00441|SODC_HUMAN","Superoxide dismutase [Cu-Zn] OS=Homo sapiens OX=9606 GN=SOD1 PE=1 SV=2",-1.00567008550731,15.2953000780824,-1.59990502008469,0.115882845413185,0.395669463584481,-4.64298663078894
1486,"Q9Y6K9|NEMO_HUMAN","NF-kappa-B essential modulator OS=Homo sapiens OX=9606 GN=IKBKG PE=1 SV=2",-0.493466069383395,12.5399014605207,-0.614606730799674,0.541584882592595,0.709964104575279,-5.62432960938177
1487,"O14979|HNRDL_HUMAN","Heterogeneous nuclear ribonucleoprotein D-like OS=Homo sapiens OX=9606 GN=HNRNPDL PE=1 SV=3",-0.450131183085951,16.145260954268,-0.796532501520383,0.429466292455918,0.631085404847369,-5.50649628525808
1488,"P48426|PI42A_HUMAN","Phosphatidylinositol 5-phosphate 4-kinase type-2 alpha OS=Homo sapiens OX=9606 GN=PIP4K2A PE=1 SV=2",-0.379668213687795,13.2003158932374,-0.54283675185511,0.589639659647795,0.741699186361873,-5.66259731912906
1489,"Q5T6F2|UBAP2_HUMAN","Ubiquitin-associated protein 2 OS=Homo sapiens OX=9606 GN=UBAP2 PE=1 SV=1",-4.87128200383501,9.39820612742338,-2.68638351296332,0.00976245914781074,0.266119693352031,-2.68923193424999
1490,"Q8IXB1|DJC10_HUMAN","DnaJ homolog subfamily C member 10 OS=Homo sapiens OX=9606 GN=DNAJC10 PE=1 SV=2",-2.33328351139706,11.6862885769883,-1.84153001552943,0.075897693809407,0.375605864510613,-4.29750162141304
1491,"P16403|H12_HUMAN","Histone H1.2 OS=Homo sapiens OX=9606 GN=H1-2 PE=1 SV=2",2.45662326671113,10.4985274242995,1.6790477627411,0.0993453575793043,0.386522542993734,-4.52922813245908
1492,"O75563|SKAP2_HUMAN","Src kinase-associated phosphoprotein 2 OS=Homo sapiens OX=9606 GN=SKAP2 PE=1 SV=1",-0.791238054824891,14.702112958606,-1.27739109071139,0.207329068998031,0.467750732028288,-5.05483328109836
1493,"Q9UIQ6|LCAP_HUMAN","Leucyl-cystinyl aminopeptidase OS=Homo sapiens OX=9606 GN=LNPEP PE=1 SV=3",-3.42591174131159,10.4648234543375,-2.17265880309957,0.0349595329391357,0.338634890255269,-3.71894633268863
1494,"Q9NT62|ATG3_HUMAN","Ubiquitin-like-conjugating enzyme ATG3 OS=Homo sapiens OX=9606 GN=ATG3 PE=1 SV=1",-0.519001738238746,14.7465968862006,-0.852150491687053,0.398169886069463,0.610816066587706,-5.46456543445154
1495,"O15357|SHIP2_HUMAN","Phosphatidylinositol 3,4,5-trisphosphate 5-phosphatase 2 OS=Homo sapiens OX=9606 GN=INPPL1 PE=1 SV=2",-1.76286187660297,11.4245957298655,-1.62082209438871,0.111308878914542,0.39295683728273,-4.61339601555957
1498,"Q07812|BAX_HUMAN","Apoptosis regulator BAX OS=Homo sapiens OX=9606 GN=BAX PE=1 SV=1",-0.427806226175001,13.8141324425192,-0.650504263558551,0.518327041022772,0.69481312346252,-5.60343749213948
1499,"Q86Y82|STX12_HUMAN","Syntaxin-12 OS=Homo sapiens OX=9606 GN=STX12 PE=1 SV=1",-0.549910535860125,15.3662088434183,-0.917558509146135,0.36322893506298,0.585031007493262,-5.41175121350023
1500,"P10599|THIO_HUMAN","Thioredoxin OS=Homo sapiens OX=9606 GN=TXN PE=1 SV=3",-0.691920254188508,15.5728454263026,-1.20773280327112,0.232798320990566,0.485557760931822,-5.13255195496905
1500,"#CONTAM#THIO_HUMAN|",">sp|THIO_HUMAN|",-0.691920254188508,15.5728454263026,-1.20773280327112,0.232798320990566,0.485557760931822,-5.13255195496905
1501,"Q92930|RAB8B_HUMAN","Ras-related protein Rab-8B OS=Homo sapiens OX=9606 GN=RAB8B PE=1 SV=2",-0.678285919070278,14.3329155847284,-1.07414241010324,0.287884901923725,0.524500961330577,-5.27010316063364
1502,"Q96RU3|FNBP1_HUMAN","Formin-binding protein 1 OS=Homo sapiens OX=9606 GN=FNBP1 PE=1 SV=2",-0.547625859086796,12.9526974050388,-0.695305530894439,0.490063793553868,0.673010927457063,-5.57573175828627
1503,"Q9NQ88|TIGAR_HUMAN","Fructose-2,6-bisphosphatase TIGAR OS=Homo sapiens OX=9606 GN=TIGAR PE=1 SV=1",-1.25629147037261,14.2564514327621,-1.99863393708862,0.0510669962418316,0.358801880609411,-4.02151002344623
1504,"O60832|DKC1_HUMAN","H/ACA ribonucleoprotein complex subunit DKC1 OS=Homo sapiens OX=9606 GN=DKC1 PE=1 SV=3",-1.78639491675703,11.9111499993239,-1.21733325337089,0.239810867434648,0.487715274924449,-5.11718832954895
1505,"Q9NV70|EXOC1_HUMAN","Exocyst complex component 1 OS=Homo sapiens OX=9606 GN=EXOC1 PE=1 SV=4",-1.31780826009406,11.9554641635782,-1.42106876748828,0.161467084420872,0.435298116579411,-4.88179125447373
1506,"Q15020|SART3_HUMAN","Squamous cell carcinoma antigen recognized by T-cells 3 OS=Homo sapiens OX=9606 GN=SART3 PE=1 SV=1",0.722243827680485,12.4508627929177,0.883079213221662,0.381394733369418,0.600170667381105,-5.44006211579057
1507,"Q9NRY5|F1142_HUMAN","Protein FAM114A2 OS=Homo sapiens OX=9606 GN=FAM114A2 PE=1 SV=4",-0.997376461516792,12.6513041539986,-1.29768095080474,0.200316878224272,0.464731305655111,-5.03143185349506
1508,"O43823|AKAP8_HUMAN","A-kinase anchor protein 8 OS=Homo sapiens OX=9606 GN=AKAP8 PE=1 SV=1",-0.903799317554213,11.3670424135394,-0.846535507631514,0.401263770337756,0.612701093516076,-5.46892317152814
1509,"Q9Y2L9|LRCH1_HUMAN","Leucine-rich repeat and calponin homology domain-containing protein 1 OS=Homo sapiens OX=9606 GN=LRCH1 PE=1 SV=3",-1.89852343929664,12.0444554191701,-2.02668477747014,0.048012393619582,0.354698763841406,-3.97336930966011
1510,"Q9NX63|MIC19_HUMAN","MICOS complex subunit MIC19 OS=Homo sapiens OX=9606 GN=CHCHD3 PE=1 SV=1",-0.341136398724,14.0772387314954,-0.532414301727862,0.596783322691466,0.744164959708206,-5.66776517711579
1511,"P41567|EIF1_HUMAN","Eukaryotic translation initiation factor 1 OS=Homo sapiens OX=9606 GN=EIF1 PE=1 SV=1",-1.17995502702371,14.4279432946754,-1.80043617876359,0.0777895402341852,0.375605864510613,-4.34537029603566
1511,"O60739|EIF1B_HUMAN","Eukaryotic translation initiation factor 1b OS=Homo sapiens OX=9606 GN=EIF1B PE=1 SV=2",-1.17822090557358,14.4270762339503,-1.7978755259836,0.0782001068353237,0.375605864510613,-4.34936420622194
1512,"Q9H3G5|CPVL_HUMAN","Probable serine carboxypeptidase CPVL OS=Homo sapiens OX=9606 GN=CPVL PE=1 SV=2",-0.930280072613419,13.202705797131,-0.925734050657335,0.364923459561826,0.586760503404765,-5.39942562258242
1513,"O75886|STAM2_HUMAN","Signal transducing adapter molecule 2 OS=Homo sapiens OX=9606 GN=STAM2 PE=1 SV=1",-1.59730320590459,12.6019681587944,-1.97720402373221,0.0535122073368443,0.366768875860716,-4.0579085762415
1514,"Q0JRZ9|FCHO2_HUMAN","F-BAR domain only protein 2 OS=Homo sapiens OX=9606 GN=FCHO2 PE=1 SV=2",-0.373376496679665,12.6927721944786,-0.462479449883366,0.645732022657603,0.781200049613644,-5.69987808201568
1516,"Q9H307|PININ_HUMAN","Pinin OS=Homo sapiens OX=9606 GN=PNN PE=1 SV=5",-0.787439285033631,12.962984750973,-1.01928073322994,0.312947460058839,0.544701328738046,-5.32215721363578
1517,"P14209|CD99_HUMAN","CD99 antigen OS=Homo sapiens OX=9606 GN=CD99 PE=1 SV=1",-1.9492645642657,12.5903767944468,-1.33935854238639,0.203156086527545,0.467051180058524,-4.98051245931945
1518,"Q13620|CUL4B_HUMAN","Cullin-4B OS=Homo sapiens OX=9606 GN=CUL4B PE=1 SV=4",-1.80689474420133,10.4775516051423,-1.2998421965913,0.199580584779761,0.464645177646718,-5.02891896464249
1519,"Q9BRR6|ADPGK_HUMAN","ADP-dependent glucokinase OS=Homo sapiens OX=9606 GN=ADPGK PE=1 SV=1",-1.37854903156973,13.3633891485073,-1.86066526089124,0.0686421043248342,0.374885133083069,-4.25001430871434
1520,"Q9BXB4|OSB11_HUMAN","Oxysterol-binding protein-related protein 11 OS=Homo sapiens OX=9606 GN=OSBPL11 PE=1 SV=2",-1.59405089739292,12.5261368447642,-1.96644268620832,0.0547776415906205,0.366768875860716,-4.07606204726907
1521,"P07711|CATL1_HUMAN","Procathepsin L OS=Homo sapiens OX=9606 GN=CTSL PE=1 SV=2",0.202042341558027,16.6924967236448,0.344387485949683,0.731990650695376,0.841613382953813,-5.74393401762622
1522,"P14735|IDE_HUMAN","Insulin-degrading enzyme OS=Homo sapiens OX=9606 GN=IDE PE=1 SV=4",-1.82050612833111,12.8800623236925,-2.41010191940251,0.0196457673262653,0.29753639723681,-3.26107935428099
1524,"Q96CW1|AP2M1_HUMAN","AP-2 complex subunit mu OS=Homo sapiens OX=9606 GN=AP2M1 PE=1 SV=2",-0.344420131300959,13.9689091596519,-0.536781086763504,0.593785340888057,0.743993896333424,-5.66561199699707
1525,"P34949|MPI_HUMAN","Mannose-6-phosphate isomerase OS=Homo sapiens OX=9606 GN=MPI PE=1 SV=2",-2.12507516916559,11.6000600995133,-1.64495892711103,0.110753915344698,0.392573148240718,-4.58624991399508
1526,"P33897|ABCD1_HUMAN","ATP-binding cassette sub-family D member 1 OS=Homo sapiens OX=9606 GN=ABCD1 PE=1 SV=2",-0.967322701912794,12.7421947106201,-1.24976097669229,0.217170849065431,0.475088669077635,-5.08614780434747
1527,"P40222|TXLNA_HUMAN","Alpha-taxilin OS=Homo sapiens OX=9606 GN=TXLNA PE=1 SV=3",-0.577055067077772,11.9178295737108,-0.622155228671294,0.536650021213705,0.706619272811809,-5.6200332122635
1528,"Q9UHG3|PCYOX_HUMAN","Prenylcysteine oxidase 1 OS=Homo sapiens OX=9606 GN=PCYOX1 PE=1 SV=3",-4.23211351796329,8.26139645783994,-2.21080986664745,0.0316238780234058,0.332500420962268,-3.64368514542611
1529,"Q99996|AKAP9_HUMAN","A-kinase anchor protein 9 OS=Homo sapiens OX=9606 GN=AKAP9 PE=1 SV=4",-5.3178597615651,8.5537806840059,-2.70389580990339,0.00932539600647005,0.261211106020863,-2.65144817136458
1530,"P45954|ACDSB_HUMAN","Short/branched chain specific acyl-CoA dehydrogenase, mitochondrial OS=Homo sapiens OX=9606 GN=ACADSB PE=1 SV=1",-1.22675335633086,12.4132380925339,-1.54249073999141,0.129222983760477,0.411120587293556,-4.72243677374179
1531,"Q9UJY5|GGA1_HUMAN","ADP-ribosylation factor-binding protein GGA1 OS=Homo sapiens OX=9606 GN=GGA1 PE=1 SV=1",-1.01114226611853,13.1208873586735,-1.40114972725542,0.167309279583946,0.438676892435621,-4.90679447890483
1532,"P49321|NASP_HUMAN","Nuclear autoantigenic sperm protein OS=Homo sapiens OX=9606 GN=NASP PE=1 SV=2",0.265376832338895,12.4237538257602,0.325993503453252,0.745781707459616,0.851333637431372,-5.74964202612177
1533,"Q16775|GLO2_HUMAN","Hydroxyacylglutathione hydrolase, mitochondrial OS=Homo sapiens OX=9606 GN=HAGH PE=1 SV=2",-0.792872397761839,12.7992295643683,-0.983183349861847,0.330222986869834,0.559296555850489,-5.35498433138961
1534,"Q6UXV4|MIC27_HUMAN","MICOS complex subunit MIC27 OS=Homo sapiens OX=9606 GN=APOOL PE=1 SV=1",-1.2639251990023,12.2882778834619,-1.49615292565516,0.140862543066815,0.417834003435793,-4.78464921208955
1535,"O60884|DNJA2_HUMAN","DnaJ homolog subfamily A member 2 OS=Homo sapiens OX=9606 GN=DNAJA2 PE=1 SV=1",-1.32644178600452,13.8218627778065,-1.76374487188331,0.0844770443630762,0.376829835724992,-4.40394420951716
1536,"Q8IXQ6|PARP9_HUMAN","Protein mono-ADP-ribosyltransferase PARP9 OS=Homo sapiens OX=9606 GN=PARP9 PE=1 SV=2",-2.6140530499921,9.88066354055737,-1.53926138864819,0.130008414184774,0.411120587293556,-4.72682798361458
1537,"P52788|SPSY_HUMAN","Spermine synthase OS=Homo sapiens OX=9606 GN=SMS PE=1 SV=2",-1.02816159088286,13.1364212057422,-1.36421715332736,0.178572535085526,0.446426193331483,-4.95229525731119
1538,"Q92925|SMRD2_HUMAN","SWI/SNF-related matrix-associated actin-dependent regulator of chromatin subfamily D member 2 OS=Homo sapiens OX=9606 GN=SMARCD2 PE=1 SV=3",-1.40781436012516,9.68433749950401,-0.839230915526797,0.405310818233697,0.615757916801598,-5.4745503962061
1538,"Q6STE5|SMRD3_HUMAN","SWI/SNF-related matrix-associated actin-dependent regulator of chromatin subfamily D member 3 OS=Homo sapiens OX=9606 GN=SMARCD3 PE=1 SV=1",-2.3747914643734,5.65246923871006,-1.18599635899216,0.241196077929312,0.488182548193727,-5.15596721316201
1539,"O60645|EXOC3_HUMAN","Exocyst complex component 3 OS=Homo sapiens OX=9606 GN=EXOC3 PE=1 SV=3",-1.22609854389668,11.3545558536304,-1.14740903967609,0.256641070586514,0.500612812960198,-5.19654815997321
1540,"Q9NR31|SAR1A_HUMAN","GTP-binding protein SAR1a OS=Homo sapiens OX=9606 GN=SAR1A PE=1 SV=1",-3.02910269595077,12.2789965732634,-2.01557581295453,0.0636090650268684,0.370215816673034,-4.08226355541744
1541,"Q8TCJ2|STT3B_HUMAN","Dolichyl-diphosphooligosaccharide--protein glycosyltransferase subunit STT3B OS=Homo sapiens OX=9606 GN=STT3B PE=1 SV=1",-0.716458742391817,11.379286825274,-0.656132825683449,0.514729124961697,0.691712430954767,-5.60005610271383
1542,"Q5M775|CYTSB_HUMAN","Cytospin-B OS=Homo sapiens OX=9606 GN=SPECC1 PE=1 SV=1",-3.06398064005615,9.90486568588996,-1.79675872716382,0.0783797388449288,0.375605864510613,-4.35110455881862
1543,"Q96PK6|RBM14_HUMAN","RNA-binding protein 14 OS=Homo sapiens OX=9606 GN=RBM14 PE=1 SV=2",-0.271884954979221,12.4620303718837,-0.345378128083017,0.731250385012912,0.841310480284672,-5.74361775754962
1544,"Q12929|EPS8_HUMAN","Epidermal growth factor receptor kinase substrate 8 OS=Homo sapiens OX=9606 GN=EPS8 PE=1 SV=1",-0.703717528835469,10.8286751056614,-0.579127536479872,0.565087827355827,0.725434656459477,-5.64383168311543
1545,"Q99590|SCAFB_HUMAN","Protein SCAF11 OS=Homo sapiens OX=9606 GN=SCAF11 PE=1 SV=2",-2.68069602808699,9.56054851709599,-1.5430687091047,0.129082813646618,0.411120587293556,-4.72164998738552
1546,"P51570|GALK1_HUMAN","Galactokinase OS=Homo sapiens OX=9606 GN=GALK1 PE=1 SV=1",-1.83907496952535,10.3508913336325,-1.23889160464981,0.221135960105058,0.476862311775177,-5.09829129415345
1547,"Q7Z5K2|WAPL_HUMAN","Wings apart-like protein homolog OS=Homo sapiens OX=9606 GN=WAPL PE=1 SV=1",-2.2459975713624,9.05950958822859,-1.20150715760487,0.235181440305526,0.485873725118869,-5.13929925595161
1548,"Q9UKX7|NUP50_HUMAN","Nuclear pore complex protein Nup50 OS=Homo sapiens OX=9606 GN=NUP50 PE=1 SV=2",-2.1167555603054,9.35643003031555,-1.15813285425989,0.252279404319216,0.497740446359534,-5.18539727002554
1549,"O75822|EIF3J_HUMAN","Eukaryotic translation initiation factor 3 subunit J OS=Homo sapiens OX=9606 GN=EIF3J PE=1 SV=2",-0.360364902579192,14.4834727455288,-0.564699574735059,0.574788032497684,0.730915871262925,-5.65143564559609
1550,"Q9UNS2|CSN3_HUMAN","COP9 signalosome complex subunit 3 OS=Homo sapiens OX=9606 GN=COPS3 PE=1 SV=3",-0.877483604328845,12.4588914554221,-1.0752245450554,0.287404973648034,0.524069949831533,-5.26905027789765
1551,"Q96P70|IPO9_HUMAN","Importin-9 OS=Homo sapiens OX=9606 GN=IPO9 PE=1 SV=3",-1.21159726347721,12.2011332760524,-1.40223168744375,0.16698779744684,0.438676892435621,-4.90544467117679
1552,"P20936|RASA1_HUMAN","Ras GTPase-activating protein 1 OS=Homo sapiens OX=9606 GN=RASA1 PE=1 SV=1",-1.97322819305512,11.6070410649339,-1.88512221033951,0.0651965230275785,0.371812187766828,-4.21052379238921
1553,"Q9Y376|CAB39_HUMAN","Calcium-binding protein 39 OS=Homo sapiens OX=9606 GN=CAB39 PE=1 SV=1",-4.01506222697031,11.3309818464973,-2.41831144785809,0.0258270601852453,0.31600086074823,-3.38924892152437
1554,"O43488|ARK72_HUMAN","Aflatoxin B1 aldehyde reductase member 2 OS=Homo sapiens OX=9606 GN=AKR7A2 PE=1 SV=3",-0.830560006479589,12.0452959181197,-0.933191915262588,0.355179104039862,0.581214391911143,-5.39857020799328
1554,"Q8NHP1|ARK74_HUMAN","Aflatoxin B1 aldehyde reductase member 4 OS=Homo sapiens OX=9606 GN=AKR7L PE=2 SV=7",-0.920658309160574,11.2683080844431,-0.859087624616264,0.394367996715995,0.609670840579968,-5.45914304844703
1555,"P20290|BTF3_HUMAN","Transcription factor BTF3 OS=Homo sapiens OX=9606 GN=BTF3 PE=1 SV=1",-1.30813879884037,13.2163531756124,-1.6220806425496,0.111939074293818,0.393650084368574,-4.61294669738793
1556,"O43719|HTSF1_HUMAN","HIV Tat-specific factor 1 OS=Homo sapiens OX=9606 GN=HTATSF1 PE=1 SV=1",0.194621558706224,13.8273175246606,0.1343525505315,0.895520969761786,0.945546308112328,-5.78995619676443
1557,"Q86TI2|DPP9_HUMAN","Dipeptidyl peptidase 9 OS=Homo sapiens OX=9606 GN=DPP9 PE=1 SV=3",-1.5369551918812,12.5481923520712,-1.94415316973748,0.0574806109138572,0.366768875860716,-4.11339641472866
1558,"O95674|CDS2_HUMAN","Phosphatidate cytidylyltransferase 2 OS=Homo sapiens OX=9606 GN=CDS2 PE=1 SV=1",-1.56444384316508,11.4587329390355,-1.37461570728512,0.175344050142167,0.442158562038824,-4.93959741896901
1559,"P25788|PSA3_HUMAN","Proteasome subunit alpha type-3 OS=Homo sapiens OX=9606 GN=PSMA3 PE=1 SV=2",-0.728448485299648,15.1921231814867,-1.24001617155785,0.220723259237525,0.476862311775177,-5.09703950415634
1560,"Q04837|SSBP_HUMAN","Single-stranded DNA-binding protein, mitochondrial OS=Homo sapiens OX=9606 GN=SSBP1 PE=1 SV=1",-0.239761803928438,15.8802484916097,-0.417908991638437,0.677792410039271,0.801992282977786,-5.71800986906168
1561,"Q9Y224|RTRAF_HUMAN","RNA transcription, translation and transport factor protein OS=Homo sapiens OX=9606 GN=RTRAF PE=1 SV=1",-3.20594554278206,12.2136981808868,-2.22786280100324,0.0413247616482677,0.348345476869979,-3.74399511240351
1562,"Q8NI22|MCFD2_HUMAN","Multiple coagulation factor deficiency protein 2 OS=Homo sapiens OX=9606 GN=MCFD2 PE=1 SV=1",-0.49931906828493,15.3048884024325,-0.815060556704894,0.418880311836319,0.624478194212193,-5.49283304149784
1563,"Q9NQA3|WASH6_HUMAN","WAS protein family homolog 6 OS=Homo sapiens OX=9606 GN=WASH6P PE=1 SV=3",0.813859571552011,6.39859161926867,0.399827416800073,0.690976538066246,0.812015265880306,-5.72484618519189
1564,"O60934|NBN_HUMAN","Nibrin OS=Homo sapiens OX=9606 GN=NBN PE=1 SV=1",-1.83128373139452,10.0936249537426,-1.13389672902958,0.262213328541288,0.504991085533621,-5.21045907147831
1565,"Q8WUM0|NU133_HUMAN","Nuclear pore complex protein Nup133 OS=Homo sapiens OX=9606 GN=NUP133 PE=1 SV=2",-2.82805417824219,11.4776171143043,-2.12538234220899,0.0419851679095388,0.348345476869979,-3.83434410466422
1567,"P19525|E2AK2_HUMAN","Interferon-induced, double-stranded RNA-activated protein kinase OS=Homo sapiens OX=9606 GN=EIF2AK2 PE=1 SV=2",-0.937834807384766,12.7428150580963,-1.14184132937825,0.258926762763263,0.501437755045581,-5.20229897355128
1568,"P08236|BGLR_HUMAN","Beta-glucuronidase OS=Homo sapiens OX=9606 GN=GUSB PE=1 SV=2",-1.26424677892848,15.2670755605077,-1.9312942283735,0.0590913317238883,0.366887115993354,-4.13477087279478
1569,"P35637|FUS_HUMAN","RNA-binding protein FUS OS=Homo sapiens OX=9606 GN=FUS PE=1 SV=1",-0.944428478733897,11.1871679769857,-0.665485314777111,0.510523872706256,0.687993216441128,-5.59264113685595
1570,"P62316|SMD2_HUMAN","Small nuclear ribonucleoprotein Sm D2 OS=Homo sapiens OX=9606 GN=SNRPD2 PE=1 SV=1",-3.34296945906449,13.215663310783,-1.88596800679556,0.0871317841784205,0.377971753709499,-4.29380966677496
1571,"P10619|PPGB_HUMAN","Lysosomal protective protein OS=Homo sapiens OX=9606 GN=CTSA PE=1 SV=2",-0.676720480643112,14.290140004253,-1.05245514833443,0.297620706411076,0.533438361428424,-5.290991377636
1572,"Q9Y383|LC7L2_HUMAN","Putative RNA-binding protein Luc7-like 2 OS=Homo sapiens OX=9606 GN=LUC7L2 PE=1 SV=2",-0.144919421421434,13.5309213414649,-0.211522733510981,0.833334127593585,0.913042505099357,-5.77814698232152
1573,"Q8IWB7|WDFY1_HUMAN","WD repeat and FYVE domain-containing protein 1 OS=Homo sapiens OX=9606 GN=WDFY1 PE=1 SV=1",-1.426113280534,12.628443052005,-1.74671107140497,0.0867917876268262,0.377971753709499,-4.42812870930952
1574,"Q9GZS3|WDR61_HUMAN","WD repeat-containing protein 61 OS=Homo sapiens OX=9606 GN=WDR61 PE=1 SV=1",-1.56955024399035,13.4139463257883,-2.19854386454604,0.0325378440319348,0.336068331524084,-3.6663732320904
1575,"Q9Y371|SHLB1_HUMAN","Endophilin-B1 OS=Homo sapiens OX=9606 GN=SH3GLB1 PE=1 SV=1",-0.826510325390613,13.8221261143879,-1.2108182799655,0.231623789604897,0.485557760931822,-5.12919581386984
1576,"Q15052|ARHG6_HUMAN","Rho guanine nucleotide exchange factor 6 OS=Homo sapiens OX=9606 GN=ARHGEF6 PE=1 SV=2",-2.15902925923233,11.6598381276584,-1.6884891174462,0.102175389573084,0.387024448867313,-4.52474843879761
1577,"Q6Y7W6|GGYF2_HUMAN","GRB10-interacting GYF protein 2 OS=Homo sapiens OX=9606 GN=GIGYF2 PE=1 SV=1",-3.58259266446847,9.81649289880816,-2.10133242744618,0.0406424797936162,0.348345476869979,-3.84254645362459
1578,"Q7Z434|MAVS_HUMAN","Mitochondrial antiviral-signaling protein OS=Homo sapiens OX=9606 GN=MAVS PE=1 SV=2",-2.60468499872493,11.087484813007,-2.00857672841833,0.0499656150628526,0.358801880609411,-4.00451049146404
1579,"Q13505|MTX1_HUMAN","Metaxin-1 OS=Homo sapiens OX=9606 GN=MTX1 PE=1 SV=3",-0.755703886886957,11.8782506946831,-0.762391394810903,0.449386989816378,0.646806055340906,-5.53087201597444
1580,"Q6NVY1|HIBCH_HUMAN","3-hydroxyisobutyryl-CoA hydrolase, mitochondrial OS=Homo sapiens OX=9606 GN=HIBCH PE=1 SV=2",-0.813130193153459,13.607070580661,-1.18687631182778,0.240851899829185,0.488182548193727,-5.1550270607123
1581,"Q5TFQ8|SIRBL_HUMAN","Signal-regulatory protein beta-1 isoform 3 OS=Homo sapiens OX=9606 GN=SIRPB1 PE=1 SV=1",0.211182151462058,5.2833403746882,0.105521182133709,0.916381961396915,0.956690901209542,-5.7937322068457
1582,"Q13418|ILK_HUMAN","Integrin-linked protein kinase OS=Homo sapiens OX=9606 GN=ILK PE=1 SV=2",-0.738670378955021,15.0372681822549,-1.22774730674688,0.225256597108791,0.480287209776021,-5.11063889833334
1583,"Q92804|RBP56_HUMAN","TATA-binding protein-associated factor 2N OS=Homo sapiens OX=9606 GN=TAF15 PE=1 SV=1",-0.8146779310204,12.9012655550776,-1.02485887814425,0.310333532926567,0.543556944414283,-5.31698345674337
1584,"Q6ZSR9|YJ005_HUMAN","Uncharacterized protein FLJ45252 OS=Homo sapiens OX=9606 PE=2 SV=2",-0.684450611866344,12.9951513106821,-0.931678718578726,0.355953161497481,0.581311975177357,-5.39985540644102
1585,"Q9Y5K5|UCHL5_HUMAN","Ubiquitin carboxyl-terminal hydrolase isozyme L5 OS=Homo sapiens OX=9606 GN=UCHL5 PE=1 SV=3",-1.41234866984425,13.2240777886723,-1.83607144278069,0.0722611664561694,0.375605864510613,-4.28927876860838
1586,"P34910|EVI2B_HUMAN","Protein EVI2B OS=Homo sapiens OX=9606 GN=EVI2B PE=1 SV=2",-0.833828433570281,15.3004507104878,-1.37113133459994,0.176420825093324,0.444093801096988,-4.94386213771371
1588,"P46108|CRK_HUMAN","Adapter molecule crk OS=Homo sapiens OX=9606 GN=CRK PE=1 SV=2",-0.849027043974734,11.8017381262141,-0.879661164065169,0.383226365850722,0.600857647513308,-5.44281160160963
1589,"Q96L92|SNX27_HUMAN","Sorting nexin-27 OS=Homo sapiens OX=9606 GN=SNX27 PE=1 SV=2",-0.766945106814047,12.1737802078732,-0.893930562411497,0.375616570753902,0.595992958721951,-5.43126498636338
1590,"O15118|NPC1_HUMAN","NPC intracellular cholesterol transporter 1 OS=Homo sapiens OX=9606 GN=NPC1 PE=1 SV=2",-0.748967412118589,12.7562793159011,-0.958326664185896,0.342481992380167,0.57062666970266,-5.37692917096707
1591,"Q9UJW0|DCTN4_HUMAN","Dynactin subunit 4 OS=Homo sapiens OX=9606 GN=DCTN4 PE=1 SV=1",-0.971811204459101,11.962946635029,-1.06069395672524,0.293895776075386,0.529627241655517,-5.28310389836831
1592,"P62917|RL8_HUMAN","60S ribosomal protein L8 OS=Homo sapiens OX=9606 GN=RPL8 PE=1 SV=2",-0.305355899432332,13.7365975545078,-0.426516487118742,0.671551497638381,0.798206988927996,-5.71465011704159
1593,"Q16720|AT2B3_HUMAN","Plasma membrane calcium-transporting ATPase 3 OS=Homo sapiens OX=9606 GN=ATP2B3 PE=1 SV=3",1.83164178774127,3.21943829780805,1.08746628464633,0.282014468257089,0.519233016557657,-5.25706928262508
1594,"Q6ULP2|AFTIN_HUMAN","Aftiphilin OS=Homo sapiens OX=9606 GN=AFTPH PE=1 SV=3",-2.01212276225896,10.9556881519502,-1.62175173703595,0.111109047528543,0.392573148240718,-4.61207292708487
1595,"O75044|SRGP2_HUMAN","SLIT-ROBO Rho GTPase-activating protein 2 OS=Homo sapiens OX=9606 GN=SRGAP2 PE=1 SV=3",-0.404956717423204,9.19904739883566,-0.214005211063005,0.831408173188242,0.912368728727208,-5.77765728040282
1595,"P0DJJ0|SRG2C_HUMAN","SLIT-ROBO Rho GTPase-activating protein 2C OS=Homo sapiens OX=9606 GN=SRGAP2C PE=1 SV=1",0.282015357440551,8.42361698390128,0.139220979843529,0.889831477437777,0.94257357927312,-5.78990627897757
1595,"P0DMP2|SRG2B_HUMAN","SLIT-ROBO Rho GTPase-activating protein 2B OS=Homo sapiens OX=9606 GN=SRGAP2B PE=3 SV=1",0.282015357440551,8.42361698390128,0.139220979843529,0.889831477437777,0.94257357927312,-5.78990627897757
1596,"Q8N7H5|PAF1_HUMAN","RNA polymerase II-associated factor 1 homolog OS=Homo sapiens OX=9606 GN=PAF1 PE=1 SV=2",-0.591875327192358,10.8807132651777,-0.464828165422462,0.644060531229748,0.779861880237988,-5.69887212545074
1597,"Q96GS4|BORC6_HUMAN","BLOC-1-related complex subunit 6 OS=Homo sapiens OX=9606 GN=BORCS6 PE=1 SV=2",-1.86756342065099,9.28449977803294,-1.03355948579085,0.306286129594339,0.540042889173149,-5.30885976224457
1598,"Q9NZT1|CALL5_HUMAN","Calmodulin-like protein 5 OS=Homo sapiens OX=9606 GN=CALML5 PE=1 SV=2",-0.881087465326701,11.9828273085585,-0.782885627257986,0.439468132134048,0.637732225438459,-5.51426646894403
1599,"P02751|FINC_HUMAN","Fibronectin OS=Homo sapiens OX=9606 GN=FN1 PE=1 SV=5",-2.21894757754833,11.6380426260608,-1.72825942874217,0.0946568149317827,0.385701893955712,-4.46709075566697
1600,"Q6ICG6|K0930_HUMAN","Uncharacterized protein KIAA0930 OS=Homo sapiens OX=9606 GN=KIAA0930 PE=1 SV=1",-0.977007573839389,11.5453819344393,-0.925702390009248,0.359020979488342,0.583183097660902,-5.40491162785372
1601,"P26440|IVD_HUMAN","Isovaleryl-CoA dehydrogenase, mitochondrial OS=Homo sapiens OX=9606 GN=IVD PE=1 SV=2",-0.912299179085384,13.3701747313525,-1.30829512325988,0.196720392490931,0.464005876483265,-5.0190534212045
1602,"Q96D96|HVCN1_HUMAN","Voltage-gated hydrogen channel 1 OS=Homo sapiens OX=9606 GN=HVCN1 PE=1 SV=1",-0.421928320470878,13.2792023874554,-0.589441186222929,0.558203795817464,0.720639917149813,-5.63828021722695
1603,"P62750|RL23A_HUMAN","60S ribosomal protein L23a OS=Homo sapiens OX=9606 GN=RPL23A PE=1 SV=1",-0.658822850620565,16.0426043998549,-1.17537434062692,0.245378857074438,0.492014309785664,-5.16726414049497
1604,"Q9NTJ5|SAC1_HUMAN","Phosphatidylinositol-3-phosphatase SAC1 OS=Homo sapiens OX=9606 GN=SACM1L PE=1 SV=2",-1.56078805796074,12.409460757598,-1.82573094485486,0.0738301786247997,0.375605864510613,-4.30565304383117
1605,"Q6P1M0|S27A4_HUMAN","Long-chain fatty acid transport protein 4 OS=Homo sapiens OX=9606 GN=SLC27A4 PE=1 SV=1",-1.45324494386557,12.0923867658144,-1.64797697552521,0.10559098524701,0.387142333108459,-4.57447049938171
1606,"Q6YN16|HSDL2_HUMAN","Hydroxysteroid dehydrogenase-like protein 2 OS=Homo sapiens OX=9606 GN=HSDL2 PE=1 SV=1",-1.20469774801774,13.5627783175825,-1.71445334690217,0.092601844899921,0.3848556497435,-4.47676469910322
1607,"Q13546|RIPK1_HUMAN","Receptor-interacting serine/threonine-protein kinase 1 OS=Homo sapiens OX=9606 GN=RIPK1 PE=1 SV=3",-0.892308129131711,12.0240001373125,-0.983168285543369,0.330230326717005,0.559296555850489,-5.35499779424374
1608,"Q92734|TFG_HUMAN","Protein TFG OS=Homo sapiens OX=9606 GN=TFG PE=1 SV=2",-1.13709271997345,13.9388788543414,-1.7080039877938,0.0938012342847147,0.385701893955712,-4.48639307707182
1609,"Q15477|SKIV2_HUMAN","Helicase SKI2W OS=Homo sapiens OX=9606 GN=SKIV2L PE=1 SV=3",-5.34310550930727,8.58043631625177,-2.85121332769002,0.00630130518266888,0.222292745441547,-2.32671553153971
1610,"Q9H078|CLPB_HUMAN","Caseinolytic peptidase B protein homolog OS=Homo sapiens OX=9606 GN=CLPB PE=1 SV=1",-0.763437735874232,12.6741296721415,-1.00889648378932,0.317853207969343,0.546722459715824,-5.33171674501089
1611,"P32189|GLPK_HUMAN","Glycerol kinase OS=Homo sapiens OX=9606 GN=GK PE=1 SV=3",0.314133162607609,11.0299133353758,0.270292273591399,0.788041389163563,0.882270408923178,-5.76502429259304
1611,"Q14409|GLPK3_HUMAN","Glycerol kinase 3 OS=Homo sapiens OX=9606 GN=GK3P PE=2 SV=2",-1.00358027280324,8.76616721244321,-0.51442771003032,0.609206035151517,0.75441356911949,-5.67645081076801
1612,"Q14289|FAK2_HUMAN","Protein-tyrosine kinase 2-beta OS=Homo sapiens OX=9606 GN=PTK2B PE=1 SV=2",-3.77602089776893,11.4323028112387,-2.93968256631921,0.00578273470952039,0.218475775385125,-2.2223345212264
1613,"P09668|CATH_HUMAN","Pro-cathepsin H OS=Homo sapiens OX=9606 GN=CTSH PE=1 SV=4",-0.207805478152293,15.6640080365441,-0.351754682361199,0.726491645984559,0.838177269461499,-5.74156042953695
1614,"Q9Y3L5|RAP2C_HUMAN","Ras-related protein Rap-2c OS=Homo sapiens OX=9606 GN=RAP2C PE=1 SV=1",-2.21930215700174,10.246428685072,-1.47446300988358,0.146588918641355,0.421420367594079,-4.81317866730233
1615,"P53990|IST1_HUMAN","IST1 homolog OS=Homo sapiens OX=9606 GN=IST1 PE=1 SV=1",-2.09703721834908,12.3654049129077,-1.16366047606773,0.268885420499618,0.509847414481415,-5.1686462684175
1616,"Q9Y6Y0|NS1BP_HUMAN","Influenza virus NS1A-binding protein OS=Homo sapiens OX=9606 GN=IVNS1ABP PE=1 SV=3",-5.16313733914658,8.99695117878227,-2.9313130555859,0.00506694331262522,0.213954165171342,-2.14513849017399
1617,"Q15738|NSDHL_HUMAN","Sterol-4-alpha-carboxylate 3-dehydrogenase, decarboxylating OS=Homo sapiens OX=9606 GN=NSDHL PE=1 SV=2",-2.42122828089649,11.2931802495122,-1.85346477187632,0.0714259808389659,0.374885133083069,-4.26863181808884
1618,"P26368|U2AF2_HUMAN","Splicing factor U2AF 65 kDa subunit OS=Homo sapiens OX=9606 GN=U2AF2 PE=1 SV=4",-0.772871558182898,14.729423698935,-1.26434336585965,0.21193431871489,0.471731840157639,-5.0697004774077
1619,"P16333|NCK1_HUMAN","Cytoplasmic protein NCK1 OS=Homo sapiens OX=9606 GN=NCK1 PE=1 SV=1",-2.04803231942616,12.061151487015,-2.18470655896827,0.0335967919861863,0.338634890255269,-3.6918452799327
1620,"Q96CS3|FAF2_HUMAN","FAS-associated factor 2 OS=Homo sapiens OX=9606 GN=FAF2 PE=1 SV=2",-0.949898081473743,13.1780798731154,-1.27090014187275,0.209610644858867,0.469517032959905,-5.06224715807807
1621,"Q16850|CP51A_HUMAN","Lanosterol 14-alpha demethylase OS=Homo sapiens OX=9606 GN=CYP51A1 PE=1 SV=3",-3.91684688067695,9.99186649002485,-2.52101093794425,0.01491671020229,0.286254888807852,-3.03711267333465
1622,"Q9Y5Z4|HEBP2_HUMAN","Heme-binding protein 2 OS=Homo sapiens OX=9606 GN=HEBP2 PE=1 SV=1",-1.30502959177265,12.6103537228486,-1.38237828900832,0.175750465163065,0.442924080431435,-4.9302835754837
1623,"P46976|GLYG_HUMAN","Glycogenin-1 OS=Homo sapiens OX=9606 GN=GYG1 PE=1 SV=4",-0.0220180692410423,10.7234982615626,-0.0166688812862122,0.986766717745357,0.991601552340003,-5.79876947588549
1624,"O76021|RL1D1_HUMAN","Ribosomal L1 domain-containing protein 1 OS=Homo sapiens OX=9606 GN=RSL1D1 PE=1 SV=3",-2.93200441794658,10.1475967505357,-1.79947633625113,0.0779432258764836,0.375605864510613,-4.34686796270397
1625,"P21291|CSRP1_HUMAN","Cysteine and glycine-rich protein 1 OS=Homo sapiens OX=9606 GN=CSRP1 PE=1 SV=3",-0.957806352900716,14.4339200201933,-1.5570058011545,0.125739459162139,0.407261051876768,-4.70259714494311
1626,"P42285|MTREX_HUMAN","Exosome RNA helicase MTR4 OS=Homo sapiens OX=9606 GN=MTREX PE=1 SV=3",-2.38430375167355,11.2906276350274,-1.86124079637981,0.0696372446915466,0.374885133083069,-4.25362809952042
1627,"Q9UFN0|NPS3A_HUMAN","Protein NipSnap homolog 3A OS=Homo sapiens OX=9606 GN=NIPSNAP3A PE=1 SV=2",-1.18471271629983,13.4439600932823,-1.66787462557068,0.1015554277803,0.387024448867313,-4.54558357339427
1628,"P54687|BCAT1_HUMAN","Branched-chain-amino-acid aminotransferase, cytosolic OS=Homo sapiens OX=9606 GN=BCAT1 PE=1 SV=3",-1.12298975971904,13.9527591926826,-1.74354348628042,0.0873485595839158,0.377971753709499,-4.43293974365398
1629,"O43615|TIM44_HUMAN","Mitochondrial import inner membrane translocase subunit TIM44 OS=Homo sapiens OX=9606 GN=TIMM44 PE=1 SV=2",-0.981673716987945,12.2569950284961,-1.13989970024594,0.259727259516557,0.502536076701622,-5.2042982411717
1630,"P08473|NEP_HUMAN","Neprilysin OS=Homo sapiens OX=9606 GN=MME PE=1 SV=2",-4.97335035387189,10.5512863966503,-3.2412592128684,0.00217949313676925,0.167626373929735,-1.43215347024637
1631,"Q9HD45|TM9S3_HUMAN","Transmembrane 9 superfamily member 3 OS=Homo sapiens OX=9606 GN=TM9SF3 PE=1 SV=2",-3.0358324737962,10.8447316873534,-1.9175440807653,0.0644959458801338,0.371369035970236,-4.17579358254949
1632,"P13073|COX41_HUMAN","Cytochrome c oxidase subunit 4 isoform 1, mitochondrial OS=Homo sapiens OX=9606 GN=COX4I1 PE=1 SV=1",-0.600747678119221,15.055580216547,-0.978069649527909,0.332720804233217,0.560214426830518,-5.35954303757801
1633,"O43175|SERA_HUMAN","D-3-phosphoglycerate dehydrogenase OS=Homo sapiens OX=9606 GN=PHGDH PE=1 SV=4",-0.366994056269872,12.3550957992949,-0.42641067491352,0.671628077054808,0.798206988927996,-5.71469183116615
1634,"Q7KZ85|SPT6H_HUMAN","Transcription elongation factor SPT6 OS=Homo sapiens OX=9606 GN=SUPT6H PE=1 SV=2",-1.33458564271889,10.4808986529158,-0.894035430402915,0.375561003306994,0.595992958721951,-5.43117946407427
1635,"Q6L8Q7|PDE12_HUMAN","2',5'-phosphodiesterase 12 OS=Homo sapiens OX=9606 GN=PDE12 PE=1 SV=2",-1.55437832771422,11.6121351996172,-1.53971659426427,0.129897470288559,0.411120587293556,-4.72620950605548
1636,"P07108|ACBP_HUMAN","Acyl-CoA-binding protein OS=Homo sapiens OX=9606 GN=DBI PE=1 SV=2",-0.852920565119234,16.6206215175112,-1.45885844004711,0.150820992223661,0.423664741436004,-4.83346946993991
1637,"Q9NSY1|BMP2K_HUMAN","BMP-2-inducible protein kinase OS=Homo sapiens OX=9606 GN=BMP2K PE=1 SV=2",-0.700116805553064,12.1425964405745,-0.786534071191881,0.435244816414117,0.635888542841113,-5.51374251493356
1638,"Q9NX40|OCAD1_HUMAN","OCIA domain-containing protein 1 OS=Homo sapiens OX=9606 GN=OCIAD1 PE=1 SV=1",-1.39929851295137,10.2876570211779,-0.876393484681312,0.384982599374616,0.602295697604965,-5.44543048929229
1639,"Q13439|GOGA4_HUMAN","Golgin subfamily A member 4 OS=Homo sapiens OX=9606 GN=GOLGA4 PE=1 SV=1",-1.59093520737173,8.05049647669946,-0.787904972947002,0.434449789485545,0.635606996810415,-5.51275424206782
1640,"Q9H9B4|SFXN1_HUMAN","Sideroflexin-1 OS=Homo sapiens OX=9606 GN=SFXN1 PE=1 SV=4",-0.467055989838675,12.0790415733933,-0.536528206821686,0.593958759846433,0.743993896333424,-5.66573716120568
1641,"Q9BUJ2|HNRL1_HUMAN","Heterogeneous nuclear ribonucleoprotein U-like protein 1 OS=Homo sapiens OX=9606 GN=HNRNPUL1 PE=1 SV=2",-0.626051890349251,12.5827084105951,-0.794976747883336,0.430362401718136,0.631970973133314,-5.50762964808907
1642,"P00492|HPRT_HUMAN","Hypoxanthine-guanine phosphoribosyltransferase OS=Homo sapiens OX=9606 GN=HPRT1 PE=1 SV=2",-0.658148958671472,14.422289651099,-1.06291490357673,0.292897175760938,0.528491049854362,-5.28096763715717
1643,"O75558|STX11_HUMAN","Syntaxin-11 OS=Homo sapiens OX=9606 GN=STX11 PE=1 SV=1",-2.57684692792286,9.13178067269878,-1.41636929400276,0.162830924568677,0.435365136457156,-4.88771938667505
1644,"Q66K74|MAP1S_HUMAN","Microtubule-associated protein 1S OS=Homo sapiens OX=9606 GN=MAP1S PE=1 SV=2",-2.47600408509848,8.99243449176714,-1.33832096968511,0.186810436151796,0.454663597208345,-4.98353066067869
1646,"O75439|MPPB_HUMAN","Mitochondrial-processing peptidase subunit beta OS=Homo sapiens OX=9606 GN=PMPCB PE=1 SV=2",-1.72308749248887,12.0941556876057,-1.92840602108383,0.0594583717119483,0.366887115993354,-4.13955517439058
1647,"#CONTAM#HBA_HUMAN|",">sp|HBA_HUMAN|",0.425578164839465,15.4116482906416,0.706490938514587,0.483142871187406,0.668890490565271,-5.56853266244624
1647,"P69905|HBA_HUMAN","Hemoglobin subunit alpha OS=Homo sapiens OX=9606 GN=HBA1 PE=1 SV=2",0.425578164839465,15.4116482906416,0.706490938514587,0.483142871187406,0.668890490565271,-5.56853266244624
1648,"Q96RF0|SNX18_HUMAN","Sorting nexin-18 OS=Homo sapiens OX=9606 GN=SNX18 PE=1 SV=2",-0.653189260824689,10.5820222651797,-0.443156036286993,0.659553118815413,0.791059672163181,-5.7079626070931
1649,"P14923|PLAK_HUMAN","Junction plakoglobin OS=Homo sapiens OX=9606 GN=JUP PE=1 SV=3",-0.892850524551146,6.78898489797779,-0.392677663703,0.696492593426055,0.814439623193201,-5.72725421005667
1650,"Q9HA77|SYCM_HUMAN","Probable cysteine--tRNA ligase, mitochondrial OS=Homo sapiens OX=9606 GN=CARS2 PE=1 SV=1",-2.75382512104125,9.53164938619371,-1.68530648890087,0.0981247383295193,0.386522542993734,-4.5200243242006
1651,"Q7L9L4|MOB1B_HUMAN","MOB kinase activator 1B OS=Homo sapiens OX=9606 GN=MOB1B PE=1 SV=3",-0.7099055974726,14.3975636577724,-1.07731711090598,0.286478496086036,0.523203848059365,-5.26701141868833
1651,"Q9H8S9|MOB1A_HUMAN","MOB kinase activator 1A OS=Homo sapiens OX=9606 GN=MOB1A PE=1 SV=4",-0.7099055974726,14.3975636577724,-1.07731711090598,0.286478496086036,0.523203848059365,-5.26701141868833
1652,"P26358|DNMT1_HUMAN","DNA (cytosine-5)-methyltransferase 1 OS=Homo sapiens OX=9606 GN=DNMT1 PE=1 SV=2",-1.68550882523325,8.12714670140811,-0.84290725863604,0.40327083900248,0.614609873879575,-5.47172416906242
1653,"O75694|NU155_HUMAN","Nuclear pore complex protein Nup155 OS=Homo sapiens OX=9606 GN=NUP155 PE=1 SV=1",-4.41484473628737,9.46330776003434,-2.41994498273086,0.0191771459974441,0.295105535928087,-3.24151484003414
1654,"P26006|ITA3_HUMAN","Integrin alpha-3 OS=Homo sapiens OX=9606 GN=ITGA3 PE=1 SV=5",-3.64256620348093,10.5126467068756,-2.34684798105454,0.0231702706472827,0.310885843233167,-3.39071485254056
1655,"Q9Y217|MTMR6_HUMAN","Myotubularin-related protein 6 OS=Homo sapiens OX=9606 GN=MTMR6 PE=1 SV=3",-2.02602855833311,11.0690112833147,-1.55153907162257,0.12704249132947,0.408642277935793,-4.71008887371736
1656,"Q9UPT5|EXOC7_HUMAN","Exocyst complex component 7 OS=Homo sapiens OX=9606 GN=EXOC7 PE=1 SV=3",-6.64432124056114,9.15631678113096,-3.73683233045036,0.000476937742318875,0.0889841931813121,-0.148072562451152
1657,"Q9Y286|SIGL7_HUMAN","Sialic acid-binding Ig-like lectin 7 OS=Homo sapiens OX=9606 GN=SIGLEC7 PE=1 SV=1",-1.42620550378914,11.0541342225439,-1.09120154230815,0.280383843678056,0.517223552057853,-5.25338792963751
1658,"Q99523|SORT_HUMAN","Sortilin OS=Homo sapiens OX=9606 GN=SORT1 PE=1 SV=3",-3.83360414244811,8.83599260530946,-2.11709916921373,0.0392186762257107,0.347358138681877,-3.81441548592548
1659,"P05771|KPCB_HUMAN","Protein kinase C beta type OS=Homo sapiens OX=9606 GN=PRKCB PE=1 SV=4",-1.53533604636727,12.5515327707137,-1.85721172744792,0.0691408575723921,0.374885133083069,-4.25555505218965
1660,"Q9NWH9|SLTM_HUMAN","SAFB-like transcription modulator OS=Homo sapiens OX=9606 GN=SLTM PE=1 SV=2",-2.95127007638601,7.11374540297042,-1.50149617151445,0.139479412262948,0.41688853907435,-4.77756304702581
1661,"P49354|FNTA_HUMAN","Protein farnesyltransferase/geranylgeranyltransferase type-1 subunit alpha OS=Homo sapiens OX=9606 GN=FNTA PE=1 SV=1",-1.18030904933899,11.7901575197932,-1.23959436243933,0.220877990768823,0.476862311775177,-5.0975091573416
1663,"P22059|OSBP1_HUMAN","Oxysterol-binding protein 1 OS=Homo sapiens OX=9606 GN=OSBP PE=1 SV=1",-1.61258029273469,10.8422607903896,-1.16518290978301,0.249441104515165,0.495152235165204,-5.17801314231358
1664,"P61201|CSN2_HUMAN","COP9 signalosome complex subunit 2 OS=Homo sapiens OX=9606 GN=COPS2 PE=1 SV=1",-1.09227945471968,12.6689984323955,-1.36719555144011,0.177643197088475,0.445729647544437,-4.9486673687362
1665,"P46379|BAG6_HUMAN","Large proline-rich protein BAG6 OS=Homo sapiens OX=9606 GN=BAG6 PE=1 SV=2",-3.1399700411306,9.91139460232798,-1.95601409823057,0.0560283846225314,0.366768875860716,-4.09357443606298
1666,"#CONTAM#RASH_HUMAN|",">sp|RASH_HUMAN|",-2.76367991682117,6.18086590004245,-1.32913290317272,0.189801778073351,0.45661195905779,-4.99448007656656
1666,"P01112|RASH_HUMAN","GTPase HRas OS=Homo sapiens OX=9606 GN=HRAS PE=1 SV=1",-2.76367991682117,6.18086590004245,-1.32913290317272,0.189801778073351,0.45661195905779,-4.99448007656656
1667,"P11387|TOP1_HUMAN","DNA topoisomerase 1 OS=Homo sapiens OX=9606 GN=TOP1 PE=1 SV=2",-0.509101988798351,13.1244819338282,-0.698043480269179,0.488364637197085,0.671793833410363,-5.57397996910883
1668,"Q53GQ0|DHB12_HUMAN","Very-long-chain 3-oxoacyl-CoA reductase OS=Homo sapiens OX=9606 GN=HSD17B12 PE=1 SV=2",-0.994978309501111,14.7901843702402,-1.62404347622799,0.110617672284446,0.392573148240718,-4.60880838437674
1669,"P46734|MP2K3_HUMAN","Dual specificity mitogen-activated protein kinase kinase 3 OS=Homo sapiens OX=9606 GN=MAP2K3 PE=1 SV=2",-1.5597099238839,11.074574580313,-1.27682129193108,0.207528607820745,0.467750732028288,-5.05548550650902
1670,"P46977|STT3A_HUMAN","Dolichyl-diphosphooligosaccharide--protein glycosyltransferase subunit STT3A OS=Homo sapiens OX=9606 GN=STT3A PE=1 SV=2",-2.48599692790718,11.4074890770648,-1.89531461835656,0.0667619542727504,0.373504631469922,-4.20777595198793
1671,"Q9GZP4|PITH1_HUMAN","PITH domain-containing protein 1 OS=Homo sapiens OX=9606 GN=PITHD1 PE=1 SV=1",0.470645420241794,12.7593761443428,0.576753983103698,0.566678030315164,0.726177410463378,-5.64509561176054
1672,"Q9UEU0|VTI1B_HUMAN","Vesicle transport through interaction with t-SNAREs homolog 1B OS=Homo sapiens OX=9606 GN=VTI1B PE=1 SV=3",-0.193433164124407,12.7242374898909,-0.220537442428787,0.826497069160054,0.910182274833125,-5.77626853275275
1673,"O95544|NADK_HUMAN","NAD kinase OS=Homo sapiens OX=9606 GN=NADK PE=1 SV=1",-1.27098761134414,12.7010151081631,-1.6518467917415,0.104796019765706,0.387142333108459,-4.56887648059747
1674,"Q9NRX4|PHP14_HUMAN","14 kDa phosphohistidine phosphatase OS=Homo sapiens OX=9606 GN=PHPT1 PE=1 SV=1",-0.517767470590812,13.2571685631987,-0.736532728389197,0.464828049374158,0.657363078075339,-5.5486412678904
1675,"Q9NYB0|TE2IP_HUMAN","Telomeric repeat-binding factor 2-interacting protein 1 OS=Homo sapiens OX=9606 GN=TERF2IP PE=1 SV=1",-0.0445047328956747,10.572250042058,-0.0343978773353689,0.972696021228228,0.983427478182654,-5.79834936896112
1676,"P09661|RU2A_HUMAN","U2 small nuclear ribonucleoprotein A' OS=Homo sapiens OX=9606 GN=SNRPA1 PE=1 SV=2",-0.634913198817253,13.5740686049757,-0.931978374935821,0.355799788968196,0.581311975177357,-5.39960105975258
1677,"O95571|ETHE1_HUMAN","Persulfide dioxygenase ETHE1, mitochondrial OS=Homo sapiens OX=9606 GN=ETHE1 PE=1 SV=2",-1.03740303440128,13.3216255334497,-1.51024884991406,0.137237019697014,0.41450199427422,-4.76590588073794
1678,"P48739|PIPNB_HUMAN","Phosphatidylinositol transfer protein beta isoform OS=Homo sapiens OX=9606 GN=PITPNB PE=1 SV=2",-1.33815266824403,13.3002776861861,-1.90442728235647,0.0625815442221678,0.370211424743563,-4.17904063527698
1679,"P78318|IGBP1_HUMAN","Immunoglobulin-binding protein 1 OS=Homo sapiens OX=9606 GN=IGBP1 PE=1 SV=1",-2.00494569923986,12.0386287741205,-2.0337203918674,0.0472715162291648,0.354698763841406,-3.96120694216992
1680,"O94903|PLPHP_HUMAN","Pyridoxal phosphate homeostasis protein OS=Homo sapiens OX=9606 GN=PLPBP PE=1 SV=1",-0.836371485870977,14.5564410217485,-1.34959006332503,0.183190718796242,0.451632756643055,-4.97000607033842
1681,"Q9Y2L5|TPPC8_HUMAN","Trafficking protein particle complex subunit 8 OS=Homo sapiens OX=9606 GN=TRAPPC8 PE=1 SV=2",-1.95486685562808,11.3631831766543,-1.68391050772388,0.0983959175660027,0.386522542993734,-4.5220798137586
1682,"O75131|CPNE3_HUMAN","Copine-3 OS=Homo sapiens OX=9606 GN=CPNE3 PE=1 SV=1",-2.32359055196016,13.5151097179021,-1.72527212906383,0.109717387784854,0.392573148240718,-4.50146195493497
1683,"Q06187|BTK_HUMAN","Tyrosine-protein kinase BTK OS=Homo sapiens OX=9606 GN=BTK PE=1 SV=3",-2.29621588481844,10.783113975268,-1.66878645138359,0.101373568130952,0.387024448867313,-4.54425244717556
1684,"Q92542|NICA_HUMAN","Nicastrin OS=Homo sapiens OX=9606 GN=NCSTN PE=1 SV=2",-1.14689717399435,12.9746596611304,-1.5226839292431,0.134100571250653,0.413207622515545,-4.74923894500539
1685,"P11233|RALA_HUMAN","Ras-related protein Ral-A OS=Homo sapiens OX=9606 GN=RALA PE=1 SV=1",-1.73811042249903,11.9572747298365,-1.79327606942451,0.0789421310854929,0.375605864510613,-4.35652569653144
1686,"Q9HAV0|GBB4_HUMAN","Guanine nucleotide-binding protein subunit beta-4 OS=Homo sapiens OX=9606 GN=GNB4 PE=1 SV=3",-1.20299498187983,10.7241218534741,-0.846923522353852,0.401049495231142,0.612701093516076,-5.46862293499707
1687,"Q96M27|PRRC1_HUMAN","Protein PRRC1 OS=Homo sapiens OX=9606 GN=PRRC1 PE=1 SV=1",-0.984292662916593,14.4555920028507,-1.51532796430135,0.135948964770604,0.41400500238329,-4.75911319542175
1688,"Q7Z4V5|HDGR2_HUMAN","Hepatoma-derived growth factor-related protein 2 OS=Homo sapiens OX=9606 GN=HDGFL2 PE=1 SV=1",-0.951365432304039,12.6001581367005,-1.2096187171042,0.232079904561432,0.485557760931822,-5.13050155948776
1689,"Q7L591|DOK3_HUMAN","Docking protein 3 OS=Homo sapiens OX=9606 GN=DOK3 PE=1 SV=2",-0.663329375215138,12.5161101430761,-0.809240074108966,0.422188686125265,0.626497297247659,-5.49715817089064
1690,"Q15404|RSU1_HUMAN","Ras suppressor protein 1 OS=Homo sapiens OX=9606 GN=RSU1 PE=1 SV=3",-1.1967828172923,15.1057166203854,-2.04129348363598,0.0464851264766867,0.354698763841406,-3.94807620701148
1691,"Q14011|CIRBP_HUMAN","Cold-inducible RNA-binding protein OS=Homo sapiens OX=9606 GN=CIRBP PE=1 SV=1",-0.308814452895565,14.6132192891189,-0.501165276475303,0.618441147410829,0.761036006256697,-5.68266616164093
1692,"O00505|IMA4_HUMAN","Importin subunit alpha-4 OS=Homo sapiens OX=9606 GN=KPNA3 PE=1 SV=2",-2.41154332407258,11.5301004035883,-1.90536311489039,0.0654007347112665,0.371812187766828,-4.19178553197862
1693,"P13686|PPA5_HUMAN","Tartrate-resistant acid phosphatase type 5 OS=Homo sapiens OX=9606 GN=ACP5 PE=1 SV=3",-0.946465724770135,13.9507763537523,-1.32363662725548,0.191608486663992,0.457965239928968,-5.00099660222998
1694,"Q13148|TADBP_HUMAN","TAR DNA-binding protein 43 OS=Homo sapiens OX=9606 GN=TARDBP PE=1 SV=1",-1.12034503608595,13.0632266835467,-1.47561496433503,0.146280245788607,0.421420367594079,-4.81167298282167
1695,"Q9Y450|HBS1L_HUMAN","HBS1-like protein OS=Homo sapiens OX=9606 GN=HBS1L PE=1 SV=1",-0.769575081792699,11.8367905659465,-0.814152545191652,0.419395390745698,0.62481354131502,-5.49350975659694
1696,"Q53EU6|GPAT3_HUMAN","Glycerol-3-phosphate acyltransferase 3 OS=Homo sapiens OX=9606 GN=GPAT3 PE=1 SV=2",-2.44113710254413,12.9199723115135,-3.03107675243104,0.00384411941968769,0.188775043009162,-1.91424974709458
1697,"Q15121|PEA15_HUMAN","Astrocytic phosphoprotein PEA-15 OS=Homo sapiens OX=9606 GN=PEA15 PE=1 SV=2",-0.996982273501876,15.0214763310014,-1.62334534909121,0.110767171211243,0.392573148240718,-4.6098032894447
1698,"Q969G3|SMCE1_HUMAN","SWI/SNF-related matrix-associated actin-dependent regulator of chromatin subfamily E member 1 OS=Homo sapiens OX=9606 GN=SMARCE1 PE=1 SV=2",0.00277410942586265,11.9724560042537,0.00312670112642977,0.997517625613334,0.998023989096779,-5.79889386998967
1699,"O43264|ZW10_HUMAN","Centromere/kinetochore protein zw10 homolog OS=Homo sapiens OX=9606 GN=ZW10 PE=1 SV=3",-0.77213450084249,11.343588914267,-0.701296815622498,0.48634989606102,0.670256061483274,-5.57188966411363
1700,"Q969T9|WBP2_HUMAN","WW domain-binding protein 2 OS=Homo sapiens OX=9606 GN=WBP2 PE=1 SV=1",-1.52953983445311,12.2498308964297,-1.70115689507966,0.0950886048943748,0.38600058556086,-4.49658028365252
1701,"Q9H4X1|RGCC_HUMAN","Regulator of cell cycle RGCC OS=Homo sapiens OX=9606 GN=RGCC PE=1 SV=1",-1.86413747071207,13.8564591306434,-2.81604374955198,0.00692686662296323,0.229110742269469,-2.40534103818535
1702,"P0DMM9|ST1A3_HUMAN","Sulfotransferase 1A3 OS=Homo sapiens OX=9606 GN=SULT1A3 PE=1 SV=1",1.2038082597143,11.8437326019783,1.25000727014188,0.217081616256991,0.475088669077635,-5.08587149167396
1702,"P0DMN0|ST1A4_HUMAN","Sulfotransferase 1A4 OS=Homo sapiens OX=9606 GN=SULT1A4 PE=1 SV=1",1.2038082597143,11.8437326019783,1.25000727014188,0.217081616256991,0.475088669077635,-5.08587149167396
1703,"Q9H0P0|5NT3A_HUMAN","Cytosolic 5'-nucleotidase 3A OS=Homo sapiens OX=9606 GN=NT5C3A PE=1 SV=3",-0.617690343785529,10.8443705326041,-0.492677328657967,0.624384490208965,0.765070839069705,-5.6865597107006
1704,"Q96S52|PIGS_HUMAN","GPI transamidase component PIG-S OS=Homo sapiens OX=9606 GN=PIGS PE=1 SV=3",-1.73828694198871,8.72920201306163,-0.877242406220646,0.384525854865092,0.601924766802418,-5.44475102583532
1705,"Q92552|RT27_HUMAN","28S ribosomal protein S27, mitochondrial OS=Homo sapiens OX=9606 GN=MRPS27 PE=1 SV=3",-3.09594103028982,8.91536521366478,-1.73325783416331,0.0891769902437086,0.379156265527792,-4.44850920179235
1706,"Q5T447|HECD3_HUMAN","E3 ubiquitin-protein ligase HECTD3 OS=Homo sapiens OX=9606 GN=HECTD3 PE=1 SV=1",-1.2768029473581,11.4706119780506,-1.11350410179065,0.270785006975897,0.510634451901932,-5.23115803699674
1707,"P40306|PSB10_HUMAN","Proteasome subunit beta type-10 OS=Homo sapiens OX=9606 GN=PSMB10 PE=1 SV=1",-0.77623543744658,13.6352963952161,-1.1225649619826,0.266952308732543,0.507780198715112,-5.22200495917827
1708,"P55010|IF5_HUMAN","Eukaryotic translation initiation factor 5 OS=Homo sapiens OX=9606 GN=EIF5 PE=1 SV=2",-1.51965503414344,14.6655184590498,-2.44040634062329,0.018235059544348,0.292499164066587,-3.20064858533674
1709,"O00584|RNT2_HUMAN","Ribonuclease T2 OS=Homo sapiens OX=9606 GN=RNASET2 PE=1 SV=2",0.0015925732616644,12.4858082636389,0.0019245460519125,0.998472048154508,0.998703927403964,-5.79889668774534
1710,"P17612|KAPCA_HUMAN","cAMP-dependent protein kinase catalytic subunit alpha OS=Homo sapiens OX=9606 GN=PRKACA PE=1 SV=2",-3.08405737147872,8.89879259927049,-1.60603193242109,0.114527568332445,0.394932135154396,-4.63435465613415
1710,"P22612|KAPCG_HUMAN","cAMP-dependent protein kinase catalytic subunit gamma OS=Homo sapiens OX=9606 GN=PRKACG PE=1 SV=3",-4.29634672290244,7.523191201104,-2.16020115805449,0.0355467978162723,0.338634890255269,-3.7366353809014
1711,"P11117|PPAL_HUMAN","Lysosomal acid phosphatase OS=Homo sapiens OX=9606 GN=ACP2 PE=1 SV=3",-1.15496370963606,13.9969209822183,-1.65817995807077,0.103505579311427,0.387142333108459,-4.559696451499
1712,"Q16610|ECM1_HUMAN","Extracellular matrix protein 1 OS=Homo sapiens OX=9606 GN=ECM1 PE=1 SV=2",-4.25120653807341,9.05957195787526,-2.27969288029854,0.0269007098437847,0.321315489443528,-3.51439663386582
1713,"Q9UI10|EI2BD_HUMAN","Translation initiation factor eIF-2B subunit delta OS=Homo sapiens OX=9606 GN=EIF2B4 PE=1 SV=2",-0.254500800658963,10.7292158096403,-0.201735961345734,0.840936827734916,0.918568327936669,-5.78002199346161
1714,"Q96PY5|FMNL2_HUMAN","Formin-like protein 2 OS=Homo sapiens OX=9606 GN=FMNL2 PE=1 SV=3",-0.778775988407238,8.76586137468837,-0.403364509957431,0.688389710641344,0.809877378585727,-5.72353249057265
1715,"P09496|CLCA_HUMAN","Clathrin light chain A OS=Homo sapiens OX=9606 GN=CLTA PE=1 SV=1",-0.540691231052085,15.2407671139572,-0.822946153787611,0.414423269280476,0.621923700624046,-5.48692532080277
1716,"Q5XKE5|K2C79_HUMAN","Keratin, type II cytoskeletal 79 OS=Homo sapiens OX=9606 GN=KRT79 PE=1 SV=2",-0.969315052246835,4.98851553554651,-0.483614896638241,0.630757988488698,0.770250824049,-5.69064413549181
1717,"Q13303|KCAB2_HUMAN","Voltage-gated potassium channel subunit beta-2 OS=Homo sapiens OX=9606 GN=KCNAB2 PE=1 SV=2",-1.52810102161368,13.4005334739698,-2.0824544400426,0.0424064303381704,0.348410947264029,-3.87600064505761
1718,"P22087|FBRL_HUMAN","rRNA 2'-O-methyltransferase fibrillarin OS=Homo sapiens OX=9606 GN=FBL PE=1 SV=2",-1.11994807598549,12.2123008703092,-1.3594302149441,0.180073984501509,0.447793678549653,-4.95811078241716
1719,"Q86TI0|TBCD1_HUMAN","TBC1 domain family member 1 OS=Homo sapiens OX=9606 GN=TBC1D1 PE=1 SV=2",-5.19307753465232,8.1726142958577,-2.58776084919548,0.0125944534055543,0.284166250325533,-2.89866398476924
1720,"Q9UMS4|PRP19_HUMAN","Pre-mRNA-processing factor 19 OS=Homo sapiens OX=9606 GN=PRPF19 PE=1 SV=1",-0.6142171842569,12.6662935004123,-0.771957196426168,0.443751719183549,0.641140105509408,-5.52414720746027
1721,"Q13287|NMI_HUMAN","N-myc-interactor OS=Homo sapiens OX=9606 GN=NMI PE=1 SV=2",-2.78570674490316,11.9844821002243,-2.09602754902033,0.0489693710147389,0.356871541388292,-3.91919543376475
1722,"Q96GK7|FAH2A_HUMAN","Fumarylacetoacetate hydrolase domain-containing protein 2A OS=Homo sapiens OX=9606 GN=FAHD2A PE=1 SV=1",0.118349178843638,7.62376112512943,0.0562012137528637,0.955404174052934,0.975444308545446,-5.79743278839516
1722,"Q6P2I3|FAH2B_HUMAN","Fumarylacetoacetate hydrolase domain-containing protein 2B OS=Homo sapiens OX=9606 GN=FAHD2B PE=1 SV=1",0.118349178843638,7.62376112512943,0.0562012137528637,0.955404174052934,0.975444308545446,-5.79743278839516
1723,"P57721|PCBP3_HUMAN","Poly(rC)-binding protein 3 OS=Homo sapiens OX=9606 GN=PCBP3 PE=1 SV=2",5.55158180233423,9.12017066555906,2.13931033517269,0.0454345208186327,0.354504494865672,-3.8537758550111
1724,"Q15819|UB2V2_HUMAN","Ubiquitin-conjugating enzyme E2 variant 2 OS=Homo sapiens OX=9606 GN=UBE2V2 PE=1 SV=4",-0.734455472049273,12.6840975966605,-0.790509150023412,0.434609381380699,0.635606996810415,-5.50921157191152
1726,"P48507|GSH0_HUMAN","Glutamate--cysteine ligase regulatory subunit OS=Homo sapiens OX=9606 GN=GCLM PE=1 SV=1",-4.27307105610175,8.33918494990522,-2.21908572368121,0.0310201080751198,0.329885445628496,-3.62832008460865
1727,"O43432|IF4G3_HUMAN","Eukaryotic translation initiation factor 4 gamma 3 OS=Homo sapiens OX=9606 GN=EIF4G3 PE=1 SV=2",-5.15503320286104,8.23916299268574,-2.71848445234756,0.00897510597001486,0.259434774582913,-2.61983740264557
1728,"A0JNW5|UH1BL_HUMAN","UHRF1-binding protein 1-like OS=Homo sapiens OX=9606 GN=UHRF1BP1L PE=1 SV=2",-3.98910971053111,9.09213969086203,-2.23497647205737,0.0298892986678078,0.328110514888749,-3.59868783056602
1729,"Q9Y2U8|MAN1_HUMAN","Inner nuclear membrane protein Man1 OS=Homo sapiens OX=9606 GN=LEMD3 PE=1 SV=2",-1.94327816342782,8.99685214945953,-0.985388606525466,0.329370347648834,0.559163613450346,-5.35281995004016
1730,"Q15637|SF01_HUMAN","Splicing factor 1 OS=Homo sapiens OX=9606 GN=SF1 PE=1 SV=4",-0.955578220235102,12.3470141447048,-1.13809825953742,0.260471536216035,0.503297849476205,-5.20615028315881
1731,"Q13151|ROA0_HUMAN","Heterogeneous nuclear ribonucleoprotein A0 OS=Homo sapiens OX=9606 GN=HNRNPA0 PE=1 SV=1",-0.702214600084753,14.0161330333517,-1.05867068847621,0.294807539608644,0.530969023287776,-5.28504631473091
1732,"O00233|PSMD9_HUMAN","26S proteasome non-ATPase regulatory subunit 9 OS=Homo sapiens OX=9606 GN=PSMD9 PE=1 SV=3",-2.08791612787496,11.9018316695898,-1.47654027114209,0.156414722071918,0.430592000930659,-4.81551909750585
1733,"Q99570|PI3R4_HUMAN","Phosphoinositide 3-kinase regulatory subunit 4 OS=Homo sapiens OX=9606 GN=PIK3R4 PE=1 SV=3",-2.95908300676382,9.64846254837718,-1.80873613050686,0.0764711627529589,0.375605864510613,-4.3323907940449
1734,"P24666|PPAC_HUMAN","Low molecular weight phosphotyrosine protein phosphatase OS=Homo sapiens OX=9606 GN=ACP1 PE=1 SV=3",-2.34729114596468,12.0982932287818,-1.66944480078455,0.113308350046752,0.394932135154396,-4.56439781628503
1735,"Q9P0V9|SEP10_HUMAN","Septin-10 OS=Homo sapiens OX=9606 GN=SEPTIN10 PE=1 SV=2",-1.96455179519745,10.9986420365094,-1.42530744078778,0.161034896135335,0.434572241638402,-4.87664443206197
1736,"P23219|PGH1_HUMAN","Prostaglandin G/H synthase 1 OS=Homo sapiens OX=9606 GN=PTGS1 PE=1 SV=2",-1.81495926658031,10.9190591116558,-1.47363626944736,0.146810764681212,0.421420367594079,-4.81425861535295
1737,"O75179|ANR17_HUMAN","Ankyrin repeat domain-containing protein 17 OS=Homo sapiens OX=9606 GN=ANKRD17 PE=1 SV=3",-1.3952009948751,7.28259061381278,-0.707153226689191,0.482734804199928,0.668890490565271,-5.56810287790185
1738,"Q9Y624|JAM1_HUMAN","Junctional adhesion molecule A OS=Homo sapiens OX=9606 GN=F11R PE=1 SV=1",-2.17802727791349,10.4647597858406,-1.15687891686505,0.258437917772405,0.501421074832336,-5.18333772161591
1740,"P49754|VPS41_HUMAN","Vacuolar protein sorting-associated protein 41 homolog OS=Homo sapiens OX=9606 GN=VPS41 PE=1 SV=3",-5.15946324999332,9.71637572037526,-2.91493288512358,0.0052994127375037,0.214586107848963,-2.18255012630695
1741,"P04150|GCR_HUMAN","Glucocorticoid receptor OS=Homo sapiens OX=9606 GN=NR3C1 PE=1 SV=1",-0.877543110777621,9.24787419017063,-0.478941527016849,0.634055844598326,0.772744347109505,-5.69272108133158
1742,"P61086|UBE2K_HUMAN","Ubiquitin-conjugating enzyme E2 K OS=Homo sapiens OX=9606 GN=UBE2K PE=1 SV=3",-0.542734146355828,13.5211899562788,-0.757125055238576,0.452507185306768,0.64884881823645,-5.53453938296621
1743,"Q7Z3J2|VP35L_HUMAN","VPS35 endosomal protein sorting factor-like OS=Homo sapiens OX=9606 GN=VPS35L PE=1 SV=2",-1.95757842940026,10.4757738805714,-1.31899233101335,0.193145268906903,0.45893566311809,-5.00648349657669
1744,"B0I1T2|MYO1G_HUMAN","Unconventional myosin-Ig OS=Homo sapiens OX=9606 GN=MYO1G PE=1 SV=2",-0.18860498472463,11.8312428208672,-0.197304103206957,0.844384726576072,0.919684711562978,-5.78084191455793
1744,"O94832|MYO1D_HUMAN","Unconventional myosin-Id OS=Homo sapiens OX=9606 GN=MYO1D PE=1 SV=2",-0.210734355006481,5.1294062991174,-0.102239804043228,0.918972846238904,0.958125405168472,-5.79404848046865
1745,"Q99816|TS101_HUMAN","Tumor susceptibility gene 101 protein OS=Homo sapiens OX=9606 GN=TSG101 PE=1 SV=2",-3.09152714617993,9.96486254606633,-1.81835619439093,0.0749666281050042,0.375605864510613,-4.31728221926546
1746,"Q5H9R7|PP6R3_HUMAN","Serine/threonine-protein phosphatase 6 regulatory subunit 3 OS=Homo sapiens OX=9606 GN=PPP6R3 PE=1 SV=2",-1.21409794887531,11.7455322652937,-1.26763396542518,0.210765768212773,0.47083410979897,-5.06596442939347
1747,"Q9UDT6|CLIP2_HUMAN","CAP-Gly domain-containing linker protein 2 OS=Homo sapiens OX=9606 GN=CLIP2 PE=1 SV=1",-0.419277432417895,8.70155977072071,-0.21749442167138,0.828702940349905,0.911069756222258,-5.77695934704079
1748,"P06703|S10A6_HUMAN","Protein S100-A6 OS=Homo sapiens OX=9606 GN=S100A6 PE=1 SV=1",-1.54505758045684,10.957894059674,-0.743588747816392,0.468526950379461,0.66032250500142,-5.5359037134298
1749,"Q6P4A8|PLBL1_HUMAN","Phospholipase B-like 1 OS=Homo sapiens OX=9606 GN=PLBD1 PE=1 SV=2",-1.88060492050193,13.0063374483745,-2.3168956134265,0.024724442914608,0.31600086074823,-3.44524622980779
1750,"Q6UN15|FIP1_HUMAN","Pre-mRNA 3'-end-processing factor FIP1 OS=Homo sapiens OX=9606 GN=FIP1L1 PE=1 SV=1",0.0876863836628221,12.3502469152791,0.106196548533031,0.915848823445027,0.956489059790915,-5.79366587295033
1752,"P19404|NDUV2_HUMAN","NADH dehydrogenase [ubiquinone] flavoprotein 2, mitochondrial OS=Homo sapiens OX=9606 GN=NDUFV2 PE=1 SV=2",-0.802272595094346,12.8484626256744,-1.01792724227959,0.313583952957741,0.544701328738046,-5.32340851459534
1753,"#CONTAM#BID_HUMAN|",">sp|BID_HUMAN|",-0.221467591279962,13.2071554202368,-0.300645215332864,0.764924262682995,0.864705721620908,-5.75699707449145
1753,"P55957|BID_HUMAN","BH3-interacting domain death agonist OS=Homo sapiens OX=9606 GN=BID PE=1 SV=1",-0.221467591279962,13.2071554202368,-0.300645215332864,0.764924262682995,0.864705721620908,-5.75699707449145
1754,"P15498|VAV_HUMAN","Proto-oncogene vav OS=Homo sapiens OX=9606 GN=VAV1 PE=1 SV=4",-0.56382780112973,12.6521689621426,-0.685672514558585,0.49606794545656,0.676867318308731,-5.5818415363277
1756,"Q8WZA9|IRGQ_HUMAN","Immunity-related GTPase family Q protein OS=Homo sapiens OX=9606 GN=IRGQ PE=1 SV=1",-1.36962281884255,11.7957931709009,-1.42892359276217,0.159207382917247,0.433442603176095,-4.87184268976302
1757,"O95881|TXD12_HUMAN","Thioredoxin domain-containing protein 12 OS=Homo sapiens OX=9606 GN=TXNDC12 PE=1 SV=1",-0.695409036862758,15.2299231711492,-1.15503566261398,0.253533615285798,0.499351254018063,-5.18862786042859
1758,"Q6XQN6|PNCB_HUMAN","Nicotinate phosphoribosyltransferase OS=Homo sapiens OX=9606 GN=NAPRT PE=1 SV=2",-0.817270870217691,10.549645982652,-0.562423849008672,0.576325426340503,0.732006373119595,-5.65261774824447
1759,"P32119|PRDX2_HUMAN","Peroxiredoxin-2 OS=Homo sapiens OX=9606 GN=PRDX2 PE=1 SV=5",-0.830617138389227,11.9251795865204,-0.906124223013735,0.369190470553607,0.590457986139765,-5.42125586327154
1760,"P51452|DUS3_HUMAN","Dual specificity protein phosphatase 3 OS=Homo sapiens OX=9606 GN=DUSP3 PE=1 SV=1",-0.95061838192921,14.279818367618,-1.53948009904559,0.129955100066865,0.411120587293556,-4.72653084732948
1761,"Q14739|LBR_HUMAN","Delta(14)-sterol reductase LBR OS=Homo sapiens OX=9606 GN=LBR PE=1 SV=2",-0.586820346214466,12.7256348192403,-0.768345380888921,0.445874561479917,0.642268139228764,-5.52669593661374
1762,"P50225|ST1A1_HUMAN","Sulfotransferase 1A1 OS=Homo sapiens OX=9606 GN=SULT1A1 PE=1 SV=3",-1.44898801464388,11.8528005359318,-0.894307534233265,0.385426926364071,0.60255309323051,-5.42150593363492
1762,"P50226|ST1A2_HUMAN","Sulfotransferase 1A2 OS=Homo sapiens OX=9606 GN=SULT1A2 PE=1 SV=2",-1.30227098873531,11.1459401951252,-0.975866520483612,0.334620119977358,0.562313248826563,-5.36078100725304
1763,"Q16795|NDUA9_HUMAN","NADH dehydrogenase [ubiquinone] 1 alpha subcomplex subunit 9, mitochondrial OS=Homo sapiens OX=9606 GN=NDUFA9 PE=1 SV=2",-1.15393442829049,12.3392908482724,-1.35973629862221,0.179977691432288,0.447793678549653,-4.95773949370803
1764,"Q96AX1|VP33A_HUMAN","Vacuolar protein sorting-associated protein 33A OS=Homo sapiens OX=9606 GN=VPS33A PE=1 SV=1",-4.98443161862626,10.7170905395889,-3.34679952664276,0.00166619332102411,0.158937088200598,-1.19963247255642
1765,"Q8N423|LIRB2_HUMAN","Leukocyte immunoglobulin-like receptor subfamily B member 2 OS=Homo sapiens OX=9606 GN=LILRB2 PE=1 SV=4",2.34380569485356,6.42362805444658,1.08572503859668,0.282776867959599,0.51980275592283,-5.25878130285378
1766,"P55735|SEC13_HUMAN","Protein SEC13 homolog OS=Homo sapiens OX=9606 GN=SEC13 PE=1 SV=3",-2.70452588202432,11.2617996443832,-1.94563732959273,0.0605694524422853,0.368830596971464,-4.12912085771586
1767,"Q15018|ABRX2_HUMAN","BRISC complex subunit Abraxas 2 OS=Homo sapiens OX=9606 GN=ABRAXAS2 PE=1 SV=2",-1.10071057648471,11.4838098375665,-1.03798822961569,0.304239838031426,0.538799746053187,-5.30469949870576
1768,"O60449|LY75_HUMAN","Lymphocyte antigen 75 OS=Homo sapiens OX=9606 GN=LY75 PE=1 SV=3",-0.669083013858138,11.6113749520028,-0.665680051272002,0.508657003137408,0.687131848064163,-5.59425518567877
1769,"Q3ZCQ8|TIM50_HUMAN","Mitochondrial import inner membrane translocase subunit TIM50 OS=Homo sapiens OX=9606 GN=TIMM50 PE=1 SV=2",-1.39441632536139,11.8588424625544,-1.38127086477975,0.173301453423005,0.441624863794215,-4.93142410799649
1770,"P56537|IF6_HUMAN","Eukaryotic translation initiation factor 6 OS=Homo sapiens OX=9606 GN=EIF6 PE=1 SV=1",-0.335351638448886,13.8279863286197,-0.501399883457964,0.618277235463614,0.761036006256697,-5.68255760953252
1771,"Q9BT09|CNPY3_HUMAN","Protein canopy homolog 3 OS=Homo sapiens OX=9606 GN=CNPY3 PE=1 SV=1",0.269324979191849,14.7450823949615,0.432818584625916,0.666996842026379,0.795777118727871,-5.71214713775203
1772,"Q16718|NDUA5_HUMAN","NADH dehydrogenase [ubiquinone] 1 alpha subcomplex subunit 5 OS=Homo sapiens OX=9606 GN=NDUFA5 PE=1 SV=3",-0.716957081797659,13.8444345413013,-1.00824436814512,0.318163004959435,0.546818859680881,-5.33231394499513
1773,"O75223|GGCT_HUMAN","Gamma-glutamylcyclotransferase OS=Homo sapiens OX=9606 GN=GGCT PE=1 SV=1",-0.358173956669097,14.0845221203843,-0.530605604693149,0.598027144432028,0.745068820095095,-5.66865192375748
1774,"P51159|RB27A_HUMAN","Ras-related protein Rab-27A OS=Homo sapiens OX=9606 GN=RAB27A PE=1 SV=3",-1.49640143182505,9.77496921970042,-0.91142014247919,0.366421565036412,0.587994664907536,-5.41686796849496
1775,"O95865|DDAH2_HUMAN","N(G),N(G)-dimethylarginine dimethylaminohydrolase 2 OS=Homo sapiens OX=9606 GN=DDAH2 PE=1 SV=1",-0.544931168597135,13.281073503455,-0.734424726494617,0.466100074470227,0.657978702308511,-5.55006343120701
1776,"Q92520|FAM3C_HUMAN","Protein FAM3C OS=Homo sapiens OX=9606 GN=FAM3C PE=1 SV=1",-3.66701042350739,10.8841212201231,-2.34579772381629,0.0255754748243774,0.31600086074823,-3.43845102791973
1777,"P23258|TBG1_HUMAN","Tubulin gamma-1 chain OS=Homo sapiens OX=9606 GN=TUBG1 PE=1 SV=2",-2.34690033441452,10.2018790620515,-1.51589494764944,0.13580577721538,0.413952924604843,-4.75835364548196
1777,"Q9NRH3|TBG2_HUMAN","Tubulin gamma-2 chain OS=Homo sapiens OX=9606 GN=TUBG2 PE=2 SV=1",-2.18837646189445,10.1226171257915,-1.39936344761292,0.167841083517735,0.438676892435621,-4.90902087283553
1778,"Q99961|SH3G1_HUMAN","Endophilin-A2 OS=Homo sapiens OX=9606 GN=SH3GL1 PE=1 SV=1",-0.886715952442147,12.9777199901345,-1.19587676903488,0.237351975381996,0.486431300737797,-5.14537322010481
1778,"Q99962|SH3G2_HUMAN","Endophilin-A1 OS=Homo sapiens OX=9606 GN=SH3GL2 PE=1 SV=1",-0.155508865528072,9.3648489345557,-0.0864023529581632,0.931489615863547,0.964938852545957,-5.79543454677343
1779,"O95486|SC24A_HUMAN","Protein transport protein Sec24A OS=Homo sapiens OX=9606 GN=SEC24A PE=1 SV=2",-4.07211606285979,9.91422103204916,-2.49235787490656,0.0160278068968201,0.292499164066587,-3.09570806036634
1780,"P51665|PSMD7_HUMAN","26S proteasome non-ATPase regulatory subunit 7 OS=Homo sapiens OX=9606 GN=PSMD7 PE=1 SV=2",-1.26333342054948,14.1401157332314,-1.8964652001488,0.0636490282275924,0.370215816673034,-4.19205856947961
1781,"P19838|NFKB1_HUMAN","Nuclear factor NF-kappa-B p105 subunit OS=Homo sapiens OX=9606 GN=NFKB1 PE=1 SV=2",-2.64989433777756,11.2778602260489,-2.06887813854428,0.0445874219374531,0.353406926961911,-3.90741711650385
1782,"O60502|OGA_HUMAN","Protein O-GlcNAcase OS=Homo sapiens OX=9606 GN=OGA PE=1 SV=2",-1.06711305157118,11.5081828351909,-1.01505388986963,0.314938083139893,0.545393668724436,-5.32605965669359
1783,"O43172|PRP4_HUMAN","U4/U6 small nuclear ribonucleoprotein Prp4 OS=Homo sapiens OX=9606 GN=PRPF4 PE=1 SV=2",-3.29687474328824,9.29354045926015,-1.82240443614989,0.0743409853465978,0.375605864510613,-4.31090362118914
1784,"Q99747|SNAG_HUMAN","Gamma-soluble NSF attachment protein OS=Homo sapiens OX=9606 GN=NAPG PE=1 SV=1",-0.936476655643141,13.456225696073,-1.35949561509093,0.180053406486583,0.447793678549653,-4.9580314565496
1785,"Q13618|CUL3_HUMAN","Cullin-3 OS=Homo sapiens OX=9606 GN=CUL3 PE=1 SV=2",-4.41097089690568,8.96233327935553,-2.37584343696741,0.021358142780578,0.300415990908463,-3.32869138205619
1786,"P17480|UBF1_HUMAN","Nucleolar transcription factor 1 OS=Homo sapiens OX=9606 GN=UBTF PE=1 SV=1",-2.92080442609664,10.5047123005201,-1.73651058629178,0.0916334156259862,0.383793588110348,-4.45127625769367
1787,"Q9NWQ8|PHAG1_HUMAN","Phosphoprotein associated with glycosphingolipid-enriched microdomains 1 OS=Homo sapiens OX=9606 GN=PAG1 PE=1 SV=2",-0.757429840875595,9.90953574547038,-0.455665108971192,0.650591944652527,0.784956823383752,-5.70276809265047
1789,"Q9Y4E6|WDR7_HUMAN","WD repeat-containing protein 7 OS=Homo sapiens OX=9606 GN=WDR7 PE=1 SV=2",-4.02897667999942,9.30223714400006,-2.17905047164654,0.0340383118058487,0.338634890255269,-3.70221965576106
1790,"P01040|CYTA_HUMAN","Cystatin-A OS=Homo sapiens OX=9606 GN=CSTA PE=1 SV=1",-1.24637257098568,14.8067742410969,-1.87299843395304,0.0668857578561476,0.373504631469922,-4.23015524155287
1791,"P16219|ACADS_HUMAN","Short-chain specific acyl-CoA dehydrogenase, mitochondrial OS=Homo sapiens OX=9606 GN=ACADS PE=1 SV=1",-0.616854318211221,14.2965097999938,-0.945899029236029,0.348722156365613,0.576101593302529,-5.38769851500077
1792,"Q8TC12|RDH11_HUMAN","Retinol dehydrogenase 11 OS=Homo sapiens OX=9606 GN=RDH11 PE=1 SV=2",-1.80890736379087,12.3344441246806,-2.11499734985994,0.039405924297627,0.347789581864507,-3.81817552119136
1793,"Q9BXX0|EMIL2_HUMAN","EMILIN-2 OS=Homo sapiens OX=9606 GN=EMILIN2 PE=1 SV=3",-4.4259132892488,8.87012589709262,-2.38311966178271,0.0209836327493222,0.298643451904919,-3.31439396621985
1794,"O43583|DENR_HUMAN","Density-regulated protein OS=Homo sapiens OX=9606 GN=DENR PE=1 SV=2",-1.0924287617167,12.3904881430498,-1.24717983736879,0.218107638290078,0.475640302843224,-5.08904048302117
1796,"O43516|WIPF1_HUMAN","WAS/WASL-interacting protein family member 1 OS=Homo sapiens OX=9606 GN=WIPF1 PE=1 SV=3",-0.927205740947043,12.4785841261943,-1.14860651647668,0.256151365863619,0.500564397810621,-5.19530785039369
1798,"P57740|NU107_HUMAN","Nuclear pore complex protein Nup107 OS=Homo sapiens OX=9606 GN=NUP107 PE=1 SV=1",-1.7934157177957,12.2644662102988,-2.13569592093907,0.0375955456848556,0.343787718184019,-3.78101367380984
1799,"O15126|SCAM1_HUMAN","Secretory carrier-associated membrane protein 1 OS=Homo sapiens OX=9606 GN=SCAMP1 PE=1 SV=2",-0.477571405776516,14.8915239072,-0.746845246612746,0.458633941026003,0.653581581608344,-5.5416265662592
1802,"O60493|SNX3_HUMAN","Sorting nexin-3 OS=Homo sapiens OX=9606 GN=SNX3 PE=1 SV=3",-0.384969745071984,13.1280118556563,-0.494995381977361,0.622758844092747,0.764383682390271,-5.68550291604684
1803,"P11234|RALB_HUMAN","Ras-related protein Ral-B OS=Homo sapiens OX=9606 GN=RALB PE=1 SV=1",-1.19975909954994,13.2340189250733,-1.70607913686767,0.0941616761480159,0.385701893955712,-4.48926053901509
1804,"O15231|ZN185_HUMAN","Zinc finger protein 185 OS=Homo sapiens OX=9606 GN=ZNF185 PE=1 SV=3",-0.486067629740401,9.38385097557394,-0.26912940603127,0.788931027138367,0.882760205182419,-5.76531490807331
1805,"Q9Y6I3|EPN1_HUMAN","Epsin-1 OS=Homo sapiens OX=9606 GN=EPN1 PE=1 SV=2",-0.340949381128535,11.8696068481212,-0.355897521750014,0.723405701332885,0.836207288148346,-5.74020372499369
1806,"Q9NZZ3|CHMP5_HUMAN","Charged multivesicular body protein 5 OS=Homo sapiens OX=9606 GN=CHMP5 PE=1 SV=1",0.490641740320029,13.2214376596151,0.660394242853578,0.512014039116116,0.688708452989729,-5.59747701533036
1807,"P63151|2ABA_HUMAN","Serine/threonine-protein phosphatase 2A 55 kDa regulatory subunit B alpha isoform OS=Homo sapiens OX=9606 GN=PPP2R2A PE=1 SV=1",-1.8269856899231,12.1527755744732,-2.02741734520274,0.0479347855006466,0.354698763841406,-3.97210456979815
1807,"Q9Y2T4|2ABG_HUMAN","Serine/threonine-protein phosphatase 2A 55 kDa regulatory subunit B gamma isoform OS=Homo sapiens OX=9606 GN=PPP2R2C PE=1 SV=4",0.900567949507569,7.84989394094775,0.459117034260282,0.648128135136255,0.783245757023527,-5.70130941909012
1808,"Q15785|TOM34_HUMAN","Mitochondrial import receptor subunit TOM34 OS=Homo sapiens OX=9606 GN=TOMM34 PE=1 SV=2",-1.38022232486927,10.7109626603404,-1.09231171028761,0.279900474624745,0.516951691341671,-5.25229147223542
1809,"P38919|IF4A3_HUMAN","Eukaryotic initiation factor 4A-III OS=Homo sapiens OX=9606 GN=EIF4A3 PE=1 SV=4",-0.483554269404856,13.720197956356,-0.732661950648432,0.467165307818734,0.659113048453597,-5.55124963068087
1810,"O15533|TPSN_HUMAN","Tapasin OS=Homo sapiens OX=9606 GN=TAPBP PE=1 SV=1",0.712009538358403,6.45277747044334,0.319047856866168,0.751125089274148,0.855166735264012,-5.751641443141
1811,"P51153|RAB13_HUMAN","Ras-related protein Rab-13 OS=Homo sapiens OX=9606 GN=RAB13 PE=1 SV=1",-2.13121164310699,12.8137104166297,-1.1929049160562,0.258745102297554,0.501421074832336,-5.13805420596093
1812,"O94788|AL1A2_HUMAN","Retinal dehydrogenase 2 OS=Homo sapiens OX=9606 GN=ALDH1A2 PE=1 SV=3",-3.87385750140865,11.2120963893958,-3.01151730447269,0.00420721543682008,0.196887196853267,-1.98266137053354
1813,"Q12996|CSTF3_HUMAN","Cleavage stimulation factor subunit 3 OS=Homo sapiens OX=9606 GN=CSTF3 PE=1 SV=1",-3.71055377853679,9.96279058272471,-2.25785288032508,0.0283254866991383,0.322745691040182,-3.55573185924833
1814,"Q08752|PPID_HUMAN","Peptidyl-prolyl cis-trans isomerase D OS=Homo sapiens OX=9606 GN=PPID PE=1 SV=3",-0.80293855455295,11.807340924268,-0.841057416957419,0.404296511338405,0.614922102745194,-5.47314775155876
1815,"P38159|RBMX_HUMAN","RNA-binding motif protein, X chromosome OS=Homo sapiens OX=9606 GN=RBMX PE=1 SV=3",-0.464181162933375,14.0383583410827,-0.740299969755841,0.46255975502165,0.655991065155828,-5.54608978453542
1815,"Q96E39|RMXL1_HUMAN","RNA binding motif protein, X-linked-like-1 OS=Homo sapiens OX=9606 GN=RBMXL1 PE=1 SV=1",-0.512052384979979,13.9968035476562,-0.816270288901663,0.418194674703966,0.624154321322549,-5.49193032401691
1815,"O75526|RMXL2_HUMAN","RNA-binding motif protein, X-linked-like-2 OS=Homo sapiens OX=9606 GN=RBMXL2 PE=1 SV=3",-1.20715825185343,10.4989801796485,-0.828104344592055,0.411523482923096,0.620603937872852,-5.48303103492287
1815,"Q8N7X1|RMXL3_HUMAN","RNA-binding motif protein, X-linked-like-3 OS=Homo sapiens OX=9606 GN=RBMXL3 PE=2 SV=2",-1.20715825185343,10.4989801796485,-0.828104344592055,0.411523482923096,0.620603937872852,-5.48303103492287
1816,"P61088|UBE2N_HUMAN","Ubiquitin-conjugating enzyme E2 N OS=Homo sapiens OX=9606 GN=UBE2N PE=1 SV=1",-1.09058093246449,14.8397048169404,-1.79950778255705,0.0779381868044908,0.375605864510613,-4.34681890721051
1816,"Q5JXB2|UE2NL_HUMAN","Putative ubiquitin-conjugating enzyme E2 N-like OS=Homo sapiens OX=9606 GN=UBE2NL PE=1 SV=1",-0.589555848811367,13.8892294369718,-0.925567888331728,0.359090219409499,0.583183097660902,-5.40502506118822
1817,"O60504|VINEX_HUMAN","Vinexin OS=Homo sapiens OX=9606 GN=SORBS3 PE=1 SV=2",-2.74999043925285,10.4337131155023,-1.89772205331307,0.0634794978405529,0.370215816673034,-4.19000671919767
1818,"Q9Y5A7|NUB1_HUMAN","NEDD8 ultimate buster 1 OS=Homo sapiens OX=9606 GN=NUB1 PE=1 SV=2",-0.424983883012617,7.02277588977517,-0.206087647978196,0.837554355635225,0.916733572991338,-5.77919921479046
1819,"O00303|EIF3F_HUMAN","Eukaryotic translation initiation factor 3 subunit F OS=Homo sapiens OX=9606 GN=EIF3F PE=1 SV=1",-1.7929937018367,12.7026183450105,-2.12822264963291,0.0382406039876511,0.345631435432627,-3.79446523959602
1820,"O96008|TOM40_HUMAN","Mitochondrial import receptor subunit TOM40 homolog OS=Homo sapiens OX=9606 GN=TOMM40 PE=1 SV=1",-1.1993135394208,15.4174444470463,-2.03057776388891,0.047601214591361,0.354698763841406,-3.96664390208037
1821,"Q14232|EI2BA_HUMAN","Translation initiation factor eIF-2B subunit alpha OS=Homo sapiens OX=9606 GN=EIF2B1 PE=1 SV=1",-5.53801312136222,7.44113062352124,-2.85574951194929,0.00622454618864595,0.222292745441547,-2.31652504816038
1822,"Q9HCN8|SDF2L_HUMAN","Stromal cell-derived factor 2-like protein 1 OS=Homo sapiens OX=9606 GN=SDF2L1 PE=1 SV=2",-0.24824230688137,14.0002131554802,-0.379021056327019,0.706267550573049,0.821054367827633,-5.7323411060916
1823,"Q9Y303|NAGA_HUMAN","N-acetylglucosamine-6-phosphate deacetylase OS=Homo sapiens OX=9606 GN=AMDHD2 PE=1 SV=2",-1.38107125887542,9.32323444087871,-0.80314920861128,0.425667584518846,0.627588108541716,-5.50165195532859
1824,"P30876|RPB2_HUMAN","DNA-directed RNA polymerase II subunit RPB2 OS=Homo sapiens OX=9606 GN=POLR2B PE=1 SV=1",-3.92349443546691,10.1016236611326,-2.40405777266041,0.0199386047242006,0.29753639723681,-3.27306244885483
1825,"P78536|ADA17_HUMAN","Disintegrin and metalloproteinase domain-containing protein 17 OS=Homo sapiens OX=9606 GN=ADAM17 PE=1 SV=1",-3.55514633352189,10.3041554035597,-2.18082579994771,0.0342023175263266,0.338634890255269,-3.70273175681225
1826,"P37108|SRP14_HUMAN","Signal recognition particle 14 kDa protein OS=Homo sapiens OX=9606 GN=SRP14 PE=1 SV=2",-0.395777421509079,13.9639846463639,-0.606629011964096,0.546825594373985,0.712846469480719,-5.62881422427339
1827,"O60216|RAD21_HUMAN","Double-strand-break repair protein rad21 homolog OS=Homo sapiens OX=9606 GN=RAD21 PE=1 SV=2",-0.053881070429135,11.8245607703367,-0.056350631265324,0.955285738584112,0.975444308545446,-5.79742498526962
1828,"Q9BZG1|RAB34_HUMAN","Ras-related protein Rab-34 OS=Homo sapiens OX=9606 GN=RAB34 PE=1 SV=1",-2.25620987168566,10.5935289291406,-1.57733494331716,0.120987723498355,0.403141178180797,-4.67452994767347
1829,"O75663|TIPRL_HUMAN","TIP41-like protein OS=Homo sapiens OX=9606 GN=TIPRL PE=1 SV=2",-0.833237216731741,12.4220604920353,-0.976643119053646,0.333419837660356,0.561172036265398,-5.36081067772251
1830,"P49750|YLPM1_HUMAN","YLP motif-containing protein 1 OS=Homo sapiens OX=9606 GN=YLPM1 PE=1 SV=4",-0.608470736500434,11.3390908787738,-0.566826789988601,0.57335277595934,0.729952824728607,-5.65032642825461
1831,"Q8NFC6|BD1L1_HUMAN","Biorientation of chromosomes in cell division protein 1-like 1 OS=Homo sapiens OX=9606 GN=BOD1L1 PE=1 SV=2",-1.66554349670788,8.74897628439251,-0.883871396206132,0.380971016906749,0.599842685306111,-5.43942341081538
1832,"P39748|FEN1_HUMAN","Flap endonuclease 1 OS=Homo sapiens OX=9606 GN=FEN1 PE=1 SV=1",-0.818759483954524,11.6538370741273,-0.845518203397566,0.401825896866081,0.612841408570188,-5.46970970403983
1833,"Q9Y6C9|MTCH2_HUMAN","Mitochondrial carrier homolog 2 OS=Homo sapiens OX=9606 GN=MTCH2 PE=1 SV=1",-2.06348637033032,11.9558392983194,-1.33410810630009,0.201764064641174,0.46595057716329,-4.9869278121456
1834,"Q8IYD1|ERF3B_HUMAN","Eukaryotic peptide chain release factor GTP-binding subunit ERF3B OS=Homo sapiens OX=9606 GN=GSPT2 PE=1 SV=2",1.28790589905426,4.05818448315627,0.693858014453344,0.490963436418903,0.673402333923742,-5.57665518103221
1835,"P82979|SARNP_HUMAN","SAP domain-containing ribonucleoprotein OS=Homo sapiens OX=9606 GN=SARNP PE=1 SV=3",-0.462107969200174,13.2598751292447,-0.663728128737897,0.509895290641641,0.687916885722285,-5.5954478647996
1836,"P17275|JUNB_HUMAN","Transcription factor jun-B OS=Homo sapiens OX=9606 GN=JUNB PE=1 SV=1",-0.0366421121163043,8.72539598416258,-0.0195802029726113,0.984455723193729,0.990168170398751,-5.7987205060773
1837,"O96019|ACL6A_HUMAN","Actin-like protein 6A OS=Homo sapiens OX=9606 GN=ACTL6A PE=1 SV=1",-0.587948436142387,13.549506136416,-0.863616960894968,0.391897947675771,0.608443627009921,-5.45557973523406
1837,"O94805|ACL6B_HUMAN","Actin-like protein 6B OS=Homo sapiens OX=9606 GN=ACTL6B PE=1 SV=1",-0.545347322703895,12.1465983991362,-0.641327911991495,0.524221382327178,0.697461151011568,-5.60888889885775
1838,"Q9HBI1|PARVB_HUMAN","Beta-parvin OS=Homo sapiens OX=9606 GN=PARVB PE=1 SV=1",-2.93388422750007,11.0448066468573,-2.2598018206939,0.0281956756121332,0.322745691040182,-3.55205610331586
1839,"Q92621|NU205_HUMAN","Nuclear pore complex protein Nup205 OS=Homo sapiens OX=9606 GN=NUP205 PE=1 SV=3",-1.68954464751339,11.0166129848176,-1.4027487665216,0.166834327031403,0.438676892435621,-4.90479924751971
1840,"Q96SI9|STRBP_HUMAN","Spermatid perinuclear RNA-binding protein OS=Homo sapiens OX=9606 GN=STRBP PE=1 SV=1",4.71869026255005,4.66296253521245,2.56233445188758,0.0134371471221135,0.284531131458015,-2.95172039156173
1841,"O75844|FACE1_HUMAN","CAAX prenyl protease 1 homolog OS=Homo sapiens OX=9606 GN=ZMPSTE24 PE=1 SV=2",-1.39307446185745,13.021688046877,-1.68829996509056,0.0982954555839352,0.386522542993734,-4.51716909426594
1842,"Q05519|SRS11_HUMAN","Serine/arginine-rich splicing factor 11 OS=Homo sapiens OX=9606 GN=SRSF11 PE=1 SV=1",-1.69298403976328,12.6148405021619,-2.18119087261782,0.0338706326891535,0.338634890255269,-3.69829630239452
1843,"Q8WW12|PCNP_HUMAN","PEST proteolytic signal-containing nuclear protein OS=Homo sapiens OX=9606 GN=PCNP PE=1 SV=2",-1.23592983392905,10.0254971450694,-0.786066111284599,0.435516398219074,0.636069558199238,-5.51407948018882
1844,"Q96TA2|YMEL1_HUMAN","ATP-dependent zinc metalloprotease YME1L1 OS=Homo sapiens OX=9606 GN=YME1L1 PE=1 SV=2",-3.06114633000893,10.6297447749982,-2.15636250249124,0.035861102845521,0.338634890255269,-3.74361433191134
1845,"Q9Y6G5|COMDA_HUMAN","COMM domain-containing protein 10 OS=Homo sapiens OX=9606 GN=COMMD10 PE=1 SV=1",-2.61572361285804,11.1144734742455,-2.02279249270737,0.0484265679621037,0.355864932063967,-3.98008273720499
1846,"O15305|PMM2_HUMAN","Phosphomannomutase 2 OS=Homo sapiens OX=9606 GN=PMM2 PE=1 SV=1",-1.27784921451474,13.6151407729071,-1.84068511223068,0.0715702381317252,0.374885133083069,-4.281947248547
1847,"O60234|GMFG_HUMAN","Glia maturation factor gamma OS=Homo sapiens OX=9606 GN=GMFG PE=1 SV=1",-0.668386732252699,16.0411743111748,-1.18724458100026,0.240707963615793,0.488182548193727,-5.15463340273266
1848,"Q14019|COTL1_HUMAN","Coactosin-like protein OS=Homo sapiens OX=9606 GN=COTL1 PE=1 SV=3",-0.227490955202823,12.7210238684837,-0.304146824518467,0.762270781314165,0.862158680441205,-5.75601632503058
1849,"P46013|KI67_HUMAN","Proliferation marker protein Ki-67 OS=Homo sapiens OX=9606 GN=MKI67 PE=1 SV=2",0.913647193891697,8.31677240530997,0.455755212081343,0.650527583442071,0.784956823383752,-5.70273015661415
1851,"P49773|HINT1_HUMAN","Histidine triad nucleotide-binding protein 1 OS=Homo sapiens OX=9606 GN=HINT1 PE=1 SV=2",-1.47690090442084,12.5091938721832,-0.772603649816372,0.456561209418113,0.652425059377509,-5.51055792378941
1853,"Q01433|AMPD2_HUMAN","AMP deaminase 2 OS=Homo sapiens OX=9606 GN=AMPD2 PE=1 SV=2",-1.55115224243532,12.3614114319923,-1.86744226024483,0.0676722306005699,0.374632772746343,-4.23911581147483
1854,"Q658Y4|F91A1_HUMAN","Protein FAM91A1 OS=Homo sapiens OX=9606 GN=FAM91A1 PE=1 SV=3",-2.12797667032462,10.7801303469296,-1.56280810636431,0.124368195668959,0.406106003598337,-4.69461961488159
1855,"Q13442|HAP28_HUMAN","28 kDa heat- and acid-stable phosphoprotein OS=Homo sapiens OX=9606 GN=PDAP1 PE=1 SV=1",-0.556679665528918,14.5257454852466,-0.917971271041869,0.363014898432864,0.584925240385464,-5.41140595955558
1856,"P05386|RLA1_HUMAN","60S acidic ribosomal protein P1 OS=Homo sapiens OX=9606 GN=RPLP1 PE=1 SV=1",-1.41518470798994,16.9424110112789,-2.39032500652852,0.0206185893520757,0.29753639723681,-3.30020236313015
1857,"Q9H6T3|RPAP3_HUMAN","RNA polymerase II-associated protein 3 OS=Homo sapiens OX=9606 GN=RPAP3 PE=1 SV=2",-2.10660287840481,8.0923427827466,-1.05413031453026,0.2968607096548,0.533438361428424,-5.28939239157285
1858,"P63027|VAMP2_HUMAN","Vesicle-associated membrane protein 2 OS=Homo sapiens OX=9606 GN=VAMP2 PE=1 SV=3",-0.541025563295872,10.4771966356896,-0.405586504152554,0.686766586997418,0.808833385342597,-5.72270135481079
1859,"Q15813|TBCE_HUMAN","Tubulin-specific chaperone E OS=Homo sapiens OX=9606 GN=TBCE PE=1 SV=1",-5.86948404965786,7.85456666557159,-3.03005444681584,0.00385511348305444,0.188775043009162,-1.9166417454651
1860,"P30405|PPIF_HUMAN","Peptidyl-prolyl cis-trans isomerase F, mitochondrial OS=Homo sapiens OX=9606 GN=PPIF PE=1 SV=1",-0.461762539398428,13.0784017377608,-0.613411328184481,0.542368517058584,0.710456570246752,-5.62500526781656
1861,"Q9NQ25|SLAF7_HUMAN","SLAM family member 7 OS=Homo sapiens OX=9606 GN=SLAMF7 PE=1 SV=1",-7.5525070142611,9.03070880101046,-4.17357469296479,0.000118727629521942,0.0471054077041925,1.04078303073176
1862,"Q96EY8|MMAB_HUMAN","Corrinoid adenosyltransferase OS=Homo sapiens OX=9606 GN=MMAB PE=1 SV=1",-0.407118832627162,11.8100744253527,-0.190645563339704,0.852273286865029,0.92392173333191,-5.78089208398911
1863,"Q9P2B4|CT2NL_HUMAN","CTTNBP2 N-terminal-like protein OS=Homo sapiens OX=9606 GN=CTTNBP2NL PE=1 SV=2",-0.0305743579158131,7.85894951286123,-0.0150214742499018,0.988074474273899,0.992452602774646,-5.79879370122868
1864,"O00330|ODPX_HUMAN","Pyruvate dehydrogenase protein X component, mitochondrial OS=Homo sapiens OX=9606 GN=PDHX PE=1 SV=3",-0.591315952568015,12.7423823066451,-0.760203455275325,0.450681769355495,0.647460433827257,-5.53239866086655
1865,"P06756|ITAV_HUMAN","Integrin alpha-V OS=Homo sapiens OX=9606 GN=ITGAV PE=1 SV=2",-1.63106133936933,12.382068816874,-1.99354525962085,0.0516387349290423,0.361051998927573,-4.03018294061828
1866,"Q8IWW6|RHG12_HUMAN","Rho GTPase-activating protein 12 OS=Homo sapiens OX=9606 GN=ARHGAP12 PE=1 SV=1",-5.83343944462808,6.88492141176038,-3.0244994248507,0.00391536917535096,0.189477472339737,-1.92963012722378
1868,"Q01459|DIAC_HUMAN","Di-N-acetylchitobiase OS=Homo sapiens OX=9606 GN=CTBS PE=1 SV=1",-1.83388237849497,11.3967594478522,-1.41711017560503,0.165181466631805,0.437268947008719,-4.88737516517749
1869,"P26885|FKBP2_HUMAN","Peptidyl-prolyl cis-trans isomerase FKBP2 OS=Homo sapiens OX=9606 GN=FKBP2 PE=1 SV=2",-1.19004458052891,15.1074225476556,-1.93777021094652,0.0582753844950828,0.366887115993354,-4.12402136009299
1870,"O75064|DEN4B_HUMAN","DENN domain-containing protein 4B OS=Homo sapiens OX=9606 GN=DENND4B PE=1 SV=4",0.539210919998229,6.88888296069398,0.259293076959876,0.796467425677931,0.888240601345119,-5.76772315938127
1871,"P59998|ARPC4_HUMAN","Actin-related protein 2/3 complex subunit 4 OS=Homo sapiens OX=9606 GN=ARPC4 PE=1 SV=3",-0.994533060819657,15.4137361086911,-1.71584450362769,0.0923448008207105,0.384650925662282,-4.47468362986512
1872,"Q02880|TOP2B_HUMAN","DNA topoisomerase 2-beta OS=Homo sapiens OX=9606 GN=TOP2B PE=1 SV=3",-0.28917084653961,10.3160871153099,-0.184790494869114,0.854136443862318,0.92474113001149,-5.7830588546906
1873,"Q8TD19|NEK9_HUMAN","Serine/threonine-protein kinase Nek9 OS=Homo sapiens OX=9606 GN=NEK9 PE=1 SV=2",-5.11949771840464,9.79798569584944,-2.89742567957721,0.00555881956370835,0.21569221496299,-2.22237785898997
1874,"Q96K17|BT3L4_HUMAN","Transcription factor BTF3 homolog 4 OS=Homo sapiens OX=9606 GN=BTF3L4 PE=1 SV=1",-3.31213813663079,13.0724775687039,-1.73186017639704,0.112549394269321,0.393708504099409,-4.50017785055655
1875,"Q92820|GGH_HUMAN","Gamma-glutamyl hydrolase OS=Homo sapiens OX=9606 GN=GGH PE=1 SV=2",-0.174490146476108,12.131829078842,-0.196854367576858,0.844734784987959,0.919684711562978,-5.78092410229409
1876,"O15264|MK13_HUMAN","Mitogen-activated protein kinase 13 OS=Homo sapiens OX=9606 GN=MAPK13 PE=1 SV=1",-3.09489494262497,12.8350078043931,-4.21310301851668,0.000104361427030745,0.0471054077041925,1.15128736658896
1878,"Q9NY15|STAB1_HUMAN","Stabilin-1 OS=Homo sapiens OX=9606 GN=STAB1 PE=1 SV=3",7.22760876524029,5.91742178655756,3.75038473399007,0.000457262984611691,0.0889841931813121,-0.112149228085622
1879,"Q13098|CSN1_HUMAN","COP9 signalosome complex subunit 1 OS=Homo sapiens OX=9606 GN=GPS1 PE=1 SV=4",-4.29151123991971,9.82073420280638,-2.54179457790144,0.0141550142091425,0.284531131458015,-2.994294734873
1880,"Q9NUV9|GIMA4_HUMAN","GTPase IMAP family member 4 OS=Homo sapiens OX=9606 GN=GIMAP4 PE=1 SV=1",-0.895583292386771,10.5478868681222,-0.660869179541782,0.511711919012544,0.688708452989729,-5.59718856022982
1881,"Q14643|ITPR1_HUMAN","Inositol 1,4,5-trisphosphate receptor type 1 OS=Homo sapiens OX=9606 GN=ITPR1 PE=1 SV=3",-1.53412470196539,10.7943447892677,-1.09902024851225,0.276991979124369,0.513783141295718,-5.24564326643646
1882,"Q9Y676|RT18B_HUMAN","28S ribosomal protein S18b, mitochondrial OS=Homo sapiens OX=9606 GN=MRPS18B PE=1 SV=1",0.266179850370838,10.7011877931779,0.205188544505825,0.838252958171584,0.917265114543956,-5.77937064591968
1883,"Q7Z4W1|DCXR_HUMAN","L-xylulose reductase OS=Homo sapiens OX=9606 GN=DCXR PE=1 SV=2",-3.3566913068218,8.96039725773734,-1.86264202810164,0.0683579959365341,0.374885133083069,-4.24683886533328
1884,"Q16629|SRSF7_HUMAN","Serine/arginine-rich splicing factor 7 OS=Homo sapiens OX=9606 GN=SRSF7 PE=1 SV=1",-3.05436909741787,10.7100150691042,-1.97209318142212,0.0559188811844382,0.366768875860716,-4.07772469281131
1885,"Q7Z6J4|FGD2_HUMAN","FYVE, RhoGEF and PH domain-containing protein 2 OS=Homo sapiens OX=9606 GN=FGD2 PE=1 SV=1",-2.32352514439199,8.54789371001923,-1.2855950934477,0.204471971552552,0.467051180058524,-5.04541246451077
1886,"Q9NSD9|SYFB_HUMAN","Phenylalanine--tRNA ligase beta subunit OS=Homo sapiens OX=9606 GN=FARSB PE=1 SV=3",-2.65550246001894,10.386626623767,-1.81644814172159,0.0752630437158151,0.375605864510613,-4.32028438203572
1887,"Q9HC07|TM165_HUMAN","Transmembrane protein 165 OS=Homo sapiens OX=9606 GN=TMEM165 PE=1 SV=1",-1.86774015568062,13.4139136004312,-2.09788275609651,0.0450191490948563,0.353406926961911,-3.88544586949037
1888,"Q9Y4W6|AFG32_HUMAN","AFG3-like protein 2 OS=Homo sapiens OX=9606 GN=AFG3L2 PE=1 SV=2",-0.811304894308167,12.3873233334166,-0.935111551908582,0.354198712873286,0.580804650406931,-5.39693691961728
1889,"Q9UL15|BAG5_HUMAN","BAG family molecular chaperone regulator 5 OS=Homo sapiens OX=9606 GN=BAG5 PE=1 SV=1",-1.13557251717411,12.1616743359154,-1.30440431011434,0.1980330524777,0.464106161503158,-5.02360182552224
1890,"Q9Y6I9|TX264_HUMAN","Testis-expressed protein 264 OS=Homo sapiens OX=9606 GN=TEX264 PE=1 SV=1",-0.91258218389429,14.3607218866025,-1.44918233139331,0.153493029371719,0.426541282972961,-4.84595260600404
1891,"Q14376|GALE_HUMAN","UDP-glucose 4-epimerase OS=Homo sapiens OX=9606 GN=GALE PE=1 SV=2",-4.91559927218147,9.38466492898795,-2.90811084356749,0.0053991274704536,0.214586107848963,-2.19808929102597
1892,"Q9BWF3|RBM4_HUMAN","RNA-binding protein 4 OS=Homo sapiens OX=9606 GN=RBM4 PE=1 SV=1",-0.110792212330598,11.6169163728488,-0.108017488529674,0.91441155835398,0.955813385090409,-5.79348491408087
1892,"Q9BQ04|RBM4B_HUMAN","RNA-binding protein 4B OS=Homo sapiens OX=9606 GN=RBM4B PE=1 SV=1",0.0257566097098216,10.666257534761,0.0200347302049714,0.984094933062459,0.990168170398751,-5.7987121508278
1893,"Q9UHD1|CHRD1_HUMAN","Cysteine and histidine-rich domain-containing protein 1 OS=Homo sapiens OX=9606 GN=CHORDC1 PE=1 SV=2",-2.6795120270409,10.1970599535227,-1.65031130395695,0.105110863092854,0.387142333108459,-4.57109750101173
1894,"Q7L1Q6|BZW1_HUMAN","Basic leucine zipper and W2 domain-containing protein 1 OS=Homo sapiens OX=9606 GN=BZW1 PE=1 SV=1",-4.76472621845355,10.5498550859108,-3.20170538529309,0.00236945512162709,0.172232339720537,-1.50773470507849
1895,"P98194|AT2C1_HUMAN","Calcium-transporting ATPase type 2C member 1 OS=Homo sapiens OX=9606 GN=ATP2C1 PE=1 SV=3",-3.18024023154877,7.58190392619511,-1.53383372296821,0.131337103387094,0.411764075527387,-4.73418972231044
1896,"Q9UN37|VPS4A_HUMAN","Vacuolar protein sorting-associated protein 4A OS=Homo sapiens OX=9606 GN=VPS4A PE=1 SV=1",1.16471717193194,9.54869714404308,0.682857851942844,0.497829896198678,0.678314888619964,-5.58361098176996
1897,"P48449|LSS_HUMAN","Lanosterol synthase OS=Homo sapiens OX=9606 GN=LSS PE=1 SV=1",-2.48567128010439,10.4398067398349,-1.69353658705497,0.0965384570928259,0.386500097214807,-4.50787549675718
1898,"Q9BUP3|HTAI2_HUMAN","Oxidoreductase HTATIP2 OS=Homo sapiens OX=9606 GN=HTATIP2 PE=1 SV=2",-1.37850087230692,12.1489899910874,-0.74376681815764,0.472118421955448,0.662442567137249,-5.53209273213717
1899,"Q7Z794|K2C1B_HUMAN","Keratin, type II cytoskeletal 1b OS=Homo sapiens OX=9606 GN=KRT77 PE=1 SV=3",-2.14905834769811,7.39152302678325,-1.0288399880184,0.308477082570304,0.542511553544427,-5.31327446209985
1900,"Q9H0E2|TOLIP_HUMAN","Toll-interacting protein OS=Homo sapiens OX=9606 GN=TOLLIP PE=1 SV=1",-0.704403869154699,14.507001186061,-1.15339038058827,0.2542016898682,0.499464502003335,-5.19034068631447
1901,"Q9NR50|EI2BG_HUMAN","Translation initiation factor eIF-2B subunit gamma OS=Homo sapiens OX=9606 GN=EIF2B3 PE=1 SV=1",-1.45031899414908,11.733288522145,-1.50349630474414,0.138964443919669,0.416796559862128,-4.7749045996012
1902,"Q13724|MOGS_HUMAN","Mannosyl-oligosaccharide glucosidase OS=Homo sapiens OX=9606 GN=MOGS PE=1 SV=5",-2.20287246785561,10.2642851418434,-1.44693586069356,0.15411866019063,0.427397939225142,-4.84883993636585
1903,"P36969|GPX4_HUMAN","Phospholipid hydroperoxide glutathione peroxidase OS=Homo sapiens OX=9606 GN=GPX4 PE=1 SV=3",-0.307065188442694,11.9200782723276,-0.336476121414116,0.737911652452905,0.845486961190386,-5.74642726894082
1904,"Q92575|UBXN4_HUMAN","UBX domain-containing protein 4 OS=Homo sapiens OX=9606 GN=UBXN4 PE=1 SV=2",-0.254038538133809,12.2094796108497,-0.297583709606099,0.767246570881873,0.86653417741646,-5.75784528837401
1905,"Q15555|MARE2_HUMAN","Microtubule-associated protein RP/EB family member 2 OS=Homo sapiens OX=9606 GN=MAPRE2 PE=1 SV=1",-1.28842092872767,13.5466485340758,-1.80016565313042,0.07783282983002,0.375605864510613,-4.34579247416749
1906,"P52888|THOP1_HUMAN","Thimet oligopeptidase OS=Homo sapiens OX=9606 GN=THOP1 PE=1 SV=2",-1.88405908830758,11.1471544785479,-1.68770331708211,0.0976605718521122,0.386522542993734,-4.5164916463499
1907,"P14324|FPPS_HUMAN","Farnesyl pyrophosphate synthase OS=Homo sapiens OX=9606 GN=FDPS PE=1 SV=4",-0.552855117518149,14.6094618305529,-0.917320859526713,0.363352204561058,0.585031007493262,-5.41194992719033
1908,"Q13033|STRN3_HUMAN","Striatin-3 OS=Homo sapiens OX=9606 GN=STRN3 PE=1 SV=3",-2.63045285104679,10.2216553911506,-1.71774912699569,0.0919938409241741,0.383990814174528,-4.47183204609315
1909,"Q9BRP8|PYM1_HUMAN","Partner of Y14 and mago OS=Homo sapiens OX=9606 GN=PYM1 PE=1 SV=1",-0.443278569323788,13.6378983974909,-0.664601597396206,0.509340966770884,0.687690139148024,-5.59491457582293
1910,"Q68DQ2|CRBG3_HUMAN","Very large A-kinase anchor protein OS=Homo sapiens OX=9606 GN=CRYBG3 PE=1 SV=3",-4.06840989103881,6.33512863266244,-2.00013576701138,0.050899304854857,0.358801880609411,-4.01894682663696
1911,"Q9BZK7|TBL1R_HUMAN","F-box-like/WD repeat-containing protein TBL1XR1 OS=Homo sapiens OX=9606 GN=TBL1XR1 PE=1 SV=1",-1.72569708681547,10.571718010452,-1.20133699173672,0.23524682707055,0.485873725118869,-5.1394832205731
1911,"O60907|TBL1X_HUMAN","F-box-like/WD repeat-containing protein TBL1X OS=Homo sapiens OX=9606 GN=TBL1X PE=1 SV=3",-1.77536390068049,10.4880193065951,-1.21915837929009,0.228470716332442,0.483785108757567,-5.12008391385229
1911,"Q9BQ87|TBL1Y_HUMAN","F-box-like/WD repeat-containing protein TBL1Y OS=Homo sapiens OX=9606 GN=TBL1Y PE=1 SV=1",-1.67379818850646,9.65736897945832,-1.02212080050838,0.311614739656273,0.544251696552947,-5.31952640890434
1912,"P01024|CO3_HUMAN","Complement C3 OS=Homo sapiens OX=9606 GN=C3 PE=1 SV=2",-4.17234184154746,9.84014601281213,-2.47817512678913,0.0166050512292071,0.292499164066587,-3.12452386772917
1913,"P11182|ODB2_HUMAN","Lipoamide acyltransferase component of branched-chain alpha-keto acid dehydrogenase complex, mitochondrial OS=Homo sapiens OX=9606 GN=DBT PE=1 SV=3",-2.14655711912829,11.8603703331596,-2.26384412448682,0.0279281160692994,0.322745691040182,-3.54442414417247
1914,"P17174|AATC_HUMAN","Aspartate aminotransferase, cytoplasmic OS=Homo sapiens OX=9606 GN=GOT1 PE=1 SV=3",-1.39386834464225,13.2579956478895,-1.99391783024619,0.0515966883371436,0.361051998927573,-4.02954857721058
1915,"P42025|ACTY_HUMAN","Beta-centractin OS=Homo sapiens OX=9606 GN=ACTR1B PE=1 SV=1",-3.71008544762002,11.750928614722,-3.00109677048634,0.00547732020377007,0.214586107848963,-2.15484183867377
1916,"Q9Y485|DMXL1_HUMAN","DmX-like protein 1 OS=Homo sapiens OX=9606 GN=DMXL1 PE=1 SV=3",-2.81218295784437,9.11303541328105,-1.55305920403704,0.126679075577562,0.408388307269881,-4.7080080300183
1917,"Q9BQG0|MBB1A_HUMAN","Myb-binding protein 1A OS=Homo sapiens OX=9606 GN=MYBBP1A PE=1 SV=2",-0.970318550290921,10.5286247738823,-0.728386675940584,0.469754594471251,0.661364253637334,-5.5541149611523
1918,"P25205|MCM3_HUMAN","DNA replication licensing factor MCM3 OS=Homo sapiens OX=9606 GN=MCM3 PE=1 SV=3",2.26297358178459,9.88787030995412,1.37894053381888,0.174014583157965,0.441624863794215,-4.93429016049445
1919,"Q9NZL9|MAT2B_HUMAN","Methionine adenosyltransferase 2 subunit beta OS=Homo sapiens OX=9606 GN=MAT2B PE=1 SV=1",-1.29047419145112,13.1148338134677,-1.7484522482539,0.0864869969108406,0.377971753709499,-4.42548089808742
1920,"Q13190|STX5_HUMAN","Syntaxin-5 OS=Homo sapiens OX=9606 GN=STX5 PE=1 SV=2",-1.40201882990785,11.6780232965115,-1.3037920861436,0.198240200605844,0.464106161503158,-5.02431637701433
1921,"Q92615|LAR4B_HUMAN","La-related protein 4B OS=Homo sapiens OX=9606 GN=LARP4B PE=1 SV=3",-5.49044370889571,9.1769643612914,-3.05214746558436,0.00362395218517575,0.186429474139926,-1.86483028130437
1922,"P06730|IF4E_HUMAN","Eukaryotic translation initiation factor 4E OS=Homo sapiens OX=9606 GN=EIF4E PE=1 SV=2",-1.75882831084005,13.7923013923192,-2.35500030645504,0.0227105391611516,0.305669663022124,-3.37470028013834
1923,"O00487|PSDE_HUMAN","26S proteasome non-ATPase regulatory subunit 14 OS=Homo sapiens OX=9606 GN=PSMD14 PE=1 SV=1",-1.08182640814682,14.4649293742232,-1.74009065308461,0.0879588482431963,0.378157169519085,-4.43817531519275
1924,"Q9UHY7|ENOPH_HUMAN","Enolase-phosphatase E1 OS=Homo sapiens OX=9606 GN=ENOPH1 PE=1 SV=1",-0.594373216737583,13.3126289734956,-0.81226087915128,0.420469689197328,0.626197424402798,-5.49491720738052
1925,"P45973|CBX5_HUMAN","Chromobox protein homolog 5 OS=Homo sapiens OX=9606 GN=CBX5 PE=1 SV=1",0.283809603010605,11.8269099705014,0.299266920923385,0.765969501282152,0.865433012072987,-5.75738001191843
1926,"O00159|MYO1C_HUMAN","Unconventional myosin-Ic OS=Homo sapiens OX=9606 GN=MYO1C PE=1 SV=4",-4.16448825572386,7.54672350158047,-2.02689394645878,0.0479902232031742,0.354698763841406,-3.97300822924472
1927,"P19474|RO52_HUMAN","E3 ubiquitin-protein ligase TRIM21 OS=Homo sapiens OX=9606 GN=TRIM21 PE=1 SV=1",-0.373010894586093,12.0071636762757,-0.424038776992076,0.67334560981522,0.799013412441185,-5.71562420442163
1929,"Q6NUQ4|TM214_HUMAN","Transmembrane protein 214 OS=Homo sapiens OX=9606 GN=TMEM214 PE=1 SV=2",-1.81792005244051,10.1642736150677,-1.25075080140419,0.216812397599155,0.475088669077635,-5.08503702732592
1930,"P02792|FRIL_HUMAN","Ferritin light chain OS=Homo sapiens OX=9606 GN=FTL PE=1 SV=2",0.656985638643853,14.168617096073,1.00669119810656,0.318901681219031,0.547433057397515,-5.33373483233528
1931,"Q92620|PRP16_HUMAN","Pre-mRNA-splicing factor ATP-dependent RNA helicase PRP16 OS=Homo sapiens OX=9606 GN=DHX38 PE=1 SV=2",-0.360901964651895,7.93616261206408,-0.178773483444264,0.858833719067956,0.92673252278484,-5.78407322135018
1932,"P41227|NAA10_HUMAN","N-alpha-acetyltransferase 10 OS=Homo sapiens OX=9606 GN=NAA10 PE=1 SV=1",-2.82516124562904,12.0200628394476,-2.09556011029587,0.0496461330298006,0.358801880609411,-3.9247859391015
1932,"Q9BSU3|NAA11_HUMAN","N-alpha-acetyltransferase 11 OS=Homo sapiens OX=9606 GN=NAA11 PE=1 SV=3",-3.2577334522393,8.02156698420399,-1.59670143643551,0.116596632907184,0.396981579392285,-4.64748829470477
1933,"P16083|NQO2_HUMAN","Ribosyldihydronicotinamide dehydrogenase [quinone] OS=Homo sapiens OX=9606 GN=NQO2 PE=1 SV=5",-0.982024034628079,12.7359764543122,-1.24050771057848,0.220543049823705,0.476862311775177,-5.09649202337176
1933,"#CONTAM#NQO2_HUMAN|",">sp|NQO2_HUMAN|",-0.982024034628079,12.7359764543122,-1.24050771057848,0.220543049823705,0.476862311775177,-5.09649202337176
1934,"Q9UGN4|CLM8_HUMAN","CMRF35-like molecule 8 OS=Homo sapiens OX=9606 GN=CD300A PE=1 SV=2",-0.579285970053383,6.94890271833336,-0.280729303625551,0.780069543659735,0.875621455445004,-5.76236003840704
1935,"Q9UL26|RB22A_HUMAN","Ras-related protein Rab-22A OS=Homo sapiens OX=9606 GN=RAB22A PE=1 SV=2",-4.62423319026812,8.53143048738308,-2.43285442702484,0.0185777970002847,0.292736321841369,-3.21576236941827
1936,"Q9NZD8|SPG21_HUMAN","Maspardin OS=Homo sapiens OX=9606 GN=SPG21 PE=1 SV=1",-0.578286591032091,12.964726284881,-0.76173408301434,0.449775745471561,0.646806055340906,-5.53133110790481
1937,"Q6YP21|KAT3_HUMAN","Kynurenine--oxoglutarate transaminase 3 OS=Homo sapiens OX=9606 GN=KYAT3 PE=1 SV=1",-1.25585442186562,10.180505476461,-0.802517826226861,0.426029192414842,0.627588108541716,-5.50211589516111
1938,"Q9UHY1|NRBP_HUMAN","Nuclear receptor-binding protein OS=Homo sapiens OX=9606 GN=NRBP1 PE=1 SV=1",-4.1408352449222,9.94281094590366,-2.48785084580167,0.0162092450575735,0.292499164066587,-3.10487875236148
1939,"P61018|RAB4B_HUMAN","Ras-related protein Rab-4B OS=Homo sapiens OX=9606 GN=RAB4B PE=1 SV=1",-0.148937504399161,10.9394614096413,-0.121726528504693,0.903600622524203,0.951077194822029,-5.79202384445159
1940,"Q9Y3B3|TMED7_HUMAN","Transmembrane emp24 domain-containing protein 7 OS=Homo sapiens OX=9606 GN=TMED7 PE=1 SV=2",-0.883925028102007,14.3788491234904,-1.37469375452817,0.175319989175278,0.442158562038824,-4.93950177843979
1941,"P25789|PSA4_HUMAN","Proteasome subunit alpha type-4 OS=Homo sapiens OX=9606 GN=PSMA4 PE=1 SV=1",-1.11382980927611,14.2220865420651,-1.71535385094875,0.0924353912822765,0.384656261113783,-4.475417779939
1942,"O00499|BIN1_HUMAN","Myc box-dependent-interacting protein 1 OS=Homo sapiens OX=9606 GN=BIN1 PE=1 SV=1",-2.4552546298927,10.9194556512199,-1.82682601710415,0.0736626711915516,0.375605864510613,-4.30392276675693
1943,"P09914|IFIT1_HUMAN","Interferon-induced protein with tetratricopeptide repeats 1 OS=Homo sapiens OX=9606 GN=IFIT1 PE=1 SV=2",0.343944572072347,8.87195987411221,0.175167964085098,0.861650904467336,0.927654432729867,-5.78466498574024
1943,"Q5T764|IFT1B_HUMAN","Interferon-induced protein with tetratricopeptide repeats 1B OS=Homo sapiens OX=9606 GN=IFIT1B PE=1 SV=1",0.649790965385256,6.67485091602745,0.328656914580692,0.743779464053522,0.849273104898865,-5.74883481984375
1944,"Q14694|UBP10_HUMAN","Ubiquitin carboxyl-terminal hydrolase 10 OS=Homo sapiens OX=9606 GN=USP10 PE=1 SV=2",-0.0770605118060352,12.2667392150433,-0.0943895273516852,0.92517475043125,0.961365681124318,-5.79476460151604
1947,"P16930|FAAA_HUMAN","Fumarylacetoacetase OS=Homo sapiens OX=9606 GN=FAH PE=1 SV=2",-2.48113458048376,11.5621369546059,-1.79022903316626,0.0857399386541773,0.377971753709499,-4.38061237464621
1948,"Q9Y285|SYFA_HUMAN","Phenylalanine--tRNA ligase alpha subunit OS=Homo sapiens OX=9606 GN=FARSA PE=1 SV=3",-0.293906327049134,12.7566019072077,-0.382124994756089,0.703978450934901,0.819917879919937,-5.73124824738133
1949,"Q32P28|P3H1_HUMAN","Prolyl 3-hydroxylase 1 OS=Homo sapiens OX=9606 GN=P3H1 PE=1 SV=2",-0.522290995817858,12.6701226150407,-0.635980969954418,0.527672186493037,0.699839890421539,-5.6120302834759
1950,"Q8N684|CPSF7_HUMAN","Cleavage and polyadenylation specificity factor subunit 7 OS=Homo sapiens OX=9606 GN=CPSF7 PE=1 SV=1",-1.04154899547651,12.4411444943678,-1.25749537591219,0.21438160956266,0.473686406968886,-5.07744643431798
1951,"P36542|ATPG_HUMAN","ATP synthase subunit gamma, mitochondrial OS=Homo sapiens OX=9606 GN=ATP5F1C PE=1 SV=1",-0.503602454636477,14.3078048075491,-0.804529613851556,0.424877636251917,0.627588108541716,-5.50063639772126
1952,"Q02978|M2OM_HUMAN","Mitochondrial 2-oxoglutarate/malate carrier protein OS=Homo sapiens OX=9606 GN=SLC25A11 PE=1 SV=3",-3.3671865988819,8.60779582637853,-1.83017823400574,0.0731518886426086,0.375605864510613,-4.29862050264201
1953,"Q9NPB8|GPCP1_HUMAN","Glycerophosphocholine phosphodiesterase GPCPD1 OS=Homo sapiens OX=9606 GN=GPCPD1 PE=1 SV=2",-4.43107075404171,9.4410336238522,-2.52024917963069,0.0149453215225205,0.286254888807852,-3.03867700494386
1954,"O75306|NDUS2_HUMAN","NADH dehydrogenase [ubiquinone] iron-sulfur protein 2, mitochondrial OS=Homo sapiens OX=9606 GN=NDUFS2 PE=1 SV=2",-1.40862720005958,11.712318221551,-1.34797008842447,0.183707747982219,0.452648324118659,-4.97195673043555
1956,"P32418|NAC1_HUMAN","Sodium/calcium exchanger 1 OS=Homo sapiens OX=9606 GN=SLC8A1 PE=1 SV=3",-2.26414386654562,9.77851599917613,-1.27944134347209,0.20661227355853,0.467373457046528,-5.05248419862132
1957,"P80217|IN35_HUMAN","Interferon-induced 35 kDa protein OS=Homo sapiens OX=9606 GN=IFI35 PE=1 SV=5",-2.38902042350097,6.03456137286899,-1.18094077319862,0.243180394007084,0.489657763902997,-5.16135595201836
1958,"Q9NSC5|HOME3_HUMAN","Homer protein homolog 3 OS=Homo sapiens OX=9606 GN=HOMER3 PE=1 SV=2",2.07211440568863,9.72335519519345,1.2111329858978,0.231504236259908,0.485557760931822,-5.12885304978154
1960,"P61758|PFD3_HUMAN","Prefoldin subunit 3 OS=Homo sapiens OX=9606 GN=VBP1 PE=1 SV=4",-0.618879320920293,13.490226492623,-0.873979467748694,0.386283276744742,0.603378455597627,-5.44735915317698
1961,"Q9NX46|ADPRS_HUMAN","ADP-ribose glycohydrolase ARH3 OS=Homo sapiens OX=9606 GN=ADPRS PE=1 SV=1",-0.6262689615778,12.0868654689014,-0.694089959143236,0.490819219498639,0.673402333923742,-5.57650734197506
1962,"P08559|ODPA_HUMAN","Pyruvate dehydrogenase E1 component subunit alpha, somatic form, mitochondrial OS=Homo sapiens OX=9606 GN=PDHA1 PE=1 SV=3",-0.457664997514787,13.3940565400601,-0.619437217842355,0.538424244779971,0.708305810099981,-5.62158617183287
1962,"P29803|ODPAT_HUMAN","Pyruvate dehydrogenase E1 component subunit alpha, testis-specific form, mitochondrial OS=Homo sapiens OX=9606 GN=PDHA2 PE=1 SV=1",-1.44098960067739,10.0942066538604,-0.926329807409729,0.358698106422369,0.583183097660902,-5.40438227930852
1963,"Q9ULA0|DNPEP_HUMAN","Aspartyl aminopeptidase OS=Homo sapiens OX=9606 GN=DNPEP PE=1 SV=2",-0.507556794336028,7.44306034936265,-0.24348879436846,0.808617108352839,0.895214598910095,-5.77140532774442
1964,"P32969|RL9_HUMAN","60S ribosomal protein L9 OS=Homo sapiens OX=9606 GN=RPL9 PE=1 SV=1",-0.852082155085265,15.6091835265243,-1.50063568283482,0.139701424688469,0.416974384014717,-4.77870576621412
1965,"Q9UBQ0|VPS29_HUMAN","Vacuolar protein sorting-associated protein 29 OS=Homo sapiens OX=9606 GN=VPS29 PE=1 SV=1",-0.650341624440049,13.5053418401146,-0.913418926236726,0.365380002352352,0.586760503404765,-5.41520547992257
1967,"Q9Y646|CBPQ_HUMAN","Carboxypeptidase Q OS=Homo sapiens OX=9606 GN=CPQ PE=1 SV=1",-1.15677152715084,12.4144438622511,-1.38451222813488,0.172313272678212,0.441624863794215,-4.92743018193162
1968,"Q99614|TTC1_HUMAN","Tetratricopeptide repeat protein 1 OS=Homo sapiens OX=9606 GN=TTC1 PE=1 SV=1",-0.762146361271688,8.51287733412956,-0.386051764090308,0.701086484042256,0.818223048581814,-5.72985299031388
1969,"Q15363|TMED2_HUMAN","Transmembrane emp24 domain-containing protein 2 OS=Homo sapiens OX=9606 GN=TMED2 PE=1 SV=1",-1.45518827100264,15.4745292466212,-2.39608887123441,0.0203306919864868,0.29753639723681,-3.28882596786089
1970,"P28676|GRAN_HUMAN","Grancalcin OS=Homo sapiens OX=9606 GN=GCA PE=1 SV=2",-3.65087310789863,10.2864522492106,-2.32039268421793,0.024414704804077,0.31600086074823,-3.43652575867971
1971,"Q9BXW7|HDHD5_HUMAN","Haloacid dehalogenase-like hydrolase domain-containing 5 OS=Homo sapiens OX=9606 GN=HDHD5 PE=1 SV=1",-0.183180697734617,11.4188163384237,-0.165443935700155,0.869257750623951,0.930622205303842,-5.78620093612608
1972,"Q8NI08|NCOA7_HUMAN","Nuclear receptor coactivator 7 OS=Homo sapiens OX=9606 GN=NCOA7 PE=1 SV=2",-3.05032900384514,9.28832801151239,-1.69547660648762,0.0961676282170084,0.386500097214807,-4.5050041415782
1973,"Q8NCE2|MTMRE_HUMAN","Myotubularin-related protein 14 OS=Homo sapiens OX=9606 GN=MTMR14 PE=1 SV=2",-2.65059054198067,10.3747608826631,-1.74193461073115,0.0876324892829669,0.377971753709499,-4.43538043098092
1974,"Q9Y5A9|YTHD2_HUMAN","YTH domain-containing family protein 2 OS=Homo sapiens OX=9606 GN=YTHDF2 PE=1 SV=2",-0.910986037118223,12.3288923653759,-1.07311197328166,0.288342419271683,0.524888330434861,-5.27110480555683
1975,"P36405|ARL3_HUMAN","ADP-ribosylation factor-like protein 3 OS=Homo sapiens OX=9606 GN=ARL3 PE=1 SV=2",-2.72888583077914,9.15189828867634,-1.49259599439367,0.141789281880114,0.418852151617044,-4.78935368173722
1976,"P21695|GPDA_HUMAN","Glycerol-3-phosphate dehydrogenase [NAD(+)], cytoplasmic OS=Homo sapiens OX=9606 GN=GPD1 PE=1 SV=4",-4.48546777092198,10.9006897277364,-3.27782319208157,0.0019008488830755,0.158937088200598,-1.32188062230192
1977,"Q01780|EXOSX_HUMAN","Exosome component 10 OS=Homo sapiens OX=9606 GN=EXOSC10 PE=1 SV=2",-2.32313465709499,10.3880521584573,-1.55837683739333,0.12541435111223,0.407261051876768,-4.70071452859476
1978,"Q9BYX4|IFIH1_HUMAN","Interferon-induced helicase C domain-containing protein 1 OS=Homo sapiens OX=9606 GN=IFIH1 PE=1 SV=3",-0.650386344478417,4.23217233345454,-0.350117383545749,0.727712512506491,0.838934098331226,-5.74209225898937
1979,"Q9P2R7|SUCB1_HUMAN","Succinate--CoA ligase [ADP-forming] subunit beta, mitochondrial OS=Homo sapiens OX=9606 GN=SUCLA2 PE=1 SV=3",-1.48940800876099,11.6403822041438,-0.835833149075802,0.417250109459871,0.623558716670251,-5.46733396123435
1980,"P51116|FXR2_HUMAN","Fragile X mental retardation syndrome-related protein 2 OS=Homo sapiens OX=9606 GN=FXR2 PE=1 SV=2",-0.500147124442968,10.8960798592439,-0.414807988076185,0.680046430932377,0.803335155794226,-5.71920362345406
1981,"O15427|MOT4_HUMAN","Monocarboxylate transporter 4 OS=Homo sapiens OX=9606 GN=SLC16A3 PE=1 SV=1",-1.04126367613891,14.6117331535662,-1.69474060934657,0.0963081734054224,0.386500097214807,-4.50609380655087
1982,"Q9P253|VPS18_HUMAN","Vacuolar protein sorting-associated protein 18 homolog OS=Homo sapiens OX=9606 GN=VPS18 PE=1 SV=2",-3.63584643985895,8.36880144095594,-1.89601031370375,0.0637104803604815,0.370215816673034,-4.1928008991466
1983,"P61916|NPC2_HUMAN","NPC intracellular cholesterol transporter 2 OS=Homo sapiens OX=9606 GN=NPC2 PE=1 SV=1",-1.68233221061664,15.5172408277463,-2.3601149322687,0.0242196732414967,0.31600086074823,-3.40155260152351
1984,"Q9Y5X2|SNX8_HUMAN","Sorting nexin-8 OS=Homo sapiens OX=9606 GN=SNX8 PE=1 SV=1",-3.79212502917254,10.0664473760577,-2.29820033423956,0.025743598108565,0.31600086074823,-3.47912148643588
1985,"Q01085|TIAR_HUMAN","Nucleolysin TIAR OS=Homo sapiens OX=9606 GN=TIAL1 PE=1 SV=1",-1.18053978981583,11.1706777447634,-1.02081175539201,0.312228538178953,0.544701328738046,-5.32073986975895
1986,"Q8TC07|TBC15_HUMAN","TBC1 domain family member 15 OS=Homo sapiens OX=9606 GN=TBC1D15 PE=1 SV=2",-0.51454651959752,11.0667328825813,-0.448656376600488,0.655606517307299,0.788301862100094,-5.70569619254109
1987,"P46783|RS10_HUMAN","40S ribosomal protein S10 OS=Homo sapiens OX=9606 GN=RPS10 PE=1 SV=1",-0.927569393800233,13.0290925207082,-1.2308144159566,0.224116930464137,0.478630742193082,-5.10725103341334
1987,"Q9NQ39|RS10L_HUMAN","Putative 40S ribosomal protein S10-like OS=Homo sapiens OX=9606 GN=RPS10P5 PE=5 SV=1",-3.46385631695325,10.2877299854036,-2.12276152974269,0.0390082426400015,0.347358138681877,-3.80727009727521
1988,"P51580|TPMT_HUMAN","Thiopurine S-methyltransferase OS=Homo sapiens OX=9606 GN=TPMT PE=1 SV=1",-0.445031279555543,11.877064077566,-0.473564079538792,0.637859826978527,0.775624583511157,-5.69508622563945
1989,"P78356|PI42B_HUMAN","Phosphatidylinositol 5-phosphate 4-kinase type-2 beta OS=Homo sapiens OX=9606 GN=PIP4K2B PE=1 SV=1",-1.3572709578604,8.26796235174662,-0.681874837423725,0.498446060924307,0.678725002972176,-5.58422727607062
1990,"P04066|FUCO_HUMAN","Tissue alpha-L-fucosidase OS=Homo sapiens OX=9606 GN=FUCA1 PE=1 SV=4",0.528470966405914,13.5659942898111,0.737890800006369,0.464009606867246,0.656749713038853,-5.54772293632715
1991,"Q16864|VATF_HUMAN","V-type proton ATPase subunit F OS=Homo sapiens OX=9606 GN=ATP6V1F PE=1 SV=2",-0.955246689215107,12.6723300002857,-1.22434539381833,0.226525649246429,0.481678846833288,-5.11438732084503
1992,"Q15750|TAB1_HUMAN","TGF-beta-activated kinase 1 and MAP3K7-binding protein 1 OS=Homo sapiens OX=9606 GN=TAB1 PE=1 SV=1",-3.55024593361286,10.0669029025585,-2.15364848785646,0.036084793948328,0.338634890255269,-3.74854250571766
1993,"P62328|TYB4_HUMAN","Thymosin beta-4 OS=Homo sapiens OX=9606 GN=TMSB4X PE=1 SV=2",-0.455872603378172,19.461627560928,-0.922632395924392,0.360603530118803,0.58380896665941,-5.4074967822227
1994,"Q15717|ELAV1_HUMAN","ELAV-like protein 1 OS=Homo sapiens OX=9606 GN=ELAVL1 PE=1 SV=2",-0.974106400519679,14.1548629210345,-1.51400384986836,0.136283827938993,0.41400500238329,-4.76088602257482
1995,"P49821|NDUV1_HUMAN","NADH dehydrogenase [ubiquinone] flavoprotein 1, mitochondrial OS=Homo sapiens OX=9606 GN=NDUFV1 PE=1 SV=4",-0.283293768438675,12.5281595209538,-0.344676303785538,0.731774802562312,0.84158987306699,-5.74384190657299
1996,"Q71RC2|LARP4_HUMAN","La-related protein 4 OS=Homo sapiens OX=9606 GN=LARP4 PE=1 SV=3",-1.31201978052301,8.07385651299229,-0.656806437969045,0.51429943266759,0.69135070427569,-5.59964951063673
1997,"Q96KP1|EXOC2_HUMAN","Exocyst complex component 2 OS=Homo sapiens OX=9606 GN=EXOC2 PE=1 SV=1",-3.97704343380793,8.90136564792096,-2.10790788318016,0.0400432915448802,0.348345476869979,-3.83083555384325
1998,"Q99729|ROAA_HUMAN","Heterogeneous nuclear ribonucleoprotein A/B OS=Homo sapiens OX=9606 GN=HNRNPAB PE=1 SV=2",-0.877769343914599,13.8743652413708,-1.29649708922703,0.200721061211181,0.464774425128055,-5.03280668679592
1999,"Q7L0Y3|TM10C_HUMAN","tRNA methyltransferase 10 homolog C OS=Homo sapiens OX=9606 GN=TRMT10C PE=1 SV=2",-1.1734942414327,11.467301834386,-1.1168044130626,0.269384517752346,0.509847414481415,-5.22783227092084
2000,"Q15758|AAAT_HUMAN","Neutral amino acid transporter B(0) OS=Homo sapiens OX=9606 GN=SLC1A5 PE=1 SV=2",-0.290823787552846,12.5830764197783,-0.348958263214402,0.728577251730564,0.839481600643002,-5.74246727376206
2001,"Q6UW02|CP20A_HUMAN","Cytochrome P450 20A1 OS=Homo sapiens OX=9606 GN=CYP20A1 PE=1 SV=1",-1.2780342836793,9.06999383317781,-0.680255706333028,0.499461860812437,0.679507297920118,-5.58524048245777
2002,"Q9NP97|DLRB1_HUMAN","Dynein light chain roadblock-type 1 OS=Homo sapiens OX=9606 GN=DYNLRB1 PE=1 SV=3",-0.557673012715039,14.7260990673349,-0.904022225877307,0.370293179546002,0.591343242233827,-5.42299061729836
2002,"Q8TF09|DLRB2_HUMAN","Dynein light chain roadblock-type 2 OS=Homo sapiens OX=9606 GN=DYNLRB2 PE=1 SV=1",-0.506460675423716,12.1461829199557,-0.604758671766766,0.548057988243654,0.713784625148297,-5.629857278315
2003,"Q9NVP1|DDX18_HUMAN","ATP-dependent RNA helicase DDX18 OS=Homo sapiens OX=9606 GN=DDX18 PE=1 SV=2",-0.48019631205193,10.6379881227886,-0.256677972028884,0.799796203926673,0.888501999048796,-5.76762006259532
2004,"P35659|DEK_HUMAN","Protein DEK OS=Homo sapiens OX=9606 GN=DEK PE=1 SV=1",-2.56382647766344,11.6463850889115,-2.05805493445055,0.0479577797504708,0.354698763841406,-3.94449734556088
2005,"Q3YEC7|RABL6_HUMAN","Rab-like protein 6 OS=Homo sapiens OX=9606 GN=RABL6 PE=1 SV=2",-1.08623580386675,10.0430667199296,-0.675054999177084,0.502732292334905,0.68198749644044,-5.58847896549377
2006,"Q13907|IDI1_HUMAN","Isopentenyl-diphosphate Delta-isomerase 1 OS=Homo sapiens OX=9606 GN=IDI1 PE=1 SV=2",-2.49780974830083,12.2297695177674,-1.60444714734364,0.131932766247456,0.411764075527387,-4.65717772118224
2007,"P07741|APT_HUMAN","Adenine phosphoribosyltransferase OS=Homo sapiens OX=9606 GN=APRT PE=1 SV=2",-0.672712029633262,13.654280004914,-1.00613051878947,0.319168620045709,0.547673006588394,-5.3342472439845
2008,"O00264|PGRC1_HUMAN","Membrane-associated progesterone receptor component 1 OS=Homo sapiens OX=9606 GN=PGRMC1 PE=1 SV=3",-0.606207272512508,12.9527340861796,-0.789760663545972,0.433374996489794,0.634879629211409,-5.51141382003617
2009,"Q6P1N0|C2D1A_HUMAN","Coiled-coil and C2 domain-containing protein 1A OS=Homo sapiens OX=9606 GN=CC2D1A PE=1 SV=1",-3.22391678752398,9.82734157908255,-1.97007263501455,0.0543479494913131,0.366768875860716,-4.06994796142057
2010,"P22830|HEMH_HUMAN","Ferrochelatase, mitochondrial OS=Homo sapiens OX=9606 GN=FECH PE=1 SV=2",0.208303261700484,9.56646610457903,0.130372595233029,0.896791664126111,0.946161832976444,-5.79101276680846
2011,"Q9H257|CARD9_HUMAN","Caspase recruitment domain-containing protein 9 OS=Homo sapiens OX=9606 GN=CARD9 PE=1 SV=2",-2.76798903356521,9.24257163396049,-1.55160581537505,0.12702651747989,0.408642277935793,-4.70999754956761
2012,"P33240|CSTF2_HUMAN","Cleavage stimulation factor subunit 2 OS=Homo sapiens OX=9606 GN=CSTF2 PE=1 SV=1",-1.83683186908996,9.9988264697729,-1.17500570750596,0.245524954152206,0.492078165441393,-5.16765447831451
2014,"Q5JTZ9|SYAM_HUMAN","Alanine--tRNA ligase, mitochondrial OS=Homo sapiens OX=9606 GN=AARS2 PE=1 SV=1",-0.889418959195329,10.5481234403331,-0.661864706097344,0.511078948697613,0.688525815464691,-5.5965832620851
2016,"O75347|TBCA_HUMAN","Tubulin-specific chaperone A OS=Homo sapiens OX=9606 GN=TBCA PE=1 SV=3",-0.530636892022267,14.2551160277014,-0.860662992279051,0.393507780049502,0.60954215017232,-5.45790573518023
2017,"Q07020|RL18_HUMAN","60S ribosomal protein L18 OS=Homo sapiens OX=9606 GN=RPL18 PE=1 SV=2",-1.07532101210815,14.8292523022192,-1.78289568981034,0.0806384824510947,0.375605864510613,-4.37262967471778
2018,"P10109|ADX_HUMAN","Adrenodoxin, mitochondrial OS=Homo sapiens OX=9606 GN=FDX1 PE=1 SV=1",-1.17714538573772,14.8721776761428,-1.70932890498925,0.0940849838861455,0.385701893955712,-4.48563382860669
2019,"P53597|SUCA_HUMAN","Succinate--CoA ligase [ADP/GDP-forming] subunit alpha, mitochondrial OS=Homo sapiens OX=9606 GN=SUCLG1 PE=1 SV=4",-0.547635797432706,11.8424404590067,-0.565209669938383,0.574443705890741,0.730693751113828,-5.65117003591489
2020,"Q8WVV9|HNRLL_HUMAN","Heterogeneous nuclear ribonucleoprotein L-like OS=Homo sapiens OX=9606 GN=HNRNPLL PE=1 SV=1",-2.52105623222958,10.3157136080305,-1.68888876686469,0.0974316680968202,0.386522542993734,-4.51474277756371
2021,"Q7Z4Q2|HEAT3_HUMAN","HEAT repeat-containing protein 3 OS=Homo sapiens OX=9606 GN=HEATR3 PE=1 SV=2",-3.13338504022364,11.0989085829772,-2.43666167297743,0.0184042891715916,0.292499164066587,-3.20814735330634
2022,"O15269|SPTC1_HUMAN","Serine palmitoyltransferase 1 OS=Homo sapiens OX=9606 GN=SPTLC1 PE=1 SV=1",-0.203088471868089,12.5327677565466,-0.258297101308396,0.797231626761957,0.888284196801107,-5.76796202248291
2023,"Q9BRK5|CAB45_HUMAN","45 kDa calcium-binding protein OS=Homo sapiens OX=9606 GN=SDF4 PE=1 SV=1",-4.25506871496012,9.0314096013797,-2.3666928256485,0.0218376327875527,0.302426637993535,-3.34662354892709
2024,"Q96SU4|OSBL9_HUMAN","Oxysterol-binding protein-related protein 9 OS=Homo sapiens OX=9606 GN=OSBPL9 PE=1 SV=2",-0.301965854463294,11.3721722722383,-0.285049758180819,0.776776467103585,0.87397498532266,-5.76122772169044
2025,"Q96I25|SPF45_HUMAN","Splicing factor 45 OS=Homo sapiens OX=9606 GN=RBM17 PE=1 SV=1",-0.347306046348173,12.0809461842621,-0.396868394350457,0.693143458046175,0.812106597825385,-5.72593635405404
2026,"Q9P1Z2|CACO1_HUMAN","Calcium-binding and coiled-coil domain-containing protein 1 OS=Homo sapiens OX=9606 GN=CALCOCO1 PE=1 SV=2",-5.24464340239912,8.43887767335526,-2.80970312427301,0.0070455850328195,0.229110742269469,-2.41944369541606
2027,"Q9NUQ8|ABCF3_HUMAN","ATP-binding cassette sub-family F member 3 OS=Homo sapiens OX=9606 GN=ABCF3 PE=1 SV=2",-2.73597298821677,9.18352835803181,-1.52169026961137,0.134349080630764,0.413207622515545,-4.75057530497372
2028,"Q9UKE5|TNIK_HUMAN","TRAF2 and NCK-interacting protein kinase OS=Homo sapiens OX=9606 GN=TNIK PE=1 SV=1",-2.47848451160766,5.27376194529368,-1.28207262188213,0.205695061357942,0.467126622764674,-5.04946426510721
2029,"Q9H4A6|GOLP3_HUMAN","Golgi phosphoprotein 3 OS=Homo sapiens OX=9606 GN=GOLPH3 PE=1 SV=1",-2.40121133539434,11.4255069840761,-1.9396800080332,0.0592699091738194,0.366887115993354,-4.12771073688059
2030,"A6NDG6|PGP_HUMAN","Glycerol-3-phosphate phosphatase OS=Homo sapiens OX=9606 GN=PGP PE=1 SV=1",-2.5667317880742,10.8550095903063,-1.9058460194322,0.0623929422269219,0.370211424743563,-4.17671613050677
2031,"Q9H0A0|NAT10_HUMAN","RNA cytidine acetyltransferase OS=Homo sapiens OX=9606 GN=NAT10 PE=1 SV=2",-0.88482657245529,8.15826327787206,-0.455346171069279,0.65081978553596,0.784956823383752,-5.70290231508058
2032,"P28288|ABCD3_HUMAN","ATP-binding cassette sub-family D member 3 OS=Homo sapiens OX=9606 GN=ABCD3 PE=1 SV=1",-4.94147590256616,9.66977161649006,-2.77823212886898,0.00766316495633898,0.2404254628413,-2.48910983479577
2033,"P98196|AT11A_HUMAN","Probable phospholipid-transporting ATPase IH OS=Homo sapiens OX=9606 GN=ATP11A PE=1 SV=3",-4.81298087024985,8.73897016266452,-2.59892359021645,0.0122399456602572,0.284166250325533,-2.87524834703445
2034,"Q9UPQ9|TNR6B_HUMAN","Trinucleotide repeat-containing gene 6B protein OS=Homo sapiens OX=9606 GN=TNRC6B PE=1 SV=4",-1.83166276759061,6.32449884426579,-0.907560739017301,0.368438084543047,0.589692616174991,-5.42006808691987
2035,"Q15056|IF4H_HUMAN","Eukaryotic translation initiation factor 4H OS=Homo sapiens OX=9606 GN=EIF4H PE=1 SV=5",-0.732322711353508,14.9986629315132,-1.21070350891973,0.231667401107326,0.485557760931822,-5.12932079673344
2036,"Q13619|CUL4A_HUMAN","Cullin-4A OS=Homo sapiens OX=9606 GN=CUL4A PE=1 SV=3",-0.159673480656091,9.93520044903952,-0.0965471082158052,0.923469727038138,0.961257604584038,-5.79457347768454
2037,"P20674|COX5A_HUMAN","Cytochrome c oxidase subunit 5A, mitochondrial OS=Homo sapiens OX=9606 GN=COX5A PE=1 SV=2",-0.447740493440211,16.6288363435776,-0.776281401772276,0.441218007019777,0.638765027305607,-5.52108045146771
2038,"Q5T0F9|C2D1B_HUMAN","Coiled-coil and C2 domain-containing protein 1B OS=Homo sapiens OX=9606 GN=CC2D1B PE=1 SV=1",-3.59357612760566,10.093503396391,-2.1669747440002,0.0349980845798684,0.338634890255269,-3.72429589327963
2039,"Q6VY07|PACS1_HUMAN","Phosphofurin acidic cluster sorting protein 1 OS=Homo sapiens OX=9606 GN=PACS1 PE=1 SV=2",-2.72572227111028,8.86186248278957,-1.48993257034393,0.142486375827898,0.419472878120819,-4.79286972873964
2040,"Q6P587|FAHD1_HUMAN","Acylpyruvase FAHD1, mitochondrial OS=Homo sapiens OX=9606 GN=FAHD1 PE=1 SV=2",-1.13304111020388,13.3573632387327,-1.66371597702602,0.102388247842784,0.387024448867313,-4.55164639478226
2041,"Q53HC9|EIPR1_HUMAN","EARP and GARP complex-interacting protein 1 OS=Homo sapiens OX=9606 GN=EIPR1 PE=1 SV=2",-1.26785783244054,10.4866467436687,-0.948832329237361,0.347242618991892,0.57549456565423,-5.38516880766121
2042,"Q02750|MP2K1_HUMAN","Dual specificity mitogen-activated protein kinase kinase 1 OS=Homo sapiens OX=9606 GN=MAP2K1 PE=1 SV=2",-1.06468047190456,13.048971506435,-1.44914516446974,0.153503363967515,0.426541282972961,-4.84600040893378
2044,"Q6GTX8|LAIR1_HUMAN","Leukocyte-associated immunoglobulin-like receptor 1 OS=Homo sapiens OX=9606 GN=LAIR1 PE=1 SV=1",-2.41848752230908,8.68968971392379,-1.19870848663644,0.236378803426536,0.486305151688262,-5.14226139793888
2045,"P06132|DCUP_HUMAN","Uroporphyrinogen decarboxylase OS=Homo sapiens OX=9606 GN=UROD PE=1 SV=2",1.09268017964632,9.53762380991676,0.593727185133504,0.555355431268268,0.718508814200189,-5.63594482637578
2046,"P08631|HCK_HUMAN","Tyrosine-protein kinase HCK OS=Homo sapiens OX=9606 GN=HCK PE=1 SV=5",0.777436095165235,11.717305429221,0.816085324275191,0.418299462576679,0.624154321322549,-5.49206843119478
2047,"P15104|GLNA_HUMAN","Glutamine synthetase OS=Homo sapiens OX=9606 GN=GLUL PE=1 SV=4",-0.761460732792766,13.6785928017729,-1.11452658084399,0.270350568834105,0.510254119179881,-5.23012866861369
2048,"Q13568|IRF5_HUMAN","Interferon regulatory factor 5 OS=Homo sapiens OX=9606 GN=IRF5 PE=1 SV=2",-1.50774792595183,11.2662132380887,-1.16943022006894,0.248728040203625,0.495037213642393,-5.17298312798001
2050,"Q9UBI1|COMD3_HUMAN","COMM domain-containing protein 3 OS=Homo sapiens OX=9606 GN=COMMD3 PE=1 SV=1",-2.26627299323559,10.932253883209,-1.69382924159068,0.0964824417107694,0.386500097214807,-4.50744253463808
2051,"Q9Y3E5|PTH2_HUMAN","Peptidyl-tRNA hydrolase 2, mitochondrial OS=Homo sapiens OX=9606 GN=PTRH2 PE=1 SV=1",-2.24171183842426,8.001362168343,-1.1102134102873,0.272186523715374,0.511245843750777,-5.23446482365229
2052,"O14497|ARI1A_HUMAN","AT-rich interactive domain-containing protein 1A OS=Homo sapiens OX=9606 GN=ARID1A PE=1 SV=3",-1.02528128395351,9.62883732948956,-0.614559686274408,0.541615711161786,0.709964104575279,-5.62435622407311
2053,"Q5TDH0|DDI2_HUMAN","Protein DDI1 homolog 2 OS=Homo sapiens OX=9606 GN=DDI2 PE=1 SV=1",-2.21631998719927,10.4062575683544,-1.46279854101953,0.149743458866681,0.423261066143431,-4.82836466147432
2054,"Q14651|PLSI_HUMAN","Plastin-1 OS=Homo sapiens OX=9606 GN=PLS1 PE=1 SV=2",-0.0612583968639484,4.74340390319158,-0.0309368674473961,0.975442320852907,0.984817176726083,-5.79845429450925
2055,"Q9NPQ8|RIC8A_HUMAN","Synembryn-A OS=Homo sapiens OX=9606 GN=RIC8A PE=1 SV=3",-0.298313648653519,11.8473037713314,-0.321909924984972,0.748855007498243,0.853484656600935,-5.75086694878621
2056,"Q8WYP5|ELYS_HUMAN","Protein ELYS OS=Homo sapiens OX=9606 GN=AHCTF1 PE=1 SV=3",-1.11926772484228,9.94084242629564,-0.690468312455016,0.493073734608396,0.674608823049034,-5.57881021912464
2057,"P05165|PCCA_HUMAN","Propionyl-CoA carboxylase alpha chain, mitochondrial OS=Homo sapiens OX=9606 GN=PCCA PE=1 SV=4",-2.50598663973295,7.60244816663035,-1.20055419077949,0.235547791513396,0.485873725118869,-5.14032918368211
2058,"O43768|ENSA_HUMAN","Alpha-endosulfine OS=Homo sapiens OX=9606 GN=ENSA PE=1 SV=1",-1.66376029936349,11.6659438736451,-1.16868043000584,0.255576396072403,0.500558775985993,-5.17003060183198
2059,"P62269|RS18_HUMAN","40S ribosomal protein S18 OS=Homo sapiens OX=9606 GN=RPS18 PE=1 SV=3",-0.555057171124851,14.5463037653859,-0.886611699934565,0.379507602761665,0.599048746344749,-5.43720974598999
2060,"Q9NZK5|ADA2_HUMAN","Adenosine deaminase 2 OS=Homo sapiens OX=9606 GN=ADA2 PE=1 SV=2",1.23698916824998,10.2257178530618,0.860973328073631,0.393338461818426,0.60954215017232,-5.45766173480342
2061,"O14561|ACPM_HUMAN","Acyl carrier protein, mitochondrial OS=Homo sapiens OX=9606 GN=NDUFAB1 PE=1 SV=3",-0.574417149989756,15.0487941500538,-0.919315650547676,0.362318337741372,0.584458831704903,-5.41028041802172
2062,"O95232|LC7L3_HUMAN","Luc7-like protein 3 OS=Homo sapiens OX=9606 GN=LUC7L3 PE=1 SV=2",-1.62052678804631,10.9565664888051,-1.20111718734084,0.235331307211445,0.485873725118869,-5.13972081269537
2063,"O43633|CHM2A_HUMAN","Charged multivesicular body protein 2a OS=Homo sapiens OX=9606 GN=CHMP2A PE=1 SV=1",0.240119688094012,9.9317022458754,0.148479563859496,0.882557987200821,0.938807108453263,-5.78867080212013
2064,"Q13277|STX3_HUMAN","Syntaxin-3 OS=Homo sapiens OX=9606 GN=STX3 PE=1 SV=3",-5.01488156016802,9.33333129724135,-2.77123939545586,0.00780700755060196,0.241849510682426,-2.50451418603052
2065,"Q9BTT0|AN32E_HUMAN","Acidic leucine-rich nuclear phosphoprotein 32 family member E OS=Homo sapiens OX=9606 GN=ANP32E PE=1 SV=1",-0.612955799841338,13.8824913894587,-0.892893879342336,0.376166169714408,0.595992958721951,-5.43210990417125
2066,"O75531|BAF_HUMAN","Barrier-to-autointegration factor OS=Homo sapiens OX=9606 GN=BANF1 PE=1 SV=1",-2.74224523977007,12.6696500509474,-1.38390375703077,0.195056574838027,0.461851933934789,-4.92917335356899
2067,"Q9BZV1|UBXN6_HUMAN","UBX domain-containing protein 6 OS=Homo sapiens OX=9606 GN=UBXN6 PE=1 SV=1",-1.70987341694255,11.3394470351074,-1.26402572686345,0.215342357973159,0.474656876044215,-5.06897183408139
2068,"P28074|PSB5_HUMAN","Proteasome subunit beta type-5 OS=Homo sapiens OX=9606 GN=PSMB5 PE=1 SV=3",-1.40154409808139,11.2659373466889,-1.26167910340623,0.212883973239332,0.473243150679218,-5.07271876536612
2069,"P06858|LIPL_HUMAN","Lipoprotein lipase OS=Homo sapiens OX=9606 GN=LPL PE=1 SV=1",-4.36040224580409,9.41154123572607,-2.51791196383197,0.0150334173759191,0.286254888807852,-3.04347444149724
2070,"Q9UNF1|MAGD2_HUMAN","Melanoma-associated antigen D2 OS=Homo sapiens OX=9606 GN=MAGED2 PE=1 SV=2",-0.218516199419827,10.0144418436966,-0.140417445423584,0.888890989652983,0.942040721563828,-5.78975109125002
2071,"Q6KB66|K2C80_HUMAN","Keratin, type II cytoskeletal 80 OS=Homo sapiens OX=9606 GN=KRT80 PE=1 SV=2",2.60522296839242,6.82781934660038,1.23673529675619,0.221928888989188,0.476862311775177,-5.10068857527797
2072,"P13473|LAMP2_HUMAN","Lysosome-associated membrane glycoprotein 2 OS=Homo sapiens OX=9606 GN=LAMP2 PE=1 SV=2",-1.22909542214854,15.0850958490237,-1.82044362416006,0.0750046353391424,0.375605864510613,-4.31530649179911
2073,"O75391|SPAG7_HUMAN","Sperm-associated antigen 7 OS=Homo sapiens OX=9606 GN=SPAG7 PE=1 SV=2",-3.17929234311047,7.7343311893989,-1.5536240017752,0.126544262808358,0.408259280835653,-4.70723443552456
2074,"Q9NRW7|VPS45_HUMAN","Vacuolar protein sorting-associated protein 45 OS=Homo sapiens OX=9606 GN=VPS45 PE=1 SV=1",-3.63188325121797,8.80653826408215,-1.90060918639023,0.0630915221178953,0.370211424743563,-4.18528899511785
2075,"Q9P2W9|STX18_HUMAN","Syntaxin-18 OS=Homo sapiens OX=9606 GN=STX18 PE=1 SV=1",-0.388362697361812,11.9140880086368,-0.403343351410896,0.688405173671313,0.809877378585727,-5.72354038312479
2076,"P05114|HMGN1_HUMAN","Non-histone chromosomal protein HMG-14 OS=Homo sapiens OX=9606 GN=HMGN1 PE=1 SV=3",-1.88575543981124,12.3675762679931,-0.937209698717598,0.369515096322582,0.590538597351154,-5.38027186435721
2078,"Q92643|GPI8_HUMAN","GPI-anchor transamidase OS=Homo sapiens OX=9606 GN=PIGK PE=1 SV=2",-2.86235065599987,10.4295034124496,-1.94691717515019,0.057139341680521,0.366768875860716,-4.10878632622884
2079,"Q9Y385|UB2J1_HUMAN","Ubiquitin-conjugating enzyme E2 J1 OS=Homo sapiens OX=9606 GN=UBE2J1 PE=1 SV=2",-1.19382857679504,5.70058260904924,-0.585171017905051,0.561048897407658,0.723267764482125,-5.64059040688533
2080,"P84098|RL19_HUMAN","60S ribosomal protein L19 OS=Homo sapiens OX=9606 GN=RPL19 PE=1 SV=1",-0.300586704962726,14.7915764060292,-0.479468398387689,0.633683671082419,0.772728077959223,-5.6924879270153
2081,"P51114|FXR1_HUMAN","Fragile X mental retardation syndrome-related protein 1 OS=Homo sapiens OX=9606 GN=FXR1 PE=1 SV=3",-1.74701798506992,8.69761229424887,-0.892805409624135,0.376213095723584,0.595992958721951,-5.43218196493598
2082,"Q16740|CLPP_HUMAN","ATP-dependent Clp protease proteolytic subunit, mitochondrial OS=Homo sapiens OX=9606 GN=CLPP PE=1 SV=1",-0.328650386616971,13.4239528098898,-0.483039174414596,0.631163851242541,0.770309636526388,-5.69090107710781
2083,"O15127|SCAM2_HUMAN","Secretory carrier-associated membrane protein 2 OS=Homo sapiens OX=9606 GN=SCAMP2 PE=1 SV=2",0.0678868509654826,13.3146294648952,0.0986596248311011,0.921800666371093,0.96037626271415,-5.79438216245465
2084,"Q9Y2T2|AP3M1_HUMAN","AP-3 complex subunit mu-1 OS=Homo sapiens OX=9606 GN=AP3M1 PE=1 SV=1",-3.88753514782903,10.4471493513889,-2.45094595615023,0.0181067444675094,0.292499164066587,-3.18916063476229
2085,"Q14558|KPRA_HUMAN","Phosphoribosyl pyrophosphate synthase-associated protein 1 OS=Homo sapiens OX=9606 GN=PRPSAP1 PE=1 SV=2",-4.49882187657933,8.25377730816838,-2.3707664345648,0.0216229975576083,0.302370943118893,-3.33864728228376
2086,"Q99873|ANM1_HUMAN","Protein arginine N-methyltransferase 1 OS=Homo sapiens OX=9606 GN=PRMT1 PE=1 SV=3",-2.3501955869989,10.0550188449849,-1.52251111814605,0.134143764132444,0.413207622515545,-4.74947141303809
2087,"O95104|SCAF4_HUMAN","SR-related and CTD-associated factor 4 OS=Homo sapiens OX=9606 GN=SCAF4 PE=1 SV=3",-0.239690798771701,11.9243628503755,-0.264255660103988,0.792662700361562,0.885626346082099,-5.76651933094546
2088,"Q15631|TSN_HUMAN","Translin OS=Homo sapiens OX=9606 GN=TSN PE=1 SV=1",-0.762077699350224,12.7505015086451,-0.999130270139173,0.322514109632529,0.552093907069675,-5.34062185296461
2089,"Q9H0Q0|CYRIA_HUMAN","CYFIP-related Rac1 interactor A OS=Homo sapiens OX=9606 GN=CYRIA PE=2 SV=1",-0.0610678268710991,11.3590753917502,-0.057250012964721,0.95457286719939,0.975444308545446,-5.79737757867557
2090,"Q13404|UB2V1_HUMAN","Ubiquitin-conjugating enzyme E2 variant 1 OS=Homo sapiens OX=9606 GN=UBE2V1 PE=1 SV=2",-1.50012121497142,12.2450713124994,-1.66760786175485,0.101608683214028,0.387024448867313,-4.5459728859879
2091,"Q9Y697|NFS1_HUMAN","Cysteine desulfurase, mitochondrial OS=Homo sapiens OX=9606 GN=NFS1 PE=1 SV=3",-2.13173678668033,9.415791830112,-1.24364925451069,0.219393854776647,0.476862311775177,-5.09298815046146
2092,"Q96FS4|SIPA1_HUMAN","Signal-induced proliferation-associated protein 1 OS=Homo sapiens OX=9606 GN=SIPA1 PE=1 SV=1",-0.35102650205812,11.5820256478011,-0.352557833046223,0.725893030745463,0.837733462867286,-5.74129864688238
2093,"Q9BPX5|ARP5L_HUMAN","Actin-related protein 2/3 complex subunit 5-like protein OS=Homo sapiens OX=9606 GN=ARPC5L PE=1 SV=1",-3.78260083143806,10.266179795153,-2.38865118157274,0.0207028779023175,0.29753639723681,-3.30350208387095
2094,"P37198|NUP62_HUMAN","Nuclear pore glycoprotein p62 OS=Homo sapiens OX=9606 GN=NUP62 PE=1 SV=3",-1.11096490262026,12.2251416536108,-1.21478386960172,0.230120603836465,0.485134332219116,-5.12487055862834
2095,"P30837|AL1B1_HUMAN","Aldehyde dehydrogenase X, mitochondrial OS=Homo sapiens OX=9606 GN=ALDH1B1 PE=1 SV=3",-2.8915782023765,10.2736869993721,-1.80270304696019,0.0774275883375609,0.375605864510613,-4.34183049445764
2096,"O00442|RTCA_HUMAN","RNA 3'-terminal phosphate cyclase OS=Homo sapiens OX=9606 GN=RTCA PE=1 SV=1",-6.25807460033348,8.29681778775605,-3.25911235551891,0.00200715489866193,0.16008918793587,-1.3678155605551
2097,"O15229|KMO_HUMAN","Kynurenine 3-monooxygenase OS=Homo sapiens OX=9606 GN=KMO PE=1 SV=2",-0.915074956121293,12.2695939677581,-1.10057721097822,0.276319999578124,0.513236153042642,-5.24409478399887
2098,"Q15650|TRIP4_HUMAN","Activating signal cointegrator 1 OS=Homo sapiens OX=9606 GN=TRIP4 PE=1 SV=4",-1.61762538612435,6.73904031787844,-0.781755389490382,0.438022869450074,0.637137621993066,-5.51717433043331
2099,"Q13428|TCOF_HUMAN","Treacle protein OS=Homo sapiens OX=9606 GN=TCOF1 PE=1 SV=3",-1.3283156919048,9.89294332915112,-0.807955013259923,0.422921237868201,0.627029869706831,-5.49810902398439
2100,"P63098|CANB1_HUMAN","Calcineurin subunit B type 1 OS=Homo sapiens OX=9606 GN=PPP3R1 PE=1 SV=2",-2.94364103093311,12.6426987731528,-1.79115337030706,0.0997970562801694,0.387024448867313,-4.41653617091204
2100,"Q96LZ3|CANB2_HUMAN","Calcineurin subunit B type 2 OS=Homo sapiens OX=9606 GN=PPP3R2 PE=1 SV=3",-6.3470172370474,8.35050163797312,-3.36344909451463,0.00147879989517323,0.158937088200598,-1.1096448839022
2101,"O43665|RGS10_HUMAN","Regulator of G-protein signaling 10 OS=Homo sapiens OX=9606 GN=RGS10 PE=1 SV=3",-1.04571853688982,12.8639175599381,-1.42065350183284,0.161587240205427,0.435298116579411,-4.88231581399106
2102,"Q7Z3D6|GLUCM_HUMAN","D-glutamate cyclase, mitochondrial OS=Homo sapiens OX=9606 GN=DGLUCY PE=1 SV=2",-0.533647433449691,11.787742166214,-0.539497240600867,0.591924174842192,0.742404607176855,-5.66426395044644
2103,"P49720|PSB3_HUMAN","Proteasome subunit beta type-3 OS=Homo sapiens OX=9606 GN=PSMB3 PE=1 SV=2",-0.0610604186746802,11.9641208437856,-0.0647507706143824,0.948629101471526,0.97326001430154,-5.79695298171534
2104,"Q5K651|SAMD9_HUMAN","Sterile alpha motif domain-containing protein 9 OS=Homo sapiens OX=9606 GN=SAMD9 PE=1 SV=1",-2.50211104945815,9.98052035982015,-1.54205756622716,0.129328117655976,0.411120587293556,-4.72302627679538
2105,"Q92851|CASPA_HUMAN","Caspase-10 OS=Homo sapiens OX=9606 GN=CASP10 PE=1 SV=3",-4.34332669062557,8.44866049874303,-2.35716679407364,0.0223470221869725,0.305296712981952,-3.36523406461605
2106,"Q16630|CPSF6_HUMAN","Cleavage and polyadenylation specificity factor subunit 6 OS=Homo sapiens OX=9606 GN=CPSF6 PE=1 SV=2",-0.547381807954501,12.9004002484551,-0.752942289384494,0.454994344915773,0.65120399007275,-5.53743450353233
2107,"Q9UMX5|NENF_HUMAN","Neudesin OS=Homo sapiens OX=9606 GN=NENF PE=1 SV=1",-1.15668657420082,14.0227918722611,-1.67426671896887,0.100286173095198,0.387024448867313,-4.53623853337463
2108,"Q9UPU5|UBP24_HUMAN","Ubiquitin carboxyl-terminal hydrolase 24 OS=Homo sapiens OX=9606 GN=USP24 PE=1 SV=3",-1.14353320883541,6.93050343438701,-0.543300881022203,0.589322486707548,0.741610834090263,-5.66236488506589
2109,"P62995|TRA2B_HUMAN","Transformer-2 protein homolog beta OS=Homo sapiens OX=9606 GN=TRA2B PE=1 SV=1",-0.73386452082833,14.0293521771105,-1.15750489573014,0.252533336074009,0.498013314318112,-5.18605293487896
2110,"Q9UGI8|TES_HUMAN","Testin OS=Homo sapiens OX=9606 GN=TES PE=1 SV=1",-0.733748336871814,11.0317730689015,-0.641058657512891,0.524394868262242,0.697461151011568,-5.60904770646928
2111,"Q53GL0|PKHO1_HUMAN","Pleckstrin homology domain-containing family O member 1 OS=Homo sapiens OX=9606 GN=PLEKHO1 PE=1 SV=2",-4.31992213247805,8.53629075198177,-2.24737289436965,0.0290326495640789,0.326488217338006,-3.5754539782349
2112,"Q5T8P6|RBM26_HUMAN","RNA-binding protein 26 OS=Homo sapiens OX=9606 GN=RBM26 PE=1 SV=3",-2.85449962477162,9.19615138910831,-1.56329826158599,0.124252909365486,0.406037390468247,-4.69394448376333
2113,"Q9P0I2|EMC3_HUMAN","ER membrane protein complex subunit 3 OS=Homo sapiens OX=9606 GN=EMC3 PE=1 SV=3",-4.80720602300187,8.95575281807355,-2.56582167800564,0.0133186119297258,0.284166250325533,-2.94446678840273
2114,"Q9NPA0|EMC7_HUMAN","ER membrane protein complex subunit 7 OS=Homo sapiens OX=9606 GN=EMC7 PE=1 SV=1",-1.11188589197434,11.7316973595034,-1.1619095197164,0.250756075789725,0.496568421999068,-5.18144689947939
2115,"Q9NVS9|PNPO_HUMAN","Pyridoxine-5'-phosphate oxidase OS=Homo sapiens OX=9606 GN=PNPO PE=1 SV=1",-0.989489008357536,9.84324027835645,-0.610622860451066,0.544198730421673,0.711771616133054,-5.62657631863009
2118,"Q8WX93|PALLD_HUMAN","Palladin OS=Homo sapiens OX=9606 GN=PALLD PE=1 SV=3",-3.00485429658905,6.27314880459211,-1.46641302874766,0.148760302273203,0.423261066143431,-4.82367069158335
2119,"Q96JG6|VPS50_HUMAN","Syndetin OS=Homo sapiens OX=9606 GN=VPS50 PE=1 SV=3",-2.38927741318041,7.76520249875788,-1.18511546270581,0.241540982168756,0.488182548193727,-5.15690771668714
2120,"P39019|RS19_HUMAN","40S ribosomal protein S19 OS=Homo sapiens OX=9606 GN=RPS19 PE=1 SV=2",-0.855797143028225,15.5003468918528,-1.45852270897286,0.150913088214125,0.423664741436004,-4.83390386427763
2121,"O00625|PIR_HUMAN","Pirin OS=Homo sapiens OX=9606 GN=PIR PE=1 SV=1",-0.485904718956114,10.9853704322262,-0.410904107332513,0.682888228460089,0.805808109582904,-5.7206939029308
2122,"O15294|OGT1_HUMAN","UDP-N-acetylglucosamine--peptide N-acetylglucosaminyltransferase 110 kDa subunit OS=Homo sapiens OX=9606 GN=OGT PE=1 SV=3",-1.6918620696586,11.7427597637078,-1.74247942974483,0.087536255449832,0.377971753709499,-4.43455415356437
2123,"P51798|CLCN7_HUMAN","H(+)/Cl(-) exchange transporter 7 OS=Homo sapiens OX=9606 GN=CLCN7 PE=1 SV=2",-2.15689214658937,10.8511787603339,-1.55917738085154,0.125224833846242,0.407261051876768,-4.69961458621236
2124,"Q16836|HCDH_HUMAN","Hydroxyacyl-coenzyme A dehydrogenase, mitochondrial OS=Homo sapiens OX=9606 GN=HADH PE=1 SV=3",-0.228121224902946,14.1018728542288,-0.329903327366811,0.742843073587599,0.849104330663956,-5.74845482103833
2125,"O43169|CYB5B_HUMAN","Cytochrome b5 type B OS=Homo sapiens OX=9606 GN=CYB5B PE=1 SV=3",-1.043463663403,14.0594956464024,-1.48078307339948,0.144901721448753,0.42129346231839,-4.804904750832
2126,"O75964|ATP5L_HUMAN","ATP synthase subunit g, mitochondrial OS=Homo sapiens OX=9606 GN=ATP5MG PE=1 SV=3",-1.47360695037862,13.9477813817358,-2.29447839896167,0.0259726734861559,0.31600086074823,-3.48623363636755
2126,"Q7Z4Y8|AT5L2_HUMAN","Putative ATP synthase subunit g 2, mitochondrial OS=Homo sapiens OX=9606 GN=ATP5MGL PE=5 SV=1",-0.249399128519821,11.6079904057024,-0.163954139926936,0.871491732320802,0.931922875180849,-5.78603684709852
2127,"O76031|CLPX_HUMAN","ATP-dependent Clp protease ATP-binding subunit clpX-like, mitochondrial OS=Homo sapiens OX=9606 GN=CLPX PE=1 SV=2",0.00262520761250506,12.1843549031863,0.00307263969972031,0.997560546334255,0.998023989096779,-5.79889402550643
2128,"Q13123|RED_HUMAN","Protein Red OS=Homo sapiens OX=9606 GN=IK PE=1 SV=3",-0.0920523484413156,10.5604562905426,-0.0695460717412584,0.94483072001652,0.971850380963775,-5.79665417973146
2129,"Q9BWU0|NADAP_HUMAN","Kanadaptin OS=Homo sapiens OX=9606 GN=SLC4A1AP PE=1 SV=1",-2.35225657081711,6.24625717802012,-1.11699914157288,0.269302044828352,0.509847414481415,-5.22763574922329
2130,"Q00653|NFKB2_HUMAN","Nuclear factor NF-kappa-B p100 subunit OS=Homo sapiens OX=9606 GN=NFKB2 PE=1 SV=4",-0.989046930137306,9.03687198223004,-0.528697264054918,0.599340803140826,0.745627047697151,-5.66958429064369
2131,"Q9HB07|MYG1_HUMAN","MYG1 exonuclease OS=Homo sapiens OX=9606 GN=MYG1 PE=1 SV=3",-1.34301743657771,11.7003927687573,-1.37874528998912,0.174074434186058,0.441624863794215,-4.93453008686879
2132,"P22681|CBL_HUMAN","E3 ubiquitin-protein ligase CBL OS=Homo sapiens OX=9606 GN=CBL PE=1 SV=2",-2.67735922358931,10.6474240527182,-1.90071038816249,0.0630779592256658,0.370211424743563,-4.18512351520197
2133,"P16150|LEUK_HUMAN","Leukosialin OS=Homo sapiens OX=9606 GN=SPN PE=1 SV=1",-1.90768924891007,10.9506110463503,-1.39968685150791,0.16774470420831,0.438676892435621,-4.90861798004011
2134,"Q8IYI6|EXOC8_HUMAN","Exocyst complex component 8 OS=Homo sapiens OX=9606 GN=EXOC8 PE=1 SV=2",-1.97717211887737,10.1457680396834,-1.28622921931489,0.204252367179759,0.467051180058524,-5.04468194847563
2135,"P20132|SDHL_HUMAN","L-serine dehydratase/L-threonine deaminase OS=Homo sapiens OX=9606 GN=SDS PE=1 SV=2",-2.14195018462148,11.6243872694746,-1.47261138920469,0.155927292478316,0.430326125184158,-4.81978169117403
2136,"O76071|CIAO1_HUMAN","Probable cytosolic iron-sulfur protein assembly protein CIAO1 OS=Homo sapiens OX=9606 GN=CIAO1 PE=1 SV=1",-2.90885567866761,10.1580690640269,-1.90874344647292,0.0620092722510378,0.370211424743563,-4.17196430931887
2137,"Q13242|SRSF9_HUMAN","Serine/arginine-rich splicing factor 9 OS=Homo sapiens OX=9606 GN=SRSF9 PE=1 SV=1",0.735395754094206,12.3131965120068,0.859544259502354,0.394118534421327,0.609670840579968,-5.45878462768717
2138,"Q99704|DOK1_HUMAN","Docking protein 1 OS=Homo sapiens OX=9606 GN=DOK1 PE=1 SV=1",-4.05451696469006,6.96126132229691,-1.98116320600864,0.0530530120467595,0.366768875860716,-4.0512087777645
2139,"P61313|RL15_HUMAN","60S ribosomal protein L15 OS=Homo sapiens OX=9606 GN=RPL15 PE=1 SV=2",-2.30844390476698,11.941550958359,-1.69035534732289,0.106934594440314,0.38869023294754,-4.53176286464968
2140,"Q96N96|SPT13_HUMAN","Spermatogenesis-associated protein 13 OS=Homo sapiens OX=9606 GN=SPATA13 PE=1 SV=1",-3.12811698211637,9.42885736866746,-1.77639272014118,0.0817166466572904,0.375605864510613,-4.38267686117965
2141,"O75150|BRE1B_HUMAN","E3 ubiquitin-protein ligase BRE1B OS=Homo sapiens OX=9606 GN=RNF40 PE=1 SV=5",-3.31928762129328,9.55618304093345,-1.89770261878045,0.0634821163358653,0.370215816673034,-4.19003845548456
2143,"Q8IXM2|BAP18_HUMAN","Chromatin complexes subunit BAP18 OS=Homo sapiens OX=9606 GN=BAP18 PE=1 SV=1",-0.332419601806022,12.8694447418158,-0.452431977000123,0.652903163726401,0.786376598939681,-5.70412441627486
2144,"Q5VTR2|BRE1A_HUMAN","E3 ubiquitin-protein ligase BRE1A OS=Homo sapiens OX=9606 GN=RNF20 PE=1 SV=2",-1.71471545339802,10.7608376313918,-1.21943275012572,0.228367524693055,0.483785108757567,-5.11978315623222
2146,"P04233|HG2A_HUMAN","HLA class II histocompatibility antigen gamma chain OS=Homo sapiens OX=9606 GN=CD74 PE=1 SV=3",0.0613210061106511,14.738170445704,0.10035682989818,0.92045999232911,0.959443656089418,-5.79422546050747
2147,"Q3KQV9|UAP1L_HUMAN","UDP-N-acetylhexosamine pyrophosphorylase-like protein 1 OS=Homo sapiens OX=9606 GN=UAP1L1 PE=1 SV=2",-3.19667115787054,9.14915587377146,-1.79482325311084,0.0786918702153808,0.375605864510613,-4.35411846308567
2148,"Q15185|TEBP_HUMAN","Prostaglandin E synthase 3 OS=Homo sapiens OX=9606 GN=PTGES3 PE=1 SV=1",-2.44619669746573,13.1267427310756,-1.32993839869222,0.211664962762106,0.471709726663518,-4.99030371043177
2149,"Q6UW68|TM205_HUMAN","Transmembrane protein 205 OS=Homo sapiens OX=9606 GN=TMEM205 PE=1 SV=1",-0.51486387834545,12.313747227243,-0.600824634569673,0.550654787521484,0.715363233900586,-5.63204087033024
2150,"P98175|RBM10_HUMAN","RNA-binding protein 10 OS=Homo sapiens OX=9606 GN=RBM10 PE=1 SV=3",-3.94337890957082,6.86899387438908,-1.89266507072879,0.064163952758226,0.370945160442522,-4.19825533304501
2151,"P57772|SELB_HUMAN","Selenocysteine-specific elongation factor OS=Homo sapiens OX=9606 GN=EEFSEC PE=1 SV=4",-2.5387364288853,8.54136502258227,-1.37827611340493,0.174218322693675,0.441624863794215,-4.93510650904925
2153,"P62857|RS28_HUMAN","40S ribosomal protein S28 OS=Homo sapiens OX=9606 GN=RPS28 PE=1 SV=1",0.227705202229927,13.7157553797011,0.323957064024211,0.747313813992068,0.851953572489105,-5.75025480403239
2154,"Q99598|TSNAX_HUMAN","Translin-associated protein X OS=Homo sapiens OX=9606 GN=TSNAX PE=1 SV=1",-1.0522755599284,14.1341843066841,-0.665977707556752,0.519656605178791,0.695299714122933,-5.58296183774315
2155,"P25685|DNJB1_HUMAN","DnaJ homolog subfamily B member 1 OS=Homo sapiens OX=9606 GN=DNAJB1 PE=1 SV=4",-0.570261542516995,12.9190903834914,-0.780101634208903,0.43898670992882,0.637248318053059,-5.51835723311495
2156,"O75746|CMC1_HUMAN","Calcium-binding mitochondrial carrier protein Aralar1 OS=Homo sapiens OX=9606 GN=SLC25A12 PE=1 SV=2",-2.17508010198456,5.65405925725604,-1.07743259016316,0.286427428534764,0.523203848059365,-5.26689879352134
2157,"Q9H2U1|DHX36_HUMAN","ATP-dependent DNA/RNA helicase DHX36 OS=Homo sapiens OX=9606 GN=DHX36 PE=1 SV=2",-5.93527153351808,7.74331003165963,-3.09255086938553,0.00323443058977641,0.174133656877087,-1.76944319473577
2158,"Q13188|STK3_HUMAN","Serine/threonine-protein kinase 3 OS=Homo sapiens OX=9606 GN=STK3 PE=1 SV=2",-2.10024611091098,5.89572594181751,-1.00263565218229,0.320835917329399,0.549874923905894,-5.33743508598877
2159,"O00462|MANBA_HUMAN","Beta-mannosidase OS=Homo sapiens OX=9606 GN=MANBA PE=1 SV=3",-0.811772623865039,11.5009853722548,-0.777830687892564,0.440312304094971,0.638174867723274,-5.51997762641374
2160,"Q96J02|ITCH_HUMAN","E3 ubiquitin-protein ligase Itchy homolog OS=Homo sapiens OX=9606 GN=ITCH PE=1 SV=2",-3.18476399794604,9.773026299211,-1.85101410809142,0.0700435955385064,0.374885133083069,-4.26547613353299
2160,"Q9H0M0|WWP1_HUMAN","NEDD4-like E3 ubiquitin-protein ligase WWP1 OS=Homo sapiens OX=9606 GN=WWP1 PE=1 SV=1",-3.49423452833278,6.88980473715733,-1.68098862921081,0.0989655087256861,0.386522542993734,-4.52637721554942
2161,"Q9HCU5|PREB_HUMAN","Prolactin regulatory element-binding protein OS=Homo sapiens OX=9606 GN=PREB PE=1 SV=2",-0.502535488321437,11.2874019779958,-0.470719072852996,0.639876361038645,0.776440593640834,-5.69632683785426
2162,"Q9NP81|SYSM_HUMAN","Serine--tRNA ligase, mitochondrial OS=Homo sapiens OX=9606 GN=SARS2 PE=1 SV=1",-3.09423075324722,8.35538522404613,-1.65346128246676,0.104465809453633,0.387142333108459,-4.56653920900598
2163,"Q92797|SYMPK_HUMAN","Symplekin OS=Homo sapiens OX=9606 GN=SYMPK PE=1 SV=2",0.25433501592943,10.9599255367518,0.21612069149068,0.829767764404346,0.911686163594264,-5.77723547343142
2164,"P11171|EPB41_HUMAN","Protein 4.1 OS=Homo sapiens OX=9606 GN=EPB41 PE=1 SV=4",-0.367851337939502,11.8919611228985,-0.287988390475419,0.775867557466761,0.87318044682763,-5.75964086033577
2165,"P23497|SP100_HUMAN","Nuclear autoantigen Sp-100 OS=Homo sapiens OX=9606 GN=SP100 PE=1 SV=3",-0.695853073659016,12.2129639653848,-0.820057835936981,0.416052421516204,0.623065987298432,-5.48909559852604
2165,"Q9H930|SP14L_HUMAN","Nuclear body protein SP140-like protein OS=Homo sapiens OX=9606 GN=SP140L PE=1 SV=3",-0.877555056346056,11.3432042363022,-0.828098878890846,0.411526549005076,0.620603937872852,-5.48303517387156
2166,"P35270|SPRE_HUMAN","Sepiapterin reductase OS=Homo sapiens OX=9606 GN=SPR PE=1 SV=1",-0.315313362189363,13.3511614478481,-0.462671974190124,0.645594940924631,0.781200049613644,-5.6997958136735
2167,"Q15629|TRAM1_HUMAN","Translocating chain-associated membrane protein 1 OS=Homo sapiens OX=9606 GN=TRAM1 PE=1 SV=3",-1.59306200916281,11.4169956780968,-1.32501447622,0.191498724183634,0.457965239928968,-4.99931967927926
2168,"P46782|RS5_HUMAN","40S ribosomal protein S5 OS=Homo sapiens OX=9606 GN=RPS5 PE=1 SV=4",-0.814644543416131,15.0908391842794,-1.25832384544316,0.214084425099118,0.473686406968886,-5.07651141613594
2169,"P29218|IMPA1_HUMAN","Inositol monophosphatase 1 OS=Homo sapiens OX=9606 GN=IMPA1 PE=1 SV=1",-0.925978457206279,12.3945079927807,-1.12752497651622,0.264870598406323,0.50615957398564,-5.21696472391229
2170,"Q9NR97|TLR8_HUMAN","Toll-like receptor 8 OS=Homo sapiens OX=9606 GN=TLR8 PE=1 SV=1",-0.168006282798737,10.7864645780615,-0.131745238006619,0.895711385441908,0.945546308112328,-5.79084587433976
2171,"Q8IX12|CCAR1_HUMAN","Cell division cycle and apoptosis regulator protein 1 OS=Homo sapiens OX=9606 GN=CCAR1 PE=1 SV=2",-0.451797148538708,12.4686887911664,-0.552338276539307,0.583162801294294,0.736767932849594,-5.65779991235655
2172,"Q92766|RREB1_HUMAN","Ras-responsive element-binding protein 1 OS=Homo sapiens OX=9606 GN=RREB1 PE=1 SV=3",0.410965204689139,6.67978343930968,0.200278267703735,0.842070541529967,0.919340385898496,-5.78029368232214
2173,"P50148|GNAQ_HUMAN","Guanine nucleotide-binding protein G(q) subunit alpha OS=Homo sapiens OX=9606 GN=GNAQ PE=1 SV=4",-0.758051846898535,11.9059947895447,-0.771622199696218,0.443948362807616,0.641209120929712,-5.52438409277199
2174,"O94855|SC24D_HUMAN","Protein transport protein Sec24D OS=Homo sapiens OX=9606 GN=SEC24D PE=1 SV=2",-2.07661797222415,11.2470111008572,-1.54908896256766,0.129949287607538,0.411120587293556,-4.71564029669292
2175,"Q9UH62|ARMX3_HUMAN","Armadillo repeat-containing X-linked protein 3 OS=Homo sapiens OX=9606 GN=ARMCX3 PE=1 SV=1",0.921045456272936,5.00174886355693,0.494152408626481,0.623349801026865,0.764500973514383,-5.6858877933874
2176,"Q13085|ACACA_HUMAN","Acetyl-CoA carboxylase 1 OS=Homo sapiens OX=9606 GN=ACACA PE=1 SV=2",-2.9880915058628,7.36332857384621,-1.45239423088758,0.152601988628488,0.425255728220961,-4.84181733754265
2177,"Q9P2D3|HTR5B_HUMAN","HEAT repeat-containing protein 5B OS=Homo sapiens OX=9606 GN=HEATR5B PE=1 SV=2",-2.10868235356395,10.5881185487444,-1.45259003924319,0.152547799128033,0.425255728220961,-4.84156496742533
2178,"O14874|BCKD_HUMAN","[3-methyl-2-oxobutanoate dehydrogenase [lipoamide]] kinase, mitochondrial OS=Homo sapiens OX=9606 GN=BCKDK PE=1 SV=2",-3.31664910879805,10.4383589180424,-2.30754864262758,0.0251761522020844,0.31600086074823,-3.46121785189619
2179,"Q01804|OTUD4_HUMAN","OTU domain-containing protein 4 OS=Homo sapiens OX=9606 GN=OTUD4 PE=1 SV=4",-1.86944910739474,11.3613896119302,-1.71119824191175,0.0932056032851851,0.384925051282338,-4.4816283000725
2180,"Q9Y3A6|TMED5_HUMAN","Transmembrane emp24 domain-containing protein 5 OS=Homo sapiens OX=9606 GN=TMED5 PE=1 SV=1",-0.950511072243124,14.6520927383256,-1.50443191116922,0.138724074392707,0.416655919392878,-4.77365995159137
2181,"P17676|CEBPB_HUMAN","CCAAT/enhancer-binding protein beta OS=Homo sapiens OX=9606 GN=CEBPB PE=1 SV=2",-0.155808639137618,11.8359466161183,-0.170354593576254,0.865414669860133,0.928856613605917,-5.78543622494051
2182,"Q15257|PTPA_HUMAN","Serine/threonine-protein phosphatase 2A activator OS=Homo sapiens OX=9606 GN=PTPA PE=1 SV=3",-0.921708066996686,15.3111739682294,-0.757604915193511,0.46361168121186,0.656749713038853,-5.52283386762637
2183,"Q9BVJ6|UT14A_HUMAN","U3 small nucleolar RNA-associated protein 14 homolog A OS=Homo sapiens OX=9606 GN=UTP14A PE=1 SV=1",-0.578849355093498,10.910901562413,-0.465196127179527,0.643798834484816,0.77976422388248,-5.69871406975691
2185,"P10301|RRAS_HUMAN","Ras-related protein R-Ras OS=Homo sapiens OX=9606 GN=RRAS PE=1 SV=1",-1.52498230201348,12.5377636068581,-1.84842142801443,0.0704241873899419,0.374885133083069,-4.26961800441925
2187,"Q13547|HDAC1_HUMAN","Histone deacetylase 1 OS=Homo sapiens OX=9606 GN=HDAC1 PE=1 SV=1",-2.95820428739697,6.6436145582188,-1.43147331986686,0.158479191132259,0.432553787203192,-4.86860253641826
2188,"P09326|CD48_HUMAN","CD48 antigen OS=Homo sapiens OX=9606 GN=CD48 PE=1 SV=2",-3.50457761588256,10.6550558090901,-2.45393340178707,0.017635369926152,0.292499164066587,-3.17348688405026
2189,"Q15172|2A5A_HUMAN","Serine/threonine-protein phosphatase 2A 56 kDa regulatory subunit alpha isoform OS=Homo sapiens OX=9606 GN=PPP2R5A PE=1 SV=1",-3.02170005635056,8.15013104921701,-1.47418744595504,0.146662833603753,0.421420367594079,-4.81353869000503
2190,"Q14012|KCC1A_HUMAN","Calcium/calmodulin-dependent protein kinase type 1 OS=Homo sapiens OX=9606 GN=CAMK1 PE=1 SV=1",-1.44349544811715,6.28304333271548,-0.699191783068877,0.48765298183834,0.671243653811994,-5.57324325803792
2191,"O75381|PEX14_HUMAN","Peroxisomal membrane protein PEX14 OS=Homo sapiens OX=9606 GN=PEX14 PE=1 SV=1",-0.804530535482337,12.9680923852741,-1.05247616490199,0.297611163233432,0.533438361428424,-5.29097133183185
2192,"Q92688|AN32B_HUMAN","Acidic leucine-rich nuclear phosphoprotein 32 family member B OS=Homo sapiens OX=9606 GN=ANP32B PE=1 SV=1",-0.887366319527722,10.7268024023488,-0.506608417025559,0.616881287551071,0.759767716752205,-5.67811883310612
2193,"Q93034|CUL5_HUMAN","Cullin-5 OS=Homo sapiens OX=9606 GN=CUL5 PE=1 SV=4",-1.78474985094703,10.7293635475279,-1.42058496153633,0.161607078804383,0.435298116579411,-4.88240237992701
2194,"Q9NXG2|THUM1_HUMAN","THUMP domain-containing protein 1 OS=Homo sapiens OX=9606 GN=THUMPD1 PE=1 SV=2",-5.03439967089594,7.78317469716672,-2.50390613197606,0.0155712745279122,0.289075342205679,-3.07215283104098
2195,"Q9H553|ALG2_HUMAN","Alpha-1,3/1,6-mannosyltransferase ALG2 OS=Homo sapiens OX=9606 GN=ALG2 PE=1 SV=1",-0.891228485668206,12.3574493308317,-1.09427282412265,0.279048028240684,0.515908100367525,-5.25035199180781
2196,"Q53GS9|SNUT2_HUMAN","U4/U6.U5 tri-snRNP-associated protein 2 OS=Homo sapiens OX=9606 GN=USP39 PE=1 SV=2",-2.06948456357497,10.5132317214353,-1.43249808361788,0.158187255461671,0.432304891670951,-4.86729879457446
2198,"Q8NBQ5|DHB11_HUMAN","Estradiol 17-beta-dehydrogenase 11 OS=Homo sapiens OX=9606 GN=HSD17B11 PE=1 SV=3",-3.94000157047025,11.2147296187909,-2.40106476754195,0.025854219988908,0.31600086074823,-3.40219635836965
2199,"Q9NP61|ARFG3_HUMAN","ADP-ribosylation factor GTPase-activating protein 3 OS=Homo sapiens OX=9606 GN=ARFGAP3 PE=1 SV=1",-0.966983515021864,11.086708509622,-0.845880099120008,0.401625870272949,0.612753320320791,-5.4694300080919
2200,"P83436|COG7_HUMAN","Conserved oligomeric Golgi complex subunit 7 OS=Homo sapiens OX=9606 GN=COG7 PE=1 SV=1",-4.20717655290113,7.84612021309595,-2.16361902983693,0.0352689857817924,0.338634890255269,-3.73041294665929
2201,"Q06481|APLP2_HUMAN","Amyloid-like protein 2 OS=Homo sapiens OX=9606 GN=APLP2 PE=1 SV=2",-0.737333498335982,10.644748185714,-0.56131037319131,0.577078375720118,0.732746628604525,-5.65319441650283
2202,"O43598|DNPH1_HUMAN","2'-deoxynucleoside 5'-phosphate N-hydrolase 1 OS=Homo sapiens OX=9606 GN=DNPH1 PE=1 SV=1",-0.219004157960745,12.1118440448418,-0.255480435975949,0.799393904527766,0.888284196801107,-5.76863257671084
2203,"O94919|ENDD1_HUMAN","Endonuclease domain-containing 1 protein OS=Homo sapiens OX=9606 GN=ENDOD1 PE=1 SV=2",-3.54957420038293,8.95533713075387,-1.97339265038433,0.0539574846836946,0.366768875860716,-4.06434758924745
2204,"P62826|RAN_HUMAN","GTP-binding nuclear protein Ran OS=Homo sapiens OX=9606 GN=RAN PE=1 SV=3",-1.08094748966013,15.0983065416349,-1.80754495500155,0.0766592099030127,0.375605864510613,-4.33425673919656
2205,"Q9BQ70|TCF25_HUMAN","Transcription factor 25 OS=Homo sapiens OX=9606 GN=TCF25 PE=1 SV=1",-2.99798792953367,8.87513944057356,-1.64831090666439,0.105522193003098,0.387142333108459,-4.5739882438798
2206,"Q14457|BECN1_HUMAN","Beclin-1 OS=Homo sapiens OX=9606 GN=BECN1 PE=1 SV=2",-2.62284202869935,9.40557225875106,-1.4890542974069,0.142716838136701,0.419864359190417,-4.79402790746123
2207,"Q09161|NCBP1_HUMAN","Nuclear cap-binding protein subunit 1 OS=Homo sapiens OX=9606 GN=NCBP1 PE=1 SV=1",-1.38473665687045,11.3946098599917,-1.27105927007361,0.209554488078931,0.469517032959905,-5.06206582474953
2208,"Q15811|ITSN1_HUMAN","Intersectin-1 OS=Homo sapiens OX=9606 GN=ITSN1 PE=1 SV=3",-0.206298277476067,9.46290682415019,-0.120453635698671,0.904603681848005,0.9515047070656,-5.79216684466778
2210,"P29728|OAS2_HUMAN","2'-5'-oligoadenylate synthase 2 OS=Homo sapiens OX=9606 GN=OAS2 PE=1 SV=3",-1.52834152672946,11.0378638024393,-1.07987683997399,0.287036985864181,0.523620626055496,-5.26326478791962
2211,"P47985|UCRI_HUMAN","Cytochrome b-c1 complex subunit Rieske, mitochondrial OS=Homo sapiens OX=9606 GN=UQCRFS1 PE=1 SV=2",-1.50716016929501,11.5983345727929,-1.03404172010041,0.31294033532128,0.544701328738046,-5.30287342224512
2212,"P27361|MK03_HUMAN","Mitogen-activated protein kinase 3 OS=Homo sapiens OX=9606 GN=MAPK3 PE=1 SV=4",0.626853572855518,8.92526056447119,0.340083032567954,0.735210165948007,0.843963268853429,-5.74529770818995
2213,"O95470|SGPL1_HUMAN","Sphingosine-1-phosphate lyase 1 OS=Homo sapiens OX=9606 GN=SGPL1 PE=1 SV=3",-0.992064247043684,10.9842643243212,-0.740450496296455,0.462469253783465,0.655991065155828,-5.54598757156894
2214,"Q15007|FL2D_HUMAN","Pre-mRNA-splicing regulator WTAP OS=Homo sapiens OX=9606 GN=WTAP PE=1 SV=2",0.0984978907620615,11.8552574876335,0.105388965921198,0.916486338145013,0.956690901209542,-5.79374514349525
2215,"O95210|STBD1_HUMAN","Starch-binding domain-containing protein 1 OS=Homo sapiens OX=9606 GN=STBD1 PE=1 SV=1",-0.497624785131168,5.02954321837616,-0.250908698971729,0.802906871182953,0.890579421628889,-5.76970534726708
2216,"P50914|RL14_HUMAN","60S ribosomal protein L14 OS=Homo sapiens OX=9606 GN=RPL14 PE=1 SV=4",-0.978686869783555,13.581347457181,-1.38164884309916,0.173185996547262,0.441624863794215,-4.93095881624928
2217,"Q9P0J1|PDP1_HUMAN","[Pyruvate dehydrogenase [acetyl-transferring]]-phosphatase 1, mitochondrial OS=Homo sapiens OX=9606 GN=PDP1 PE=1 SV=3",-0.35998968569904,5.26399302784776,-0.183111993117766,0.855446264944319,0.925061728428461,-5.7833451936371
2218,"Q9H1B7|I2BPL_HUMAN","Probable E3 ubiquitin-protein ligase IRF2BPL OS=Homo sapiens OX=9606 GN=IRF2BPL PE=1 SV=1",-5.3348866100985,8.57916232654072,-2.84423571616401,0.00642109116586507,0.223029352027265,-2.34236872258889
2219,"Q92665|RT31_HUMAN","28S ribosomal protein S31, mitochondrial OS=Homo sapiens OX=9606 GN=MRPS31 PE=1 SV=3",-2.66515877152784,10.3143439996623,-1.60083884832633,0.116798774630379,0.397183386043333,-4.64315817281871
2220,"Q71UI9|H2AV_HUMAN","Histone H2A.V OS=Homo sapiens OX=9606 GN=H2AZ2 PE=1 SV=3",-0.547656530093722,14.0919813523914,-0.68231140220986,0.499967176017844,0.679507297920118,-5.58216234407727
2220,"P0C0S5|H2AZ_HUMAN","Histone H2A.Z OS=Homo sapiens OX=9606 GN=H2AZ1 PE=1 SV=2",-0.547656530093722,14.0919813523914,-0.68231140220986,0.499967176017844,0.679507297920118,-5.58216234407727
2221,"P11172|UMPS_HUMAN","Uridine 5'-monophosphate synthase OS=Homo sapiens OX=9606 GN=UMPS PE=1 SV=1",-3.20248886585293,10.1106301907064,-2.07553872238502,0.0430691282684873,0.349338484844397,-3.88819379455849
2222,"Q9GZZ9|UBA5_HUMAN","Ubiquitin-like modifier-activating enzyme 5 OS=Homo sapiens OX=9606 GN=UBA5 PE=1 SV=1",-1.0090794935113,12.7035578561031,-1.32449338350218,0.191326003768955,0.457965239928968,-4.99998245555661
2223,"O60256|KPRB_HUMAN","Phosphoribosyl pyrophosphate synthase-associated protein 2 OS=Homo sapiens OX=9606 GN=PRPSAP2 PE=1 SV=1",-3.96733879498295,10.3028068241749,-2.52126908658191,0.0149070255293041,0.286254888807852,-3.03658246368782
2224,"Q9Y2H0|DLGP4_HUMAN","Disks large-associated protein 4 OS=Homo sapiens OX=9606 GN=DLGAP4 PE=1 SV=3",-2.24348839569374,10.3820997299179,-1.52506201050227,0.133507311617326,0.413207622515545,-4.74603749399915
2225,"Q96IJ6|GMPPA_HUMAN","Mannose-1-phosphate guanyltransferase alpha OS=Homo sapiens OX=9606 GN=GMPPA PE=1 SV=1",-0.594950071467606,10.7771365054452,-0.479802092460752,0.633448004282006,0.772659460334919,-5.69234012741208
2226,"Q96N66|MBOA7_HUMAN","Lysophospholipid acyltransferase 7 OS=Homo sapiens OX=9606 GN=MBOAT7 PE=1 SV=2",-0.827299618621963,13.6739602110232,-1.23297156233386,0.223317931884945,0.478046885004205,-5.10486355493733
2227,"Q02413|DSG1_HUMAN","Desmoglein-1 OS=Homo sapiens OX=9606 GN=DSG1 PE=1 SV=2",-0.96195088887819,10.8585899206613,-0.776359038302556,0.44117259504264,0.638765027305607,-5.52102523859914
2230,"Q7Z3E5|ARMC9_HUMAN","LisH domain-containing protein ARMC9 OS=Homo sapiens OX=9606 GN=ARMC9 PE=1 SV=3",-3.36468826233379,10.9017575386233,-2.53860688010931,0.0142694971894431,0.284531131458015,-3.00087908540227
2231,"Q4G0F5|VP26B_HUMAN","Vacuolar protein sorting-associated protein 26B OS=Homo sapiens OX=9606 GN=VPS26B PE=1 SV=2",-2.15945758497191,10.6624058203132,-1.52016658353103,0.134730859262582,0.413207622515545,-4.75262295923798
2232,"Q9NWV4|CZIB_HUMAN","CXXC motif containing zinc binding protein OS=Homo sapiens OX=9606 GN=CZIB PE=1 SV=1",-1.07510245224534,13.2244494867338,-1.48202595306679,0.144571733611347,0.420723281529778,-4.80327384977316
2233,"P54252|ATX3_HUMAN","Ataxin-3 OS=Homo sapiens OX=9606 GN=ATXN3 PE=1 SV=5",-0.840112127786034,11.1697532502784,-0.748038438383647,0.457920351311308,0.653581581608344,-5.54080879710404
2234,"P17050|NAGAB_HUMAN","Alpha-N-acetylgalactosaminidase OS=Homo sapiens OX=9606 GN=NAGA PE=1 SV=2",-0.168629324034271,14.2112248014156,-0.269443650359032,0.788690590248029,0.882760205182419,-5.76523649755684
2235,"Q9BQE5|APOL2_HUMAN","Apolipoprotein L2 OS=Homo sapiens OX=9606 GN=APOL2 PE=1 SV=1",-1.00263271445604,13.3420504100188,-1.4065330969194,0.165714449978577,0.437822571160032,-4.90006895970458
2236,"P38571|LICH_HUMAN","Lysosomal acid lipase/cholesteryl ester hydrolase OS=Homo sapiens OX=9606 GN=LIPA PE=1 SV=2",-1.25499236108028,15.7781957013643,-2.05478780343302,0.0451119654708156,0.353406926961911,-3.92457827054955
2237,"P30154|2AAB_HUMAN","Serine/threonine-protein phosphatase 2A 65 kDa regulatory subunit A beta isoform OS=Homo sapiens OX=9606 GN=PPP2R1B PE=1 SV=3",3.48222967627591,5.41206020461637,1.82721172494289,0.0736037477685959,0.375605864510613,-4.30331311281437
2238,"Q13155|AIMP2_HUMAN","Aminoacyl tRNA synthase complex-interacting multifunctional protein 2 OS=Homo sapiens OX=9606 GN=AIMP2 PE=1 SV=2",-2.48726165036872,9.35470386345623,-1.27912470900076,0.207695792253523,0.467753041084616,-5.05257131275849
2239,"A6NC98|CC88B_HUMAN","Coiled-coil domain-containing protein 88B OS=Homo sapiens OX=9606 GN=CCDC88B PE=1 SV=1",-2.77673178519507,6.0993726270949,-1.3389380809052,0.186610817052112,0.454599993802853,-4.98279274875595
2240,"Q9UNE7|CHIP_HUMAN","E3 ubiquitin-protein ligase CHIP OS=Homo sapiens OX=9606 GN=STUB1 PE=1 SV=2",-5.1048691331101,9.81752253016483,-3.09939944497443,0.00317243092856921,0.173551635852218,-1.75319400494213
2241,"Q8WVJ2|NUDC2_HUMAN","NudC domain-containing protein 2 OS=Homo sapiens OX=9606 GN=NUDCD2 PE=1 SV=1",-0.392138660892078,11.3710055841711,-0.369276808908023,0.713471477187283,0.826720918010661,-5.73571437562245
2242,"Q9NUT2|MITOS_HUMAN","Mitochondrial potassium channel ATP-binding subunit OS=Homo sapiens OX=9606 GN=ABCB8 PE=1 SV=3",-2.96428549889451,9.13663046508262,-1.62389644515784,0.110649144284716,0.392573148240718,-4.60901795089775
2243,"Q9BY77|PDIP3_HUMAN","Polymerase delta-interacting protein 3 OS=Homo sapiens OX=9606 GN=POLDIP3 PE=1 SV=2",-3.62670792607114,10.4474145244505,-2.26095259949119,0.0288214344600271,0.326488217338006,-3.56098993847669
2244,"Q9P289|STK26_HUMAN","Serine/threonine-protein kinase 26 OS=Homo sapiens OX=9606 GN=STK26 PE=1 SV=2",-1.32569685602142,7.65126274259048,-0.659766010244781,0.512413822118601,0.689031012133879,-5.59785826284419
2245,"P04424|ARLY_HUMAN","Argininosuccinate lyase OS=Homo sapiens OX=9606 GN=ASL PE=1 SV=4",-2.27777274095248,6.90500217474689,-1.10069968354583,0.27626718946112,0.513236153042642,-5.24397289025323
2246,"P20645|MPRD_HUMAN","Cation-dependent mannose-6-phosphate receptor OS=Homo sapiens OX=9606 GN=M6PR PE=1 SV=1",-0.826822119088266,13.6482036928916,-1.16160586389336,0.250878311184112,0.496568421999068,-5.18176497010933
2247,"Q9H910|JUPI2_HUMAN","Jupiter microtubule associated homolog 2 OS=Homo sapiens OX=9606 GN=JPT2 PE=1 SV=1",-0.286384105543251,12.5692163006937,-0.366088297444249,0.715834509972909,0.828790116788526,-5.73679921256864
2248,"O95817|BAG3_HUMAN","BAG family molecular chaperone regulator 3 OS=Homo sapiens OX=9606 GN=BAG3 PE=1 SV=3",-1.96462073872417,11.0466327105312,-1.69022522107994,0.0971741361021641,0.386522542993734,-4.51276983566021
2249,"O14880|MGST3_HUMAN","Microsomal glutathione S-transferase 3 OS=Homo sapiens OX=9606 GN=MGST3 PE=1 SV=1",-2.41266257379835,10.6727811274767,-1.70055365864373,0.0952027191069559,0.38609991637821,-4.49747606043373
2250,"Q6PJT7|ZC3HE_HUMAN","Zinc finger CCCH domain-containing protein 14 OS=Homo sapiens OX=9606 GN=ZC3H14 PE=1 SV=1",-1.41716226663192,10.6298895083468,-1.06857563096377,0.290362573100798,0.527453227475806,-5.27550352073542
2251,"Q8IY21|DDX60_HUMAN","Probable ATP-dependent RNA helicase DDX60 OS=Homo sapiens OX=9606 GN=DDX60 PE=1 SV=3",-0.185043234682476,3.89861950034788,-0.103651212297439,0.917858327264426,0.957658870040669,-5.79391366659361
2252,"Q92890|UFD1_HUMAN","Ubiquitin recognition factor in ER-associated degradation protein 1 OS=Homo sapiens OX=9606 GN=UFD1 PE=1 SV=3",-3.36291999557617,10.7047807325715,-2.19106819393132,0.0343895640306152,0.338634890255269,-3.69634108097853
2253,"P28068|DMB_HUMAN","HLA class II histocompatibility antigen, DM beta chain OS=Homo sapiens OX=9606 GN=HLA-DMB PE=1 SV=1",1.86553188303665,9.64193953138527,1.11195036463037,0.271446112874356,0.511201752579733,-5.23272052933024
2254,"P18754|RCC1_HUMAN","Regulator of chromosome condensation OS=Homo sapiens OX=9606 GN=RCC1 PE=1 SV=1",-0.39048704421087,12.5702817996706,-0.505569314112572,0.615367465540758,0.758771163493858,-5.68062004179538
2255,"Q9UPN9|TRI33_HUMAN","E3 ubiquitin-protein ligase TRIM33 OS=Homo sapiens OX=9606 GN=TRIM33 PE=1 SV=3",-4.66247394109499,8.23675254913295,-2.45905644545286,0.0174129399569545,0.292499164066587,-3.16317006596839
2256,"P62888|RL30_HUMAN","60S ribosomal protein L30 OS=Homo sapiens OX=9606 GN=RPL30 PE=1 SV=2",-1.60747608671886,12.8184288966911,-2.06083191275358,0.044508435654291,0.353406926961911,-3.91401185969152
2257,"O43504|LTOR5_HUMAN","Ragulator complex protein LAMTOR5 OS=Homo sapiens OX=9606 GN=LAMTOR5 PE=1 SV=1",-3.25162125765187,8.47026562508055,-1.60551994404497,0.114640326385021,0.395004708592227,-4.63507710592235
2258,"P55145|MANF_HUMAN","Mesencephalic astrocyte-derived neurotrophic factor OS=Homo sapiens OX=9606 GN=MANF PE=1 SV=3",-1.0713125894757,13.4157499687121,-1.52569627968792,0.133349434421729,0.413207622515545,-4.74518285762352
2259,"Q96KR1|ZFR_HUMAN","Zinc finger RNA-binding protein OS=Homo sapiens OX=9606 GN=ZFR PE=1 SV=2",-0.848568791583507,8.15515679238197,-0.417992307699792,0.677731891090031,0.801992282977786,-5.71797767419813
2260,"Q9H1C4|UN93B_HUMAN","Protein unc-93 homolog B1 OS=Homo sapiens OX=9606 GN=UNC93B1 PE=1 SV=2",0.0823680785806609,13.2377060625909,0.114573010844068,0.909239715857287,0.952624290032613,-5.79280798754874
2261,"O95870|ABHGA_HUMAN","Phosphatidylserine lipase ABHD16A OS=Homo sapiens OX=9606 GN=ABHD16A PE=1 SV=3",0.106891531299565,7.75311225778032,0.051741090075233,0.958939936567477,0.977088787981103,-5.79765617411298
2262,"Q9BRA2|TXD17_HUMAN","Thioredoxin domain-containing protein 17 OS=Homo sapiens OX=9606 GN=TXNDC17 PE=1 SV=1",0.132638808226805,13.9422570430377,0.188298479427233,0.851400324450229,0.923415578725278,-5.78245199690539
2263,"Q3T906|GNPTA_HUMAN","N-acetylglucosamine-1-phosphotransferase subunits alpha/beta OS=Homo sapiens OX=9606 GN=GNPTAB PE=1 SV=1",-2.89504919383915,10.3421117803428,-1.9445029530118,0.0574373272431473,0.366768875860716,-4.11281331717821
2264,"Q8N122|RPTOR_HUMAN","Regulatory-associated protein of mTOR OS=Homo sapiens OX=9606 GN=RPTOR PE=1 SV=1",-1.83043334692236,5.87094004852314,-0.924711377341128,0.359531344236504,0.583239736205884,-5.405747035736
2265,"P60866|RS20_HUMAN","40S ribosomal protein S20 OS=Homo sapiens OX=9606 GN=RPS20 PE=1 SV=1",-0.127256663647586,14.3699806724388,-0.194287586142085,0.846733279931059,0.920537440036954,-5.78138958945099
2266,"O15173|PGRC2_HUMAN","Membrane-associated progesterone receptor component 2 OS=Homo sapiens OX=9606 GN=PGRMC2 PE=1 SV=1",-1.19557842097758,12.1216553705569,-1.31088974274089,0.19584868936784,0.462963943527601,-5.01601329456106
2267,"Q15427|SF3B4_HUMAN","Splicing factor 3B subunit 4 OS=Homo sapiens OX=9606 GN=SF3B4 PE=1 SV=1",-0.507200630688491,13.0340533633757,-0.654401238310802,0.515834573034386,0.692765670738727,-5.60109940876086
2268,"Q8NBZ7|UXS1_HUMAN","UDP-glucuronic acid decarboxylase 1 OS=Homo sapiens OX=9606 GN=UXS1 PE=1 SV=1",-1.72541796579803,11.4686531604944,-1.66212023160104,0.102709297667829,0.387024448867313,-4.55396924501049
2269,"P15289|ARSA_HUMAN","Arylsulfatase A OS=Homo sapiens OX=9606 GN=ARSA PE=1 SV=3",-0.806978178448436,10.9347930499461,-0.577338631069717,0.566551759427879,0.726177410463378,-5.64453113977822
2270,"Q9Y316|MEMO1_HUMAN","Protein MEMO1 OS=Homo sapiens OX=9606 GN=MEMO1 PE=1 SV=1",-0.995390985716647,10.9198276028571,-0.714611580990222,0.478360933163106,0.665256874114787,-5.56302683003222
2271,"Q10472|GALT1_HUMAN","Polypeptide N-acetylgalactosaminyltransferase 1 OS=Homo sapiens OX=9606 GN=GALNT1 PE=1 SV=1",-3.83548885024381,10.0540679258741,-2.33833062715386,0.0233856777499893,0.311528809374188,-3.4018604340311
2272,"Q9NPL8|TIDC1_HUMAN","Complex I assembly factor TIMMDC1, mitochondrial OS=Homo sapiens OX=9606 GN=TIMMDC1 PE=1 SV=2",-0.522875839293766,11.3579211248646,-0.49239084477212,0.624585531825062,0.765099512392077,-5.68668997717709
2273,"Q96JY6|PDLI2_HUMAN","PDZ and LIM domain protein 2 OS=Homo sapiens OX=9606 GN=PDLIM2 PE=1 SV=1",-3.10245996713541,6.38213045903019,-1.53265604164811,0.13162682592121,0.411764075527387,-4.73578395659006
2274,"Q9H4B7|TBB1_HUMAN","Tubulin beta-1 chain OS=Homo sapiens OX=9606 GN=TUBB1 PE=1 SV=1",-2.01085871749584,6.51703257579971,-0.99719977231076,0.323440844545083,0.552990557308112,-5.34237231845409
2275,"P60033|CD81_HUMAN","CD81 antigen OS=Homo sapiens OX=9606 GN=CD81 PE=1 SV=1",-0.406979205077201,14.7665235727384,-0.631754069176722,0.530408559336089,0.702049681948536,-5.61449534171396
2276,"Q32P44|EMAL3_HUMAN","Echinoderm microtubule-associated protein-like 3 OS=Homo sapiens OX=9606 GN=EML3 PE=1 SV=1",-1.8763194123597,6.9676075572332,-0.8820726915089,0.38193352315972,0.600185606687819,-5.44087283478721
2277,"Q13393|PLD1_HUMAN","Phospholipase D1 OS=Homo sapiens OX=9606 GN=PLD1 PE=1 SV=1",-2.10246002365596,8.14429700198288,-1.02699587845606,0.30933607559955,0.542763309849103,-5.31499423141046
2278,"Q13426|XRCC4_HUMAN","DNA repair protein XRCC4 OS=Homo sapiens OX=9606 GN=XRCC4 PE=1 SV=2",-4.28054299955163,9.22857529784928,-2.45504837177251,0.0175867434520668,0.292499164066587,-3.17124295076908
2279,"Q9NQG5|RPR1B_HUMAN","Regulation of nuclear pre-mRNA domain-containing protein 1B OS=Homo sapiens OX=9606 GN=RPRD1B PE=1 SV=1",-0.235725457985735,13.2149815044176,-0.343831675791154,0.732406097113704,0.841866309118955,-5.74411106287704
2280,"Q6PI48|SYDM_HUMAN","Aspartate--tRNA ligase, mitochondrial OS=Homo sapiens OX=9606 GN=DARS2 PE=1 SV=1",-2.29021219128488,9.75046603048783,-1.41534415447538,0.163129617322541,0.435365136457156,-4.88901015489037
2281,"P53007|TXTP_HUMAN","Tricarboxylate transport protein, mitochondrial OS=Homo sapiens OX=9606 GN=SLC25A1 PE=1 SV=2",-2.70345661124692,10.1742761756402,-1.77457835820292,0.0820196004393336,0.375605864510613,-4.38547437494987
2282,"O14656|TOR1A_HUMAN","Torsin-1A OS=Homo sapiens OX=9606 GN=TOR1A PE=1 SV=1",-2.55288060799106,10.793750207397,-1.83094846261397,0.0730349502667356,0.375605864510613,-4.29740103208415
2283,"P61081|UBC12_HUMAN","NEDD8-conjugating enzyme Ubc12 OS=Homo sapiens OX=9606 GN=UBE2M PE=1 SV=1",-3.13698812369498,8.85395647995178,-1.73776698314476,0.0883715476966912,0.378665330085122,-4.44169360703403
2284,"P30566|PUR8_HUMAN","Adenylosuccinate lyase OS=Homo sapiens OX=9606 GN=ADSL PE=1 SV=2",-0.78483535268218,11.455405248022,-0.74727417309892,0.458377347145028,0.653581581608344,-5.54133274272885
2285,"Q9GZZ1|NAA50_HUMAN","N-alpha-acetyltransferase 50 OS=Homo sapiens OX=9606 GN=NAA50 PE=1 SV=1",-2.22471689360775,6.86433654018152,-1.04605800859452,0.300535305061008,0.535763890272252,-5.29707529665536
2286,"Q96CN7|ISOC1_HUMAN","Isochorismatase domain-containing protein 1 OS=Homo sapiens OX=9606 GN=ISOC1 PE=1 SV=3",-0.803907658126077,12.9214090121989,-1.11293665751132,0.271026319258838,0.510634451901932,-5.23172891840345
2287,"O43809|CPSF5_HUMAN","Cleavage and polyadenylation specificity factor subunit 5 OS=Homo sapiens OX=9606 GN=NUDT21 PE=1 SV=1",-1.68802858313745,12.0687886503583,-1.92308669180854,0.0601394637891159,0.367824847682046,-4.14835070332733
2288,"Q13094|LCP2_HUMAN","Lymphocyte cytosolic protein 2 OS=Homo sapiens OX=9606 GN=LCP2 PE=1 SV=1",-2.83024542854267,11.4671990551543,-2.16570082742024,0.0379192018670547,0.345281189093879,-3.75868949632281
2289,"O75208|COQ9_HUMAN","Ubiquinone biosynthesis protein COQ9, mitochondrial OS=Homo sapiens OX=9606 GN=COQ9 PE=1 SV=1",-0.427255824418808,10.8149776124754,-0.340625800388824,0.734803937313606,0.843721822983125,-5.74512669458677
2290,"Q52LJ0|FA98B_HUMAN","Protein FAM98B OS=Homo sapiens OX=9606 GN=FAM98B PE=1 SV=2",-0.5803547277809,12.8385935410719,-0.721954903891717,0.473665294137921,0.663121939050841,-5.5583947224817
2291,"Q9NXN4|GDAP2_HUMAN","Ganglioside-induced differentiation-associated protein 2 OS=Homo sapiens OX=9606 GN=GDAP2 PE=1 SV=1",-2.73993560096951,10.4989544537175,-1.90513848048143,0.0624869393918214,0.370211424743563,-4.177875569696
2292,"Q9BV40|VAMP8_HUMAN","Vesicle-associated membrane protein 8 OS=Homo sapiens OX=9606 GN=VAMP8 PE=1 SV=1",-1.42114356368639,13.6680914516835,-1.93325735702663,0.058842960060361,0.366887115993354,-4.13151549084179
2293,"Q9Y5S9|RBM8A_HUMAN","RNA-binding protein 8A OS=Homo sapiens OX=9606 GN=RBM8A PE=1 SV=1",-0.853736117683054,11.7057783678313,-0.90133877751034,0.371703976958679,0.592278589996682,-5.42519958554859
2294,"Q15904|VAS1_HUMAN","V-type proton ATPase subunit S1 OS=Homo sapiens OX=9606 GN=ATP6AP1 PE=1 SV=2",-3.35855590532969,11.3423083583972,-2.62477463301652,0.0122545516727102,0.284166250325533,-2.85818545280474
2295,"Q99471|PFD5_HUMAN","Prefoldin subunit 5 OS=Homo sapiens OX=9606 GN=PFDN5 PE=1 SV=2",-0.69676690697718,13.1236845189805,-0.667666296825948,0.511922176995597,0.688708452989729,-5.58854048433908
2296,"P49902|5NTC_HUMAN","Cytosolic purine 5'-nucleotidase OS=Homo sapiens OX=9606 GN=NT5C2 PE=1 SV=1",-0.948854933920849,8.66760447559235,-0.491526400553526,0.62519233465826,0.765625074032734,-5.6870825923086
2296,"Q86YG4|NT5D4_HUMAN","5'-nucleotidase domain-containing protein 4 OS=Homo sapiens OX=9606 GN=NT5DC4 PE=2 SV=2",1.24627680600761,5.7441186135106,0.59788942624105,0.552596329642339,0.716877226436612,-5.63366092235108
2297,"Q96PU8|QKI_HUMAN","Protein quaking OS=Homo sapiens OX=9606 GN=QKI PE=1 SV=1",-0.472750923353907,13.3723645881991,-0.679143201087046,0.500160472874103,0.679555569927054,-5.58593528837284
2298,"Q9GZL7|WDR12_HUMAN","Ribosome biogenesis protein WDR12 OS=Homo sapiens OX=9606 GN=WDR12 PE=1 SV=2",-2.42715840332668,9.8991284258724,-1.52363389724573,0.133863331439509,0.413207622515545,-4.74796060832893
2300,"O43586|PPIP1_HUMAN","Proline-serine-threonine phosphatase-interacting protein 1 OS=Homo sapiens OX=9606 GN=PSTPIP1 PE=1 SV=1",-1.95977761241023,11.0962386441935,-1.51035992331253,0.137208748339812,0.41450199427422,-4.76575755457985
2301,"O14929|HAT1_HUMAN","Histone acetyltransferase type B catalytic subunit OS=Homo sapiens OX=9606 GN=HAT1 PE=1 SV=1",-2.24551000344306,10.1824927248521,-1.45985409335784,0.150548129247585,0.423664741436004,-4.83218068245263
2302,"O15160|RPAC1_HUMAN","DNA-directed RNA polymerases I and III subunit RPAC1 OS=Homo sapiens OX=9606 GN=POLR1C PE=1 SV=1",-2.74605466147106,8.86268845604778,-1.48474153339796,0.143852803823762,0.420050187165385,-4.79970615299492
2303,"P27987|IP3KB_HUMAN","Inositol-trisphosphate 3-kinase B OS=Homo sapiens OX=9606 GN=ITPKB PE=1 SV=5",-4.2616627485941,8.64184599524877,-2.26175051081519,0.028066409353878,0.322745691040182,-3.5483782906673
2304,"Q12882|DPYD_HUMAN","Dihydropyrimidine dehydrogenase [NADP(+)] OS=Homo sapiens OX=9606 GN=DPYD PE=1 SV=2",-0.962617254197998,10.1936538628359,-0.62812088365155,0.532766496075307,0.703872790980475,-5.61660124329287
2305,"P20340|RAB6A_HUMAN","Ras-related protein Rab-6A OS=Homo sapiens OX=9606 GN=RAB6A PE=1 SV=3",-1.31622600490058,14.4108999805336,-2.03127000743957,0.047528419665614,0.354698763841406,-3.96544687564463
2305,"Q9NRW1|RAB6B_HUMAN","Ras-related protein Rab-6B OS=Homo sapiens OX=9606 GN=RAB6B PE=1 SV=1",-1.530058674853,13.3821917544949,-2.12360089486995,0.038644364961828,0.346237429386904,-3.802764878398
2306,"Q8IUR7|ARMC8_HUMAN","Armadillo repeat-containing protein 8 OS=Homo sapiens OX=9606 GN=ARMC8 PE=1 SV=2",-3.58729728184348,6.37266497930134,-1.67224341933478,0.100686515909191,0.387024448867313,-4.53919995511104
2307,"Q9H3Z4|DNJC5_HUMAN","DnaJ homolog subfamily C member 5 OS=Homo sapiens OX=9606 GN=DNAJC5 PE=1 SV=1",-3.56079748420062,10.1815156347024,-2.20456261492139,0.0320865016833898,0.334616374698208,-3.65525323636031
2308,"P25098|ARBK1_HUMAN","Beta-adrenergic receptor kinase 1 OS=Homo sapiens OX=9606 GN=GRK2 PE=1 SV=2",-6.61827400045029,9.39247651048886,-3.45729869600027,0.00119277689632296,0.1351918445385,-0.918437903071472
2309,"Q14738|2A5D_HUMAN","Serine/threonine-protein phosphatase 2A 56 kDa regulatory subunit delta isoform OS=Homo sapiens OX=9606 GN=PPP2R5D PE=1 SV=1",-1.12852000118191,11.938440064818,-1.24115983303356,0.220304134639117,0.476862311775177,-5.09576537009302
2310,"Q9Y2X7|GIT1_HUMAN","ARF GTPase-activating protein GIT1 OS=Homo sapiens OX=9606 GN=GIT1 PE=1 SV=2",-0.839124025771925,11.6227382133594,-0.825703113115165,0.412871840347208,0.621413538560967,-5.48484683453488
2311,"Q9NVT9|ARMC1_HUMAN","Armadillo repeat-containing protein 1 OS=Homo sapiens OX=9606 GN=ARMC1 PE=1 SV=1",-3.69786426167629,8.37003556777675,-1.93310495907871,0.0588622091749814,0.366887115993354,-4.13176830705754
2312,"Q00765|REEP5_HUMAN","Receptor expression-enhancing protein 5 OS=Homo sapiens OX=9606 GN=REEP5 PE=1 SV=3",-0.759987028794244,14.2968579157747,-1.1434227738872,0.25827606559752,0.501421074832336,-5.20066820741055
2313,"Q8NEZ2|VP37A_HUMAN","Vacuolar protein sorting-associated protein 37A OS=Homo sapiens OX=9606 GN=VPS37A PE=1 SV=1",-3.04407131928014,9.93769740930986,-1.79928333159687,0.0779741596390544,0.375605864510613,-4.34716902911018
2314,"P08574|CY1_HUMAN","Cytochrome c1, heme protein, mitochondrial OS=Homo sapiens OX=9606 GN=CYC1 PE=1 SV=3",-1.06956015225757,13.3941313374679,-1.46308602532163,0.149665075436131,0.423261066143431,-4.82799170490828
2315,"Q9UKJ1|PILRA_HUMAN","Paired immunoglobulin-like type 2 receptor alpha OS=Homo sapiens OX=9606 GN=PILRA PE=1 SV=3",-0.777048345772872,11.4993735043576,-0.770666210672695,0.444509811650109,0.64137479356014,-5.52505954768255
2316,"O75477|ERLN1_HUMAN","Erlin-1 OS=Homo sapiens OX=9606 GN=ERLIN1 PE=1 SV=2",-1.0271766958082,12.2409943349385,-1.21913969805174,0.228477743641981,0.483785108757567,-5.12010438939564
2317,"Q9Y679|AUP1_HUMAN","Lipid droplet-regulating VLDL assembly factor AUP1 OS=Homo sapiens OX=9606 GN=AUP1 PE=1 SV=2",-1.64101119807232,8.95293802591275,-0.836603594007178,0.406772587183883,0.616673542063,-5.47656283599746
2319,"Q9NQX3|GEPH_HUMAN","Gephyrin OS=Homo sapiens OX=9606 GN=GPHN PE=1 SV=1",-3.61689839085863,9.54680641816748,-2.08101815844617,0.0425433263953343,0.348410947264029,-3.87853572027324
2320,"Q13144|EI2BE_HUMAN","Translation initiation factor eIF-2B subunit epsilon OS=Homo sapiens OX=9606 GN=EIF2B5 PE=1 SV=3",-1.99288071562344,10.4031324674123,-1.45606931202028,0.151587431750919,0.424642952141671,-4.83707548948434
2321,"Q9BRX8|PXL2A_HUMAN","Peroxiredoxin-like 2A OS=Homo sapiens OX=9606 GN=PRXL2A PE=1 SV=3",-1.46841427414395,14.1956847532068,-2.26729026122628,0.027701799343992,0.321614610405292,-3.53790917975135
2322,"P26572|MGAT1_HUMAN","Alpha-1,3-mannosyl-glycoprotein 2-beta-N-acetylglucosaminyltransferase OS=Homo sapiens OX=9606 GN=MGAT1 PE=1 SV=2",-0.25808438155177,12.7088268865233,-0.336799895401497,0.737669016959195,0.845486961190386,-5.74632636365702
2323,"Q02252|MMSA_HUMAN","Methylmalonate-semialdehyde dehydrogenase [acylating], mitochondrial OS=Homo sapiens OX=9606 GN=ALDH6A1 PE=1 SV=2",-0.296728075826984,11.5893643364356,-0.287023372350152,0.775273536216154,0.872739968761886,-5.76070473742885
2324,"Q96LZ7|RMD2_HUMAN","Regulator of microtubule dynamics protein 2 OS=Homo sapiens OX=9606 GN=RMDN2 PE=1 SV=2",-5.2455897703568,8.50820236533061,-2.80036390805524,0.00722387733320465,0.231688908148073,-2.44017513979827
2325,"P10620|MGST1_HUMAN","Microsomal glutathione S-transferase 1 OS=Homo sapiens OX=9606 GN=MGST1 PE=1 SV=1",-4.5453626993954,10.0579864134191,-2.8586455900801,0.00617599461340886,0.222292745441547,-2.31001317884207
2326,"Q9H0W9|CK054_HUMAN","Ester hydrolase C11orf54 OS=Homo sapiens OX=9606 GN=C11orf54 PE=1 SV=1",-0.909008482640346,10.2423907755806,-0.646571023126153,0.5208491921721,0.695406366708676,-5.60578343045109
2327,"P19387|RPB3_HUMAN","DNA-directed RNA polymerase II subunit RPB3 OS=Homo sapiens OX=9606 GN=POLR2C PE=1 SV=2",-0.31196235561683,12.2958356846645,-0.366864239491856,0.715259193502002,0.828346691694844,-5.73653607252521
2328,"Q9BYD6|RM01_HUMAN","39S ribosomal protein L1, mitochondrial OS=Homo sapiens OX=9606 GN=MRPL1 PE=1 SV=2",-0.812545385206144,12.3847556857855,-0.957142347661958,0.343073472354428,0.571391123523016,-5.37796128153113
2329,"Q13905|RPGF1_HUMAN","Rap guanine nucleotide exchange factor 1 OS=Homo sapiens OX=9606 GN=RAPGEF1 PE=1 SV=3",-3.44287001187191,9.32762216840015,-1.96797286538296,0.0545961534413865,0.366768875860716,-4.07348585698675
2330,"P14927|QCR7_HUMAN","Cytochrome b-c1 complex subunit 7 OS=Homo sapiens OX=9606 GN=UQCRB PE=1 SV=2",-1.2958245813701,14.1407460914812,-1.81140958430173,0.0760505231782746,0.375605864510613,-4.32819902274278
2331,"Q9P2I0|CPSF2_HUMAN","Cleavage and polyadenylation specificity factor subunit 2 OS=Homo sapiens OX=9606 GN=CPSF2 PE=1 SV=2",0.787631998181428,5.76392305384151,0.38313015398272,0.703237754360925,0.819492696978492,-5.73089244459303
2332,"P43897|EFTS_HUMAN","Elongation factor Ts, mitochondrial OS=Homo sapiens OX=9606 GN=TSFM PE=1 SV=2",-1.55855624142097,8.2515513866968,-0.785263221907308,0.435982591771058,0.636318882669586,-5.51465716424204
2334,"Q8N565|MREG_HUMAN","Melanoregulin OS=Homo sapiens OX=9606 GN=MREG PE=1 SV=1",-4.11273775700685,9.9236480443647,-2.50566237409136,0.0155028874481395,0.289051672030895,-3.06856336945862
2335,"O95319|CELF2_HUMAN","CUGBP Elav-like family member 2 OS=Homo sapiens OX=9606 GN=CELF2 PE=1 SV=1",-0.293672628864856,12.7543495870207,-0.385383547318855,0.701578295428986,0.818223048581814,-5.73009142137164
2336,"Q14914|PTGR1_HUMAN","Prostaglandin reductase 1 OS=Homo sapiens OX=9606 GN=PTGR1 PE=1 SV=2",-3.68867836622098,10.3840697697476,-2.30054248666761,0.0259166851466589,0.31600086074823,-3.48033529045456
2337,"Q9NV96|CC50A_HUMAN","Cell cycle control protein 50A OS=Homo sapiens OX=9606 GN=TMEM30A PE=1 SV=1",-3.29459897082761,8.8533583202521,-1.71316333414181,0.0928407290651256,0.3848556497435,-4.47869313828472
2338,"P40616|ARL1_HUMAN","ADP-ribosylation factor-like protein 1 OS=Homo sapiens OX=9606 GN=ARL1 PE=1 SV=1",-2.51771922122385,12.3136718646148,-1.59974576313037,0.133888652298797,0.413207622515545,-4.66419812246932
2339,"P17252|KPCA_HUMAN","Protein kinase C alpha type OS=Homo sapiens OX=9606 GN=PRKCA PE=1 SV=4",-2.57598492120284,11.0452406307677,-1.9754538414692,0.0537162847162476,0.366768875860716,-4.06086666953111
2339,"P05129|KPCG_HUMAN","Protein kinase C gamma type OS=Homo sapiens OX=9606 GN=PRKCG PE=1 SV=3",-2.39505901666774,9.4953663273098,-1.23930405300697,0.222253620273683,0.477160522103331,-5.09732654020697
2340,"Q9UK76|JUPI1_HUMAN","Jupiter microtubule associated homolog 1 OS=Homo sapiens OX=9606 GN=JPT1 PE=1 SV=3",-0.0288752658386926,11.8782304975305,-0.0299825628812576,0.976199612465264,0.985119899458269,-5.79848127056066
2341,"O75152|ZC11A_HUMAN","Zinc finger CCCH domain-containing protein 11A OS=Homo sapiens OX=9606 GN=ZC3H11A PE=1 SV=3",-0.0896191468353198,10.1293942358207,-0.0562780211412207,0.955343292715443,0.975444308545446,-5.79742877982154
2342,"O43148|MCES_HUMAN","mRNA cap guanine-N7 methyltransferase OS=Homo sapiens OX=9606 GN=RNMT PE=1 SV=1",-3.84507230574691,8.68588671510354,-2.10796529585371,0.0400380939845298,0.348345476869979,-3.83073316928672
2343,"P36507|MP2K2_HUMAN","Dual specificity mitogen-activated protein kinase kinase 2 OS=Homo sapiens OX=9606 GN=MAP2K2 PE=1 SV=1",-4.70028359807247,9.23477178881125,-2.57802255451817,0.0129113424582449,0.284166250325533,-2.9190305691898
2344,"Q00325|MPCP_HUMAN","Phosphate carrier protein, mitochondrial OS=Homo sapiens OX=9606 GN=SLC25A3 PE=1 SV=2",-1.13623949565734,13.8713663749728,-1.65181468188101,0.104802595812749,0.387142333108459,-4.56892294496501
2345,"Q9UG63|ABCF2_HUMAN","ATP-binding cassette sub-family F member 2 OS=Homo sapiens OX=9606 GN=ABCF2 PE=1 SV=2",-0.34653671639545,10.2255883241143,-0.219344118258292,0.827269691244271,0.91053274985066,-5.77658479091179
2346,"Q99829|CPNE1_HUMAN","Copine-1 OS=Homo sapiens OX=9606 GN=CPNE1 PE=1 SV=1",-3.54460211162726,10.7095639352841,-2.26613534113566,0.0294877911642639,0.326488217338006,-3.5670347860989
2347,"O60762|DPM1_HUMAN","Dolichol-phosphate mannosyltransferase subunit 1 OS=Homo sapiens OX=9606 GN=DPM1 PE=1 SV=1",-1.03838206039684,12.2262167893491,-1.25727098923094,0.214462153143563,0.473686406968886,-5.07769958022789
2348,"Q9BY32|ITPA_HUMAN","Inosine triphosphate pyrophosphatase OS=Homo sapiens OX=9606 GN=ITPA PE=1 SV=2",-0.793275302649043,12.6810211506042,-1.00237078422492,0.320962516531093,0.549874923905894,-5.33767625243404
2349,"Q8TBX8|PI42C_HUMAN","Phosphatidylinositol 5-phosphate 4-kinase type-2 gamma OS=Homo sapiens OX=9606 GN=PIP4K2C PE=1 SV=3",-0.991918150068317,11.395628069916,-0.944452770509609,0.349453156081158,0.576443792892205,-5.38894301004342
2350,"Q6UWE0|LRSM1_HUMAN","E3 ubiquitin-protein ligase LRSAM1 OS=Homo sapiens OX=9606 GN=LRSAM1 PE=1 SV=1",-1.62401581835401,6.70226316378824,-0.771310698466916,0.444131260511407,0.641229758343949,-5.52460427387367
2351,"Q8IYB3|SRRM1_HUMAN","Serine/arginine repetitive matrix protein 1 OS=Homo sapiens OX=9606 GN=SRRM1 PE=1 SV=2",-1.13378592117938,12.7032123733311,-1.17793158472709,0.247923025056859,0.494353920796247,-5.16259529642283
2352,"Q15006|EMC2_HUMAN","ER membrane protein complex subunit 2 OS=Homo sapiens OX=9606 GN=EMC2 PE=1 SV=1",-0.411872225204881,11.4154676495653,-0.36957759786239,0.713248705614223,0.826685192432846,-5.73561155454071
2353,"P42345|MTOR_HUMAN","Serine/threonine-protein kinase mTOR OS=Homo sapiens OX=9606 GN=MTOR PE=1 SV=1",-1.7360314598003,5.61402603748571,-0.880532255116836,0.382759047468761,0.600402764637365,-5.44211187302905
2354,"O95834|EMAL2_HUMAN","Echinoderm microtubule-associated protein-like 2 OS=Homo sapiens OX=9606 GN=EML2 PE=1 SV=1",-0.984648963304116,11.6298641620001,-1.01664921523236,0.314185763127545,0.545138401171746,-5.32458859026019
2355,"Q96RT1|ERBIN_HUMAN","Erbin OS=Homo sapiens OX=9606 GN=ERBIN PE=1 SV=2",-1.33547631552079,11.5948211623746,-1.3027742368502,0.198584954694167,0.464238021811491,-5.02550366087462
2356,"Q969X5|ERGI1_HUMAN","Endoplasmic reticulum-Golgi intermediate compartment protein 1 OS=Homo sapiens OX=9606 GN=ERGIC1 PE=1 SV=1",-2.98018236959259,8.20761382895374,-1.58100379826508,0.12014577695578,0.401449077849917,-4.66942978560001
2357,"Q8NBX0|SCPDL_HUMAN","Saccharopine dehydrogenase-like oxidoreductase OS=Homo sapiens OX=9606 GN=SCCPDH PE=1 SV=1",-0.824086716969369,13.4470545625092,-1.21886258106569,0.228582005182644,0.483785108757567,-5.12040808851689
2358,"Q13867|BLMH_HUMAN","Bleomycin hydrolase OS=Homo sapiens OX=9606 GN=BLMH PE=1 SV=1",-2.0872976026529,10.9430046329869,-1.52405403337186,0.133829131504217,0.413207622515545,-4.7474519151
2359,"Q9H7Z7|PGES2_HUMAN","Prostaglandin E synthase 2 OS=Homo sapiens OX=9606 GN=PTGES2 PE=1 SV=1",-1.86232117676851,10.8814840538407,-1.36477927926373,0.178396852454638,0.446426193331483,-4.95161110862819
2361,"Q15286|RAB35_HUMAN","Ras-related protein Rab-35 OS=Homo sapiens OX=9606 GN=RAB35 PE=1 SV=1",-2.62995288510788,11.7942220882161,-1.88112430437619,0.0744858846923227,0.375605864510613,-4.25386087582869
2362,"P53701|CCHL_HUMAN","Cytochrome c-type heme lyase OS=Homo sapiens OX=9606 GN=HCCS PE=1 SV=1",-2.87500008788328,8.60466434842594,-1.56594202441905,0.12363256664341,0.4052400795534,-4.69029973174328
2363,"Q9BTY2|FUCO2_HUMAN","Plasma alpha-L-fucosidase OS=Homo sapiens OX=9606 GN=FUCA2 PE=1 SV=2",-1.14817530216186,11.8634090513973,-1.23435516165127,0.222806558204441,0.477861539637229,-5.10333016040439
2364,"O94915|FRYL_HUMAN","Protein furry homolog-like OS=Homo sapiens OX=9606 GN=FRYL PE=1 SV=2",-1.38297103707037,5.77931578773521,-0.693113616278428,0.491426441394502,0.673638982522635,-5.57712932557689
2365,"Q9UNK0|STX8_HUMAN","Syntaxin-8 OS=Homo sapiens OX=9606 GN=STX8 PE=1 SV=2",-0.242752320646566,12.9247802836894,-0.330938600734996,0.742065603265438,0.848666105487053,-5.74813810475575
2366,"Q9UNP9|PPIE_HUMAN","Peptidyl-prolyl cis-trans isomerase E OS=Homo sapiens OX=9606 GN=PPIE PE=1 SV=1",-3.23920129887325,8.49837906078986,-1.66220470283496,0.102692282154907,0.387024448867313,-4.55384633378141
2367,"P62829|RL23_HUMAN","60S ribosomal protein L23 OS=Homo sapiens OX=9606 GN=RPL23 PE=1 SV=1",-3.93375635998715,9.79319365315153,-2.31637837760617,0.0246504515961083,0.31600086074823,-3.44425469130604
2368,"Q04726|TLE3_HUMAN","Transducin-like enhancer protein 3 OS=Homo sapiens OX=9606 GN=TLE3 PE=1 SV=2",-1.93970383648766,10.0519958461213,-1.2439315158781,0.219290819112564,0.476862311775177,-5.09267292892629
2368,"Q04727|TLE4_HUMAN","Transducin-like enhancer protein 4 OS=Homo sapiens OX=9606 GN=TLE4 PE=1 SV=3",-1.80799853600817,5.71081663709321,-0.853964236883982,0.397173674843157,0.609849204117461,-5.4631518387063
2368,"Q04724|TLE1_HUMAN","Transducin-like enhancer protein 1 OS=Homo sapiens OX=9606 GN=TLE1 PE=1 SV=2",-1.80799853600817,5.71081663709321,-0.853964236883982,0.397173674843157,0.609849204117461,-5.4631518387063
2368,"Q04725|TLE2_HUMAN","Transducin-like enhancer protein 2 OS=Homo sapiens OX=9606 GN=TLE2 PE=1 SV=2",-1.80799853600817,5.71081663709321,-0.853964236883982,0.397173674843157,0.609849204117461,-5.4631518387063
2369,"P02686|MBP_HUMAN","Myelin basic protein OS=Homo sapiens OX=9606 GN=MBP PE=1 SV=3",-1.25596103474864,11.6561511271221,-1.26801283300958,0.210631534360341,0.47083410979897,-5.06553369323667
2370,"Q96KC8|DNJC1_HUMAN","DnaJ homolog subfamily C member 1 OS=Homo sapiens OX=9606 GN=DNAJC1 PE=1 SV=1",-2.76734557799252,10.5838609982111,-1.95135154573852,0.0565954605030708,0.366768875860716,-4.10137865575745
2371,"Q12849|GRSF1_HUMAN","G-rich sequence factor 1 OS=Homo sapiens OX=9606 GN=GRSF1 PE=1 SV=3",-0.613240099884006,12.1053665731947,-0.670867951874553,0.505373739949953,0.683834338034699,-5.59106853526279
2372,"P30626|SORCN_HUMAN","Sorcin OS=Homo sapiens OX=9606 GN=SRI PE=1 SV=1",-0.618372195321621,11.8449004101741,-0.677209789839545,0.501375852791096,0.680562810580287,-5.58714013228364
2373,"Q9UIA0|CYH4_HUMAN","Cytohesin-4 OS=Homo sapiens OX=9606 GN=CYTH4 PE=1 SV=1",-1.88143744556535,12.3482962455117,-2.18425376504842,0.0336319508421165,0.338634890255269,-3.69267659510771
2374,"Q5W0V3|F16B1_HUMAN","Protein FAM160B1 OS=Homo sapiens OX=9606 GN=FAM160B1 PE=1 SV=1",-2.69423423259193,6.49649574532198,-1.28613114999649,0.204286318045306,0.467051180058524,-5.04479494670985
2375,"P01920|DQB1_HUMAN","HLA class II histocompatibility antigen, DQ beta 1 chain OS=Homo sapiens OX=9606 GN=HLA-DQB1 PE=1 SV=2",2.03035903827744,9.86949594466168,1.10156038144108,0.277296303520453,0.514126207172876,-5.24213272693252
2376,"O14545|TRAD1_HUMAN","TRAF-type zinc finger domain-containing protein 1 OS=Homo sapiens OX=9606 GN=TRAFD1 PE=1 SV=1",-2.14220087793489,7.04138854542259,-1.052986721268,0.297379395128164,0.533438361428424,-5.29048424107298
2378,"Q92769|HDAC2_HUMAN","Histone deacetylase 2 OS=Homo sapiens OX=9606 GN=HDAC2 PE=1 SV=2",-1.13460586411316,7.6003766368594,-0.510076984036658,0.612599377571785,0.757526706632695,-5.67817252838243
2379,"P50452|SPB8_HUMAN","Serpin B8 OS=Homo sapiens OX=9606 GN=SERPINB8 PE=1 SV=2",-2.79177236038669,10.8987333650743,-2.09471765507209,0.0412531339001864,0.348345476869979,-3.85429698838029
2380,"P10155|RO60_HUMAN","60 kDa SS-A/Ro ribonucleoprotein OS=Homo sapiens OX=9606 GN=RO60 PE=1 SV=2",0.101644538083599,12.5217665794018,0.119719083237658,0.905182592072889,0.951583039073553,-5.79224868267879
2381,"P50749|RASF2_HUMAN","Ras association domain-containing protein 2 OS=Homo sapiens OX=9606 GN=RASSF2 PE=1 SV=1",-2.47458352423871,11.0674318413042,-1.38182534786845,0.183071842947724,0.451598183033131,-4.93135628670914
2382,"Q9BWS9|CHID1_HUMAN","Chitinase domain-containing protein 1 OS=Homo sapiens OX=9606 GN=CHID1 PE=1 SV=1",-4.56608353451004,10.2145020190991,-2.9196889500819,0.00523091174109592,0.214586107848963,-2.17170215093118
2383,"Q9NR12|PDLI7_HUMAN","PDZ and LIM domain protein 7 OS=Homo sapiens OX=9606 GN=PDLIM7 PE=1 SV=1",-6.65156745196639,8.37032660624698,-3.52084777063564,0.000924286003132877,0.128416123080429,-0.711179083574121
2384,"P78406|RAE1L_HUMAN","mRNA export factor OS=Homo sapiens OX=9606 GN=RAE1 PE=1 SV=1",-5.77000551558925,8.85194628655748,-3.15402274644162,0.00271639993751802,0.172232339720537,-1.62276802794198
2385,"Q96FV9|THOC1_HUMAN","THO complex subunit 1 OS=Homo sapiens OX=9606 GN=THOC1 PE=1 SV=1",-2.10786043346836,10.1492367820847,-1.34269318136987,0.185399639334199,0.453547627886719,-4.97829580031705
2386,"Q14139|UBE4A_HUMAN","Ubiquitin conjugation factor E4 A OS=Homo sapiens OX=9606 GN=UBE4A PE=1 SV=2",-1.1509166437801,9.75006319303062,-0.703660451298558,0.484889040311353,0.669542468373762,-5.57036503426589
2387,"P49593|PPM1F_HUMAN","Protein phosphatase 1F OS=Homo sapiens OX=9606 GN=PPM1F PE=1 SV=3",-3.33571076850717,9.84835404458172,-1.99876403266381,0.0510524511988215,0.358801880609411,-4.0212880511495
2388,"Q14534|ERG1_HUMAN","Squalene monooxygenase OS=Homo sapiens OX=9606 GN=SQLE PE=1 SV=3",-6.06173071511284,7.90177334899576,-3.1616190400017,0.00265809868998956,0.172232339720537,-1.60451513259743
2389,"Q7L5Y1|ENOF1_HUMAN","Mitochondrial enolase superfamily member 1 OS=Homo sapiens OX=9606 GN=ENOSF1 PE=1 SV=1",-1.98490284911896,9.99739881120707,-1.2471825952765,0.218106635751174,0.475640302843224,-5.08903739522063
2390,"Q9BSJ2|GCP2_HUMAN","Gamma-tubulin complex component 2 OS=Homo sapiens OX=9606 GN=TUBGCP2 PE=1 SV=2",-6.14961825984286,7.78410050741022,-3.17975172587983,0.00252365689472186,0.172232339720537,-1.56083248219053
2391,"Q96C86|DCPS_HUMAN","m7GpppX diphosphatase OS=Homo sapiens OX=9606 GN=DCPS PE=1 SV=2",-0.563192537918898,12.0282177017744,-0.644541605791253,0.522153077741673,0.69610414568948,-5.60698838998794
2392,"Q8WU90|ZC3HF_HUMAN","Zinc finger CCCH domain-containing protein 15 OS=Homo sapiens OX=9606 GN=ZC3H15 PE=1 SV=1",0.492302343356181,10.7918911234249,0.39461474164561,0.694795566622584,0.813175137348768,-5.72676125360534
2394,"Q9BUL8|PDC10_HUMAN","Programmed cell death protein 10 OS=Homo sapiens OX=9606 GN=PDCD10 PE=1 SV=1",-0.909967765393827,13.1580537801556,-1.23845805645284,0.22129521850632,0.476862311775177,-5.09877360627316
2395,"P54105|ICLN_HUMAN","Methylosome subunit pICln OS=Homo sapiens OX=9606 GN=CLNS1A PE=1 SV=1",0.0940479718168401,10.0240861144598,0.0538182660067198,0.957320491704864,0.976131476745466,-5.79755107014407
2396,"P28065|PSB9_HUMAN","Proteasome subunit beta type-9 OS=Homo sapiens OX=9606 GN=PSMB9 PE=1 SV=2",-0.353977681654468,13.5690425320676,-0.526693093779269,0.600721876718968,0.746964624019693,-5.67055990436464
2397,"P42356|PI4KA_HUMAN","Phosphatidylinositol 4-kinase alpha OS=Homo sapiens OX=9606 GN=PI4KA PE=1 SV=4",-2.25905302713298,10.9688813156625,-1.58680396892654,0.120449050134708,0.401945683355904,-4.6633169825269
2398,"Q96LJ7|DHRS1_HUMAN","Dehydrogenase/reductase SDR family member 1 OS=Homo sapiens OX=9606 GN=DHRS1 PE=1 SV=1",-0.904878293613846,11.3462915937332,-0.85532801008866,0.396425634468756,0.609849204117461,-5.46208702409133
2399,"P54886|P5CS_HUMAN","Delta-1-pyrroline-5-carboxylate synthase OS=Homo sapiens OX=9606 GN=ALDH18A1 PE=1 SV=2",-3.05008893718055,8.7121256257065,-1.57156829104788,0.122320686230123,0.404516019980971,-4.68252482289724
2400,"Q96AH8|RAB7B_HUMAN","Ras-related protein Rab-7b OS=Homo sapiens OX=9606 GN=RAB7B PE=1 SV=1",-3.80771956661216,11.3823790422548,-3.07399950613121,0.00364162354543861,0.186429474139926,-1.85624042496566
2401,"Q53F19|NCBP3_HUMAN","Nuclear cap-binding protein subunit 3 OS=Homo sapiens OX=9606 GN=NCBP3 PE=1 SV=2",-1.99012730805463,9.46871235621978,-1.10431233134336,0.274712605294922,0.512264309860327,-5.24037152973665
2403,"P48047|ATPO_HUMAN","ATP synthase subunit O, mitochondrial OS=Homo sapiens OX=9606 GN=ATP5PO PE=1 SV=1",-0.475759651655366,14.7328734959942,-0.792411519557168,0.431842404233361,0.63285365355689,-5.50949370268143
2404,"Q86VR2|RETR3_HUMAN","Reticulophagy regulator 3 OS=Homo sapiens OX=9606 GN=RETREG3 PE=1 SV=1",0.101615310860817,10.9797926432145,0.0852090569086401,0.932433458020621,0.964938852545957,-5.79552955678006
2405,"Q8NDH3|PEPL1_HUMAN","Probable aminopeptidase NPEPL1 OS=Homo sapiens OX=9606 GN=NPEPL1 PE=1 SV=3",-0.64441588397068,11.7126519155941,-0.644030927576745,0.52248145668668,0.69610414568948,-5.60729101755013
2406,"P53999|TCP4_HUMAN","Activated RNA polymerase II transcriptional coactivator p15 OS=Homo sapiens OX=9606 GN=SUB1 PE=1 SV=3",-0.405590301848406,15.5493388143427,-0.706262842658599,0.483283456458751,0.668890490565271,-5.56868059148318
2407,"Q8TDQ7|GNPI2_HUMAN","Glucosamine-6-phosphate isomerase 2 OS=Homo sapiens OX=9606 GN=GNPDA2 PE=1 SV=1",-0.40593319499077,4.68422420320262,-0.209831252166426,0.834647002895193,0.914015927147113,-5.77847738307322
2408,"O14776|TCRG1_HUMAN","Transcription elongation regulator 1 OS=Homo sapiens OX=9606 GN=TCERG1 PE=1 SV=2",-1.61102964791159,9.92133764588363,-0.994439089218969,0.324769212823517,0.554411811189412,-5.3448699148646
2409,"Q8WXF1|PSPC1_HUMAN","Paraspeckle component 1 OS=Homo sapiens OX=9606 GN=PSPC1 PE=1 SV=1",1.57318216535354,13.6076288153418,2.23631774611132,0.0297955428504609,0.328110514888749,-3.59617892918232
2410,"Q13555|KCC2G_HUMAN","Calcium/calmodulin-dependent protein kinase type II subunit gamma OS=Homo sapiens OX=9606 GN=CAMK2G PE=1 SV=4",0.588728919152462,5.16988778735411,0.295563775806265,0.768779974892752,0.867470618774714,-5.75840019122456
2411,"Q9BY42|RTF2_HUMAN","Replication termination factor 2 OS=Homo sapiens OX=9606 GN=RTF2 PE=1 SV=3",-1.10575604919392,7.90553870978957,-0.541666624719908,0.590439651501197,0.74195748395166,-5.66318244366472
2412,"Q99447|PCY2_HUMAN","Ethanolamine-phosphate cytidylyltransferase OS=Homo sapiens OX=9606 GN=PCYT2 PE=1 SV=1",-1.6327005832,9.66954281297846,-0.978151115595787,0.332680913391148,0.560214426830518,-5.35947059181894
2413,"Q96F15|GIMA5_HUMAN","GTPase IMAP family member 5 OS=Homo sapiens OX=9606 GN=GIMAP5 PE=1 SV=1",1.75190820897882,6.4185941660907,0.85103068921376,0.398785718333706,0.611256512199516,-5.46543673145613
2414,"O14920|IKKB_HUMAN","Inhibitor of nuclear factor kappa-B kinase subunit beta OS=Homo sapiens OX=9606 GN=IKBKB PE=1 SV=1",-2.92338066502099,9.98625653295244,-1.71159498313056,0.0931318418647561,0.384925051282338,-4.48103594588084
2415,"Q6PI73|LIRA6_HUMAN","Leukocyte immunoglobulin-like receptor subfamily A member 6 OS=Homo sapiens OX=9606 GN=LILRA6 PE=2 SV=2",-0.357297506636484,4.43627575465353,-0.188755150848392,0.851044269624457,0.923415578725278,-5.78237215758421
2416,"P49959|MRE11_HUMAN","Double-strand break repair protein MRE11 OS=Homo sapiens OX=9606 GN=MRE11 PE=1 SV=3",-0.72532767753439,12.2015610861895,-0.850310121028301,0.399182304972081,0.611256512199516,-5.46599680479843
2417,"Q9Y639|NPTN_HUMAN","Neuroplastin OS=Homo sapiens OX=9606 GN=NPTN PE=1 SV=2",0.00939432516470262,4.88116290146527,0.00475227929747883,0.996227042417411,0.997384907413247,-5.79888792676693
2419,"Q9NQZ2|SAS10_HUMAN","Something about silencing protein 10 OS=Homo sapiens OX=9606 GN=UTP3 PE=1 SV=1",-2.28580813563575,7.39547697834523,-1.11079518365551,0.271938372983063,0.511245843750777,-5.2338808796642
2420,"Q15392|DHC24_HUMAN","Delta(24)-sterol reductase OS=Homo sapiens OX=9606 GN=DHCR24 PE=1 SV=2",-4.9205252885979,7.03097916643146,-2.40134785924893,0.0200711689555722,0.29753639723681,-3.27842755405656
2423,"#CONTAM#CYB5_HUMAN|",">sp|CYB5_HUMAN|",-0.739376234347196,12.398290686825,-0.923235897684498,0.360292075552781,0.58380896665941,-5.40698924408033
2423,"P00167|CYB5_HUMAN","Cytochrome b5 OS=Homo sapiens OX=9606 GN=CYB5A PE=1 SV=2",-0.739376234347196,12.398290686825,-0.923235897684498,0.360292075552781,0.58380896665941,-5.40698924408033
2424,"O43670|ZN207_HUMAN","BUB3-interacting and GLEBS motif-containing protein ZNF207 OS=Homo sapiens OX=9606 GN=ZNF207 PE=1 SV=1",-1.21053328807401,11.5692828032203,-1.20134321641914,0.235244434983399,0.485873725118869,-5.13947649156222
2425,"Q9Y6B6|SAR1B_HUMAN","GTP-binding protein SAR1b OS=Homo sapiens OX=9606 GN=SAR1B PE=1 SV=1",-0.486938234232451,7.59539584101665,-0.232030958107724,0.817455427327142,0.902301518579703,-5.77393045565098
2426,"O43353|RIPK2_HUMAN","Receptor-interacting serine/threonine-protein kinase 2 OS=Homo sapiens OX=9606 GN=RIPK2 PE=1 SV=2",2.23825880945602,8.92216328022422,1.21528421129675,0.229931454426151,0.485134332219116,-5.12432389536179
2427,"Q13523|PRP4B_HUMAN","Serine/threonine-protein kinase PRP4 homolog OS=Homo sapiens OX=9606 GN=PRPF4B PE=1 SV=3",0.543191565402006,11.0907759560579,0.457374000111479,0.649371730852537,0.7843084814307,-5.70204733325513
2428,"Q8NBK3|SUMF1_HUMAN","Formylglycine-generating enzyme OS=Homo sapiens OX=9606 GN=SUMF1 PE=1 SV=3",-3.79875294715451,11.0619941221738,-2.17797879244344,0.0416127509410968,0.348345476869979,-3.78663403901553
2429,"Q9P000|COMD9_HUMAN","COMM domain-containing protein 9 OS=Homo sapiens OX=9606 GN=COMMD9 PE=1 SV=2",-6.16051359069169,8.49395923744465,-3.33851259672083,0.0015915222711974,0.158937088200598,-1.17179240406699
2431,"P43487|RANG_HUMAN","Ran-specific GTPase-activating protein OS=Homo sapiens OX=9606 GN=RANBP1 PE=1 SV=1",-0.619488612645201,14.0099442480156,-0.952769665592206,0.34526312928181,0.573706905021897,-5.38176137008743
2432,"P62318|SMD3_HUMAN","Small nuclear ribonucleoprotein Sm D3 OS=Homo sapiens OX=9606 GN=SNRPD3 PE=1 SV=1",-0.867048486650642,12.511613891413,-1.09533541813403,0.278586906043868,0.515775560728134,-5.24929974007464
2433,"Q92917|GPKOW_HUMAN","G-patch domain and KOW motifs-containing protein OS=Homo sapiens OX=9606 GN=GPKOW PE=1 SV=2",0.168430354335747,6.01590507910475,0.079991049882257,0.93656179268359,0.966826665895156,-5.79592949691525
2434,"O60341|KDM1A_HUMAN","Lysine-specific histone demethylase 1A OS=Homo sapiens OX=9606 GN=KDM1A PE=1 SV=2",1.43595329381882,8.47553546020688,0.718761742269538,0.475613656671129,0.664069752028182,-5.56050569707016
2435,"P07477|TRY1_HUMAN","Trypsin-1 OS=Homo sapiens OX=9606 GN=PRSS1 PE=1 SV=1",-1.68154059244194,10.2425962153699,-0.725645426347694,0.477751373444947,0.664838502561353,-5.54960109218323
2435,"#CONTAM#TRY1_BOVIN|",">sp|TRY1_BOVIN|",-1.68154059244194,10.2425962153699,-0.725645426347694,0.477751373444947,0.664838502561353,-5.54960109218323
2436,"Q96A26|F162A_HUMAN","Protein FAM162A OS=Homo sapiens OX=9606 GN=FAM162A PE=1 SV=2",-2.70905228033754,10.6675922617428,-1.94604945343031,0.0572462910848625,0.366768875860716,-4.11023419757556
2437,"P05413|FABPH_HUMAN","Fatty acid-binding protein, heart OS=Homo sapiens OX=9606 GN=FABP3 PE=1 SV=4",-3.2662590589086,12.3380716392523,-3.61488327208613,0.000694544903555702,0.0997134966538136,-0.468239401366529
2437,"#CONTAM#FABPH_HUMAN|",">sp|FABPH_HUMAN|",-3.1722819512398,12.2910830854179,-3.48329235546778,0.00103496457974504,0.135078558938239,-0.807202391261477
2438,"Q8IXJ6|SIR2_HUMAN","NAD-dependent protein deacetylase sirtuin-2 OS=Homo sapiens OX=9606 GN=SIRT2 PE=1 SV=2",-1.07161606290194,8.93720690890085,-0.537143909885989,0.593705374720132,0.743993896333424,-5.66527595849505
2439,"Q9HCS7|SYF1_HUMAN","Pre-mRNA-splicing factor SYF1 OS=Homo sapiens OX=9606 GN=XAB2 PE=1 SV=2",0.758871536753971,6.83567891662232,0.354524644298257,0.724427828932658,0.836715113760515,-5.74065506767997
2440,"Q14790|CASP8_HUMAN","Caspase-8 OS=Homo sapiens OX=9606 GN=CASP8 PE=1 SV=1",-1.99528588706409,10.2325017873293,-1.32202093179693,0.192142060699317,0.457965239928968,-5.00290745469192
2441,"Q13107|UBP4_HUMAN","Ubiquitin carboxyl-terminal hydrolase 4 OS=Homo sapiens OX=9606 GN=USP4 PE=1 SV=3",0.0613445131021049,10.2574317675472,0.042862072171157,0.965981184086703,0.980320678572439,-5.79804593084179
2442,"Q7L099|RUFY3_HUMAN","Protein RUFY3 OS=Homo sapiens OX=9606 GN=RUFY3 PE=1 SV=1",-1.86223171573074,8.62063616717258,-0.983867427700813,0.329889795560714,0.559296555850489,-5.35437276839097
2443,"O60315|ZEB2_HUMAN","Zinc finger E-box-binding homeobox 2 OS=Homo sapiens OX=9606 GN=ZEB2 PE=1 SV=1",-0.2226231678248,10.204340192829,-0.157231032244941,0.875692238130306,0.934215380139378,-5.78742996246155
2444,"Q8N5K1|CISD2_HUMAN","CDGSH iron-sulfur domain-containing protein 2 OS=Homo sapiens OX=9606 GN=CISD2 PE=1 SV=1",0.0565926712027718,12.4400413545143,0.0720941705918512,0.942812878334192,0.970297507045488,-5.79648672400822
2445,"Q9BXP2|S12A9_HUMAN","Solute carrier family 12 member 9 OS=Homo sapiens OX=9606 GN=SLC12A9 PE=1 SV=1",-1.78523176542129,11.4666268940781,-1.31898482896563,0.197620601483224,0.464106161503158,-5.00578070804392
2446,"P62244|RS15A_HUMAN","40S ribosomal protein S15a OS=Homo sapiens OX=9606 GN=RPS15A PE=1 SV=2",-4.28119077690679,7.38529026484625,-2.02826626409353,0.0478449869913544,0.354698763841406,-3.97063847877479
2447,"P12931|SRC_HUMAN","Proto-oncogene tyrosine-protein kinase Src OS=Homo sapiens OX=9606 GN=SRC PE=1 SV=3",-3.33839502814871,8.07987657699034,-1.71938420910585,0.0916934298039349,0.383793588110348,-4.46938179952243
2448,"Q6DKI2|LEG9C_HUMAN","Galectin-9C OS=Homo sapiens OX=9606 GN=LGALS9C PE=1 SV=2",1.04122243043329,6.18390845845521,0.428817570388945,0.670938137681277,0.798047655065799,-5.71288140782251
2448,"Q3B8N2|LEG9B_HUMAN","Galectin-9B OS=Homo sapiens OX=9606 GN=LGALS9B PE=1 SV=3",1.04122243043329,6.18390845845521,0.428817570388945,0.670938137681277,0.798047655065799,-5.71288140782251
2449,"P51531|SMCA2_HUMAN","Probable global transcription activator SNF2L2 OS=Homo sapiens OX=9606 GN=SMARCA2 PE=1 SV=2",-0.350799621098721,5.49204842498803,-0.175927466035217,0.861057312878914,0.927607265275008,-5.78454133167725
2450,"P05204|HMGN2_HUMAN","Non-histone chromosomal protein HMG-17 OS=Homo sapiens OX=9606 GN=HMGN2 PE=1 SV=3",3.380800769596,3.99401778873542,1.87895318425165,0.0660514852873084,0.372848947748935,-4.22052655304034
2451,"Q9NY27|PP4R2_HUMAN","Serine/threonine-protein phosphatase 4 regulatory subunit 2 OS=Homo sapiens OX=9606 GN=PPP4R2 PE=1 SV=3",-0.290279084533617,8.80716180787913,-0.153110917172538,0.878923406012686,0.936418317565759,-5.78802297995503
2452,"Q92541|RTF1_HUMAN","RNA polymerase-associated protein RTF1 homolog OS=Homo sapiens OX=9606 GN=RTF1 PE=1 SV=4",-1.05233409651013,10.5332765456077,-0.698185153479094,0.48827680469814,0.671793833410363,-5.573889140624
2453,"Q96CN9|GCC1_HUMAN","GRIP and coiled-coil domain-containing protein 1 OS=Homo sapiens OX=9606 GN=GCC1 PE=1 SV=1",-1.34645347523483,8.58095206423928,-0.675039402423922,0.502742117761411,0.68198749644044,-5.58848864095513
2454,"Q6ZMZ3|SYNE3_HUMAN","Nesprin-3 OS=Homo sapiens OX=9606 GN=SYNE3 PE=1 SV=2",-1.14791108000409,9.32295452962163,-0.647646304035488,0.52015903288848,0.695299714122933,-5.60514347848399
2455,"Q9BV23|ABHD6_HUMAN","Monoacylglycerol lipase ABHD6 OS=Homo sapiens OX=9606 GN=ABHD6 PE=1 SV=1",-2.16791935031733,10.0975900164963,-1.38020866815775,0.173626228166277,0.441624863794215,-4.93273104611691
2456,"Q53EL6|PDCD4_HUMAN","Programmed cell death protein 4 OS=Homo sapiens OX=9606 GN=PDCD4 PE=1 SV=2",-0.660675593820118,11.2752116789879,-0.594360468292731,0.55493518844539,0.718452344290121,-5.63559834478892
2457,"Q9Y478|AAKB1_HUMAN","5'-AMP-activated protein kinase subunit beta-1 OS=Homo sapiens OX=9606 GN=PRKAB1 PE=1 SV=4",-4.52623412784295,9.13388701421984,-2.46305334877104,0.017241166978365,0.292499164066587,-3.15510966360422
2458,"Q562E7|WDR81_HUMAN","WD repeat-containing protein 81 OS=Homo sapiens OX=9606 GN=WDR81 PE=1 SV=2",1.98735873557243,10.2774051127007,1.28454739869764,0.204835186622603,0.467051180058524,-5.04661867945141
2459,"Q8WZA0|LZIC_HUMAN","Protein LZIC OS=Homo sapiens OX=9606 GN=LZIC PE=1 SV=1",-0.819857187113787,13.3719016699566,-1.19623533462691,0.237213313848946,0.486431300737797,-5.1449872049417
2460,"Q8NC56|LEMD2_HUMAN","LEM domain-containing protein 2 OS=Homo sapiens OX=9606 GN=LEMD2 PE=1 SV=1",-2.1806731032366,10.8204607772266,-1.75127633236008,0.0859945380552486,0.377971753709499,-4.42118140268753
2461,"Q92793|CBP_HUMAN","CREB-binding protein OS=Homo sapiens OX=9606 GN=CREBBP PE=1 SV=3",-3.39652179210047,7.13755617293645,-1.72643723256883,0.0904068801083887,0.381160274854216,-4.45878905794762
2462,"P27482|CALL3_HUMAN","Calmodulin-like protein 3 OS=Homo sapiens OX=9606 GN=CALML3 PE=1 SV=2",-2.36613987946397,7.35878458176889,-1.12793907273031,0.264697325421344,0.50615957398564,-5.21654297931289
2463,"Q8WY22|BRI3B_HUMAN","BRI3-binding protein OS=Homo sapiens OX=9606 GN=BRI3BP PE=1 SV=1",-1.44447181819439,9.74682547781727,-0.86925266714141,0.388838077795448,0.605249584772315,-5.45112069589396
2464,"Q8TCE6|DEN10_HUMAN","DENN domain-containing protein 10 OS=Homo sapiens OX=9606 GN=DENND10 PE=1 SV=1",-2.1001145575865,10.9179481704187,-1.5506221585318,0.12726210010084,0.408800552295904,-4.71134310970172
2464,"Q6NSW5|DE10B_HUMAN","Putative DENN domain-containing protein 10 B OS=Homo sapiens OX=9606 GN=DENND10P1 PE=5 SV=1",-1.74044020806438,10.386347595643,-1.17351714035436,0.246115543881424,0.492345400602551,-5.16922951773977
2465,"Q13405|RM49_HUMAN","39S ribosomal protein L49, mitochondrial OS=Homo sapiens OX=9606 GN=MRPL49 PE=1 SV=1",-0.976762614777069,11.962911874704,-0.570425342931386,0.578127847070893,0.733360170433644,-5.64159341938605
2466,"P63313|TYB10_HUMAN","Thymosin beta-10 OS=Homo sapiens OX=9606 GN=TMSB10 PE=1 SV=2",-0.2087619621134,18.4302230210193,-0.404604346544364,0.687483851180729,0.809456792519245,-5.72306928942368
2467,"P61956|SUMO2_HUMAN","Small ubiquitin-related modifier 2 OS=Homo sapiens OX=9606 GN=SUMO2 PE=1 SV=3",2.69935911466232,5.14289517280508,1.39290311544755,0.169775347086407,0.441216901957586,-4.91705116498324
2468,"P30046|DOPD_HUMAN","D-dopachrome decarboxylase OS=Homo sapiens OX=9606 GN=DDT PE=1 SV=3",-3.52757258367208,10.4886097054091,-2.30177838671688,0.0255250767569329,0.31600086074823,-3.47227568115864
2468,"A6NHG4|DDTL_HUMAN","D-dopachrome decarboxylase-like protein OS=Homo sapiens OX=9606 GN=DDTL PE=2 SV=1",-3.02989740664714,8.94656830300363,-1.66511428552894,0.102107597092114,0.387024448867313,-4.5496093209228
2469,"Q13445|TMED1_HUMAN","Transmembrane emp24 domain-containing protein 1 OS=Homo sapiens OX=9606 GN=TMED1 PE=1 SV=1",-0.903452023604688,10.2373242322766,-0.590600820607676,0.557432411088729,0.72011439548865,-5.63764999047956
2470,"Q15036|SNX17_HUMAN","Sorting nexin-17 OS=Homo sapiens OX=9606 GN=SNX17 PE=1 SV=1",-2.6214713466148,10.4622542633416,-1.7826529183291,0.0806785180477837,0.375605864510613,-4.37300533431118
2471,"O14662|STX16_HUMAN","Syntaxin-16 OS=Homo sapiens OX=9606 GN=STX16 PE=1 SV=3",-2.52640113645059,9.99747536373735,-1.61539282977235,0.112481769216654,0.393708504099409,-4.62110955615564
2472,"Q9C002|NMES1_HUMAN","Normal mucosa of esophagus-specific gene 1 protein OS=Homo sapiens OX=9606 GN=NMES1 PE=2 SV=1",-1.24509994997269,13.238963849182,-1.79461787842929,0.07872505177088,0.375605864510613,-4.35443810536484
2473,"P29353|SHC1_HUMAN","SHC-transforming protein 1 OS=Homo sapiens OX=9606 GN=SHC1 PE=1 SV=4",-3.97656787372379,9.45545620587005,-2.28721329869067,0.0264250564756173,0.318803132326284,-3.50009001715193
2474,"O95163|ELP1_HUMAN","Elongator complex protein 1 OS=Homo sapiens OX=9606 GN=ELP1 PE=1 SV=3",-2.8203274164287,6.61615283349737,-1.34309747898403,0.185269594250344,0.453547627886719,-4.9778109364673
2475,"Q96A72|MGN2_HUMAN","Protein mago nashi homolog 2 OS=Homo sapiens OX=9606 GN=MAGOHB PE=1 SV=1",-2.39297949400159,9.65517066977729,-1.39927180495257,0.167868402219807,0.438676892435621,-4.90913502464972
2475,"P61326|MGN_HUMAN","Protein mago nashi homolog OS=Homo sapiens OX=9606 GN=MAGOH PE=1 SV=1",-2.39297949400159,9.65517066977729,-1.39927180495257,0.167868402219807,0.438676892435621,-4.90913502464972
2476,"A2RRP1|NBAS_HUMAN","Neuroblastoma-amplified sequence OS=Homo sapiens OX=9606 GN=NBAS PE=1 SV=2",1.96293723554725,7.72520010530503,0.874102927648095,0.387246685016629,0.603780731689771,-5.44627034000715
2477,"P20839|IMDH1_HUMAN","Inosine-5'-monophosphate dehydrogenase 1 OS=Homo sapiens OX=9606 GN=IMPDH1 PE=1 SV=2",-1.99265060522285,10.6230945167594,-1.40625273070261,0.165797216986769,0.437822571160032,-4.90041980919571
2478,"Q9NTI5|PDS5B_HUMAN","Sister chromatid cohesion protein PDS5 homolog B OS=Homo sapiens OX=9606 GN=PDS5B PE=1 SV=1",-1.33867846152505,7.73548197219235,-0.668970022563495,0.506573546144109,0.685027398192364,-5.59223714643845
2479,"P0DOY3|IGLC3_HUMAN","Immunoglobulin lambda constant 3 OS=Homo sapiens OX=9606 GN=IGLC3 PE=1 SV=1",-0.0820470747622641,7.55635488724145,-0.0367888995969776,0.970823160152601,0.982687508995829,-5.79826834889041
2479,"P0DOY2|IGLC2_HUMAN","Immunoglobulin lambda constant 2 OS=Homo sapiens OX=9606 GN=IGLC2 PE=1 SV=1",-0.0820470747622641,7.55635488724145,-0.0367888995969776,0.970823160152601,0.982687508995829,-5.79826834889041
2479,"P0CF74|IGLC6_HUMAN","Immunoglobulin lambda constant 6 OS=Homo sapiens OX=9606 GN=IGLC6 PE=1 SV=1",-0.0820470747622641,7.55635488724145,-0.0367888995969776,0.970823160152601,0.982687508995829,-5.79826834889041
2479,"P0CG04|IGLC1_HUMAN","Immunoglobulin lambda constant 1 OS=Homo sapiens OX=9606 GN=IGLC1 PE=1 SV=1",0.128676901486658,7.45099289911698,0.058580982598636,0.953532628819329,0.975444308545446,-5.79730408482442
2479,"B9A064|IGLL5_HUMAN","Immunoglobulin lambda-like polypeptide 5 OS=Homo sapiens OX=9606 GN=IGLL5 PE=2 SV=2",0.128676901486658,7.45099289911698,0.058580982598636,0.953532628819329,0.975444308545446,-5.79730408482442
2479,"P0DOX8|IGL1_HUMAN","Immunoglobulin lambda-1 light chain OS=Homo sapiens OX=9606 PE=1 SV=1",0.128676901486658,7.45099289911698,0.058580982598636,0.953532628819329,0.975444308545446,-5.79730408482442
2479,"A0M8Q6|IGLC7_HUMAN","Immunoglobulin lambda constant 7 OS=Homo sapiens OX=9606 GN=IGLC7 PE=1 SV=3",-0.0820470747622641,7.55635488724145,-0.0367888995969776,0.970823160152601,0.982687508995829,-5.79826834889041
2480,"P67870|CSK2B_HUMAN","Casein kinase II subunit beta OS=Homo sapiens OX=9606 GN=CSNK2B PE=1 SV=1",-2.32883669326647,9.30323981687448,-1.28967692338591,0.203061483444588,0.467051180058524,-5.04070431285807
2481,"P31483|TIA1_HUMAN","Nucleolysin TIA-1 isoform p40 OS=Homo sapiens OX=9606 GN=TIA1 PE=1 SV=3",-0.462216511609567,10.4665433671949,-0.339405061626216,0.73571769305183,0.844320837722951,-5.7455109400079
2482,"Q86VN1|VPS36_HUMAN","Vacuolar protein-sorting-associated protein 36 OS=Homo sapiens OX=9606 GN=VPS36 PE=1 SV=1",-6.32856277438418,7.69498049331073,-3.30589094807424,0.00175131647385629,0.158937088200598,-1.25267437310734
2483,"P47813|IF1AX_HUMAN","Eukaryotic translation initiation factor 1A, X-chromosomal OS=Homo sapiens OX=9606 GN=EIF1AX PE=1 SV=2",-0.524751349878045,13.714949590872,-0.761769889786942,0.449754563121163,0.646806055340906,-5.53130610901688
2483,"O14602|IF1AY_HUMAN","Eukaryotic translation initiation factor 1A, Y-chromosomal OS=Homo sapiens OX=9606 GN=EIF1AY PE=1 SV=4",-0.524751349878045,13.714949590872,-0.761769889786942,0.449754563121163,0.646806055340906,-5.53130610901688
2484,"P50135|HNMT_HUMAN","Histamine N-methyltransferase OS=Homo sapiens OX=9606 GN=HNMT PE=1 SV=1",-0.711739096354485,14.1826250024396,-1.13929984720768,0.259974924008175,0.502563733259968,-5.20491525111049
2485,"P15927|RFA2_HUMAN","Replication protein A 32 kDa subunit OS=Homo sapiens OX=9606 GN=RPA2 PE=1 SV=1",-1.1909528332767,12.7059799816093,-1.48775492200698,0.143058339806982,0.420050187165385,-4.79574025714296
2486,"Q9HBR0|S38AA_HUMAN","Putative sodium-coupled neutral amino acid transporter 10 OS=Homo sapiens OX=9606 GN=SLC38A10 PE=1 SV=2",-2.14609652729978,5.99903249462276,-1.05565320471403,0.2961709592041,0.532835556095262,-5.287936654018
2487,"Q9Y3Y2|CHTOP_HUMAN","Chromatin target of PRMT1 protein OS=Homo sapiens OX=9606 GN=CHTOP PE=1 SV=2",0.17194939069352,13.1057123792905,0.238891265683762,0.812160588415369,0.898068203929395,-5.77243313295641
2489,"Q96EQ0|SGTB_HUMAN","Small glutamine-rich tetratricopeptide repeat-containing protein beta OS=Homo sapiens OX=9606 GN=SGTB PE=1 SV=1",-1.81009718006032,12.2007294136082,-2.08891064025568,0.0417958008078434,0.348345476869979,-3.86458744952379
2490,"O14972|VP26C_HUMAN","Vacuolar protein sorting-associated protein 26C OS=Homo sapiens OX=9606 GN=VPS26C PE=1 SV=1",-1.21224397834049,11.4325711294968,-1.12236717706202,0.267035558414146,0.507780198715112,-5.22220550690641
2491,"P28067|DMA_HUMAN","HLA class II histocompatibility antigen, DM alpha chain OS=Homo sapiens OX=9606 GN=HLA-DMA PE=1 SV=1",0.182378738071775,6.88692218233028,0.0857192424214986,0.932029912746714,0.964938852545957,-5.79548909754818
2492,"P36639|8ODP_HUMAN","7,8-dihydro-8-oxoguanine triphosphatase OS=Homo sapiens OX=9606 GN=NUDT1 PE=1 SV=3",-3.08098650715812,9.92790744376819,-1.82133561180925,0.0745057402694333,0.375605864510613,-4.31258890201417
2493,"P55081|MFAP1_HUMAN","Microfibrillar-associated protein 1 OS=Homo sapiens OX=9606 GN=MFAP1 PE=1 SV=2",-2.26781098970767,8.64993269660526,-1.22105341589164,0.227758685166325,0.483402743279022,-5.11800533401225
2494,"P60983|GMFB_HUMAN","Glia maturation factor beta OS=Homo sapiens OX=9606 GN=GMFB PE=1 SV=2",-0.920966830455352,14.2926574897668,-1.36555140471837,0.178155754133501,0.446220064772336,-4.95067095148555
2495,"Q86U42|PABP2_HUMAN","Polyadenylate-binding protein 2 OS=Homo sapiens OX=9606 GN=PABPN1 PE=1 SV=3",-0.583600808889432,13.2670235584276,-0.841520144444687,0.404039794501922,0.614922102745194,-5.47279193484249
2496,"Q9UBB4|ATX10_HUMAN","Ataxin-10 OS=Homo sapiens OX=9606 GN=ATXN10 PE=1 SV=1",-1.41722714654972,11.0946207885558,-1.24970027290254,0.217192846392817,0.475088669077635,-5.08621589914298
2498,"P35222|CTNB1_HUMAN","Catenin beta-1 OS=Homo sapiens OX=9606 GN=CTNNB1 PE=1 SV=1",5.40308703960668,5.00516092374076,2.84846294614031,0.00634827204302539,0.222292745441547,-2.33288876317178
2499,"Q9Y3D0|CIA2B_HUMAN","Cytosolic iron-sulfur assembly component 2B OS=Homo sapiens OX=9606 GN=CIAO2B PE=1 SV=1",-0.343241971172692,11.440860464189,-0.330514109289626,0.742384355410625,0.848805261150402,-5.74826808687327
2500,"P50579|MAP2_HUMAN","Methionine aminopeptidase 2 OS=Homo sapiens OX=9606 GN=METAP2 PE=1 SV=1",-4.58687741969603,8.2744708544619,-2.39790866306582,0.0202405488577523,0.29753639723681,-3.28522975436113
2501,"O95551|TYDP2_HUMAN","Tyrosyl-DNA phosphodiesterase 2 OS=Homo sapiens OX=9606 GN=TDP2 PE=1 SV=1",-0.537440722319641,10.8404183860093,-0.436531072727316,0.664319641347018,0.794343335725044,-5.71065561932021
2504,"P62277|RS13_HUMAN","40S ribosomal protein S13 OS=Homo sapiens OX=9606 GN=RPS13 PE=1 SV=2",-1.52281611556014,13.7336411645474,-2.01650905613716,0.0495680668977099,0.358801880609411,-3.99429859773649
2505,"O60613|SEP15_HUMAN","Selenoprotein F OS=Homo sapiens OX=9606 GN=SELENOF PE=1 SV=4",-0.569231589041113,14.51033772106,-0.920133209846126,0.361895159317942,0.584314442422046,-5.40959516458137
2506,"P52815|RM12_HUMAN","39S ribosomal protein L12, mitochondrial OS=Homo sapiens OX=9606 GN=MRPL12 PE=1 SV=2",-0.420412306009137,13.5280084350012,-0.632949295786614,0.529634052313841,0.701240044056475,-5.61379994355779
2507,"O00244|ATOX1_HUMAN","Copper transport protein ATOX1 OS=Homo sapiens OX=9606 GN=ATOX1 PE=1 SV=1",-3.5068957532711,9.94994818505222,-2.09503965303789,0.0412232237937781,0.348345476869979,-3.85372569515463
2508,"O00273|DFFA_HUMAN","DNA fragmentation factor subunit alpha OS=Homo sapiens OX=9606 GN=DFFA PE=1 SV=1",-1.25287648906832,11.9703806023941,-1.39898448810039,0.167954073746538,0.438676892435621,-4.90949286741052
2509,"P13807|GYS1_HUMAN","Glycogen [starch] synthase, muscle OS=Homo sapiens OX=9606 GN=GYS1 PE=1 SV=2",-4.01201474796293,9.86446657416743,-2.44217182688922,0.0181557611669782,0.292499164066587,-3.19711010118124
2511,"Q8IZH2|XRN1_HUMAN","5'-3' exoribonuclease 1 OS=Homo sapiens OX=9606 GN=XRN1 PE=1 SV=1",-0.275693699851268,7.15941250817652,-0.135966709042779,0.892390317500588,0.943740817711007,-5.79032166204928
2512,"Q6IN85|P4R3A_HUMAN","Serine/threonine-protein phosphatase 4 regulatory subunit 3A OS=Homo sapiens OX=9606 GN=PPP4R3A PE=1 SV=1",-7.03016959989287,8.36633472363557,-3.68199400451648,0.000565171504731284,0.0973677468351056,-0.292740818094124
2513,"P48556|PSMD8_HUMAN","26S proteasome non-ATPase regulatory subunit 8 OS=Homo sapiens OX=9606 GN=PSMD8 PE=1 SV=2",-1.15108436170086,13.5807681232153,-1.67904988320045,0.099344941929263,0.386522542993734,-4.52922501932848
2514,"P51532|SMCA4_HUMAN","Transcription activator BRG1 OS=Homo sapiens OX=9606 GN=SMARCA4 PE=1 SV=2",0.0492954833064205,5.96766970914402,0.0249294021315256,0.980209916792689,0.987334610574494,-5.79861002648584
2515,"Q9Y570|PPME1_HUMAN","Protein phosphatase methylesterase 1 OS=Homo sapiens OX=9606 GN=PPME1 PE=1 SV=3",-3.65833104380568,9.63641830467911,-2.11049217889532,0.0398099187647004,0.348345476869979,-3.82622468545334
2516,"Q96RQ3|MCCA_HUMAN","Methylcrotonoyl-CoA carboxylase subunit alpha, mitochondrial OS=Homo sapiens OX=9606 GN=MCCC1 PE=1 SV=3",-2.78199473668176,9.97545196361951,-1.6370540870773,0.107861456083046,0.389730949118858,-4.59019721184671
2517,"Q02543|RL18A_HUMAN","60S ribosomal protein L18a OS=Homo sapiens OX=9606 GN=RPL18A PE=1 SV=2",-2.0372756956154,10.0129913231649,-1.30983166524727,0.196203814381725,0.463294862139304,-5.01725372332248
2518,"Q9H2W6|RM46_HUMAN","39S ribosomal protein L46, mitochondrial OS=Homo sapiens OX=9606 GN=MRPL46 PE=1 SV=1",-0.718122106004706,11.6730766787815,-0.73800215379549,0.463942536133183,0.656749713038853,-5.54764756531463
2519,"Q9NZ32|ARP10_HUMAN","Actin-related protein 10 OS=Homo sapiens OX=9606 GN=ACTR10 PE=1 SV=1",-0.969071781763283,12.5778388740913,-1.23399184064091,0.222940756780991,0.477861539637229,-5.10373297213765
2520,"Q9NP79|VTA1_HUMAN","Vacuolar protein sorting-associated protein VTA1 homolog OS=Homo sapiens OX=9606 GN=VTA1 PE=1 SV=1",-1.18620076761496,12.6262747621496,-1.4952586804309,0.141095081179593,0.418235729277707,-4.7858329146958
2521,"Q9H6R4|NOL6_HUMAN","Nucleolar protein 6 OS=Homo sapiens OX=9606 GN=NOL6 PE=1 SV=2",-2.59751550567069,7.69008478217185,-1.28175625402097,0.205805179571571,0.467126622764674,-5.04982766781504
2522,"Q8ND04|SMG8_HUMAN","Protein SMG8 OS=Homo sapiens OX=9606 GN=SMG8 PE=1 SV=1",-0.829063865238827,7.12348015286803,-0.415021902497757,0.679890848440217,0.803335155794226,-5.71912155888065
2523,"Q13685|AAMP_HUMAN","Angio-associated migratory cell protein OS=Homo sapiens OX=9606 GN=AAMP PE=1 SV=2",-2.36733915151613,10.4220490314044,-1.62293632199937,0.110854837749247,0.392573148240718,-4.61038601926544
2524,"Q92522|H1X_HUMAN","Histone H1.10 OS=Homo sapiens OX=9606 GN=H1-10 PE=1 SV=1",0.475858404864898,13.2641527503818,0.695963508213996,0.489655157638785,0.672924302472958,-5.57531138793292
2526,"Q9H173|SIL1_HUMAN","Nucleotide exchange factor SIL1 OS=Homo sapiens OX=9606 GN=SIL1 PE=1 SV=1",-5.13947949933326,7.09504747295027,-2.51300363616844,0.0152199604218709,0.286254888807852,-3.05353849178641
2527,"P68402|PA1B2_HUMAN","Platelet-activating factor acetylhydrolase IB subunit beta OS=Homo sapiens OX=9606 GN=PAFAH1B2 PE=1 SV=1",-3.60343749177809,7.60945642021771,-1.78456574059788,0.0803635234676748,0.375605864510613,-4.37004426678722
2528,"P78362|SRPK2_HUMAN","SRSF protein kinase 2 OS=Homo sapiens OX=9606 GN=SRPK2 PE=1 SV=3",-1.10006646610817,9.79706083113019,-0.679646056501587,0.499844632193455,0.679507297920118,-5.58562137224618
2529,"O43159|RRP8_HUMAN","Ribosomal RNA-processing protein 8 OS=Homo sapiens OX=9606 GN=RRP8 PE=1 SV=2",-1.80651313282964,9.08196094331992,-1.01762477152551,0.313726312787381,0.544701328738046,-5.32368793120781
2530,"P49768|PSN1_HUMAN","Presenilin-1 OS=Homo sapiens OX=9606 GN=PSEN1 PE=1 SV=1",-1.82183834714224,12.0858964753469,-0.86785623318747,0.404559589777894,0.615050530594207,-5.43787995471968
2531,"Q9H2H8|PPIL3_HUMAN","Peptidyl-prolyl cis-trans isomerase-like 3 OS=Homo sapiens OX=9606 GN=PPIL3 PE=1 SV=1",0.460461153837585,12.1760173575076,0.540691919110301,0.591106430340936,0.74195748395166,-5.66366889549646
2532,"Q9Y320|TMX2_HUMAN","Thioredoxin-related transmembrane protein 2 OS=Homo sapiens OX=9606 GN=TMX2 PE=1 SV=1",-3.16119807377207,9.5720557278087,-1.80871439501619,0.0764745905936031,0.375605864510613,-4.3324248516583
2533,"Q9NZ01|TECR_HUMAN","Very-long-chain enoyl-CoA reductase OS=Homo sapiens OX=9606 GN=TECR PE=1 SV=1",-1.00482778420344,14.0442216457812,-1.53814663495476,0.130280424771893,0.411376678513593,-4.72834187788802
2534,"Q9H3P2|NELFA_HUMAN","Negative elongation factor A OS=Homo sapiens OX=9606 GN=NELFA PE=1 SV=3",-0.330888516199881,10.771357765257,-0.26448521084441,0.792486830044731,0.885626346082099,-5.76646309571442
2535,"Q9Y608|LRRF2_HUMAN","Leucine-rich repeat flightless-interacting protein 2 OS=Homo sapiens OX=9606 GN=LRRFIP2 PE=1 SV=1",-2.72874215502054,9.30252102800114,-1.55042474985411,0.127309420998593,0.408800552295904,-4.71161305568647
2536,"Q0VDF9|HSP7E_HUMAN","Heat shock 70 kDa protein 14 OS=Homo sapiens OX=9606 GN=HSPA14 PE=1 SV=1",-0.86787446093741,6.10912587161505,-0.424603285525776,0.672936679749124,0.799013412441185,-5.71540276874851
2537,"Q8NFD5|ARI1B_HUMAN","AT-rich interactive domain-containing protein 1B OS=Homo sapiens OX=9606 GN=ARID1B PE=1 SV=2",1.14552386701779,6.55065662765285,0.543680926933164,0.589062834298938,0.741610834090263,-5.66217441352375
2538,"Q9H9C1|SPE39_HUMAN","Spermatogenesis-defective protein 39 homolog OS=Homo sapiens OX=9606 GN=VIPAS39 PE=1 SV=1",-2.65279233164477,8.55045024203622,-1.44043519979194,0.155940309485805,0.430326125184158,-4.85717202932534
2539,"Q00403|TF2B_HUMAN","Transcription initiation factor IIB OS=Homo sapiens OX=9606 GN=GTF2B PE=1 SV=1",-3.56402782651517,8.90805038730832,-1.97497007273311,0.0537728117694419,0.366768875860716,-4.06168392839932
2540,"Q969X1|LFG3_HUMAN","Protein lifeguard 3 OS=Homo sapiens OX=9606 GN=TMBIM1 PE=1 SV=2",-2.59307975486577,7.90176074225176,-1.25934861362841,0.213717248924786,0.473498040699101,-5.07535405840295
2541,"Q99757|THIOM_HUMAN","Thioredoxin, mitochondrial OS=Homo sapiens OX=9606 GN=TXN2 PE=1 SV=2",-0.764821813297786,13.8949601521523,-1.17716872254009,0.244668602669156,0.491505443888086,-5.16536246109457
2542,"O00193|SMAP_HUMAN","Small acidic protein OS=Homo sapiens OX=9606 GN=SMAP PE=1 SV=1",-0.769423904079261,13.0561496363394,-1.04813835909431,0.299585334838207,0.534734370968983,-5.29510068530217
2543,"Q5D862|FILA2_HUMAN","Filaggrin-2 OS=Homo sapiens OX=9606 GN=FLG2 PE=1 SV=1",-2.81923967241111,7.26577330297297,-1.44625803255305,0.154307823425841,0.427397939225142,-4.84971032847027
2544,"Q8IY95|TM192_HUMAN","Transmembrane protein 192 OS=Homo sapiens OX=9606 GN=TMEM192 PE=1 SV=1",-0.727319931334563,10.9729210381398,-0.355284542291153,0.727214466374598,0.838584392684175,-5.73799616889764
2545,"P19012|K1C15_HUMAN","Keratin, type I cytoskeletal 15 OS=Homo sapiens OX=9606 GN=KRT15 PE=1 SV=3",2.16307427165634,3.38515453976559,1.25295572260199,0.216015492240996,0.475088669077635,-5.08255972158542
2546,"P27448|MARK3_HUMAN","MAP/microtubule affinity-regulating kinase 3 OS=Homo sapiens OX=9606 GN=MARK3 PE=1 SV=5",-1.47060805755517,6.88182334308759,-0.742848242398246,0.461029026897545,0.655330699289679,-5.54435667940045
2547,"Q13131|AAPK1_HUMAN","5'-AMP-activated protein kinase catalytic subunit alpha-1 OS=Homo sapiens OX=9606 GN=PRKAA1 PE=1 SV=4",-2.33438236131782,9.91405698334704,-1.3568418959008,0.18088983947325,0.448786024545672,-4.9612474077085
2547,"P54646|AAPK2_HUMAN","5'-AMP-activated protein kinase catalytic subunit alpha-2 OS=Homo sapiens OX=9606 GN=PRKAA2 PE=1 SV=2",-2.44324803829415,9.02229706330824,-1.35040498281098,0.182931050325866,0.451598183033131,-4.96902398341795
2548,"Q70UQ0|IKIP_HUMAN","Inhibitor of nuclear factor kappa-B kinase-interacting protein OS=Homo sapiens OX=9606 GN=IKBIP PE=1 SV=1",-1.17140975887093,12.16420696499,-1.29507881649729,0.201206081401169,0.465030177955387,-5.03445220929175
2549,"P82673|RT35_HUMAN","28S ribosomal protein S35, mitochondrial OS=Homo sapiens OX=9606 GN=MRPS35 PE=1 SV=1",-0.958585154136179,9.23656982499623,-0.554213241743851,0.581888750043928,0.736367200695564,-5.65684351987513
2550,"Q9Y2W2|WBP11_HUMAN","WW domain-binding protein 11 OS=Homo sapiens OX=9606 GN=WBP11 PE=1 SV=1",-1.73267042292669,10.7670302467597,-1.24091984071798,0.22039203730204,0.476862311775177,-5.09603283256586
2551,"O60496|DOK2_HUMAN","Docking protein 2 OS=Homo sapiens OX=9606 GN=DOK2 PE=1 SV=2",0.212470759619022,12.6062303270149,0.2780516911537,0.782112482358073,0.876772113877205,-5.76305314410964
2552,"O43861|ATP9B_HUMAN","Probable phospholipid-transporting ATPase IIB OS=Homo sapiens OX=9606 GN=ATP9B PE=2 SV=4",-4.90615170699839,7.86211747757582,-2.58504297297486,0.012682173509477,0.284166250325533,-2.90435385932159
2553,"#CONTAM#HBB_HUMAN|",">sp|HBB_HUMAN|",2.47436934280531,9.14727351438297,1.32564243871473,0.190947642023646,0.457658037949828,-4.99862135882651
2553,"P68871|HBB_HUMAN","Hemoglobin subunit beta OS=Homo sapiens OX=9606 GN=HBB PE=1 SV=2",2.47436934280531,9.14727351438297,1.32564243871473,0.190947642023646,0.457658037949828,-4.99862135882651
2553,"P02042|HBD_HUMAN","Hemoglobin subunit delta OS=Homo sapiens OX=9606 GN=HBD PE=1 SV=2",3.33216330581629,6.14291221280626,1.61573363204437,0.112407851245159,0.393708504099409,-4.62062604578294
2554,"O75487|GPC4_HUMAN","Glypican-4 OS=Homo sapiens OX=9606 GN=GPC4 PE=1 SV=4",-4.2770941784706,8.45214153566403,-2.31966857824703,0.0244570797968491,0.31600086074823,-3.4379206931423
2555,"P35754|GLRX1_HUMAN","Glutaredoxin-1 OS=Homo sapiens OX=9606 GN=GLRX PE=1 SV=2",-3.21532680748829,10.0647221886568,-1.93290810831416,0.058887081015452,0.366887115993354,-4.1320948419752
2556,"P37840|SYUA_HUMAN","Alpha-synuclein OS=Homo sapiens OX=9606 GN=SNCA PE=1 SV=1",0.312474433038634,11.5275982160754,0.31365924874912,0.755076970824131,0.858304701330043,-5.75329493890464
2557,"Q9UMY4|SNX12_HUMAN","Sorting nexin-12 OS=Homo sapiens OX=9606 GN=SNX12 PE=1 SV=4",-2.88154900279749,9.17706987834959,-1.60712244802682,0.114287697656778,0.394932135154396,-4.63281517996904
2558,"Q9H2D6|TARA_HUMAN","TRIO and F-actin-binding protein OS=Homo sapiens OX=9606 GN=TRIOBP PE=1 SV=3",-1.51415996716022,6.67157046043339,-0.725299973673897,0.471629099302241,0.662440704330748,-5.55617351194345
2559,"Q9UKM7|MA1B1_HUMAN","Endoplasmic reticulum mannosyl-oligosaccharide 1,2-alpha-mannosidase OS=Homo sapiens OX=9606 GN=MAN1B1 PE=1 SV=2",-2.72048335537893,6.32049983111459,-1.28826928046299,0.20354707176242,0.467051180058524,-5.04232951484575
2560,"Q96T76|MMS19_HUMAN","MMS19 nucleotide excision repair protein homolog OS=Homo sapiens OX=9606 GN=MMS19 PE=1 SV=2",-1.00272928219069,6.1180975422459,-0.471403129905878,0.639391251957153,0.776390787194659,-5.69602921953874
2561,"Q5VW32|BROX_HUMAN","BRO1 domain-containing protein BROX OS=Homo sapiens OX=9606 GN=BROX PE=1 SV=1",-1.00257141050975,12.5246653670967,-1.24580683464034,0.218607168117412,0.476276618893545,-5.09057692796282
2562,"Q5TFE4|NT5D1_HUMAN","5'-nucleotidase domain-containing protein 1 OS=Homo sapiens OX=9606 GN=NT5DC1 PE=1 SV=1",-1.45998738365569,7.37298261129175,-0.723101116735403,0.472967016723806,0.66299432889396,-5.55763473870786
2563,"Q9UJF2|NGAP_HUMAN","Ras GTPase-activating protein nGAP OS=Homo sapiens OX=9606 GN=RASAL2 PE=1 SV=2",-5.81718674597674,7.41030120254966,-2.994109977257,0.00426089225816489,0.196887196853267,-2.00040526601413
2564,"Q7Z7H5|TMED4_HUMAN","Transmembrane emp24 domain-containing protein 4 OS=Homo sapiens OX=9606 GN=TMED4 PE=1 SV=1",-1.52110795545864,12.4414129129483,-1.83490822951014,0.0724362508489433,0.375605864510613,-4.29112471085283
2565,"P18084|ITB5_HUMAN","Integrin beta-5 OS=Homo sapiens OX=9606 GN=ITGB5 PE=1 SV=1",-3.92084209092272,10.6237129761107,-2.58385800144534,0.0130101993440812,0.284166250325533,-2.91909907295792
2566,"Q15628|TRADD_HUMAN","Tumor necrosis factor receptor type 1-associated DEATH domain protein OS=Homo sapiens OX=9606 GN=TRADD PE=1 SV=2",-1.95261455245924,9.17219032290915,-1.12720172755853,0.265005913522388,0.50615957398564,-5.21729384146811
2567,"Q9P0J0|NDUAD_HUMAN","NADH dehydrogenase [ubiquinone] 1 alpha subcomplex subunit 13 OS=Homo sapiens OX=9606 GN=NDUFA13 PE=1 SV=3",-0.694759883894632,12.3431739665684,-0.816977778749603,0.417794007952349,0.62410212051204,-5.49140178337967
2568,"Q8NHP8|PLBL2_HUMAN","Putative phospholipase B-like 2 OS=Homo sapiens OX=9606 GN=PLBD2 PE=1 SV=2",-0.37743637570424,12.658317173987,-0.503437019528707,0.616854780808175,0.759767716752205,-5.68161291881992
2569,"P41236|IPP2_HUMAN","Protein phosphatase inhibitor 2 OS=Homo sapiens OX=9606 GN=PPP1R2 PE=1 SV=2",-0.918037583557391,11.8366837164131,-0.979948303673727,0.331801707799282,0.560214426830518,-5.35787092474909
2569,"Q6NXS1|IPP2B_HUMAN","Protein phosphatase inhibitor 2 family member B OS=Homo sapiens OX=9606 GN=PPP1R2B PE=1 SV=2",-0.572070269758209,11.2778531424266,-0.532416888866148,0.596781544412846,0.744164959708206,-5.66776390658931
2569,"Q96PQ5|IPP2L_HUMAN","Putative protein phosphatase inhibitor 2-like protein 1 OS=Homo sapiens OX=9606 GN=PPP1R2P1 PE=5 SV=1",-2.27848215732947,9.9947194540446,-1.46482790757866,0.149190835494502,0.423261066143431,-4.8257305145025
2570,"Q8N4Q1|MIA40_HUMAN","Mitochondrial intermembrane space import and assembly protein 40 OS=Homo sapiens OX=9606 GN=CHCHD4 PE=1 SV=1",0.381976846879915,7.32901140536848,0.184558598225433,0.854317380152245,0.92474113001149,-5.78309856972086
2571,"Q9Y333|LSM2_HUMAN","U6 snRNA-associated Sm-like protein LSm2 OS=Homo sapiens OX=9606 GN=LSM2 PE=1 SV=1",-0.931363893107658,13.3447394893326,-1.35839638688001,0.180399515422624,0.448085762932665,-4.95936427684425
2573,"Q9H0L4|CSTFT_HUMAN","Cleavage stimulation factor subunit 2 tau variant OS=Homo sapiens OX=9606 GN=CSTF2T PE=1 SV=1",-2.96246251759907,6.60915447232845,-1.42593437666589,0.160064408457235,0.433856140481631,-4.87563460983096
2574,"P15907|SIAT1_HUMAN","Beta-galactoside alpha-2,6-sialyltransferase 1 OS=Homo sapiens OX=9606 GN=ST6GAL1 PE=1 SV=1",-1.51528885214887,6.08519358458676,-0.722778889301473,0.473163259968436,0.66299432889396,-5.55784850714485
2575,"Q86SX6|GLRX5_HUMAN","Glutaredoxin-related protein 5, mitochondrial OS=Homo sapiens OX=9606 GN=GLRX5 PE=1 SV=2",-0.0297885252597947,11.1074669298167,-0.0261248338080472,0.979261144368395,0.9868271872088,-5.79858170639228
2577,"P25398|RS12_HUMAN","40S ribosomal protein S12 OS=Homo sapiens OX=9606 GN=RPS12 PE=1 SV=3",-0.56658872127845,15.0510937909687,-0.914046320439431,0.365053461351397,0.586760503404765,-5.41468292048572
2578,"P11908|PRPS2_HUMAN","Ribose-phosphate pyrophosphokinase 2 OS=Homo sapiens OX=9606 GN=PRPS2 PE=1 SV=2",-1.40268172897256,9.87857975535486,-0.934469061829919,0.354526647284397,0.581029783049429,-5.39748393053375
2579,"Q9Y673|ALG5_HUMAN","Dolichyl-phosphate beta-glucosyltransferase OS=Homo sapiens OX=9606 GN=ALG5 PE=1 SV=1",-1.32491694844492,11.8867804219683,-1.43745299239203,0.156781610302351,0.430665262994406,-4.86098294855488
2581,"Q16186|ADRM1_HUMAN","Proteasomal ubiquitin receptor ADRM1 OS=Homo sapiens OX=9606 GN=ADRM1 PE=1 SV=2",-0.724927869870013,10.7174664453,-0.552512859129153,0.583044114720542,0.736767932849594,-5.65771099535548
2583,"P48595|SPB10_HUMAN","Serpin B10 OS=Homo sapiens OX=9606 GN=SERPINB10 PE=1 SV=1",-0.790392800329307,11.4204433180411,-0.747789508018564,0.458069171408079,0.653581581608344,-5.54097950987787
2584,"Q53H12|AGK_HUMAN","Acylglycerol kinase, mitochondrial OS=Homo sapiens OX=9606 GN=AGK PE=1 SV=2",-2.39618727463271,11.8368519269317,-1.78936901771891,0.0875691643878856,0.377971753709499,-4.38672133666193
2585,"Q9Y2J8|PADI2_HUMAN","Protein-arginine deiminase type-2 OS=Homo sapiens OX=9606 GN=PADI2 PE=1 SV=2",-2.56786050343544,9.05298227189118,-1.46258212482153,0.149802486650368,0.423261066143431,-4.82864537656469
2586,"P16298|PP2BB_HUMAN","Serine/threonine-protein phosphatase 2B catalytic subunit beta isoform OS=Homo sapiens OX=9606 GN=PPP3CB PE=1 SV=2",-3.05493133071462,9.02931683459085,-1.68371782664628,0.0984333956001525,0.386522542993734,-4.52236340570503
2587,"P07919|QCR6_HUMAN","Cytochrome b-c1 complex subunit 6, mitochondrial OS=Homo sapiens OX=9606 GN=UQCRH PE=1 SV=2",0.407612326152731,7.72169736030635,0.197605247555957,0.844150344086111,0.919684711562978,-5.78078677673676
2587,"A0A096LP55|QCR6L_HUMAN","Cytochrome b-c1 complex subunit 6-like, mitochondrial OS=Homo sapiens OX=9606 GN=UQCRHL PE=3 SV=1",0.474451566632919,7.52016388388788,0.230747965740333,0.818446611915618,0.903164119272499,-5.77420564920502
2588,"Q01130|SRSF2_HUMAN","Serine/arginine-rich splicing factor 2 OS=Homo sapiens OX=9606 GN=SRSF2 PE=1 SV=4",0.330058621822152,12.102396203888,0.354643780638687,0.72433911007873,0.836715113760515,-5.74061596955212
2589,"O43660|PLRG1_HUMAN","Pleiotropic regulator 1 OS=Homo sapiens OX=9606 GN=PLRG1 PE=1 SV=1",-0.131713806852298,11.152115046021,-0.115617892014372,0.908415738700409,0.952421272293734,-5.79269641055003
2590,"P04920|B3A2_HUMAN","Anion exchange protein 2 OS=Homo sapiens OX=9606 GN=SLC4A2 PE=1 SV=4",-2.96242800594992,9.97400323012455,-1.86432121044493,0.0681174402704573,0.374885133083069,-4.24413918295056
2591,"Q8IZ07|AN13A_HUMAN","Ankyrin repeat domain-containing protein 13A OS=Homo sapiens OX=9606 GN=ANKRD13A PE=1 SV=3",-2.31895692237506,6.96818742887815,-1.12445155504857,0.266159146643287,0.50713114253025,-5.22009033159687
2592,"P09417|DHPR_HUMAN","Dihydropteridine reductase OS=Homo sapiens OX=9606 GN=QDPR PE=1 SV=2",-0.916343226039405,13.5311664087515,-1.31824626625913,0.19339300634008,0.45893566311809,-5.00736325083447
2593,"Q53GL7|PAR10_HUMAN","Protein mono-ADP-ribosyltransferase PARP10 OS=Homo sapiens OX=9606 GN=PARP10 PE=1 SV=2",-0.158747846880582,5.50529155295519,-0.0796408035986459,0.936838961520209,0.966826665895156,-5.79595543735994
2594,"P98170|XIAP_HUMAN","E3 ubiquitin-protein ligase XIAP OS=Homo sapiens OX=9606 GN=XIAP PE=1 SV=2",-5.03588233140121,7.89004979086209,-2.6226793977653,0.0115156296339916,0.279168553519941,-2.82516919547341
2595,"P53680|AP2S1_HUMAN","AP-2 complex subunit sigma OS=Homo sapiens OX=9606 GN=AP2S1 PE=1 SV=2",-5.26756023420634,9.3910655878348,-2.94403679130709,0.00489295605037759,0.210739617089763,-2.11597997158562
2596,"Q9H7F0|AT133_HUMAN","Probable cation-transporting ATPase 13A3 OS=Homo sapiens OX=9606 GN=ATP13A3 PE=1 SV=4",-7.45779466778822,8.36204620205633,-4.0141199280459,0.000198757154876878,0.0666851867085668,0.599638890167977
2597,"Q96EP5|DAZP1_HUMAN","DAZ-associated protein 1 OS=Homo sapiens OX=9606 GN=DAZAP1 PE=1 SV=1",-0.362109637011709,12.3890944078649,-0.445286826007745,0.658023069239816,0.790104644331165,-5.7070879043366
2598,"P35268|RL22_HUMAN","60S ribosomal protein L22 OS=Homo sapiens OX=9606 GN=RPL22 PE=1 SV=2",-0.903499327276425,14.9930059903215,-1.45953382738835,0.150635857162617,0.423664741436004,-4.83259532658094
2599,"Q92844|TANK_HUMAN","TRAF family member-associated NF-kappa-B activator OS=Homo sapiens OX=9606 GN=TANK PE=1 SV=2",-1.44592854597155,5.4383279242198,-0.702559339232151,0.485569282815578,0.669874087471715,-5.57107591579172
2600,"Q9P270|SLAI2_HUMAN","SLAIN motif-containing protein 2 OS=Homo sapiens OX=9606 GN=SLAIN2 PE=1 SV=2",-1.07287565979829,9.81245348296631,-0.649340420061732,0.519072666029216,0.695163548690246,-5.60413310915269
2601,"Q96AQ6|PBIP1_HUMAN","Pre-B-cell leukemia transcription factor-interacting protein 1 OS=Homo sapiens OX=9606 GN=PBXIP1 PE=1 SV=1",-1.18918014141151,5.88544331451943,-0.574846258050751,0.56795774374183,0.727384478827256,-5.64610777572618
2602,"Q8NE86|MCU_HUMAN","Calcium uniporter protein, mitochondrial OS=Homo sapiens OX=9606 GN=MCU PE=1 SV=1",-6.06777529885353,7.82700893309181,-3.16470639185844,0.00263474166456912,0.172232339720537,-1.59708868296604
2603,"O75340|PDCD6_HUMAN","Programmed cell death protein 6 OS=Homo sapiens OX=9606 GN=PDCD6 PE=1 SV=1",-2.83969639717954,12.0856287746032,-1.89287351906983,0.0776833066647488,0.375605864510613,-4.25500387656526
2604,"Q9NR46|SHLB2_HUMAN","Endophilin-B2 OS=Homo sapiens OX=9606 GN=SH3GLB2 PE=1 SV=1",-3.55516341793839,6.13970175472021,-1.71114793869806,0.0932149590172924,0.384925051282338,-4.4817033966219
2605,"Q8IXL6|FA20C_HUMAN","Extracellular serine/threonine protein kinase FAM20C OS=Homo sapiens OX=9606 GN=FAM20C PE=1 SV=2",-4.25572293948129,8.64799613525555,-2.24904464372139,0.0289188052687866,0.326488217338006,-3.57231285425945
2607,"O00214|LEG8_HUMAN","Galectin-8 OS=Homo sapiens OX=9606 GN=LGALS8 PE=1 SV=4",-0.2832249078927,4.62573338386822,-0.14566884486442,0.8847650235841,0.939517494225029,-5.78905426616692
2608,"Q9NWU2|GID8_HUMAN","Glucose-induced degradation protein 8 homolog OS=Homo sapiens OX=9606 GN=GID8 PE=1 SV=1",-1.60791698048438,7.52499738358632,-0.783556283846544,0.436974700725177,0.636473408901708,-5.51588340719081
2609,"Q9NYJ8|TAB2_HUMAN","TGF-beta-activated kinase 1 and MAP3K7-binding protein 2 OS=Homo sapiens OX=9606 GN=TAB2 PE=1 SV=1",-2.24798071041491,8.76507416625073,-1.20492979459202,0.233869094140957,0.485615495628163,-5.13559388279585
2610,"Q96GG9|DCNL1_HUMAN","DCN1-like protein 1 OS=Homo sapiens OX=9606 GN=DCUN1D1 PE=1 SV=1",-3.43009458443581,11.0851485344634,-2.59664212587716,0.0124358702197853,0.284166250325533,-2.88554559656454
2611,"O15254|ACOX3_HUMAN","Peroxisomal acyl-coenzyme A oxidase 3 OS=Homo sapiens OX=9606 GN=ACOX3 PE=1 SV=2",-2.35070993606675,10.3211596060154,-1.56943223645695,0.122817426049449,0.404516019980971,-4.68547957408228
2612,"Q9UJ68|MSRA_HUMAN","Mitochondrial peptide methionine sulfoxide reductase OS=Homo sapiens OX=9606 GN=MSRA PE=1 SV=1",-2.71200308489402,10.6814049820666,-1.91745792896734,0.060867420052126,0.368830596971464,-4.15763539220445
2613,"Q96FZ7|CHMP6_HUMAN","Charged multivesicular body protein 6 OS=Homo sapiens OX=9606 GN=CHMP6 PE=1 SV=3",-1.89164047255375,11.5183025511466,-1.19775709919728,0.24593850699506,0.492345400602551,-5.13863362104347
2614,"Q9H4E7|DEFI6_HUMAN","Differentially expressed in FDCP 6 homolog OS=Homo sapiens OX=9606 GN=DEF6 PE=1 SV=1",-0.556283073347073,10.6345863474484,-0.424302360176994,0.673154657728398,0.799013412441185,-5.71552084693306
2616,"O00139|KIF2A_HUMAN","Kinesin-like protein KIF2A OS=Homo sapiens OX=9606 GN=KIF2A PE=1 SV=3",-3.04483759557208,10.057071253709,-1.80964800649175,0.0763274696875933,0.375605864510613,-4.33096164470393
2617,"Q96T60|PNKP_HUMAN","Bifunctional polynucleotide phosphatase/kinase OS=Homo sapiens OX=9606 GN=PNKP PE=1 SV=1",-0.67199827083258,9.21171650911054,-0.369831563315144,0.713060632268841,0.826685192432846,-5.73552467471078
2618,"Q6P3W7|SCYL2_HUMAN","SCY1-like protein 2 OS=Homo sapiens OX=9606 GN=SCYL2 PE=1 SV=1",-1.01553804590482,10.9431951243546,-0.818558673623642,0.416899555316755,0.623558716670251,-5.49021914533396
2619,"Q9H9E3|COG4_HUMAN","Conserved oligomeric Golgi complex subunit 4 OS=Homo sapiens OX=9606 GN=COG4 PE=1 SV=3",-2.93895236236461,6.20889448317851,-1.40656728330132,0.165704359995359,0.437822571160032,-4.90002617457456
2620,"O14530|TXND9_HUMAN","Thioredoxin domain-containing protein 9 OS=Homo sapiens OX=9606 GN=TXNDC9 PE=1 SV=2",-2.01670005601081,10.0218326266564,-1.28451320379141,0.2048470494593,0.467051180058524,-5.04665803275541
2622,"Q9NUM4|T106B_HUMAN","Transmembrane protein 106B OS=Homo sapiens OX=9606 GN=TMEM106B PE=1 SV=2",-1.24120833489602,11.3363927657772,-1.14233831915133,0.258722146657076,0.501421074832336,-5.20178671356699
2623,"Q8N668|COMD1_HUMAN","COMM domain-containing protein 1 OS=Homo sapiens OX=9606 GN=COMMD1 PE=1 SV=1",-0.315558343135194,12.5920386317544,-0.399019976693446,0.691567576314136,0.812106597825385,-5.72514446172368
2624,"O95140|MFN2_HUMAN","Mitofusin-2 OS=Homo sapiens OX=9606 GN=MFN2 PE=1 SV=3",-1.50735433583563,10.2812579153816,-1.06570928973969,0.291644077426794,0.527777748519832,-5.27827375923606
2625,"Q10570|CPSF1_HUMAN","Cleavage and polyadenylation specificity factor subunit 1 OS=Homo sapiens OX=9606 GN=CPSF1 PE=1 SV=2",0.57883080864752,7.23046168429475,0.276177434465192,0.78354340716505,0.877919212970831,-5.76353436054283
2626,"Q96IX5|ATPMD_HUMAN","ATP synthase membrane subunit DAPIT, mitochondrial OS=Homo sapiens OX=9606 GN=ATP5MD PE=1 SV=1",-0.887374635646987,13.1876466780159,-1.15490983926541,0.253584661944529,0.499351254018063,-5.1887589305679
2628,"P53667|LIMK1_HUMAN","LIM domain kinase 1 OS=Homo sapiens OX=9606 GN=LIMK1 PE=1 SV=3",-2.24436270659281,9.66861632399765,-1.27024383613676,0.209842375572699,0.469745899995642,-5.06299482266799
2629,"P42126|ECI1_HUMAN","Enoyl-CoA delta isomerase 1, mitochondrial OS=Homo sapiens OX=9606 GN=ECI1 PE=1 SV=1",-0.131620275188588,13.3428561169345,-0.181741162111342,0.856516299348789,0.925261023650673,-5.78357711095563
2630,"Q16134|ETFD_HUMAN","Electron transfer flavoprotein-ubiquinone oxidoreductase, mitochondrial OS=Homo sapiens OX=9606 GN=ETFDH PE=1 SV=2",-0.710544247346958,11.8918275556529,-0.760354795314117,0.450592139308355,0.647460433827257,-5.53229320039725
2631,"P13498|CY24A_HUMAN","Cytochrome b-245 light chain OS=Homo sapiens OX=9606 GN=CYBA PE=1 SV=3",-0.976424257993388,10.9019038180366,-0.385805611085319,0.706484208769261,0.821054367827633,-5.72595443910548
2632,"P27635|RL10_HUMAN","60S ribosomal protein L10 OS=Homo sapiens OX=9606 GN=RPL10 PE=1 SV=4",-1.19598191306853,13.7290477449522,-1.77618888432978,0.0817506355312047,0.375605864510613,-4.38299127402296
2633,"Q9BZJ0|CRNL1_HUMAN","Crooked neck-like protein 1 OS=Homo sapiens OX=9606 GN=CRNKL1 PE=1 SV=4",-1.42721791188119,9.84739440046155,-0.880461783339831,0.382796840421222,0.600402764637365,-5.4421685063772
2634,"Q9P2A4|ABI3_HUMAN","ABI gene family member 3 OS=Homo sapiens OX=9606 GN=ABI3 PE=1 SV=2",-0.691573505344312,11.8259248700315,-0.724133942632326,0.472338315226026,0.662442567137249,-5.55694892545733
2635,"O43181|NDUS4_HUMAN","NADH dehydrogenase [ubiquinone] iron-sulfur protein 4, mitochondrial OS=Homo sapiens OX=9606 GN=NDUFS4 PE=1 SV=1",-0.706904138368474,12.9762179909803,-0.895997655855822,0.374522223956514,0.59500819571402,-5.42957743675813
2636,"Q9BRG1|VPS25_HUMAN","Vacuolar protein-sorting-associated protein 25 OS=Homo sapiens OX=9606 GN=VPS25 PE=1 SV=1",-2.27543053584497,10.3687677069434,-1.53257106032769,0.131647751980808,0.411764075527387,-4.7358989535704
2637,"P47712|PA24A_HUMAN","Cytosolic phospholipase A2 OS=Homo sapiens OX=9606 GN=PLA2G4A PE=1 SV=2",-1.18792014672529,8.93531184513395,-0.645737864312293,0.521384281443193,0.695663599806639,-5.60627856574462
2638,"Q96DZ1|ERLEC_HUMAN","Endoplasmic reticulum lectin 1 OS=Homo sapiens OX=9606 GN=ERLEC1 PE=1 SV=1",-2.16700551028553,10.4948606400264,-1.26280631457688,0.215812302377286,0.475088669077635,-5.07033011213934
2639,"P21926|CD9_HUMAN","CD9 antigen OS=Homo sapiens OX=9606 GN=CD9 PE=1 SV=4",4.16267837423986,9.04658335513275,2.19054739485136,0.0331461531231828,0.338294979861489,-3.68110919012496
2640,"Q99571|P2RX4_HUMAN","P2X purinoceptor 4 OS=Homo sapiens OX=9606 GN=P2RX4 PE=1 SV=2",-4.05121841313148,10.5412821712899,-2.47369007252279,0.0182245347436451,0.292499164066587,-3.17569690611039
2641,"P12318|FCG2A_HUMAN","Low affinity immunoglobulin gamma Fc region receptor II-a OS=Homo sapiens OX=9606 GN=FCGR2A PE=1 SV=4",3.04781921351181,12.9502647514433,1.63755152802868,0.13102371271138,0.411764075527387,-4.6217175516398
2641,"P31995|FCG2C_HUMAN","Low affinity immunoglobulin gamma Fc region receptor II-c OS=Homo sapiens OX=9606 GN=FCGR2C PE=1 SV=1",3.06242379000616,12.921157288987,1.65489383225809,0.127376443273996,0.408800552295904,-4.59955773756239
2642,"P49721|PSB2_HUMAN","Proteasome subunit beta type-2 OS=Homo sapiens OX=9606 GN=PSMB2 PE=1 SV=1",-1.05829676973232,13.6676389692064,-1.49869468505686,0.140203244984191,0.417059468717294,-4.78128120910754
2643,"P34059|GALNS_HUMAN","N-acetylgalactosamine-6-sulfatase OS=Homo sapiens OX=9606 GN=GALNS PE=1 SV=1",-1.28624918939458,8.5634863457113,-0.642005138631663,0.52378516591177,0.697354778850693,-5.60848917768019
2645,"P15559|NQO1_HUMAN","NAD(P)H dehydrogenase [quinone] 1 OS=Homo sapiens OX=9606 GN=NQO1 PE=1 SV=1",-0.554447901700614,10.1946161609797,-0.353000583532921,0.7255631076072,0.837577138693168,-5.74115408082767
2645,"#CONTAM#NQO1_HUMAN|",">sp|NQO1_HUMAN|",-0.554447901700614,10.1946161609797,-0.353000583532921,0.7255631076072,0.837577138693168,-5.74115408082767
2646,"P0DN76|U2AF5_HUMAN","Splicing factor U2AF 35 kDa subunit-like protein OS=Homo sapiens OX=9606 GN=U2AF1L5 PE=1 SV=1",-2.08809058945182,8.58538674309249,-1.06678604067422,0.291162217474874,0.527753549596012,-5.27723394002783
2646,"Q01081|U2AF1_HUMAN","Splicing factor U2AF 35 kDa subunit OS=Homo sapiens OX=9606 GN=U2AF1 PE=1 SV=3",-2.08809058945182,8.58538674309249,-1.06678604067422,0.291162217474874,0.527753549596012,-5.27723394002783
2647,"P12277|KCRB_HUMAN","Creatine kinase B-type OS=Homo sapiens OX=9606 GN=CKB PE=1 SV=1",-0.226923904403706,5.1105433470097,-0.116945908424535,0.907368632047879,0.952046905099075,-5.79255313813258
2648,"P99999|CYC_HUMAN","Cytochrome c OS=Homo sapiens OX=9606 GN=CYCS PE=1 SV=2",-0.855260316038734,14.2543755649686,-1.13942534187845,0.261483388218708,0.50434794136049,-5.20380057182101
2648,"#CONTAM#CYC_HUMAN|",">sp|CYC_HUMAN|",-0.855260316038734,14.2543755649686,-1.13942534187845,0.261483388218708,0.50434794136049,-5.20380057182101
2650,"Q9UHJ6|SHPK_HUMAN","Sedoheptulokinase OS=Homo sapiens OX=9606 GN=SHPK PE=1 SV=3",-4.16230766396961,8.27467146986937,-2.17870554215931,0.0340654018677055,0.338634890255269,-3.70285161913567
2651,"P49916|DNLI3_HUMAN","DNA ligase 3 OS=Homo sapiens OX=9606 GN=LIG3 PE=1 SV=2",-3.95126006813893,6.75893594437766,-1.9132738850398,0.0614133937314919,0.369405035496774,-4.16452200323388
2652,"Q9NZQ7|PD1L1_HUMAN","Programmed cell death 1 ligand 1 OS=Homo sapiens OX=9606 GN=CD274 PE=1 SV=1",-1.68860953606278,5.27137163088456,-0.853142926039351,0.397624593135906,0.61032399238644,-5.46379231226434
2653,"P51398|RT29_HUMAN","28S ribosomal protein S29, mitochondrial OS=Homo sapiens OX=9606 GN=DAP3 PE=1 SV=1",-2.35439666819195,10.6858098497469,-1.66455110352822,0.102220555906825,0.387024448867313,-4.55042995403381
2654,"Q96DM3|RMC1_HUMAN","Regulator of MON1-CCZ1 complex OS=Homo sapiens OX=9606 GN=RMC1 PE=1 SV=2",-3.79106777604862,6.67645311764644,-1.93486635518625,0.0586400585805186,0.366887115993354,-4.12884525787784
2656,"P09497|CLCB_HUMAN","Clathrin light chain B OS=Homo sapiens OX=9606 GN=CLTB PE=1 SV=1",0.255719790231657,10.8761567476325,0.159931617828485,0.874047806356502,0.932736348359131,-5.78686382912968
2657,"Q9Y2S7|PDIP2_HUMAN","Polymerase delta-interacting protein 2 OS=Homo sapiens OX=9606 GN=POLDIP2 PE=1 SV=1",-1.66169622071441,9.15846345851187,-0.943807062694494,0.349779847167613,0.576541064581289,-5.3894980453937
2658,"Q9UL18|AGO1_HUMAN","Protein argonaute-1 OS=Homo sapiens OX=9606 GN=AGO1 PE=1 SV=3",-2.31323014937694,11.2913436108634,-2.07756658901655,0.0428738802066253,0.348410947264029,-3.88462192259334
2659,"Q9H4A3|WNK1_HUMAN","Serine/threonine-protein kinase WNK1 OS=Homo sapiens OX=9606 GN=WNK1 PE=1 SV=2",-0.383304726764193,11.2448146899558,-0.34158344269642,0.734087386825451,0.843348726342283,-5.74482430188823
2660,"A1A4S6|RHG10_HUMAN","Rho GTPase-activating protein 10 OS=Homo sapiens OX=9606 GN=ARHGAP10 PE=1 SV=1",-2.98331178042439,9.01801631401796,-1.66214297804852,0.1027047154965,0.387024448867313,-4.55393614797032
2661,"Q16643|DREB_HUMAN","Drebrin OS=Homo sapiens OX=9606 GN=DBN1 PE=1 SV=4",-2.21255025387043,6.82753415031012,-1.08972274336415,0.281028621986917,0.518146521788379,-5.25484682106018
2663,"Q9NPF4|OSGEP_HUMAN","Probable tRNA N6-adenosine threonylcarbamoyltransferase OS=Homo sapiens OX=9606 GN=OSGEP PE=1 SV=1",-0.834536352824065,10.7899453638156,-0.655372003976576,0.515214678498161,0.692148977009226,-5.60051484191415
2665,"Q15126|PMVK_HUMAN","Phosphomevalonate kinase OS=Homo sapiens OX=9606 GN=PMVK PE=1 SV=3",-2.9100457303608,9.58490856493861,-1.65954779344625,0.103228585483821,0.387142333108459,-4.55770966145994
2666,"O95182|NDUA7_HUMAN","NADH dehydrogenase [ubiquinone] 1 alpha subcomplex subunit 7 OS=Homo sapiens OX=9606 GN=NDUFA7 PE=1 SV=3",0.444631908219046,12.1424472017024,0.520850146277036,0.604756680760604,0.750197875586383,-5.67338330602105
2667,"O00562|PITM1_HUMAN","Membrane-associated phosphatidylinositol transfer protein 1 OS=Homo sapiens OX=9606 GN=PITPNM1 PE=1 SV=4",-1.01627014439233,6.3137912124706,-0.493902260258712,0.62352521280675,0.764500973514383,-5.68600187903833
2668,"Q8N1S5|S39AB_HUMAN","Zinc transporter ZIP11 OS=Homo sapiens OX=9606 GN=SLC39A11 PE=2 SV=3",-1.1650376207594,13.1235448105244,-1.53371724514262,0.131365735500384,0.411764075527387,-4.73434744827751
2669,"Q9H0U3|MAGT1_HUMAN","Magnesium transporter protein 1 OS=Homo sapiens OX=9606 GN=MAGT1 PE=1 SV=1",-1.34058738303408,12.2517644482785,-1.5284602948408,0.132663174580198,0.412847032454416,-4.74145478084905
2670,"Q4KMQ2|ANO6_HUMAN","Anoctamin-6 OS=Homo sapiens OX=9606 GN=ANO6 PE=1 SV=2",-1.09044769867033,10.5997905901518,-0.732588554922763,0.467209690487307,0.659113048453597,-5.55129895942552
2671,"Q04760|LGUL_HUMAN","Lactoylglutathione lyase OS=Homo sapiens OX=9606 GN=GLO1 PE=1 SV=4",-0.677483805244355,13.8102240062006,-1.01272219183191,0.316039852200746,0.545451282744989,-5.32820576621776
2674,"Q6Y288|B3GLT_HUMAN","Beta-1,3-glucosyltransferase OS=Homo sapiens OX=9606 GN=B3GLCT PE=1 SV=2",-3.68549512627267,9.68682268340637,-2.17471853667567,0.0343799135207449,0.338634890255269,-3.71015053173645
2676,"Q9NRK6|ABCBA_HUMAN","ATP-binding cassette sub-family B member 10, mitochondrial OS=Homo sapiens OX=9606 GN=ABCB10 PE=1 SV=2",-5.09982310182861,7.51695484963102,-2.56645926828072,0.0132970426454437,0.284166250325533,-2.94313977394637
2677,"P34896|GLYC_HUMAN","Serine hydroxymethyltransferase, cytosolic OS=Homo sapiens OX=9606 GN=SHMT1 PE=1 SV=1",0.0250861696100646,8.28507284100062,0.0125602535050825,0.990028318647135,0.993719871454955,-5.7988252015156
2678,"Q9UKJ3|GPTC8_HUMAN","G patch domain-containing protein 8 OS=Homo sapiens OX=9606 GN=GPATCH8 PE=1 SV=2",0.170916611180538,6.4708212065627,0.0835700433271049,0.933730001448189,0.965564253598403,-5.79565790163724
2679,"O15212|PFD6_HUMAN","Prefoldin subunit 6 OS=Homo sapiens OX=9606 GN=PFDN6 PE=1 SV=1",-2.31640343468213,13.0987882093529,-1.22197733890326,0.248459799855749,0.495037213642393,-5.10748538756335
2680,"Q92922|SMRC1_HUMAN","SWI/SNF complex subunit SMARCC1 OS=Homo sapiens OX=9606 GN=SMARCC1 PE=1 SV=3",0.394483425114894,7.37544626153118,0.188052674810571,0.851591984837893,0.923415578725278,-5.78249489069407
2681,"Q9NRL3|STRN4_HUMAN","Striatin-4 OS=Homo sapiens OX=9606 GN=STRN4 PE=1 SV=2",-0.355573124492325,10.677259782212,-0.282693107003331,0.778572212916181,0.874881966304104,-5.76184749575288
2682,"Q8IY34|S15A3_HUMAN","Solute carrier family 15 member 3 OS=Homo sapiens OX=9606 GN=SLC15A3 PE=1 SV=2",-3.57362619071053,10.5745274104694,-2.21847345952532,0.0326989387059575,0.336275309591754,-3.65176029346046
2683,"Q8IXI1|MIRO2_HUMAN","Mitochondrial Rho GTPase 2 OS=Homo sapiens OX=9606 GN=RHOT2 PE=1 SV=2",-0.182163243842975,7.66932690342009,-0.0859918770136684,0.931814272283076,0.964938852545957,-5.79546737782493
2684,"Q6P9B6|MEAK7_HUMAN","MTOR-associated protein MEAK7 OS=Homo sapiens OX=9606 GN=MEAK7 PE=1 SV=2",-0.723598241130722,11.2386012359464,-0.663227448987469,0.510213180409839,0.687916885722285,-5.59575324038857
2685,"Q9H267|VP33B_HUMAN","Vacuolar protein sorting-associated protein 33B OS=Homo sapiens OX=9606 GN=VPS33B PE=1 SV=2",-2.79610039608429,10.1571578358054,-1.84168085296568,0.0714218529469437,0.374885133083069,-4.28036284985024
2686,"Q96ST3|SIN3A_HUMAN","Paired amphipathic helix protein Sin3a OS=Homo sapiens OX=9606 GN=SIN3A PE=1 SV=2",0.613203277889367,6.9438099715694,0.284490690763275,0.777202360417016,0.874187469630425,-5.76137521433817
2688,"O75915|PRAF3_HUMAN","PRA1 family protein 3 OS=Homo sapiens OX=9606 GN=ARL6IP5 PE=1 SV=1",0.89799993328597,12.3074187572479,1.05447073037566,0.296706431880278,0.533438361428424,-5.28906716030331
2689,"Q9UKF6|CPSF3_HUMAN","Cleavage and polyadenylation specificity factor subunit 3 OS=Homo sapiens OX=9606 GN=CPSF3 PE=1 SV=1",-2.31907216259147,8.03379335863067,-1.1421449877243,0.258801729591893,0.501421074832336,-5.2019860102085
2690,"O76024|WFS1_HUMAN","Wolframin OS=Homo sapiens OX=9606 GN=WFS1 PE=1 SV=2",-6.52993254500987,7.9491056815376,-3.45058427562386,0.00114154424049428,0.1351918445385,-0.890353887165563
2691,"Q9BV57|MTND_HUMAN","1,2-dihydroxy-3-keto-5-methylthiopentene dioxygenase OS=Homo sapiens OX=9606 GN=ADI1 PE=1 SV=1",0.397767514803402,5.8917568777826,0.197126451296614,0.844523000802387,0.919684711562978,-5.78087440224446
2692,"Q9GZT3|SLIRP_HUMAN","SRA stem-loop-interacting RNA-binding protein, mitochondrial OS=Homo sapiens OX=9606 GN=SLIRP PE=1 SV=1",-0.728642718332683,11.8520390185236,-0.78279422508543,0.437418057638598,0.636480054738302,-5.51643002176711
2693,"Q9NVZ3|NECP2_HUMAN","Adaptin ear-binding coat-associated protein 2 OS=Homo sapiens OX=9606 GN=NECAP2 PE=1 SV=1",-0.935529089387936,13.0138058728437,-1.29563781541757,0.201014810195232,0.464968199522483,-5.03380384186485
2694,"Q8WUA7|TB22A_HUMAN","TBC1 domain family member 22A OS=Homo sapiens OX=9606 GN=TBC1D22A PE=1 SV=2",-2.88955899024626,7.9383310802938,-1.43277389024765,0.158108755090618,0.432304891670951,-4.86694775762551
2695,"Q9UHV9|PFD2_HUMAN","Prefoldin subunit 2 OS=Homo sapiens OX=9606 GN=PFDN2 PE=1 SV=1",-1.03338992581678,13.3324503411537,-1.45871044491197,0.150861584035112,0.423664741436004,-4.83366096850361
2696,"Q96IU4|ABHEB_HUMAN","Protein ABHD14B OS=Homo sapiens OX=9606 GN=ABHD14B PE=1 SV=1",-0.598384918084047,13.0154995729317,-0.863132867055635,0.392161483301496,0.608443627009921,-5.45596144674437
2697,"Q14241|ELOA1_HUMAN","Elongin-A OS=Homo sapiens OX=9606 GN=ELOA PE=1 SV=2",-2.30688618491838,7.19850521459471,-1.10507398764301,0.274385638419138,0.512257886723548,-5.23961082468434
2698,"Q86X55|CARM1_HUMAN","Histone-arginine methyltransferase CARM1 OS=Homo sapiens OX=9606 GN=CARM1 PE=1 SV=3",-2.51327976967374,8.51983825450835,-1.21769159695369,0.229380521396862,0.484522759027114,-5.12152801068973
2699,"P46778|RL21_HUMAN","60S ribosomal protein L21 OS=Homo sapiens OX=9606 GN=RPL21 PE=1 SV=2",-0.219121835350512,15.1651501229846,-0.368459086715553,0.714077229188366,0.827200275985555,-5.73599348343382
2700,"Q00796|DHSO_HUMAN","Sorbitol dehydrogenase OS=Homo sapiens OX=9606 GN=SORD PE=1 SV=4",-2.26542714982882,10.6621061713025,-1.62504083027104,0.110404380822024,0.392573148240718,-4.60738638815751
2701,"O15247|CLIC2_HUMAN","Chloride intracellular channel protein 2 OS=Homo sapiens OX=9606 GN=CLIC2 PE=1 SV=3",-0.081860427886788,9.87828895786235,-0.0471911225092888,0.962547779861934,0.979143431238864,-5.79786503986055
2704,"Q9BUQ8|DDX23_HUMAN","Probable ATP-dependent RNA helicase DDX23 OS=Homo sapiens OX=9606 GN=DDX23 PE=1 SV=3",-2.2842080554172,11.3664844266307,-1.77780679523197,0.0834607736342917,0.375605864510613,-4.38648740093871
2705,"Q9BY67|CADM1_HUMAN","Cell adhesion molecule 1 OS=Homo sapiens OX=9606 GN=CADM1 PE=1 SV=2",0.891264716935621,4.54166708687794,0.471827572578698,0.639090332047194,0.776244235794491,-5.69584433858909
2707,"P32519|ELF1_HUMAN","ETS-related transcription factor Elf-1 OS=Homo sapiens OX=9606 GN=ELF1 PE=1 SV=2",-0.809080958812341,8.79113218314392,-0.451723942892092,0.653409764492642,0.786758696021753,-5.70442016432307
2708,"O43567|RNF13_HUMAN","E3 ubiquitin-protein ligase RNF13 OS=Homo sapiens OX=9606 GN=RNF13 PE=1 SV=1",-0.204402298564034,13.2800880947768,-0.27978511356597,0.780789754888148,0.876079003340126,-5.76260519963674
2709,"P23193|TCEA1_HUMAN","Transcription elongation factor A protein 1 OS=Homo sapiens OX=9606 GN=TCEA1 PE=1 SV=2",-0.446357146738654,12.2077779990283,-0.524504685539182,0.602231598236184,0.748307580219217,-5.67162102219141
2711,"Q9BZ67|FRMD8_HUMAN","FERM domain-containing protein 8 OS=Homo sapiens OX=9606 GN=FRMD8 PE=1 SV=1",-0.711044793011604,4.65540578144165,-0.379158670840243,0.706166004110748,0.821054367827633,-5.73229284135658
2712,"Q08209|PP2BA_HUMAN","Serine/threonine-protein phosphatase 2B catalytic subunit alpha isoform OS=Homo sapiens OX=9606 GN=PPP3CA PE=1 SV=1",-0.451786929532421,9.95380587393954,-0.305092213034858,0.761554867870406,0.862028072514543,-5.75574959634182
2713,"P57764|GSDMD_HUMAN","Gasdermin-D OS=Homo sapiens OX=9606 GN=GSDMD PE=1 SV=1",0.782544788186406,5.15861203695908,0.396117132596963,0.693694026793497,0.812106597825385,-5.72621185517923
2715,"P56385|ATP5I_HUMAN","ATP synthase subunit e, mitochondrial OS=Homo sapiens OX=9606 GN=ATP5ME PE=1 SV=2",-1.17351690273003,14.3049911509961,-1.85586667391068,0.0693359357560447,0.374885133083069,-4.25771062148134
2716,"O43752|STX6_HUMAN","Syntaxin-6 OS=Homo sapiens OX=9606 GN=STX6 PE=1 SV=1",-1.0454007663825,6.09691664769161,-0.511804444612614,0.611027693445391,0.756404923544926,-5.6776929209227
2717,"P18615|NELFE_HUMAN","Negative elongation factor E OS=Homo sapiens OX=9606 GN=NELFE PE=1 SV=3",-0.668287472534766,7.22895546830414,-0.317979167970622,0.751817181192626,0.855694199109526,-5.75203151083602
2719,"Q8IYM9|TRI22_HUMAN","E3 ubiquitin-protein ligase TRIM22 OS=Homo sapiens OX=9606 GN=TRIM22 PE=1 SV=1",-1.41602017113519,6.71965205191386,-0.672660156735725,0.504242185780462,0.682946884954859,-5.58996204137056
2720,"Q9UPT8|ZC3H4_HUMAN","Zinc finger CCCH domain-containing protein 4 OS=Homo sapiens OX=9606 GN=ZC3H4 PE=1 SV=3",-1.8270348739015,7.23901722962153,-0.901996588076753,0.371357822004637,0.59205328430549,-5.42465867371844
2721,"P55769|NH2L1_HUMAN","NHP2-like protein 1 OS=Homo sapiens OX=9606 GN=SNU13 PE=1 SV=3",-0.388161741567,13.1749847693405,-0.529820087976426,0.598567713358156,0.745526645874372,-5.66903610919822
2722,"Q969H8|MYDGF_HUMAN","Myeloid-derived growth factor OS=Homo sapiens OX=9606 GN=MYDGF PE=1 SV=1",-0.7593215132271,13.8053597570932,-1.19385366713444,0.238135438049945,0.486781837532565,-5.14754916052599
2723,"Q08170|SRSF4_HUMAN","Serine/arginine-rich splicing factor 4 OS=Homo sapiens OX=9606 GN=SRSF4 PE=1 SV=2",2.13355303856856,4.4519618250385,1.08727047843474,0.282100129729491,0.519233016557657,-5.25726193238774
2724,"O95394|AGM1_HUMAN","Phosphoacetylglucosamine mutase OS=Homo sapiens OX=9606 GN=PGM3 PE=1 SV=1",-2.83886052551868,10.9655953679786,-2.13885080809575,0.0373261054926459,0.34261629261681,-3.77532344057733
2725,"Q13642|FHL1_HUMAN","Four and a half LIM domains protein 1 OS=Homo sapiens OX=9606 GN=FHL1 PE=1 SV=4",-7.55661867450594,8.91197696629807,-4.16951782658189,0.000120306358195059,0.0471054077041925,1.02946669721143
2727,"Q9Y2R9|RT07_HUMAN","28S ribosomal protein S7, mitochondrial OS=Homo sapiens OX=9606 GN=MRPS7 PE=1 SV=2",-0.288690348062087,9.5443788207129,-0.16016733158819,0.873390767026434,0.932445041036632,-5.78699773506723
2728,"Q86YZ3|HORN_HUMAN","Hornerin OS=Homo sapiens OX=9606 GN=HRNR PE=1 SV=2",-0.108325093071479,5.12979108030978,-0.0557767238501475,0.955740650583186,0.975444308545446,-5.79745484377823
2729,"Q8TF05|PP4R1_HUMAN","Serine/threonine-protein phosphatase 4 regulatory subunit 1 OS=Homo sapiens OX=9606 GN=PPP4R1 PE=1 SV=1",-2.6624609298907,9.1870407781674,-1.47981587231976,0.145158926881934,0.42129346231839,-4.80617304746192
2730,"P35611|ADDA_HUMAN","Alpha-adducin OS=Homo sapiens OX=9606 GN=ADD1 PE=1 SV=2",0.511384962893949,7.98049102015339,0.248479927259433,0.804774837681105,0.891962230028955,-5.77026740788036
2731,"Q9GZN8|CT027_HUMAN","UPF0687 protein C20orf27 OS=Homo sapiens OX=9606 GN=C20orf27 PE=1 SV=3",-1.24322074723488,11.4014884976204,-1.19034276157072,0.239499525450791,0.487715274924449,-5.15131708394958
2733,"P49903|SPS1_HUMAN","Selenide, water dikinase 1 OS=Homo sapiens OX=9606 GN=SEPHS1 PE=1 SV=2",0.311426467785301,12.1238187847358,0.35475229800941,0.724258302313807,0.836715113760515,-5.74058034498432
2734,"Q12824|SNF5_HUMAN","SWI/SNF-related matrix-associated actin-dependent regulator of chromatin subfamily B member 1 OS=Homo sapiens OX=9606 GN=SMARCB1 PE=1 SV=2",-0.601557584490763,11.2097902669447,-0.535646143098819,0.594563844575047,0.743993896333424,-5.66617328718405
2735,"Q9BXW6|OSBL1_HUMAN","Oxysterol-binding protein-related protein 1 OS=Homo sapiens OX=9606 GN=OSBPL1A PE=1 SV=2",-1.84275930786997,8.81011180164339,-1.03348407600412,0.306321053691666,0.540042889173149,-5.30893045350778
2736,"Q9NUB1|ACS2L_HUMAN","Acetyl-coenzyme A synthetase 2-like, mitochondrial OS=Homo sapiens OX=9606 GN=ACSS1 PE=1 SV=2",-1.95687784293632,9.20023071111511,-1.06212302216795,0.293252958505298,0.528911428928944,-5.28172981181845
2737,"O94888|UBXN7_HUMAN","UBX domain-containing protein 7 OS=Homo sapiens OX=9606 GN=UBXN7 PE=1 SV=2",-2.44223289732217,9.9097692983693,-1.54426551228477,0.12879294955619,0.410953326642769,-4.72001994104418
2738,"P16949|STMN1_HUMAN","Stathmin OS=Homo sapiens OX=9606 GN=STMN1 PE=1 SV=3",0.656265589494632,14.8831099246116,1.10013593523835,0.276510336274146,0.51333190445377,-5.24453386750742
2738,"Q93045|STMN2_HUMAN","Stathmin-2 OS=Homo sapiens OX=9606 GN=STMN2 PE=1 SV=3",0.566999865238863,13.8809060249216,0.886011275458575,0.379827944575298,0.599091321331497,-5.43769534586919
2739,"Q8WWY3|PRP31_HUMAN","U4/U6 small nuclear ribonucleoprotein Prp31 OS=Homo sapiens OX=9606 GN=PRPF31 PE=1 SV=2",-0.622063043453254,11.4890531874945,-0.607565210968624,0.546209250679522,0.712510971129601,-5.62829093301262
2740,"P62330|ARF6_HUMAN","ADP-ribosylation factor 6 OS=Homo sapiens OX=9606 GN=ARF6 PE=1 SV=2",-1.56861929776954,12.770335427161,-1.96219599645979,0.0552840405263424,0.366768875860716,-4.08320286316551
2741,"Q49A26|GLYR1_HUMAN","Putative oxidoreductase GLYR1 OS=Homo sapiens OX=9606 GN=GLYR1 PE=1 SV=4",-0.422255958214905,11.6697719850155,-0.433910961348019,0.666208636666717,0.795261489286688,-5.71170957957866
2742,"Q13363|CTBP1_HUMAN","C-terminal-binding protein 1 OS=Homo sapiens OX=9606 GN=CTBP1 PE=1 SV=2",-0.401425726063483,7.5534297153628,-0.193691205976633,0.847197767196534,0.920537440036954,-5.78149687010194
2743,"Q96MW1|CCD43_HUMAN","Coiled-coil domain-containing protein 43 OS=Homo sapiens OX=9606 GN=CCDC43 PE=1 SV=2",-2.64885720603484,10.4035779784535,-1.80516725746484,0.0770357308013281,0.375605864510613,-4.33797815489209
2744,"P62280|RS11_HUMAN","40S ribosomal protein S11 OS=Homo sapiens OX=9606 GN=RPS11 PE=1 SV=3",-1.02597272277426,13.4742357427848,-1.52060837778432,0.134620073368883,0.413207622515545,-4.75202943076337
2745,"Q8WTW3|COG1_HUMAN","Conserved oligomeric Golgi complex subunit 1 OS=Homo sapiens OX=9606 GN=COG1 PE=1 SV=1",-2.40347834594836,7.89685966256945,-1.19825235680153,0.236434406230606,0.486305151688262,-5.14281374606811
2746,"Q7LGA3|HS2ST_HUMAN","Heparan sulfate 2-O-sulfotransferase 1 OS=Homo sapiens OX=9606 GN=HS2ST1 PE=1 SV=1",-3.67697763585226,7.46715791861435,-1.74591524630695,0.0869313928866662,0.377971753709499,-4.4293381537538
2748,"Q5T5Y3|CAMP1_HUMAN","Calmodulin-regulated spectrin-associated protein 1 OS=Homo sapiens OX=9606 GN=CAMSAP1 PE=1 SV=2",-3.78682406488476,9.20120417065128,-2.10856451866294,0.0399838816074896,0.348345476869979,-3.82966443287486
2749,"Q99836|MYD88_HUMAN","Myeloid differentiation primary response protein MyD88 OS=Homo sapiens OX=9606 GN=MYD88 PE=1 SV=1",-4.56336933344901,6.58644507721375,-2.26871082419673,0.027608982394333,0.321614610405292,-3.53522129070577
2750,"Q4G176|ACSF3_HUMAN","Malonate--CoA ligase ACSF3, mitochondrial OS=Homo sapiens OX=9606 GN=ACSF3 PE=1 SV=3",-1.36910066718522,9.60342231965392,-0.809909310125913,0.421807490202451,0.626456848379985,-5.49666240249167
2752,"O00461|GOLI4_HUMAN","Golgi integral membrane protein 4 OS=Homo sapiens OX=9606 GN=GOLIM4 PE=1 SV=1",-1.46417306307444,7.44609725665077,-0.726037829474734,0.471180625312814,0.662328640085603,-5.55568220605522
2753,"Q16762|THTR_HUMAN","Thiosulfate sulfurtransferase OS=Homo sapiens OX=9606 GN=TST PE=1 SV=4",-1.54880632909311,11.2517245992117,-1.20989581559253,0.232696058153466,0.485557760931822,-5.1298575212621
2755,"Q5JTJ3|COA6_HUMAN","Cytochrome c oxidase assembly factor 6 homolog OS=Homo sapiens OX=9606 GN=COA6 PE=1 SV=1",-2.53123512480296,11.7846010324064,-1.95664341822228,0.061745163794961,0.369742355374902,-4.12510196941522
2756,"Q86U44|MTA70_HUMAN","N6-adenosine-methyltransferase catalytic subunit OS=Homo sapiens OX=9606 GN=METTL3 PE=1 SV=2",-5.25119808341144,8.8337972903985,-2.86666905111188,0.00604331268959498,0.222292745441547,-2.2919484978197
2758,"P60520|GBRL2_HUMAN","Gamma-aminobutyric acid receptor-associated protein-like 2 OS=Homo sapiens OX=9606 GN=GABARAPL2 PE=1 SV=1",-3.84197874215446,11.9124300154402,-3.24587669595816,0.00295892962743677,0.172232339720537,-1.63493249904889
2759,"Q969J3|BORC5_HUMAN","BLOC-1-related complex subunit 5 OS=Homo sapiens OX=9606 GN=BORCS5 PE=1 SV=1",-0.899213377085394,12.2249023568858,-1.08834649491461,0.281629617561314,0.519032418843208,-5.25620285460464
2760,"O75251|NDUS7_HUMAN","NADH dehydrogenase [ubiquinone] iron-sulfur protein 7, mitochondrial OS=Homo sapiens OX=9606 GN=NDUFS7 PE=1 SV=3",-0.184048349483906,12.0912637200138,-0.217659313028598,0.828575149311258,0.911069756222258,-5.77692608571657
2761,"Q9P2E3|ZNFX1_HUMAN","NFX1-type zinc finger-containing protein 1 OS=Homo sapiens OX=9606 GN=ZNFX1 PE=2 SV=2",-2.9679730085656,6.10956725420217,-1.50112218057622,0.139575870291435,0.41688853907435,-4.77805977567691
2762,"Q13574|DGKZ_HUMAN","Diacylglycerol kinase zeta OS=Homo sapiens OX=9606 GN=DGKZ PE=1 SV=4",-4.01043401129541,7.04033666851105,-1.93597764190444,0.0585002702608718,0.366887115993354,-4.12699990814575
2763,"Q99417|MYCBP_HUMAN","c-Myc-binding protein OS=Homo sapiens OX=9606 GN=MYCBP PE=1 SV=3",-0.59094906929454,12.7637922812873,-0.797442465613448,0.428942673996843,0.630746362889861,-5.50583237946005
2764,"Q9H9Q2|CSN7B_HUMAN","COP9 signalosome complex subunit 7b OS=Homo sapiens OX=9606 GN=COPS7B PE=1 SV=1",-4.38930444105672,9.26045771176715,-2.38874228928618,0.0206982820553576,0.29753639723681,-3.30332252342463
2765,"P25490|TYY1_HUMAN","Transcriptional repressor protein YY1 OS=Homo sapiens OX=9606 GN=YY1 PE=1 SV=2",-2.65608273838897,9.6191643517402,-1.61936047769243,0.11162365148518,0.393423131707586,-4.61547485404675
2766,"Q8NCC3|PAG15_HUMAN","Phospholipase A2 group XV OS=Homo sapiens OX=9606 GN=PLA2G15 PE=1 SV=2",-0.185477675654276,11.9057871219628,-0.197954669660027,0.843878404539243,0.919684711562978,-5.78072269431619
2768,"P13716|HEM2_HUMAN","Delta-aminolevulinic acid dehydratase OS=Homo sapiens OX=9606 GN=ALAD PE=1 SV=1",-0.176931603600771,8.15188049295946,-0.0851467571444991,0.932482736961611,0.964938852545957,-5.79553448079499
2770,"Q13075|BIRC1_HUMAN","Baculoviral IAP repeat-containing protein 1 OS=Homo sapiens OX=9606 GN=NAIP PE=1 SV=3",1.69131666652472,8.57669166168324,0.871462237460141,0.387642504965683,0.603825052038769,-5.449364797593
2771,"Q8NET5|NFAM1_HUMAN","NFAT activation molecule 1 OS=Homo sapiens OX=9606 GN=NFAM1 PE=1 SV=1",-3.70612525777698,7.29208021576571,-1.85235367003044,0.0698476369890303,0.374885133083069,-4.26333419322789
2772,"Q14331|FRG1_HUMAN","Protein FRG1 OS=Homo sapiens OX=9606 GN=FRG1 PE=1 SV=1",-2.37608807874944,10.039942970637,-1.52460545867083,0.133621045017519,0.413207622515545,-4.74665246913164
2773,"Q14554|PDIA5_HUMAN","Protein disulfide-isomerase A5 OS=Homo sapiens OX=9606 GN=PDIA5 PE=1 SV=1",-0.837923696552032,10.7098547061298,-0.665505095922064,0.508767927438267,0.687131848064163,-5.59436222845317
2774,"Q8NCL4|GALT6_HUMAN","Polypeptide N-acetylgalactosaminyltransferase 6 OS=Homo sapiens OX=9606 GN=GALNT6 PE=2 SV=2",-4.57723579451855,8.28342996033369,-2.42129491230779,0.0191136675379849,0.295105535928087,-3.23882686534265
2775,"P33316|DUT_HUMAN","Deoxyuridine 5'-triphosphate nucleotidohydrolase, mitochondrial OS=Homo sapiens OX=9606 GN=DUT PE=1 SV=4",0.508427105465422,11.1794109719534,0.443799626819806,0.659090822711323,0.790945715636018,-5.70769884756489
2776,"Q9H3N1|TMX1_HUMAN","Thioredoxin-related transmembrane protein 1 OS=Homo sapiens OX=9606 GN=TMX1 PE=1 SV=1",-0.579571016335723,13.7953390240678,-0.892647417380575,0.376296907050007,0.595992958721951,-5.43231063635326
2777,"Q9NQP4|PFD4_HUMAN","Prefoldin subunit 4 OS=Homo sapiens OX=9606 GN=PFDN4 PE=1 SV=1",-0.344021873356315,12.6357938312003,-0.43698458769968,0.663992897667139,0.794173121425261,-5.71047255049318
2778,"Q86VB7|C163A_HUMAN","Scavenger receptor cysteine-rich type 1 protein M130 OS=Homo sapiens OX=9606 GN=CD163 PE=1 SV=2",1.24122008589266,13.2494354199305,1.62379641514597,0.110670559871292,0.392573148240718,-4.60916051614485
2779,"Q9HA65|TBC17_HUMAN","TBC1 domain family member 17 OS=Homo sapiens OX=9606 GN=TBC1D17 PE=1 SV=2",-1.04795495555434,11.4178235445276,-0.90077098593303,0.3720029275504,0.592525051506009,-5.42566616925081
2780,"Q9UKM9|RALY_HUMAN","RNA-binding protein Raly OS=Homo sapiens OX=9606 GN=RALY PE=1 SV=1",-0.528765077245357,11.7717146438471,-0.551371186216079,0.583820468898323,0.737019940290723,-5.65829196074066
2780,"Q86SE5|RALYL_HUMAN","RNA-binding Raly-like protein OS=Homo sapiens OX=9606 GN=RALYL PE=1 SV=2",-0.713661941574085,11.4856480501549,-0.701782257064611,0.486049666906106,0.670107527325416,-5.57157694669469
2781,"Q9C0H2|TTYH3_HUMAN","Protein tweety homolog 3 OS=Homo sapiens OX=9606 GN=TTYH3 PE=1 SV=3",-0.270131611426494,13.5097353439942,-0.399270812537182,0.691383946185994,0.812106597825385,-5.72505186454682
2782,"Q9UPZ3|HPS5_HUMAN","Hermansky-Pudlak syndrome 5 protein OS=Homo sapiens OX=9606 GN=HPS5 PE=1 SV=2",-0.92083693331947,6.16712170259008,-0.445331005012678,0.657991361337528,0.790104644331165,-5.7070697245553
2783,"P49815|TSC2_HUMAN","Tuberin OS=Homo sapiens OX=9606 GN=TSC2 PE=1 SV=2",-2.3313658442801,6.0385477675537,-1.14046169390925,0.259495378933323,0.502313077332953,-5.20371989499181
2784,"Q9UMS0|NFU1_HUMAN","NFU1 iron-sulfur cluster scaffold homolog, mitochondrial OS=Homo sapiens OX=9606 GN=NFU1 PE=1 SV=2",-5.0638999649236,9.57250361545122,-2.84953979190856,0.00632984478423607,0.222292745441547,-2.33047227478569
2785,"Q9UID3|VPS51_HUMAN","Vacuolar protein sorting-associated protein 51 homolog OS=Homo sapiens OX=9606 GN=VPS51 PE=1 SV=2",-0.58891810892613,7.21023659563011,-0.29220307482782,0.771333266404584,0.869440559645261,-5.75931507725593
2786,"P67812|SC11A_HUMAN","Signal peptidase complex catalytic subunit SEC11A OS=Homo sapiens OX=9606 GN=SEC11A PE=1 SV=1",-1.87976525781056,10.7639001766673,-1.33595897881437,0.187575978639135,0.454713455596392,-4.98635210887309
2786,"P0C7V7|SC11B_HUMAN","Putative signal peptidase complex catalytic subunit SEC11B OS=Homo sapiens OX=9606 GN=SEC11B PE=5 SV=1",-3.79814009069866,7.9717751339142,-1.97055463058785,0.0542911120739578,0.366768875860716,-4.06913539970611
2787,"Q13247|SRSF6_HUMAN","Serine/arginine-rich splicing factor 6 OS=Homo sapiens OX=9606 GN=SRSF6 PE=1 SV=2",-1.08271920130304,8.78700040526448,-0.543191490860916,0.589397233594374,0.741610834090263,-5.66241968489349
2788,"Q9BZE1|RM37_HUMAN","39S ribosomal protein L37, mitochondrial OS=Homo sapiens OX=9606 GN=MRPL37 PE=1 SV=2",-2.1074594834388,6.28481107871658,-1.0117905693406,0.316480788386285,0.545451282744989,-5.32906191769727
2789,"O00400|ACATN_HUMAN","Acetyl-coenzyme A transporter 1 OS=Homo sapiens OX=9606 GN=SLC33A1 PE=1 SV=1",-2.29109292320378,6.1216352081627,-1.09670110267446,0.277995039625704,0.515199929289117,-5.24794592436747
2790,"Q8NEU8|DP13B_HUMAN","DCC-interacting protein 13-beta OS=Homo sapiens OX=9606 GN=APPL2 PE=1 SV=3",-0.236997548443439,9.72541718504263,-0.144304775058042,0.885836453396746,0.940191622666285,-5.789237726237
2791,"P35236|PTN7_HUMAN","Tyrosine-protein phosphatase non-receptor type 7 OS=Homo sapiens OX=9606 GN=PTPN7 PE=1 SV=3",-2.40407275721097,10.2718817201993,-1.60884779043452,0.113909022106369,0.394932135154396,-4.6303776153608
2792,"Q9NQ29|LUC7L_HUMAN","Putative RNA-binding protein Luc7-like 1 OS=Homo sapiens OX=9606 GN=LUC7L PE=1 SV=1",-0.144420024345074,8.09175446494782,-0.0746886458788765,0.940758699554866,0.968646358829263,-5.79631003142218
2794,"Q6UXN9|WDR82_HUMAN","WD repeat-containing protein 82 OS=Homo sapiens OX=9606 GN=WDR82 PE=1 SV=1",0.240270358512516,10.9432881712392,0.20325718555295,0.839754065625678,0.917974812347664,-5.77973636637028
2795,"Q9NWV8|BABA1_HUMAN","BRISC and BRCA1-A complex member 1 OS=Homo sapiens OX=9606 GN=BABAM1 PE=1 SV=1",-2.36653434263011,9.84871020100483,-1.42324043139055,0.160839852111789,0.434318020718166,-4.8790457436423
2796,"Q9NX57|RAB20_HUMAN","Ras-related protein Rab-20 OS=Homo sapiens OX=9606 GN=RAB20 PE=1 SV=1",-3.60872009153206,9.6576929611241,-2.09664593634465,0.0410742999845659,0.348345476869979,-3.85087472469316
2797,"Q96GQ7|DDX27_HUMAN","Probable ATP-dependent RNA helicase DDX27 OS=Homo sapiens OX=9606 GN=DDX27 PE=1 SV=2",0.34175065702523,9.21131662960373,0.184662040581182,0.854236668754154,0.92474113001149,-5.78308086015182
2798,"Q5JTH9|RRP12_HUMAN","RRP12-like protein OS=Homo sapiens OX=9606 GN=RRP12 PE=1 SV=2",-2.45928338111423,10.6314954087302,-1.73999278580088,0.0879761977845655,0.378157169519085,-4.43832358007505
2799,"Q92625|ANS1A_HUMAN","Ankyrin repeat and SAM domain-containing protein 1A OS=Homo sapiens OX=9606 GN=ANKS1A PE=1 SV=4",-0.171751048105447,6.37703529681249,-0.0850757762695475,0.932538882962081,0.964938852545957,-5.79554008655505
2800,"Q9H6V9|LDAH_HUMAN","Lipid droplet-associated hydrolase OS=Homo sapiens OX=9606 GN=LDAH PE=1 SV=1",-1.28513584786714,10.8485688817827,-1.03617124020885,0.30507824015677,0.539397364677836,-5.30640839195288
2801,"Q96B45|BORC7_HUMAN","BLOC-1-related complex subunit 7 OS=Homo sapiens OX=9606 GN=BORCS7 PE=3 SV=2",-0.2261687143369,11.4703103782154,-0.219111966255975,0.827449543281979,0.91053274985066,-5.77663197446909
2802,"Q7Z6K5|ARPIN_HUMAN","Arpin OS=Homo sapiens OX=9606 GN=ARPIN PE=1 SV=1",-3.95842678595334,9.73171306883232,-2.12887789015064,0.0391133434474339,0.347358138681877,-3.80299310593744
2803,"O75832|PSD10_HUMAN","26S proteasome non-ATPase regulatory subunit 10 OS=Homo sapiens OX=9606 GN=PSMD10 PE=1 SV=1",-7.02549161694179,8.61525556952248,-3.80998423244287,0.000379621157172023,0.0889841931813121,0.0466169878388625
2804,"P25325|THTM_HUMAN","3-mercaptopyruvate sulfurtransferase OS=Homo sapiens OX=9606 GN=MPST PE=1 SV=3",-0.935036705900774,10.4096605517531,-0.614610413527746,0.54158246931613,0.709964104575279,-5.6243275258524
2805,"Q9Y2H6|FND3A_HUMAN","Fibronectin type-III domain-containing protein 3A OS=Homo sapiens OX=9606 GN=FNDC3A PE=1 SV=4",-1.39807757460622,7.09668588696388,-0.653690522638358,0.516288662006905,0.693159372588447,-5.60152684175169
2806,"P09012|SNRPA_HUMAN","U1 small nuclear ribonucleoprotein A OS=Homo sapiens OX=9606 GN=SNRPA PE=1 SV=3",-2.66758642210515,10.0768425567288,-1.61584813019848,0.112383026136076,0.393708504099409,-4.62046358206621
2807,"P62910|RL32_HUMAN","60S ribosomal protein L32 OS=Homo sapiens OX=9606 GN=RPL32 PE=1 SV=2",-1.61987924287018,7.87852422642498,-0.831757310060214,0.409477411688177,0.618813758645958,-5.4802588654849
2808,"O75688|PPM1B_HUMAN","Protein phosphatase 1B OS=Homo sapiens OX=9606 GN=PPM1B PE=1 SV=1",0.83783280651472,9.68067611269416,0.506770007942706,0.614530674485831,0.758173478948861,-5.68005912689141
2809,"Q8TB22|SPT20_HUMAN","Spermatogenesis-associated protein 20 OS=Homo sapiens OX=9606 GN=SPATA20 PE=2 SV=3",-0.716255085159751,5.22176575620472,-0.345398972930933,0.731234811290213,0.841310480284672,-5.74361109317467
2811,"Q6QNY1|BL1S2_HUMAN","Biogenesis of lysosome-related organelles complex 1 subunit 2 OS=Homo sapiens OX=9606 GN=BLOC1S2 PE=1 SV=1",-0.787356397608967,11.9044414967346,-0.89977901096641,0.372525585262845,0.592525051506009,-5.42648064527261
2812,"O94992|HEXI1_HUMAN","Protein HEXIM1 OS=Homo sapiens OX=9606 GN=HEXIM1 PE=1 SV=1",-1.07106909816853,9.25359322495338,-0.625763418549178,0.534299407966572,0.704817013816854,-5.61796131243098
2813,"Q7Z4H3|HDDC2_HUMAN","5'-deoxynucleotidase HDDC2 OS=Homo sapiens OX=9606 GN=HDDC2 PE=1 SV=1",0.693951833719755,10.1526806921238,0.488674771171001,0.627195910488755,0.766988298260951,-5.68837291063476
2815,"Q99700|ATX2_HUMAN","Ataxin-2 OS=Homo sapiens OX=9606 GN=ATXN2 PE=1 SV=2",-1.37404252382746,11.0334850187409,-1.01891586571372,0.313425916467902,0.544701328738046,-5.32224072954282
2816,"Q9Y2V2|CHSP1_HUMAN","Calcium-regulated heat-stable protein 1 OS=Homo sapiens OX=9606 GN=CARHSP1 PE=1 SV=2",0.708382360894644,12.1305826103901,0.807527883137851,0.423164893998618,0.62717522314248,-5.49842474446443
2817,"Q8IVB4|SL9A9_HUMAN","Sodium/hydrogen exchanger 9 OS=Homo sapiens OX=9606 GN=SLC9A9 PE=1 SV=1",1.4237051855443,10.1353873430075,0.919673502846329,0.362133069856871,0.584378842964984,-5.40998054931808
2818,"P21730|C5AR1_HUMAN","C5a anaphylatoxin chemotactic receptor 1 OS=Homo sapiens OX=9606 GN=C5AR1 PE=1 SV=2",-1.0727314095059,13.7835393946676,-1.63008105412655,0.109331604858751,0.392573148240718,-4.60018830252296
2819,"P29083|T2EA_HUMAN","General transcription factor IIE subunit 1 OS=Homo sapiens OX=9606 GN=GTF2E1 PE=1 SV=2",-1.10627998586274,7.93603976956507,-0.571613973734551,0.570129225274181,0.728517846293555,-5.64781515301619
2820,"Q99567|NUP88_HUMAN","Nuclear pore complex protein Nup88 OS=Homo sapiens OX=9606 GN=NUP88 PE=1 SV=2",-0.703146623955098,9.70675634772378,-0.46042528779616,0.647195404211325,0.782557722048898,-5.70075374231876
2821,"O15347|HMGB3_HUMAN","High mobility group protein B3 OS=Homo sapiens OX=9606 GN=HMGB3 PE=1 SV=4",-4.17514356177257,8.99451208660535,-2.222256572896,0.0307914908107497,0.329885445628496,-3.62242081114949
2822,"P43307|SSRA_HUMAN","Translocon-associated protein subunit alpha OS=Homo sapiens OX=9606 GN=SSR1 PE=1 SV=3",-0.791350560103529,14.5506156437083,-1.20152903792008,0.235173033687839,0.485873725118869,-5.1392755995859
2823,"Q8IWE5|PKHM2_HUMAN","Pleckstrin homology domain-containing family M member 2 OS=Homo sapiens OX=9606 GN=PLEKHM2 PE=1 SV=2",-2.27700162395726,9.45120044593279,-1.28068133903604,0.206179654993546,0.467373457046528,-5.05106176814508
2824,"Q9NX24|NHP2_HUMAN","H/ACA ribonucleoprotein complex subunit 2 OS=Homo sapiens OX=9606 GN=NHP2 PE=1 SV=1",0.393738125886501,5.87140353979775,0.193652564883568,0.847227864477939,0.920537440036954,-5.78150380974862
2825,"Q6FI81|CPIN1_HUMAN","Anamorsin OS=Homo sapiens OX=9606 GN=CIAPIN1 PE=1 SV=2",1.54485910266812,12.4087959100349,1.89161331482567,0.0643070919837009,0.371274323289276,-4.19996852568733
2826,"O75934|SPF27_HUMAN","Pre-mRNA-splicing factor SPF27 OS=Homo sapiens OX=9606 GN=BCAS2 PE=1 SV=1",-0.342127223180624,12.4479862046476,-0.424450069932103,0.673047659304983,0.799013412441185,-5.71546289842063
2827,"O00757|F16P2_HUMAN","Fructose-1,6-bisphosphatase isozyme 2 OS=Homo sapiens OX=9606 GN=FBP2 PE=1 SV=2",-1.06921332787718,15.8715913316693,-1.87806116255211,0.06617589416249,0.373062272457911,-4.22197059783983
2828,"Q9UHX3|AGRE2_HUMAN","Adhesion G protein-coupled receptor E2 OS=Homo sapiens OX=9606 GN=ADGRE2 PE=1 SV=2",-1.00441800206644,6.13290291290359,-0.489360181576382,0.62671407670316,0.766815040545529,-5.68806345129733
2830,"P15121|ALDR_HUMAN","Aldo-keto reductase family 1 member B1 OS=Homo sapiens OX=9606 GN=AKR1B1 PE=1 SV=3",-4.68420431623773,7.29564468397109,-2.23819041944063,0.0296650775668153,0.327608946359676,-3.59267400877778
2831,"P82650|RT22_HUMAN","28S ribosomal protein S22, mitochondrial OS=Homo sapiens OX=9606 GN=MRPS22 PE=1 SV=1",-0.122822289574474,11.2777328684019,-0.113927639266003,0.90974869622485,0.952624290032613,-5.79287639741112
2832,"Q12800|TFCP2_HUMAN","Alpha-globin transcription factor CP2 OS=Homo sapiens OX=9606 GN=TFCP2 PE=1 SV=2",-1.73740509388369,6.85643197711366,-0.814372423832674,0.419270627127069,0.62481354131502,-5.49334595456069
2833,"Q7Z4H8|PLGT3_HUMAN","Protein O-glucosyltransferase 3 OS=Homo sapiens OX=9606 GN=POGLUT3 PE=1 SV=2",-6.48753397938704,7.93824560228159,-3.35549423350325,0.00151390926367224,0.158937088200598,-1.12950013555354
2834,"Q6IAN0|DRS7B_HUMAN","Dehydrogenase/reductase SDR family member 7B OS=Homo sapiens OX=9606 GN=DHRS7B PE=1 SV=2",-3.91355549070862,8.29884310793407,-2.0364074207124,0.0469911859775843,0.354698763841406,-3.95655264352983
2835,"Q9UHR5|S30BP_HUMAN","SAP30-binding protein OS=Homo sapiens OX=9606 GN=SAP30BP PE=1 SV=1",-3.05166341597096,9.51478618131542,-1.83310451086998,0.0727084500785854,0.375605864510613,-4.29398509699561
2836,"P15260|INGR1_HUMAN","Interferon gamma receptor 1 OS=Homo sapiens OX=9606 GN=IFNGR1 PE=1 SV=1",0.0192612691793688,11.0253928523951,0.0167633389101366,0.986691735789173,0.991601552340003,-5.798768010527
2837,"Q9UBB5|MBD2_HUMAN","Methyl-CpG-binding domain protein 2 OS=Homo sapiens OX=9606 GN=MBD2 PE=1 SV=1",-0.404258248232197,7.27891886811533,-0.193890880153394,0.847042246013771,0.920537440036954,-5.78146098810995
2838,"Q86TB9|PATL1_HUMAN","Protein PAT1 homolog 1 OS=Homo sapiens OX=9606 GN=PATL1 PE=1 SV=2",0.440435170289215,10.6756776672947,0.351519720059091,0.726666803847048,0.838177269461499,-5.74163690196124
2839,"Q8WUW1|BRK1_HUMAN","Protein BRICK1 OS=Homo sapiens OX=9606 GN=BRK1 PE=1 SV=1",-3.81101967184337,9.69619345292404,-2.27920680062483,0.0269317138818466,0.321315489443528,-3.51532004997749
2841,"P35244|RFA3_HUMAN","Replication protein A 14 kDa subunit OS=Homo sapiens OX=9606 GN=RPA3 PE=1 SV=1",4.0051351037117,11.4170649952911,2.13697716228277,0.0502442158695332,0.358801880609411,-3.89493621618311
2842,"P83916|CBX1_HUMAN","Chromobox protein homolog 1 OS=Homo sapiens OX=9606 GN=CBX1 PE=1 SV=1",-0.17140344861834,11.6810334026602,-0.170662539835105,0.865173779316389,0.928856613605917,-5.78538752573715
2843,"Q86YP4|P66A_HUMAN","Transcriptional repressor p66-alpha OS=Homo sapiens OX=9606 GN=GATAD2A PE=1 SV=1",-0.523783507268749,7.20205064500828,-0.237499404136617,0.813279375600952,0.898843795410136,-5.77271720827041
2844,"O60573|IF4E2_HUMAN","Eukaryotic translation initiation factor 4E type 2 OS=Homo sapiens OX=9606 GN=EIF4E2 PE=1 SV=1",0.0494594863879305,4.79368778809761,0.0246175534794433,0.980457424988881,0.987334610574494,-5.79861719615885
2845,"Q9NNW7|TRXR2_HUMAN","Thioredoxin reductase 2, mitochondrial OS=Homo sapiens OX=9606 GN=TXNRD2 PE=1 SV=3",-2.52304210425615,7.51521151283949,-1.23309948515067,0.223270615785197,0.478046885004205,-5.104721850095
2847,"Q9H0A8|COMD4_HUMAN","COMM domain-containing protein 4 OS=Homo sapiens OX=9606 GN=COMMD4 PE=1 SV=1",-4.73875847285854,9.91708131410603,-2.86797220509319,0.00602201405045778,0.222292745441547,-2.2890111696685
2848,"P04440|DPB1_HUMAN","HLA class II histocompatibility antigen, DP beta 1 chain OS=Homo sapiens OX=9606 GN=HLA-DPB1 PE=1 SV=1",2.76466549725384,3.68595015256434,1.54573340443663,0.128438139647079,0.410383027440658,-4.71801911682584
2850,"O75380|NDUS6_HUMAN","NADH dehydrogenase [ubiquinone] iron-sulfur protein 6, mitochondrial OS=Homo sapiens OX=9606 GN=NDUFS6 PE=1 SV=1",0.111628983207174,11.67703238812,0.116631429199006,0.907616575885025,0.952046905099075,-5.79258721334636
2851,"Q9UIG0|BAZ1B_HUMAN","Tyrosine-protein kinase BAZ1B OS=Homo sapiens OX=9606 GN=BAZ1B PE=1 SV=2",-2.18918694981262,9.41315844201271,-1.27397209376286,0.208528526514968,0.468737248117683,-5.05874280074949
2852,"Q08623|HDHD1_HUMAN","Pseudouridine-5'-phosphatase OS=Homo sapiens OX=9606 GN=PUDP PE=1 SV=3",-3.05494509239879,8.63132562431082,-1.67336464273925,0.100464501831009,0.387024448867313,-4.53755925712274
2853,"Q8NB16|MLKL_HUMAN","Mixed lineage kinase domain-like protein OS=Homo sapiens OX=9606 GN=MLKL PE=1 SV=1",-1.09575214003982,7.32445149372316,-0.529242680527426,0.598965213309477,0.745548160525347,-5.6693181526849
2856,"O00291|HIP1_HUMAN","Huntingtin-interacting protein 1 OS=Homo sapiens OX=9606 GN=HIP1 PE=1 SV=5",0.575117402479927,7.99666015828586,0.297452043652305,0.767346494698486,0.86653417741646,-5.75788157348166
2858,"Q10469|MGAT2_HUMAN","Alpha-1,6-mannosyl-glycoprotein 2-beta-N-acetylglucosaminyltransferase OS=Homo sapiens OX=9606 GN=MGAT2 PE=1 SV=1",-6.59576724135244,8.44037002342414,-3.46005676669952,0.0011096485116136,0.1351918445385,-0.866318846087973
2859,"Q9BVL4|SELO_HUMAN","Protein adenylyltransferase SelO, mitochondrial OS=Homo sapiens OX=9606 GN=SELENOO PE=1 SV=3",-2.47159409855294,6.02333756916564,-1.25487480104297,0.215323666471074,0.474656876044215,-5.08040025364557
2860,"O95758|PTBP3_HUMAN","Polypyrimidine tract-binding protein 3 OS=Homo sapiens OX=9606 GN=PTBP3 PE=1 SV=2",-2.8981352272978,9.42030926071576,-1.66430278902296,0.102270393491275,0.387024448867313,-4.55079170408504
2862,"Q86WV6|STING_HUMAN","Stimulator of interferon genes protein OS=Homo sapiens OX=9606 GN=STING1 PE=1 SV=1",0.26074252676859,10.4858687823184,0.189568342244745,0.850410322934635,0.923296511439242,-5.78222951023531
2863,"Q9Y3Q8|T22D4_HUMAN","TSC22 domain family protein 4 OS=Homo sapiens OX=9606 GN=TSC22D4 PE=1 SV=2",-1.45474697861971,10.5403111685376,-1.08787929033258,0.28183384576095,0.519186644008731,-5.2566628266542
2864,"P62249|RS16_HUMAN","40S ribosomal protein S16 OS=Homo sapiens OX=9606 GN=RPS16 PE=1 SV=2",-0.991215051036802,13.3271404765676,-1.44640991910164,0.154265420268541,0.427397939225142,-4.84951532488243
2865,"Q9H9H4|VP37B_HUMAN","Vacuolar protein sorting-associated protein 37B OS=Homo sapiens OX=9606 GN=VPS37B PE=1 SV=1",-1.0174144683316,11.4339941201561,-0.945605616991174,0.34887037823169,0.576101593302529,-5.38795114219678
2866,"Q9Y3B7|RM11_HUMAN","39S ribosomal protein L11, mitochondrial OS=Homo sapiens OX=9606 GN=MRPL11 PE=1 SV=1",-1.99330830080506,9.57065334067711,-1.11709616953507,0.269260957459008,0.509847414481415,-5.22753781565092
2868,"Q9UBW8|CSN7A_HUMAN","COP9 signalosome complex subunit 7a OS=Homo sapiens OX=9606 GN=COPS7A PE=1 SV=1",-0.897167906302862,12.1244956237052,-1.04085521520753,0.302920150596649,0.537819357883073,-5.30199726568696
2869,"P51606|RENBP_HUMAN","N-acylglucosamine 2-epimerase OS=Homo sapiens OX=9606 GN=RENBP PE=1 SV=2",-0.0923458229413967,12.4025042798494,-0.115876313338764,0.908211967253251,0.952421272293734,-5.79266865903642
2870,"O75962|TRIO_HUMAN","Triple functional domain protein OS=Homo sapiens OX=9606 GN=TRIO PE=1 SV=2",1.26808907534338,4.61754400597379,0.680043099033048,0.49959532904939,0.679507297920118,-5.58537335073513
2871,"P61960|UFM1_HUMAN","Ubiquitin-fold modifier 1 OS=Homo sapiens OX=9606 GN=UFM1 PE=1 SV=1",-0.947988616748496,14.897595025117,-1.60153812882514,0.115520337606736,0.395669463584481,-4.64068868811882
2872,"Q8NFW8|NEUA_HUMAN","N-acylneuraminate cytidylyltransferase OS=Homo sapiens OX=9606 GN=CMAS PE=1 SV=2",-2.43683063948537,6.09577503954263,-1.1648166319018,0.249587996875704,0.495152235165204,-5.17839781704163
2873,"Q9Y508|RN114_HUMAN","E3 ubiquitin-protein ligase RNF114 OS=Homo sapiens OX=9606 GN=RNF114 PE=1 SV=1",-4.02141155193907,6.60451236212562,-2.00352491756696,0.0505226235721729,0.358801880609411,-4.01315657946092
2874,"Q01970|PLCB3_HUMAN","1-phosphatidylinositol 4,5-bisphosphate phosphodiesterase beta-3 OS=Homo sapiens OX=9606 GN=PLCB3 PE=1 SV=2",-2.04397349193839,9.51393252685911,-1.21050572456096,0.231742570680442,0.485557760931822,-5.12953615298538
2875,"P51809|VAMP7_HUMAN","Vesicle-associated membrane protein 7 OS=Homo sapiens OX=9606 GN=VAMP7 PE=1 SV=3",-0.899435691140845,11.3891890593916,-0.821304960228601,0.415348505331346,0.622661333958269,-5.48815942021075
2876,"P47895|AL1A3_HUMAN","Aldehyde dehydrogenase family 1 member A3 OS=Homo sapiens OX=9606 GN=ALDH1A3 PE=1 SV=2",4.43833064823494,8.38284408521692,2.21430922646993,0.0313673248238882,0.331125166707075,-3.6371938282953
2877,"Q66LE6|2ABD_HUMAN","Serine/threonine-protein phosphatase 2A 55 kDa regulatory subunit B delta isoform OS=Homo sapiens OX=9606 GN=PPP2R2D PE=1 SV=1",-1.19867056309057,4.4729118174556,-0.644753417965069,0.522016909252897,0.69610414568948,-5.60686280111776
2878,"Q96DI7|SNR40_HUMAN","U5 small nuclear ribonucleoprotein 40 kDa protein OS=Homo sapiens OX=9606 GN=SNRNP40 PE=1 SV=1",-0.725686817523245,11.1545448156818,-0.646465865029247,0.520916713010616,0.695406366708676,-5.6058459590935
2880,"Q99572|P2RX7_HUMAN","P2X purinoceptor 7 OS=Homo sapiens OX=9606 GN=P2RX7 PE=1 SV=4",-3.85762895356469,7.11777183489379,-1.88207256255321,0.0656179901552847,0.371812187766828,-4.21547214756323
2882,"Q9H074|PAIP1_HUMAN","Polyadenylate-binding protein-interacting protein 1 OS=Homo sapiens OX=9606 GN=PAIP1 PE=1 SV=1",-3.02607513320112,9.55723333568814,-1.76552413621723,0.0835454883216084,0.375605864510613,-4.39939758760163
2883,"O75323|NIPS2_HUMAN","Protein NipSnap homolog 2 OS=Homo sapiens OX=9606 GN=NIPSNAP2 PE=1 SV=1",-2.83130662108058,6.87778636351087,-1.34514858161794,0.184610913540626,0.453398808503632,-4.9753490228158
2884,"Q96GC9|VMP1_HUMAN","Vacuole membrane protein 1 OS=Homo sapiens OX=9606 GN=VMP1 PE=1 SV=1",-1.34388209256895,9.90703342676967,-0.798599909886204,0.428277201369845,0.629982891495875,-5.50498684779245
2885,"O95295|SNAPN_HUMAN","SNARE-associated protein Snapin OS=Homo sapiens OX=9606 GN=SNAPIN PE=1 SV=1",-2.84175291412115,10.0348994260457,-1.68446573724647,0.0982879865534224,0.386522542993734,-4.52126245532299
2886,"Q9NPJ3|ACO13_HUMAN","Acyl-coenzyme A thioesterase 13 OS=Homo sapiens OX=9606 GN=ACOT13 PE=1 SV=1",-0.780100477914658,13.8266805410432,-1.20885857216229,0.232369277483094,0.485557760931822,-5.13132836228484
2887,"P60903|S10AA_HUMAN","Protein S100-A10 OS=Homo sapiens OX=9606 GN=S100A10 PE=1 SV=2",-1.60516793373912,16.7908040889496,-2.71906005353886,0.00896153651734647,0.259434774582913,-2.61858768054927
2888,"Q9BZD2|S29A3_HUMAN","Equilibrative nucleoside transporter 3 OS=Homo sapiens OX=9606 GN=SLC29A3 PE=1 SV=3",0.376934457061299,5.49735224129582,0.190421257226675,0.849745515597225,0.922807346363401,-5.78207923683941
2889,"O15321|TM9S1_HUMAN","Transmembrane 9 superfamily member 1 OS=Homo sapiens OX=9606 GN=TM9SF1 PE=2 SV=2",-0.192445827098433,11.3712140676109,-0.171251304051044,0.864713255245031,0.928856613605917,-5.78529417293115
2890,"O00178|GTPB1_HUMAN","GTP-binding protein 1 OS=Homo sapiens OX=9606 GN=GTPBP1 PE=1 SV=3",-3.13519387800558,6.02462165247934,-1.56645429687297,0.123512653520112,0.405155368401463,-4.68959286133212
2891,"Q9NS69|TOM22_HUMAN","Mitochondrial import receptor subunit TOM22 homolog OS=Homo sapiens OX=9606 GN=TOMM22 PE=1 SV=3",-1.76477778216061,11.1009155222056,-1.33560995427357,0.188058395850179,0.45505299263616,-4.9867335881507
2892,"P61966|AP1S1_HUMAN","AP-1 complex subunit sigma-1A OS=Homo sapiens OX=9606 GN=AP1S1 PE=1 SV=1",-2.1230374354082,7.82427585512794,-1.03040339538542,0.307750115537001,0.541454145268734,-5.31181416067965
2893,"Q99467|CD180_HUMAN","CD180 antigen OS=Homo sapiens OX=9606 GN=CD180 PE=1 SV=2",0.0105811065639774,9.9605968386253,0.00611582659511243,0.995144772245154,0.996996635045331,-5.79888104642771
2894,"P20338|RAB4A_HUMAN","Ras-related protein Rab-4A OS=Homo sapiens OX=9606 GN=RAB4A PE=1 SV=3",0.628505653232743,9.37747025839826,0.342744587820595,0.733218886407773,0.84257570537841,-5.74445651655174
2895,"P13984|T2FB_HUMAN","General transcription factor IIF subunit 2 OS=Homo sapiens OX=9606 GN=GTF2F2 PE=1 SV=2",-2.62735514907164,10.035670065169,-1.69535917858815,0.0961900407760124,0.386500097214807,-4.50517802493429
2896,"O75494|SRS10_HUMAN","Serine/arginine-rich splicing factor 10 OS=Homo sapiens OX=9606 GN=SRSF10 PE=1 SV=1",0.00384211257580347,10.8820410951828,0.00310941498864416,0.997531349510346,0.998023989096779,-5.79889392001113
2896,"Q8WXF0|SRS12_HUMAN","Serine/arginine-rich splicing factor 12 OS=Homo sapiens OX=9606 GN=SRSF12 PE=2 SV=1",1.44125050807163,4.08540805713381,0.787873975916041,0.434467756038531,0.635606996810415,-5.512776606108
2897,"Q6P1A2|MBOA5_HUMAN","Lysophospholipid acyltransferase 5 OS=Homo sapiens OX=9606 GN=LPCAT3 PE=1 SV=1",-4.6669807345619,8.23788438483147,-2.45656179781293,0.0175209330275096,0.292499164066587,-3.16819585772487
2898,"Q8WU79|SMAP2_HUMAN","Stromal membrane-associated protein 2 OS=Homo sapiens OX=9606 GN=SMAP2 PE=1 SV=1",1.46630007523699,8.75018611914746,0.750567452480045,0.456409994953259,0.652425059377509,-5.53907129316388
2899,"O96000|NDUBA_HUMAN","NADH dehydrogenase [ubiquinone] 1 beta subcomplex subunit 10 OS=Homo sapiens OX=9606 GN=NDUFB10 PE=1 SV=3",-1.92905801198324,11.9754817372854,-2.09380996774672,0.0413375500998515,0.348345476869979,-3.85590703026513
2900,"P62306|RUXF_HUMAN","Small nuclear ribonucleoprotein F OS=Homo sapiens OX=9606 GN=SNRPF PE=1 SV=1",-0.263837190480436,12.3036289761492,-0.313669316836602,0.755069368243064,0.858304701330043,-5.75329201434023
2901,"Q9BV44|THUM3_HUMAN","THUMP domain-containing protein 3 OS=Homo sapiens OX=9606 GN=THUMPD3 PE=1 SV=1",-3.01318484939335,7.68761486180679,-1.47365215006163,0.14680650081573,0.421420367594079,-4.81423787613701
2902,"O15260|SURF4_HUMAN","Surfeit locus protein 4 OS=Homo sapiens OX=9606 GN=SURF4 PE=1 SV=3",-0.615442873012819,14.6492791802157,-0.978496975462883,0.332511594361111,0.560214426830518,-5.3591629627471
2903,"Q9UPU7|TBD2B_HUMAN","TBC1 domain family member 2B OS=Homo sapiens OX=9606 GN=TBC1D2B PE=1 SV=2",-4.04535962705044,8.41024330472843,-2.10072135781302,0.0406985590240052,0.348345476869979,-3.84363324121399
2904,"Q9ULR0|ISY1_HUMAN","Pre-mRNA-splicing factor ISY1 homolog OS=Homo sapiens OX=9606 GN=ISY1 PE=1 SV=3",-1.44419942864432,10.1141914926923,-0.927543289910523,0.358074174230584,0.583014256979796,-5.40335749056371
2905,"Q8NB37|GALD1_HUMAN","Glutamine amidotransferase-like class 1 domain-containing protein 1 OS=Homo sapiens OX=9606 GN=GATD1 PE=1 SV=1",-0.0672258482408115,11.3691794272367,-0.0640553416543236,0.949180056123846,0.973361548029859,-5.79699454352862
2906,"P43003|EAA1_HUMAN","Excitatory amino acid transporter 1 OS=Homo sapiens OX=9606 GN=SLC1A3 PE=1 SV=1",2.13868449068393,3.97877339438622,1.16498634504515,0.24951992724826,0.495152235165204,-5.17821959397885
2907,"Q14562|DHX8_HUMAN","ATP-dependent RNA helicase DHX8 OS=Homo sapiens OX=9606 GN=DHX8 PE=1 SV=1",-2.27405569907253,7.19373139107155,-1.0928604593618,0.279661763871438,0.516732396822945,-5.25174910928921
2908,"Q8N0X4|CLYBL_HUMAN","Citramalyl-CoA lyase, mitochondrial OS=Homo sapiens OX=9606 GN=CLYBL PE=1 SV=2",-3.79660040388662,9.25641202156545,-2.15870540493941,0.0356689795213232,0.338634890255269,-3.73935596862686
2909,"P15848|ARSB_HUMAN","Arylsulfatase B OS=Homo sapiens OX=9606 GN=ARSB PE=1 SV=1",-0.0998703658147386,6.48215816462529,-0.0472498120337493,0.962501237499969,0.979143431238864,-5.79786246801928
2910,"Q969M3|YIPF5_HUMAN","Protein YIPF5 OS=Homo sapiens OX=9606 GN=YIPF5 PE=1 SV=1",-0.42705249509704,12.3859091592253,-0.524312672170532,0.602364146881826,0.748307580219217,-5.67171391752134
2911,"Q6PD74|AAGAB_HUMAN","Alpha- and gamma-adaptin-binding protein p34 OS=Homo sapiens OX=9606 GN=AAGAB PE=1 SV=1",-3.08924513178554,10.5984997904965,-2.14996455896642,0.0363903858024425,0.338634890255269,-3.75522378204659
2912,"Q9BYG3|MK67I_HUMAN","MKI67 FHA domain-interacting nucleolar phosphoprotein OS=Homo sapiens OX=9606 GN=NIFK PE=1 SV=1",-2.10344877433923,7.40588087172182,-1.03243894877703,0.306805357317445,0.540529417650791,-5.30990967826083
2913,"P53355|DAPK1_HUMAN","Death-associated protein kinase 1 OS=Homo sapiens OX=9606 GN=DAPK1 PE=1 SV=6",-2.09024333330584,6.76877416818661,-0.983140050594256,0.330244084035383,0.559296555850489,-5.3550230270464
2915,"Q13057|COASY_HUMAN","Bifunctional coenzyme A synthase OS=Homo sapiens OX=9606 GN=COASY PE=1 SV=4",-1.12344450109279,11.9547395892867,-1.23911781978052,0.221052896464177,0.476862311775177,-5.09803957248349
2916,"Q9H4L5|OSBL3_HUMAN","Oxysterol-binding protein-related protein 3 OS=Homo sapiens OX=9606 GN=OSBPL3 PE=1 SV=1",-2.50249641465772,7.8922494407468,-1.31822910889431,0.193398706421949,0.45893566311809,-5.00738347724952
2918,"Q15165|PON2_HUMAN","Serum paraoxonase/arylesterase 2 OS=Homo sapiens OX=9606 GN=PON2 PE=1 SV=4",-1.5269003403713,10.7290793616663,-1.06344099455239,0.292660974522303,0.528286176558071,-5.28046098305054
2919,"Q7L5N1|CSN6_HUMAN","COP9 signalosome complex subunit 6 OS=Homo sapiens OX=9606 GN=COPS6 PE=1 SV=1",-2.95635620296007,10.8887670233728,-2.22452872519251,0.0306285869108035,0.329885445628496,-3.61818937406893
2920,"P82933|RT09_HUMAN","28S ribosomal protein S9, mitochondrial OS=Homo sapiens OX=9606 GN=MRPS9 PE=1 SV=2",0.914362454411387,5.99978715945958,0.415041938687076,0.680039808990419,0.803335155794226,-5.71898312952579
2921,"Q9UBQ5|EIF3K_HUMAN","Eukaryotic translation initiation factor 3 subunit K OS=Homo sapiens OX=9606 GN=EIF3K PE=1 SV=1",-0.382665675649058,13.7818414419084,-0.567913258996108,0.572620398784688,0.729952824728607,-5.6497583119786
2922,"P08397|HEM3_HUMAN","Porphobilinogen deaminase OS=Homo sapiens OX=9606 GN=HMBS PE=1 SV=2",-1.38135079306132,6.85158005322327,-0.646289397253262,0.521030031429974,0.695406366708676,-5.6059508671385
2923,"O14744|ANM5_HUMAN","Protein arginine N-methyltransferase 5 OS=Homo sapiens OX=9606 GN=PRMT5 PE=1 SV=4",-2.90050697004006,9.86160237578428,-1.70904704465837,0.0936063911797392,0.385701893955712,-4.48483804037307
2924,"P20933|ASPG_HUMAN","N(4)-(beta-N-acetylglucosaminyl)-L-asparaginase OS=Homo sapiens OX=9606 GN=AGA PE=1 SV=2",-0.415072035399312,12.7655413743437,-0.536033952491991,0.59429777642104,0.743993896333424,-5.66598162671236
2926,"Q7Z3K3|POGZ_HUMAN","Pogo transposable element with ZNF domain OS=Homo sapiens OX=9606 GN=POGZ PE=1 SV=2",-2.8865361221664,8.72378087569272,-1.56849460348984,0.123035984716757,0.404516019980971,-4.68677543889342
2927,"A6NHR9|SMHD1_HUMAN","Structural maintenance of chromosomes flexible hinge domain-containing protein 1 OS=Homo sapiens OX=9606 GN=SMCHD1 PE=1 SV=2",0.428599430952156,7.31037668359815,0.202144791204455,0.84061892329217,0.918454008782186,-5.7799454414902
2929,"Q9BW91|NUDT9_HUMAN","ADP-ribose pyrophosphatase, mitochondrial OS=Homo sapiens OX=9606 GN=NUDT9 PE=1 SV=1",-0.687600739600383,7.11678453545717,-0.329295086527743,0.743299976812445,0.849273104898865,-5.74864043668635
2930,"Q96Q11|TRNT1_HUMAN","CCA tRNA nucleotidyltransferase 1, mitochondrial OS=Homo sapiens OX=9606 GN=TRNT1 PE=1 SV=2",-2.25746167998028,9.88281273401648,-1.42668983119944,0.159847476749474,0.433606604185981,-4.87467697664811
2931,"Q8WVT3|TPC12_HUMAN","Trafficking protein particle complex subunit 12 OS=Homo sapiens OX=9606 GN=TRAPPC12 PE=1 SV=3",-2.15302992109109,9.27583197695427,-1.11403707210121,0.271012675185901,0.510634451901932,-5.23031266533769
2932,"Q9BY43|CHM4A_HUMAN","Charged multivesicular body protein 4a OS=Homo sapiens OX=9606 GN=CHMP4A PE=1 SV=3",0.132620915994501,12.9702342165622,0.184794963748892,0.854132957116998,0.92474113001149,-5.78305808885327
2933,"P29558|RBMS1_HUMAN","RNA-binding motif, single-stranded-interacting protein 1 OS=Homo sapiens OX=9606 GN=RBMS1 PE=1 SV=3",-2.48949786930488,11.4689060447408,-1.970049500041,0.056601950488891,0.366768875860716,-4.08374293142487
2933,"Q6XE24|RBMS3_HUMAN","RNA-binding motif, single-stranded-interacting protein 3 OS=Homo sapiens OX=9606 GN=RBMS3 PE=1 SV=1",-2.48949784893943,11.468906034558,-1.97004948288648,0.0566019525343294,0.366768875860716,-4.08374295967011
2934,"Q8WUA2|PPIL4_HUMAN","Peptidyl-prolyl cis-trans isomerase-like 4 OS=Homo sapiens OX=9606 GN=PPIL4 PE=1 SV=1",-0.174930338100199,7.92709999729717,-0.0827886094925827,0.934348219483825,0.965739808331373,-5.79571821544825
2935,"O60888|CUTA_HUMAN","Protein CutA OS=Homo sapiens OX=9606 GN=CUTA PE=1 SV=2",0.1828835356896,13.0639735064347,0.255725340414717,0.799205834849743,0.888284196801107,-5.76857456413271
2937,"Q16644|MAPK3_HUMAN","MAP kinase-activated protein kinase 3 OS=Homo sapiens OX=9606 GN=MAPKAPK3 PE=1 SV=1",-5.95585066662515,8.48888703176346,-3.1936355940074,0.00242507481372019,0.172232339720537,-1.52727918035655
2938,"Q8TBC4|UBA3_HUMAN","NEDD8-activating enzyme E1 catalytic subunit OS=Homo sapiens OX=9606 GN=UBA3 PE=1 SV=2",-5.54603288346313,7.97311528220665,-2.79838786308772,0.00726213201764334,0.231688908148073,-2.44455540462874
2939,"Q9Y6A9|SPCS1_HUMAN","Signal peptidase complex subunit 1 OS=Homo sapiens OX=9606 GN=SPCS1 PE=1 SV=5",-1.38596794530354,13.8413568684568,-1.75901129910884,0.0869067248386962,0.377971753709499,-4.41566506236775
2940,"Q8TEA8|DTD1_HUMAN","D-aminoacyl-tRNA deacylase 1 OS=Homo sapiens OX=9606 GN=DTD1 PE=1 SV=2",-1.21337751962808,9.80484204554526,-0.741683431620572,0.46172835782589,0.655891832835129,-5.54514960011089
2941,"Q86X83|COMD2_HUMAN","COMM domain-containing protein 2 OS=Homo sapiens OX=9606 GN=COMMD2 PE=1 SV=2",-3.4698252522612,10.6971164518551,-2.50629419542302,0.0154783513373346,0.289051672030895,-3.06727156831879
2942,"Q5GLZ8|HERC4_HUMAN","Probable E3 ubiquitin-protein ligase HERC4 OS=Homo sapiens OX=9606 GN=HERC4 PE=1 SV=1",-4.37946253938055,9.17045823711775,-2.38084789713496,0.0210999236754199,0.298643451904919,-3.31886151908726
2943,"Q9HCE1|MOV10_HUMAN","Helicase MOV-10 OS=Homo sapiens OX=9606 GN=MOV10 PE=1 SV=2",-4.17997972747848,8.89331159061392,-2.33024619838025,0.023844551822428,0.315995337535993,-3.41750967649085
2944,"Q2TAY7|SMU1_HUMAN","WD40 repeat-containing protein SMU1 OS=Homo sapiens OX=9606 GN=SMU1 PE=1 SV=2",-4.77401341014276,9.26423758745125,-2.60949619783942,0.0119125994573348,0.283467214711275,-2.8530019302172
2946,"Q8N1N4|K2C78_HUMAN","Keratin, type II cytoskeletal 78 OS=Homo sapiens OX=9606 GN=KRT78 PE=1 SV=2",0.247124106489597,6.61545127166342,0.116784489454747,0.907495897923592,0.952046905099075,-5.79257064004578
2947,"Q9BUH6|PAXX_HUMAN","Protein PAXX OS=Homo sapiens OX=9606 GN=PAXX PE=1 SV=2",-2.21058831733913,9.58818742742517,-1.33681165895539,0.187299342664999,0.454663597208345,-4.98533409608288
2948,"Q4VC31|CCD58_HUMAN","Coiled-coil domain-containing protein 58 OS=Homo sapiens OX=9606 GN=CCDC58 PE=1 SV=1",-2.51303364656187,9.0189503152445,-1.39799839926368,0.168248360814145,0.438913198077846,-4.91072049228726
2949,"Q9H3K2|GHITM_HUMAN","Growth hormone-inducible transmembrane protein OS=Homo sapiens OX=9606 GN=GHITM PE=1 SV=2",-5.60283394410402,9.07998999481643,-3.12395506898857,0.00295918113288129,0.172232339720537,-1.69474221383845
2950,"Q15428|SF3A2_HUMAN","Splicing factor 3A subunit 2 OS=Homo sapiens OX=9606 GN=SF3A2 PE=1 SV=2",-3.43283238222144,8.95904620996379,-1.78615781692895,0.0801021330631199,0.375605864510613,-4.36757761153067
2952,"Q969S3|ZN622_HUMAN","Zinc finger protein 622 OS=Homo sapiens OX=9606 GN=ZNF622 PE=1 SV=1",-0.20994680293785,9.81438381773341,-0.124710214254469,0.901250055620964,0.949531308600658,-5.79168276157008
2953,"P28072|PSB6_HUMAN","Proteasome subunit beta type-6 OS=Homo sapiens OX=9606 GN=PSMB6 PE=1 SV=4",-2.25698006923626,11.6653936071414,-1.65546428260669,0.111058477620169,0.392573148240718,-4.57549523968475
2954,"Q14684|RRP1B_HUMAN","Ribosomal RNA processing protein 1 homolog B OS=Homo sapiens OX=9606 GN=RRP1B PE=1 SV=3",-2.18045928491985,5.68336481430846,-1.08053403287162,0.285058268949626,0.521778990380808,-5.26386971075212
2955,"P59768|GBG2_HUMAN","Guanine nucleotide-binding protein G(I)/G(S)/G(O) subunit gamma-2 OS=Homo sapiens OX=9606 GN=GNG2 PE=1 SV=2",-1.88637373349047,10.3194599853483,-1.0892863851618,0.283325704856098,0.520155077073834,-5.25375381742373
2956,"Q96GX9|MTNB_HUMAN","Methylthioribulose-1-phosphate dehydratase OS=Homo sapiens OX=9606 GN=APIP PE=1 SV=1",-1.3286381390964,10.31931728132,-0.86983703122648,0.388521660496365,0.604975702009344,-5.45065673378186
2958,"O00566|MPP10_HUMAN","U3 small nucleolar ribonucleoprotein protein MPP10 OS=Homo sapiens OX=9606 GN=MPHOSPH10 PE=1 SV=2",-2.09369082599245,8.44577739760128,-1.1076525628558,0.273280730348056,0.511525469625849,-5.23703177833712
2959,"P49006|MRP_HUMAN","MARCKS-related protein OS=Homo sapiens OX=9606 GN=MARCKSL1 PE=1 SV=2",5.0601988427276,8.63511607200298,2.82312286427901,0.00679650909160067,0.22691910587228,-2.38956958552732
2960,"O60869|EDF1_HUMAN","Endothelial differentiation-related factor 1 OS=Homo sapiens OX=9606 GN=EDF1 PE=1 SV=1",-2.18908173863863,10.0341140998961,-1.00093313037651,0.328208477838595,0.557850794810903,-5.33343104056675
2961,"Q8IVD9|NUDC3_HUMAN","NudC domain-containing protein 3 OS=Homo sapiens OX=9606 GN=NUDCD3 PE=1 SV=3",-3.82286096259844,9.23710933397295,-2.15065379100787,0.0363330399963854,0.338634890255269,-3.75397448052493
2962,"Q6BDS2|URFB1_HUMAN","UHRF1-binding protein 1 OS=Homo sapiens OX=9606 GN=UHRF1BP1 PE=1 SV=1",-2.01348173225874,8.43732933921668,-1.04824013006951,0.299538915180762,0.534734370968983,-5.29500399113752
2963,"P17813|EGLN_HUMAN","Endoglin OS=Homo sapiens OX=9606 GN=ENG PE=1 SV=2",-6.29078641323583,8.03589149400283,-3.28377081601175,0.00186818799246563,0.158937088200598,-1.30724562020276
2964,"Q9Y5W9|SNX11_HUMAN","Sorting nexin-11 OS=Homo sapiens OX=9606 GN=SNX11 PE=1 SV=2",-1.0358595001101,9.90575492326977,-0.690036235180851,0.493343088564979,0.674762998554895,-5.57908417391031
2965,"P62166|NCS1_HUMAN","Neuronal calcium sensor 1 OS=Homo sapiens OX=9606 GN=NCS1 PE=1 SV=2",-5.66548613077769,7.48855040710381,-2.95157415493609,0.0047925300680041,0.208499262655491,-2.0986666375771
2966,"P12694|ODBA_HUMAN","2-oxoisovalerate dehydrogenase subunit alpha, mitochondrial OS=Homo sapiens OX=9606 GN=BCKDHA PE=1 SV=2",-2.72787949665414,8.76084306003923,-1.47936211345659,0.145279717934031,0.421346038038661,-4.80676780468342
2967,"Q14320|FA50A_HUMAN","Protein FAM50A OS=Homo sapiens OX=9606 GN=FAM50A PE=1 SV=2",-1.4422419792221,10.3923711389312,-0.990300317450848,0.32676752398311,0.556629240025046,-5.34860184465784
2967,"Q9Y247|FA50B_HUMAN","Protein FAM50B OS=Homo sapiens OX=9606 GN=FAM50B PE=1 SV=1",0.135404668206099,7.70835976536225,0.0626902325170578,0.950272053043502,0.97401754699152,-5.7970733325387
2968,"Q9NXU5|ARL15_HUMAN","ADP-ribosylation factor-like protein 15 OS=Homo sapiens OX=9606 GN=ARL15 PE=1 SV=1",-2.11420594639123,10.5799670659191,-1.46473456430425,0.149216218879206,0.423261066143431,-4.82585174837367
2969,"Q9NTZ6|RBM12_HUMAN","RNA-binding protein 12 OS=Homo sapiens OX=9606 GN=RBM12 PE=1 SV=1",-2.8305502046941,10.2197695477856,-1.86146552466335,0.0685269672271962,0.374885133083069,-4.24872912818157
2970,"Q8NEQ5|CA162_HUMAN","Transmembrane protein C1orf162 OS=Homo sapiens OX=9606 GN=C1orf162 PE=2 SV=1",-2.10092868013417,9.8575834016655,-1.29720063074238,0.200480790784118,0.464731305655111,-5.03198979578288
2972,"P42574|CASP3_HUMAN","Caspase-3 OS=Homo sapiens OX=9606 GN=CASP3 PE=1 SV=2",-1.10150620806869,11.8528032147899,-1.19747471346915,0.236734485581465,0.486431300737797,-5.14365210951544
2973,"Q7L7X3|TAOK1_HUMAN","Serine/threonine-protein kinase TAO1 OS=Homo sapiens OX=9606 GN=TAOK1 PE=1 SV=1",-3.42675443440964,6.57247909227504,-1.66337198532407,0.102457386298976,0.387024448867313,-4.55214729399375
2976,"O75190|DNJB6_HUMAN","DnaJ homolog subfamily B member 6 OS=Homo sapiens OX=9606 GN=DNAJB6 PE=1 SV=2",-0.048797340733973,9.94275608625639,-0.0296633272900335,0.976452947914663,0.985144728664431,-5.79849010599162
2976,"Q8WWF6|DNJB3_HUMAN","DnaJ homolog subfamily B member 3 OS=Homo sapiens OX=9606 GN=DNAJB3 PE=1 SV=1",-0.247621031688086,5.03075713602242,-0.120370048359696,0.904669555475652,0.9515047070656,-5.79217618253154
2977,"O14786|NRP1_HUMAN","Neuropilin-1 OS=Homo sapiens OX=9606 GN=NRP1 PE=1 SV=3",-2.18259262919714,11.0176143299627,-1.65792401829992,0.103557475977004,0.387142333108459,-4.56006804443241
2978,"Q8WVX9|FACR1_HUMAN","Fatty acyl-CoA reductase 1 OS=Homo sapiens OX=9606 GN=FAR1 PE=1 SV=1",-3.6286700911306,7.73020359532454,-1.87131872428727,0.0671226982044536,0.373504631469922,-4.23286655540826
2979,"O75348|VATG1_HUMAN","V-type proton ATPase subunit G 1 OS=Homo sapiens OX=9606 GN=ATP6V1G1 PE=1 SV=3",-0.697297348308409,14.6814543832669,-1.14443863021731,0.257858700363972,0.501168664675302,-5.1996195441719
2980,"P84090|ERH_HUMAN","Enhancer of rudimentary homolog OS=Homo sapiens OX=9606 GN=ERH PE=1 SV=1",-1.07091033329252,10.3629801718922,-0.683955935407781,0.497142098995319,0.677806590811282,-5.58292151702267
2981,"O75431|MTX2_HUMAN","Metaxin-2 OS=Homo sapiens OX=9606 GN=MTX2 PE=1 SV=1",-1.73935959128094,10.9299489032922,-1.42780541248384,0.159527552086439,0.433504994781357,-4.87326198911898
2982,"P53985|MOT1_HUMAN","Monocarboxylate transporter 1 OS=Homo sapiens OX=9606 GN=SLC16A1 PE=1 SV=3",-1.76482637147904,7.58541619516879,-0.868828997115545,0.389067584635957,0.605388037220761,-5.45145688456153
2983,"O75427|LRCH4_HUMAN","Leucine-rich repeat and calponin homology domain-containing protein 4 OS=Homo sapiens OX=9606 GN=LRCH4 PE=1 SV=2",-0.757457209885024,12.277958647392,-0.920927828698008,0.361484161009829,0.583988102576645,-5.40892857649397
2985,"Q96AT9|RPE_HUMAN","Ribulose-phosphate 3-epimerase OS=Homo sapiens OX=9606 GN=RPE PE=1 SV=1",-1.79437748175722,11.9175062108056,-1.95595283122825,0.0560358044137133,0.366768875860716,-4.09367708735597
2986,"O95372|LYPA2_HUMAN","Acyl-protein thioesterase 2 OS=Homo sapiens OX=9606 GN=LYPLA2 PE=1 SV=1",-2.00267197276094,9.19144372632265,-1.05822158779913,0.295010186377443,0.530969023287776,-5.28547698986687
2988,"Q9Y2Q5|LTOR2_HUMAN","Ragulator complex protein LAMTOR2 OS=Homo sapiens OX=9606 GN=LAMTOR2 PE=1 SV=1",1.29076010768008,13.4189645547747,0.646022848928752,0.532240526343825,0.70343758759985,-5.59520789548322
2989,"P09132|SRP19_HUMAN","Signal recognition particle 19 kDa protein OS=Homo sapiens OX=9606 GN=SRP19 PE=1 SV=3",-2.19279500174433,10.7769316657367,-1.76964328863162,0.0828483853223883,0.375605864510613,-4.39307101976597
2990,"Q7LBC6|KDM3B_HUMAN","Lysine-specific demethylase 3B OS=Homo sapiens OX=9606 GN=KDM3B PE=1 SV=2",-1.65290554712916,5.19322624525383,-0.823460516330714,0.414133551878802,0.621705544768909,-5.48653805230768
2991,"Q9UHQ9|NB5R1_HUMAN","NADH-cytochrome b5 reductase 1 OS=Homo sapiens OX=9606 GN=CYB5R1 PE=1 SV=1",-2.07080595622879,11.1467804637795,-1.596655760913,0.116859891614358,0.397183386043333,-4.64788114790039
2992,"Q9UNX3|RL26L_HUMAN","60S ribosomal protein L26-like 1 OS=Homo sapiens OX=9606 GN=RPL26L1 PE=1 SV=1",-3.44363014982507,10.6726342723841,-1.8196378666528,0.083043270479655,0.375605864510613,-4.34326460839094
2992,"P61254|RL26_HUMAN","60S ribosomal protein L26 OS=Homo sapiens OX=9606 GN=RPL26 PE=1 SV=1",-3.44363014982507,10.6726342723841,-1.8196378666528,0.083043270479655,0.375605864510613,-4.34326460839094
2993,"O14737|PDCD5_HUMAN","Programmed cell death protein 5 OS=Homo sapiens OX=9606 GN=PDCD5 PE=1 SV=3",-1.61135573316704,12.0666885336378,-1.80078361013559,0.0777339737833124,0.375605864510613,-4.34482801928156
2995,"Q9NSI8|SAMN1_HUMAN","SAM domain-containing protein SAMSN-1 OS=Homo sapiens OX=9606 GN=SAMSN1 PE=1 SV=1",2.3469250745641,6.64494407414059,1.12832219492709,0.264537084777424,0.50615957398564,-5.21615265033585
2995,"O94885|SASH1_HUMAN","SAM and SH3 domain-containing protein 1 OS=Homo sapiens OX=9606 GN=SASH1 PE=1 SV=3",1.11732524678912,5.75306722103156,0.549199986823606,0.58529828290776,0.738394758196755,-5.65939355084458
2996,"O95630|STABP_HUMAN","STAM-binding protein OS=Homo sapiens OX=9606 GN=STAMBP PE=1 SV=1",-3.01015759266051,9.20589749516442,-1.68290639303452,0.098591354885966,0.386522542993734,-4.52355737575417
2997,"Q9H3M7|TXNIP_HUMAN","Thioredoxin-interacting protein OS=Homo sapiens OX=9606 GN=TXNIP PE=1 SV=1",1.08186878125488,6.06216601591002,0.515967008892249,0.608138268906825,0.753307887311387,-5.675719033697
2998,"Q5QJE6|TDIF2_HUMAN","Deoxynucleotidyltransferase terminal-interacting protein 2 OS=Homo sapiens OX=9606 GN=DNTTIP2 PE=1 SV=2",-1.04122259795915,7.70803412083854,-0.523124158363105,0.603184890277965,0.748895163570826,-5.67228816803508
2999,"Q9NVH1|DJC11_HUMAN","DnaJ homolog subfamily C member 11 OS=Homo sapiens OX=9606 GN=DNAJC11 PE=1 SV=2",-1.51996407397753,6.14585178532832,-0.721029976916181,0.474229188758095,0.663249469335645,-5.55900712579785
3000,"O15121|DEGS1_HUMAN","Sphingolipid delta(4)-desaturase DES1 OS=Homo sapiens OX=9606 GN=DEGS1 PE=1 SV=1",-0.207854341364049,12.3155825676695,-0.251699935791596,0.802298581355636,0.890205987780086,-5.76952106367297
3001,"Q96T37|RBM15_HUMAN","RNA-binding protein 15 OS=Homo sapiens OX=9606 GN=RBM15 PE=1 SV=2",-2.29445976497687,8.68481014488066,-1.23043562507075,0.224257450138295,0.478630742193082,-5.10766986625504
3002,"Q5J8M3|EMC4_HUMAN","ER membrane protein complex subunit 4 OS=Homo sapiens OX=9606 GN=EMC4 PE=1 SV=2",-0.64755506245227,12.251358461164,-0.777739044111603,0.440365847892633,0.638174867723274,-5.52004292061219
3003,"P18433|PTPRA_HUMAN","Receptor-type tyrosine-protein phosphatase alpha OS=Homo sapiens OX=9606 GN=PTPRA PE=1 SV=3",-0.166943315345081,5.53569614425134,-0.0842308130179433,0.933207276897613,0.965255461478871,-5.79560645910741
3004,"Q8WXX5|DNJC9_HUMAN","DnaJ homolog subfamily C member 9 OS=Homo sapiens OX=9606 GN=DNAJC9 PE=1 SV=1",-3.56328492260835,9.64542901386191,-2.03347842245218,0.047296831176409,0.354698763841406,-3.96162581471539
3005,"Q9H7D7|WDR26_HUMAN","WD repeat-containing protein 26 OS=Homo sapiens OX=9606 GN=WDR26 PE=1 SV=3",-3.8952435336136,7.52076610536348,-2.01978578956725,0.0487486208306804,0.355864932063967,-3.98526133218751
3006,"Q08554|DSC1_HUMAN","Desmocollin-1 OS=Homo sapiens OX=9606 GN=DSC1 PE=1 SV=2",0.100074776943041,4.85238009224033,0.0498340002130589,0.960452039998046,0.978166691007705,-5.79774605728072
3007,"Q5VT52|RPRD2_HUMAN","Regulation of nuclear pre-mRNA domain-containing protein 2 OS=Homo sapiens OX=9606 GN=RPRD2 PE=1 SV=1",-2.79793057096859,5.90424102097806,-1.36541625730689,0.178197936245279,0.446220064772336,-4.95083554537432
3008,"P61619|S61A1_HUMAN","Protein transport protein Sec61 subunit alpha isoform 1 OS=Homo sapiens OX=9606 GN=SEC61A1 PE=1 SV=2",-5.7428781949616,7.60397246518686,-2.95736009960104,0.00471674635751965,0.207296189406501,-2.08535607490959
3009,"O95777|LSM8_HUMAN","U6 snRNA-associated Sm-like protein LSm8 OS=Homo sapiens OX=9606 GN=LSM8 PE=1 SV=3",-2.32823307748959,10.8370899753762,-1.69371110180611,0.0965050509675732,0.386500097214807,-4.50761732220897
3010,"Q13572|ITPK1_HUMAN","Inositol-tetrakisphosphate 1-kinase OS=Homo sapiens OX=9606 GN=ITPK1 PE=1 SV=2",-1.23455953152015,10.3129986948893,-0.90009554181252,0.372358758700178,0.592525051506009,-5.42622084696292
3011,"Q00577|PURA_HUMAN","Transcriptional activator protein Pur-alpha OS=Homo sapiens OX=9606 GN=PURA PE=1 SV=2",2.1651819163663,3.89547339228286,1.19399089284554,0.238082236891339,0.486781837532565,-5.14740167733111
3013,"P49961|ENTP1_HUMAN","Ectonucleoside triphosphate diphosphohydrolase 1 OS=Homo sapiens OX=9606 GN=ENTPD1 PE=1 SV=1",-1.57992207189901,6.01883312593551,-0.780152314152613,0.438957154051908,0.637248318053059,-5.51832101885926
3014,"P49662|CASP4_HUMAN","Caspase-4 OS=Homo sapiens OX=9606 GN=CASP4 PE=1 SV=1",-0.199099434738868,6.21878468017057,-0.0937243102231766,0.92570050855354,0.961647875142329,-5.79482265725929
3015,"Q9Y6M9|NDUB9_HUMAN","NADH dehydrogenase [ubiquinone] 1 beta subcomplex subunit 9 OS=Homo sapiens OX=9606 GN=NDUFB9 PE=1 SV=3",-0.383848226402499,9.87792706774587,-0.219346425458665,0.827267903864379,0.91053274985066,-5.77658432173638
3016,"Q2NL82|TSR1_HUMAN","Pre-rRNA-processing protein TSR1 homolog OS=Homo sapiens OX=9606 GN=TSR1 PE=1 SV=1",-5.6365371598708,7.13228081085902,-2.93904326497415,0.00496056447201361,0.211536150306561,-2.12743363921646
3017,"Q6RW13|ATRAP_HUMAN","Type-1 angiotensin II receptor-associated protein OS=Homo sapiens OX=9606 GN=AGTRAP PE=1 SV=1",-0.131745621596068,12.9172413062011,-0.176979398322211,0.860235304852684,0.92741763654581,-5.78436918477515
3018,"O75506|HSBP1_HUMAN","Heat shock factor-binding protein 1 OS=Homo sapiens OX=9606 GN=HSBP1 PE=1 SV=1",-2.62598485505745,10.4782796027114,-1.64602129709247,0.107031951770555,0.38869023294754,-4.57904329338185
3019,"P98179|RBM3_HUMAN","RNA-binding protein 3 OS=Homo sapiens OX=9606 GN=RBM3 PE=1 SV=1",-0.0635703133797101,12.5911529524424,-0.0679670384336073,0.946184679831129,0.972023144473485,-5.79673888639566
3021,"Q9P287|BCCIP_HUMAN","BRCA2 and CDKN1A-interacting protein OS=Homo sapiens OX=9606 GN=BCCIP PE=1 SV=1",-1.01485102462391,12.6587683279261,-1.32845314115017,0.190024523028304,0.456716306184657,-4.99528737491261
3022,"Q9H082|RB33B_HUMAN","Ras-related protein Rab-33B OS=Homo sapiens OX=9606 GN=RAB33B PE=1 SV=1",-1.50963071955588,5.59624577017105,-0.726080071861361,0.471154957426185,0.662328640085603,-5.55565406392196
3024,"Q15438|CYH1_HUMAN","Cytohesin-1 OS=Homo sapiens OX=9606 GN=CYTH1 PE=1 SV=1",-1.17656302377744,7.03015895598734,-0.553676569034704,0.582253285813712,0.736494831717961,-5.65711759552667
3025,"Q5VIR6|VPS53_HUMAN","Vacuolar protein sorting-associated protein 53 homolog OS=Homo sapiens OX=9606 GN=VPS53 PE=1 SV=2",0.869352994837657,4.92661004702247,0.427994733197975,0.670482014890448,0.798047655065799,-5.71406627739802
3026,"P07902|GALT_HUMAN","Galactose-1-phosphate uridylyltransferase OS=Homo sapiens OX=9606 GN=GALT PE=1 SV=3",-0.506681385078025,10.5712828334875,-0.381726268683208,0.704272350288191,0.820032714974652,-5.73138912976771
3027,"Q9HD26|GOPC_HUMAN","Golgi-associated PDZ and coiled-coil motif-containing protein OS=Homo sapiens OX=9606 GN=GOPC PE=1 SV=1",-2.57107841155457,6.91080821032743,-1.2842090325599,0.204952594654276,0.467051180058524,-5.0470080461669
3028,"Q9Y3C1|NOP16_HUMAN","Nucleolar protein 16 OS=Homo sapiens OX=9606 GN=NOP16 PE=1 SV=2",0.248250617529414,7.35402063077342,0.11871631254299,0.90597297227055,0.951670495220349,-5.79235959579012
3029,"P51688|SPHM_HUMAN","N-sulphoglucosamine sulphohydrolase OS=Homo sapiens OX=9606 GN=SGSH PE=1 SV=1",4.47308224928307,8.58994090819755,2.39706830865215,0.0202821309693934,0.29753639723681,-3.28689069826329
3030,"Q86WA9|S2611_HUMAN","Sodium-independent sulfate anion transporter OS=Homo sapiens OX=9606 GN=SLC26A11 PE=1 SV=2",-2.77706746541788,9.89335322883533,-1.74973670655486,0.0862627252414964,0.377971753709499,-4.42352614102848
3031,"P52756|RBM5_HUMAN","RNA-binding protein 5 OS=Homo sapiens OX=9606 GN=RBM5 PE=1 SV=2",-1.36875411925361,7.5889200021799,-0.673227744191355,0.503884112211018,0.682676587383723,-5.58961101359053
3032,"Q8N1I0|DOCK4_HUMAN","Dedicator of cytokinesis protein 4 OS=Homo sapiens OX=9606 GN=DOCK4 PE=1 SV=3",-4.16714725392153,6.70934220011113,-2.05070438478752,0.045523723309926,0.354558184983456,-3.93170238646912
3033,"O94886|CSCL1_HUMAN","CSC1-like protein 1 OS=Homo sapiens OX=9606 GN=TMEM63A PE=1 SV=3",-3.28454243254325,8.20676315485588,-1.61777253677262,0.111966448625527,0.393650084368574,-4.61773146661368
3034,"Q71UM5|RS27L_HUMAN","40S ribosomal protein S27-like OS=Homo sapiens OX=9606 GN=RPS27L PE=1 SV=3",-1.59085468276795,10.6338940522258,-1.10880570796933,0.272787628149247,0.511302948474156,-5.23587657856054
3036,"Q6PL24|TMED8_HUMAN","Protein TMED8 OS=Homo sapiens OX=9606 GN=TMED8 PE=1 SV=1",-0.255196523248788,11.7541246254016,-0.268916744495049,0.789093752020504,0.882760205182419,-5.76536791981252
3037,"Q4G0J3|LARP7_HUMAN","La-related protein 7 OS=Homo sapiens OX=9606 GN=LARP7 PE=1 SV=1",0.31555539889438,5.55722081432209,0.160405895791623,0.873203828616314,0.932445041036632,-5.78696226720102
3038,"P54725|RD23A_HUMAN","UV excision repair protein RAD23 homolog A OS=Homo sapiens OX=9606 GN=RAD23A PE=1 SV=1",-1.08054064603666,12.477196167748,-1.17156734513683,0.24782581598655,0.494353920796247,-5.17076186958137
3039,"Q96EY1|DNJA3_HUMAN","DnaJ homolog subfamily A member 3, mitochondrial OS=Homo sapiens OX=9606 GN=DNAJA3 PE=1 SV=2",-3.46800708133202,9.15266115119382,-1.96970933235901,0.0543908243047277,0.366768875860716,-4.07056031652628
3041,"Q9UGV2|NDRG3_HUMAN","Protein NDRG3 OS=Homo sapiens OX=9606 GN=NDRG3 PE=1 SV=2",-3.19673925682447,9.25369981289179,-1.81326617445712,0.0757595536438012,0.375605864510613,-4.32528487736695
3043,"P49841|GSK3B_HUMAN","Glycogen synthase kinase-3 beta OS=Homo sapiens OX=9606 GN=GSK3B PE=1 SV=2",0.0983803085761128,5.91108919417819,0.0476329839441687,0.962197375173217,0.979143431238864,-5.79784559844065
3045,"P48736|PK3CG_HUMAN","Phosphatidylinositol 4,5-bisphosphate 3-kinase catalytic subunit gamma isoform OS=Homo sapiens OX=9606 GN=PIK3CG PE=1 SV=3",-3.9460165898684,6.74483077671592,-1.89338947799301,0.0640655218470454,0.370880539515032,-4.19707488157231
3047,"Q99519|NEUR1_HUMAN","Sialidase-1 OS=Homo sapiens OX=9606 GN=NEU1 PE=1 SV=1",-2.5861442524901,9.26302514747142,-1.45514655114188,0.151841673791389,0.424663694168514,-4.83826712766065
3048,"Q99442|SEC62_HUMAN","Translocation protein SEC62 OS=Homo sapiens OX=9606 GN=SEC62 PE=1 SV=1",-3.75731071894809,8.2065450677717,-1.94733462341495,0.05708795089424,0.366768875860716,-4.10808958181762
3049,"Q9UFG5|CS025_HUMAN","UPF0449 protein C19orf25 OS=Homo sapiens OX=9606 GN=C19orf25 PE=1 SV=2",-1.46720400600449,8.05579257923428,-0.75579731247225,0.453295830532631,0.649266758265395,-5.53546008120382
3050,"Q16595|FRDA_HUMAN","Frataxin, mitochondrial OS=Homo sapiens OX=9606 GN=FXN PE=1 SV=2",-2.14776463297389,10.8521086782982,-1.57954034616554,0.120481048807168,0.401945683355904,-4.6714654386908
3051,"Q99933|BAG1_HUMAN","BAG family molecular chaperone regulator 1 OS=Homo sapiens OX=9606 GN=BAG1 PE=1 SV=4",-0.677379498281301,12.0555760236869,-0.769148345220777,0.44540210524421,0.642017023857701,-5.52613032041385
3053,"Q8WVY7|UBCP1_HUMAN","Ubiquitin-like domain-containing CTD phosphatase 1 OS=Homo sapiens OX=9606 GN=UBLCP1 PE=1 SV=2",-3.13244145140343,8.97493384575607,-1.69080698724762,0.0970622061953154,0.386522542993734,-4.51191057258848
3054,"Q9BYD2|RM09_HUMAN","39S ribosomal protein L9, mitochondrial OS=Homo sapiens OX=9606 GN=MRPL9 PE=1 SV=2",-2.52865522603386,8.82581742269525,-1.41537191463419,0.163121523301311,0.435365136457156,-4.88897521294697
3055,"Q99797|MIPEP_HUMAN","Mitochondrial intermediate peptidase OS=Homo sapiens OX=9606 GN=MIPEP PE=1 SV=2",-4.16749342899346,8.98393611241029,-2.20554545124099,0.0320133266333016,0.334616374698208,-3.65343505905025
3056,"P62847|RS24_HUMAN","40S ribosomal protein S24 OS=Homo sapiens OX=9606 GN=RPS24 PE=1 SV=1",-0.938527160800687,14.0903833244858,-1.41102379034018,0.164393110444806,0.437062423880112,-4.89444057762611
3057,"Q8N6G5|CGAT2_HUMAN","Chondroitin sulfate N-acetylgalactosaminyltransferase 2 OS=Homo sapiens OX=9606 GN=CSGALNACT2 PE=1 SV=1",-2.23957550504713,8.25680884143705,-1.19172494353682,0.238961832291772,0.487715274924449,-5.14983496349864
3058,"Q9H3K6|BOLA2_HUMAN","BolA-like protein 2 OS=Homo sapiens OX=9606 GN=BOLA2 PE=1 SV=1",-0.948763630483127,7.21665429927408,-0.437155762048643,0.663869588876944,0.794173121425261,-5.71040340412619
3059,"Q9BZZ2|SN_HUMAN","Sialoadhesin OS=Homo sapiens OX=9606 GN=SIGLEC1 PE=1 SV=2",3.72966625687863,6.94966303268479,1.74788794653854,0.0865856795259805,0.377971753709499,-4.42633928558807
3060,"Q96EY7|PTCD3_HUMAN","Pentatricopeptide repeat domain-containing protein 3, mitochondrial OS=Homo sapiens OX=9606 GN=PTCD3 PE=1 SV=3",-0.501626422497656,11.5560861551428,-0.486932089536019,0.628421728422888,0.768051187377235,-5.68915778930906
3061,"P11388|TOP2A_HUMAN","DNA topoisomerase 2-alpha OS=Homo sapiens OX=9606 GN=TOP2A PE=1 SV=3",1.71958282605419,3.16340881696451,1.03941180707492,0.303584067599778,0.538480889020987,-5.30335861660215
3062,"P19623|SPEE_HUMAN","Spermidine synthase OS=Homo sapiens OX=9606 GN=SRM PE=1 SV=1",-1.18449459270572,11.265144789733,-1.09416267013196,0.279095861122901,0.515908100367525,-5.25046101820862
3063,"Q8NCW5|NNRE_HUMAN","NAD(P)H-hydrate epimerase OS=Homo sapiens OX=9606 GN=NAXE PE=1 SV=2",-1.6470253847753,12.9948561778231,-2.15215786329256,0.0362081728293278,0.338634890255269,-3.75124706687782
3064,"Q12972|PP1R8_HUMAN","Nuclear inhibitor of protein phosphatase 1 OS=Homo sapiens OX=9606 GN=PPP1R8 PE=1 SV=2",-1.84979067948336,10.9087925541188,-1.34423426462903,0.184904311822847,0.453547627886719,-4.97644689532663
3065,"Q9H993|ARMT1_HUMAN","Damage-control phosphatase ARMT1 OS=Homo sapiens OX=9606 GN=ARMT1 PE=1 SV=1",-2.14152047596291,8.49866826597973,-1.14889799152196,0.256032269212246,0.500558775985993,-5.19500576466778
3066,"Q8N8N7|PTGR2_HUMAN","Prostaglandin reductase 2 OS=Homo sapiens OX=9606 GN=PTGR2 PE=1 SV=1",-3.21953008305994,10.0751605988737,-2.10422444891607,0.0403779867267533,0.348345476869979,-3.83739946453278
3067,"Q5W0Z9|ZDH20_HUMAN","Palmitoyltransferase ZDHHC20 OS=Homo sapiens OX=9606 GN=ZDHHC20 PE=1 SV=1",-0.520223796196768,7.08346083851977,-0.249163459020077,0.804249017317752,0.891608884835923,-5.77010977789037
3068,"P62266|RS23_HUMAN","40S ribosomal protein S23 OS=Homo sapiens OX=9606 GN=RPS23 PE=1 SV=3",-2.65363501539721,10.965535897907,-2.02126208863486,0.0485902613306842,0.355864932063967,-3.98271943256264
3069,"O60306|AQR_HUMAN","RNA helicase aquarius OS=Homo sapiens OX=9606 GN=AQR PE=1 SV=4",-0.933500658062176,11.6647593584084,-0.604146604070188,0.553315915365274,0.717594594242167,-5.62548860712978
3070,"Q9Y3A3|PHOCN_HUMAN","MOB-like protein phocein OS=Homo sapiens OX=9606 GN=MOB4 PE=1 SV=1",-0.982853558971815,9.69589303605197,-0.582923855043917,0.562549021207278,0.723905214642319,-5.64179949103877
3071,"Q92508|PIEZ1_HUMAN","Piezo-type mechanosensitive ion channel component 1 OS=Homo sapiens OX=9606 GN=PIEZO1 PE=1 SV=4",-2.2259436936335,7.33391870103299,-1.08095199892024,0.284874103279181,0.521778990380808,-5.26346086348893
3072,"Q96E11|RRFM_HUMAN","Ribosome-recycling factor, mitochondrial OS=Homo sapiens OX=9606 GN=MRRF PE=1 SV=1",-1.17847386897867,7.17627254859507,-0.554076805369082,0.581981414248363,0.736367200695564,-5.656913221982
3073,"P82970|HMGN5_HUMAN","High mobility group nucleosome-binding domain-containing protein 5 OS=Homo sapiens OX=9606 GN=HMGN5 PE=1 SV=1",1.10252392717701,7.09114059228161,0.536293093876961,0.594120016033363,0.743993896333424,-5.6658534792964
3074,"Q13427|PPIG_HUMAN","Peptidyl-prolyl cis-trans isomerase G OS=Homo sapiens OX=9606 GN=PPIG PE=1 SV=2",-0.92022080961852,6.14678979938828,-0.429443328597188,0.669434650656241,0.797360354086402,-5.7134922043138
3075,"O60879|DIAP2_HUMAN","Protein diaphanous homolog 2 OS=Homo sapiens OX=9606 GN=DIAPH2 PE=1 SV=1",-1.8511397915874,6.44564660083108,-0.880720767598662,0.38265796264206,0.600402764637365,-5.44196035689678
3076,"P31151|S10A7_HUMAN","Protein S100-A7 OS=Homo sapiens OX=9606 GN=S100A7 PE=1 SV=4",-3.49814838623964,11.3003758276797,-2.68610607849629,0.0105692957450781,0.271939923252938,-2.73457186522262
3077,"O60462|NRP2_HUMAN","Neuropilin-2 OS=Homo sapiens OX=9606 GN=NRP2 PE=1 SV=3",-2.46870443077537,6.01647067865193,-1.21770214428254,0.229018982946994,0.484234049854051,-5.12167913597913
3078,"Q6P589|TP8L2_HUMAN","Tumor necrosis factor alpha-induced protein 8-like protein 2 OS=Homo sapiens OX=9606 GN=TNFAIP8L2 PE=1 SV=1",0.176571091278109,7.06928508083876,0.0794983729488382,0.936971094368791,0.966826665895156,-5.79596243755823
3080,"Q7Z478|DHX29_HUMAN","ATP-dependent RNA helicase DHX29 OS=Homo sapiens OX=9606 GN=DHX29 PE=1 SV=2",-3.11704341777152,5.86007330406587,-1.58551832209434,0.119116253757388,0.400662094185313,-4.66313946557938
3081,"Q8IVH4|MMAA_HUMAN","Methylmalonic aciduria type A protein, mitochondrial OS=Homo sapiens OX=9606 GN=MMAA PE=1 SV=1",-1.58280135578394,8.64271576716482,-0.880880464677803,0.382572342499401,0.600402764637365,-5.4418319764905
3082,"O75937|DNJC8_HUMAN","DnaJ homolog subfamily C member 8 OS=Homo sapiens OX=9606 GN=DNAJC8 PE=1 SV=2",-1.77842777382579,7.88793697559847,-0.854425281329358,0.396920690257308,0.609849204117461,-5.4627920459739
3083,"O00471|EXOC5_HUMAN","Exocyst complex component 5 OS=Homo sapiens OX=9606 GN=EXOC5 PE=1 SV=1",-4.93442064570527,9.12080557484272,-2.69878480029974,0.00945105926664933,0.262617498461024,-2.66249376941568
3084,"Q2TAA2|IAH1_HUMAN","Isoamyl acetate-hydrolyzing esterase 1 homolog OS=Homo sapiens OX=9606 GN=IAH1 PE=1 SV=1",-3.65492172446444,9.47161257033172,-1.93389920242418,0.05927128942762,0.366887115993354,-4.13325065286287
3085,"P82909|RT36_HUMAN","28S ribosomal protein S36, mitochondrial OS=Homo sapiens OX=9606 GN=MRPS36 PE=1 SV=2",-0.314493987100901,14.1173891308318,-0.478559823123781,0.634325533700148,0.772854334836361,-5.69288983670877
3088,"Q658P3|STEA3_HUMAN","Metalloreductase STEAP3 OS=Homo sapiens OX=9606 GN=STEAP3 PE=1 SV=2",-1.71482315519207,6.88041329624694,-0.803628270921536,0.425393337164911,0.627588108541716,-5.50129970358202
3090,"P62899|RL31_HUMAN","60S ribosomal protein L31 OS=Homo sapiens OX=9606 GN=RPL31 PE=1 SV=1",-0.947384791531116,15.617956833349,-1.61519853521879,0.112523928204642,0.393708504099409,-4.62138516920556
3091,"P54619|AAKG1_HUMAN","5'-AMP-activated protein kinase subunit gamma-1 OS=Homo sapiens OX=9606 GN=PRKAG1 PE=1 SV=1",-5.40486853777091,7.26253826743642,-2.75933072754118,0.00805771843645803,0.243297543272581,-2.53068457184615
3092,"Q9NYK5|RM39_HUMAN","39S ribosomal protein L39, mitochondrial OS=Homo sapiens OX=9606 GN=MRPL39 PE=1 SV=3",-2.95749033183757,10.1479961675996,-1.78506639383697,0.080281248358193,0.375605864510613,-4.36926879470969
3093,"P55011|S12A2_HUMAN","Solute carrier family 12 member 2 OS=Homo sapiens OX=9606 GN=SLC12A2 PE=1 SV=1",-0.163769870591746,6.47425035599473,-0.0823712742498,0.934678403867351,0.965849300733368,-5.79575019480548
3095,"Q13243|SRSF5_HUMAN","Serine/arginine-rich splicing factor 5 OS=Homo sapiens OX=9606 GN=SRSF5 PE=1 SV=1",0.282960028340849,12.7050514275328,0.38744312012231,0.700062852141893,0.817562555362021,-5.72935521404209
3096,"Q4G0N4|NAKD2_HUMAN","NAD kinase 2, mitochondrial OS=Homo sapiens OX=9606 GN=NADK2 PE=1 SV=2",-2.34572233034392,10.4442966699743,-1.60291945173653,0.115214437099858,0.395535955287556,-4.63874339683712
3097,"Q8NCN5|PDPR_HUMAN","Pyruvate dehydrogenase phosphatase regulatory subunit, mitochondrial OS=Homo sapiens OX=9606 GN=PDPR PE=1 SV=2",-4.98059789701698,7.73455817231674,-2.53242717074685,0.0144938344495737,0.286254888807852,-3.01362592529091
3098,"Q8IXK2|GLT12_HUMAN","Polypeptide N-acetylgalactosaminyltransferase 12 OS=Homo sapiens OX=9606 GN=GALNT12 PE=1 SV=3",-4.98581275879097,8.59653614909871,-2.67501123509175,0.0100562693020495,0.269645126307281,-2.71367311175796
3099,"Q13615|MTMR3_HUMAN","Myotubularin-related protein 3 OS=Homo sapiens OX=9606 GN=MTMR3 PE=1 SV=3",0.210924944221187,5.87254841387939,0.102296603944837,0.918927990996421,0.958125405168472,-5.79404309077522
3100,"P11169|GTR3_HUMAN","Solute carrier family 2, facilitated glucose transporter member 3 OS=Homo sapiens OX=9606 GN=SLC2A3 PE=1 SV=1",-1.17853135062094,12.4772129242989,-1.36249420091893,0.179111839707447,0.447208518040565,-4.95439059831104
3100,"Q8TDB8|GTR14_HUMAN","Solute carrier family 2, facilitated glucose transporter member 14 OS=Homo sapiens OX=9606 GN=SLC2A14 PE=1 SV=1",-0.863504534304571,11.5116496039496,-0.805489288670283,0.424328974654924,0.627577835583832,-5.49992937032655
3101,"Q8TCT8|SPP2A_HUMAN","Signal peptide peptidase-like 2A OS=Homo sapiens OX=9606 GN=SPPL2A PE=1 SV=2",-3.81873210574282,10.6613423784597,-2.53834712746354,0.0146065426194393,0.286254888807852,-3.01350969456845
3102,"P47914|RL29_HUMAN","60S ribosomal protein L29 OS=Homo sapiens OX=9606 GN=RPL29 PE=1 SV=2",-0.229933821675841,15.1564205222659,-0.383966367575855,0.702621773906316,0.818996476377402,-5.73059573687782
3104,"P42338|PK3CB_HUMAN","Phosphatidylinositol 4,5-bisphosphate 3-kinase catalytic subunit beta isoform OS=Homo sapiens OX=9606 GN=PIK3CB PE=1 SV=1",-2.8306152796614,5.92515053904003,-1.37952602215183,0.17383519953442,0.441624863794215,-4.93357049270931
3105,"Q8IYB7|DI3L2_HUMAN","DIS3-like exonuclease 2 OS=Homo sapiens OX=9606 GN=DIS3L2 PE=1 SV=4",-4.34394689999454,7.60449224671366,-2.09257731585639,0.0414524296947662,0.348345476869979,-3.85809256852625
3106,"Q9NXH8|TOR4A_HUMAN","Torsin-4A OS=Homo sapiens OX=9606 GN=TOR4A PE=1 SV=2",-1.01564379364139,5.49797042122137,-0.496192538006685,0.621920021473808,0.763789430421355,-5.68495521369627
3107,"O95429|BAG4_HUMAN","BAG family molecular chaperone regulator 4 OS=Homo sapiens OX=9606 GN=BAG4 PE=1 SV=1",-2.36029913793126,8.04794476209877,-1.19675367241537,0.237012970760409,0.486431300737797,-5.1444289942146
3108,"Q13564|ULA1_HUMAN","NEDD8-activating enzyme E1 regulatory subunit OS=Homo sapiens OX=9606 GN=NAE1 PE=1 SV=1",-2.29655315000839,6.17230525602614,-1.14809591299198,0.256360093883468,0.500612812960198,-5.19583686714363
3109,"P81605|DCD_HUMAN","Dermcidin OS=Homo sapiens OX=9606 GN=DCD PE=1 SV=2",1.98697126287682,11.1894433954031,1.49843114100667,0.141616799911237,0.418852151617044,-4.78250095823007
3111,"Q96HS1|PGAM5_HUMAN","Serine/threonine-protein phosphatase PGAM5, mitochondrial OS=Homo sapiens OX=9606 GN=PGAM5 PE=1 SV=2",0.809420470091426,11.2267854476951,0.581351789127742,0.565011437503185,0.725434656459477,-5.64129110903882
3113,"Q8WXI9|P66B_HUMAN","Transcriptional repressor p66-beta OS=Homo sapiens OX=9606 GN=GATAD2B PE=1 SV=1",-2.31046873242591,5.92368761669627,-1.11662993951335,0.269458427301512,0.509847414481415,-5.22800832357193
3114,"Q92805|GOGA1_HUMAN","Golgin subfamily A member 1 OS=Homo sapiens OX=9606 GN=GOLGA1 PE=1 SV=3",-1.13974154268163,5.40263801948157,-0.572668936725946,0.569420042331319,0.728174620641625,-5.64725893727621
3115,"O60885|BRD4_HUMAN","Bromodomain-containing protein 4 OS=Homo sapiens OX=9606 GN=BRD4 PE=1 SV=2",-3.1056220558932,7.73068852476996,-1.55665925684651,0.125821740742412,0.407261051876768,-4.70307276073417
3116,"Q9ULJ3|ZBT21_HUMAN","Zinc finger and BTB domain-containing protein 21 OS=Homo sapiens OX=9606 GN=ZBTB21 PE=1 SV=2",-3.17049391232033,7.26043487438908,-1.62437096530532,0.11054759941854,0.392573148240718,-4.60834154645022
3117,"Q8NBF2|NHLC2_HUMAN","NHL repeat-containing protein 2 OS=Homo sapiens OX=9606 GN=NHLRC2 PE=1 SV=1",-3.41972006543436,7.33180326718048,-1.66288608263078,0.102555112449217,0.387024448867313,-4.55285467877296
3118,"Q8N2G8|GHDC_HUMAN","GH3 domain-containing protein OS=Homo sapiens OX=9606 GN=GHDC PE=1 SV=2",-0.501048138246899,11.4763611747902,-0.470582698272078,0.639973092042015,0.776440593640834,-5.69638612028703
3119,"Q9H2V7|SPNS1_HUMAN","Protein spinster homolog 1 OS=Homo sapiens OX=9606 GN=SPNS1 PE=1 SV=1",-0.577073777964236,11.6924507370016,-0.567362769867856,0.572991420459062,0.729952824728607,-5.65004629764784
3120,"P51178|PLCD1_HUMAN","1-phosphatidylinositol 4,5-bisphosphate phosphodiesterase delta-1 OS=Homo sapiens OX=9606 GN=PLCD1 PE=1 SV=2",-1.554184481742,5.54873071298317,-0.75972441595321,0.450965545483926,0.647652085494921,-5.53273234180744
3121,"O75521|ECI2_HUMAN","Enoyl-CoA delta isomerase 2 OS=Homo sapiens OX=9606 GN=ECI2 PE=1 SV=4",-0.0880644211184212,11.1162286792907,-0.0771767391581773,0.938789129932204,0.967114039927983,-5.79613471788352
3122,"Q6NUQ1|RINT1_HUMAN","RAD50-interacting protein 1 OS=Homo sapiens OX=9606 GN=RINT1 PE=1 SV=1",-5.80903435985816,8.72017855935112,-3.16692465949422,0.00261807902256759,0.172232339720537,-1.59174993504675
3123,"Q9Y2I8|WDR37_HUMAN","WD repeat-containing protein 37 OS=Homo sapiens OX=9606 GN=WDR37 PE=1 SV=2",-0.83169150685811,11.0064979459798,-0.721821655938652,0.473746507188167,0.663121939050841,-5.55848299459328
3124,"Q9UKD2|MRT4_HUMAN","mRNA turnover protein 4 homolog OS=Homo sapiens OX=9606 GN=MRTO4 PE=1 SV=2",-0.85526935818708,11.105257910462,-0.728179397962657,0.46988033808457,0.661364253637334,-5.5542534643793
3126,"P48059|LIMS1_HUMAN","LIM and senescent cell antigen-like-containing domain protein 1 OS=Homo sapiens OX=9606 GN=LIMS1 PE=1 SV=4",-3.42957588582466,9.37965948239282,-1.99092030999389,0.0519358123852402,0.362540589859367,-4.03464953271123
3126,"Q7Z4I7|LIMS2_HUMAN","LIM and senescent cell antigen-like-containing domain protein 2 OS=Homo sapiens OX=9606 GN=LIMS2 PE=1 SV=1",-3.21272044080353,9.27123175988225,-1.84504910528691,0.0709218398769045,0.374885133083069,-4.27499789664605
3129,"Q6P4E1|GOLM2_HUMAN","Protein GOLM2 OS=Homo sapiens OX=9606 GN=GOLM2 PE=1 SV=2",-1.1814257180092,6.71723980865348,-0.567115168417948,0.573158338537732,0.729952824728607,-5.65017573932715
3133,"Q14692|BMS1_HUMAN","Ribosome biogenesis protein BMS1 homolog OS=Homo sapiens OX=9606 GN=BMS1 PE=1 SV=1",-3.39045595581167,7.87197175931368,-1.73881747267441,0.0881847749670232,0.378298631257937,-4.44010356032398
3134,"O15270|SPTC2_HUMAN","Serine palmitoyltransferase 2 OS=Homo sapiens OX=9606 GN=SPTLC2 PE=1 SV=1",-1.56276208591449,8.57743961543684,-0.793256264765158,0.431354695290439,0.632565431602289,-5.50888050559079
3136,"Q9UJJ9|GNPTG_HUMAN","N-acetylglucosamine-1-phosphotransferase subunit gamma OS=Homo sapiens OX=9606 GN=GNPTG PE=1 SV=1",-1.61211517313963,10.6203172312563,-1.12094875799588,0.267633124289917,0.50869190923066,-5.22364275926966
3138,"Q8WUX9|CHMP7_HUMAN","Charged multivesicular body protein 7 OS=Homo sapiens OX=9606 GN=CHMP7 PE=1 SV=1",-2.05611959384854,9.99174472697471,-1.29171445935756,0.202360143739935,0.466326987205939,-5.03834894065635
3139,"Q15370|ELOB_HUMAN","Elongin-B OS=Homo sapiens OX=9606 GN=ELOB PE=1 SV=1",-0.335956337302168,8.41932580372564,-0.172573369255265,0.863679324919334,0.928856613605917,-5.78508337996555
3140,"P30273|FCERG_HUMAN","High affinity immunoglobulin epsilon receptor subunit gamma OS=Homo sapiens OX=9606 GN=FCER1G PE=1 SV=1",-0.404573011800743,15.057154215008,-0.624550925360087,0.535088708527857,0.705073594676421,-5.61865886615746
3142,"Q9UI30|TR112_HUMAN","Multifunctional methyltransferase subunit TRM112-like protein OS=Homo sapiens OX=9606 GN=TRMT112 PE=1 SV=1",-2.74958974139144,10.1551693750496,-1.69824310898,0.0956408512519169,0.386500097214807,-4.50090452489412
3143,"Q9C0E8|LNP_HUMAN","Endoplasmic reticulum junction formation protein lunapark OS=Homo sapiens OX=9606 GN=LNPK PE=1 SV=2",-2.50600465422578,7.04475063443588,-1.16177662779187,0.250809565613346,0.496568421999068,-5.1815861095459
3145,"Q8N2F6|ARM10_HUMAN","Armadillo repeat-containing protein 10 OS=Homo sapiens OX=9606 GN=ARMC10 PE=1 SV=1",-1.60816876538403,10.0160599825378,-1.01889959931204,0.313126603469621,0.544701328738046,-5.32250973229814
3146,"P23919|KTHY_HUMAN","Thymidylate kinase OS=Homo sapiens OX=9606 GN=DTYMK PE=1 SV=4",-0.142119414969029,10.7321043918078,-0.115001030732389,0.908902173768753,0.952624290032613,-5.79276240411735
3147,"P60510|PP4C_HUMAN","Serine/threonine-protein phosphatase 4 catalytic subunit OS=Homo sapiens OX=9606 GN=PPP4C PE=1 SV=1",-1.43981909144149,9.7512607789007,-0.877966441691234,0.384136572571279,0.601924766802418,-5.44417101652689
3148,"Q9NP92|RT30_HUMAN","39S ribosomal protein S30, mitochondrial OS=Homo sapiens OX=9606 GN=MRPS30 PE=1 SV=2",-1.29035824070995,9.1325207804257,-0.691212773537597,0.492609833199868,0.674402591097213,-5.57833780610693
3149,"Q8ND24|RN214_HUMAN","RING finger protein 214 OS=Homo sapiens OX=9606 GN=RNF214 PE=1 SV=2",-1.05436507463726,8.12737715224309,-0.529346936317712,0.598893432218597,0.745548160525347,-5.66926724982856
3150,"P08571|CD14_HUMAN","Monocyte differentiation antigen CD14 OS=Homo sapiens OX=9606 GN=CD14 PE=1 SV=2",1.69316821799078,11.9375249801962,1.75884925756826,0.084685492343555,0.377187606539495,-4.4096221604324
3151,"Q66PJ3|AR6P4_HUMAN","ADP-ribosylation factor-like protein 6-interacting protein 4 OS=Homo sapiens OX=9606 GN=ARL6IP4 PE=1 SV=2",-0.630015344314691,9.64795547031111,-0.375713635701171,0.708709730017288,0.823196549941872,-5.73349586007655
3152,"Q9HB19|PKHA2_HUMAN","Pleckstrin homology domain-containing family A member 2 OS=Homo sapiens OX=9606 GN=PLEKHA2 PE=1 SV=2",-2.65153295477069,7.28151273347945,-1.04921650334486,0.302937023966644,0.537819357883073,-5.29106023807001
3155,"Q96EE3|SEH1_HUMAN","Nucleoporin SEH1 OS=Homo sapiens OX=9606 GN=SEH1L PE=1 SV=3",-1.7077841072811,5.19285182198388,-0.854379753023753,0.396945668119516,0.609849204117461,-5.46282758400809
3157,"P45985|MP2K4_HUMAN","Dual specificity mitogen-activated protein kinase kinase 4 OS=Homo sapiens OX=9606 GN=MAP2K4 PE=1 SV=1",-4.30809392299958,9.7411957912453,-2.54725939766074,0.0139606911771162,0.284531131458015,-2.98299247154431
3158,"Q9Y2Z4|SYYM_HUMAN","Tyrosine--tRNA ligase, mitochondrial OS=Homo sapiens OX=9606 GN=YARS2 PE=1 SV=2",-3.2671842267605,7.89549918763783,-1.67286119454447,0.100564140127653,0.387024448867313,-4.53829607849488
3159,"P26373|RL13_HUMAN","60S ribosomal protein L13 OS=Homo sapiens OX=9606 GN=RPL13 PE=1 SV=4",-0.670676434854892,14.0130100529955,-1.01392331638435,0.315471974241047,0.545393668724436,-5.32710083305536
3160,"Q01628|IFM3_HUMAN","Interferon-induced transmembrane protein 3 OS=Homo sapiens OX=9606 GN=IFITM3 PE=1 SV=2",-1.0250621008317,7.55528526116507,-0.477018735568089,0.635414882174562,0.773306554825046,-5.69356981329561
3160,"P13164|IFM1_HUMAN","Interferon-induced transmembrane protein 1 OS=Homo sapiens OX=9606 GN=IFITM1 PE=1 SV=3",-1.0250621008317,7.55528526116507,-0.477018735568089,0.635414882174562,0.773306554825046,-5.69356981329561
3160,"Q01629|IFM2_HUMAN","Interferon-induced transmembrane protein 2 OS=Homo sapiens OX=9606 GN=IFITM2 PE=1 SV=2",-1.0250621008317,7.55528526116507,-0.477018735568089,0.635414882174562,0.773306554825046,-5.69356981329561
3161,"P35813|PPM1A_HUMAN","Protein phosphatase 1A OS=Homo sapiens OX=9606 GN=PPM1A PE=1 SV=1",-3.1182784762216,10.0080993411252,-1.84902769263181,0.0703350347437057,0.374885133083069,-4.26864992911782
3162,"O95197|RTN3_HUMAN","Reticulon-3 OS=Homo sapiens OX=9606 GN=RTN3 PE=1 SV=2",-0.763429147811731,12.2475792735921,-0.846424684556334,0.40132498365677,0.612701093516076,-5.46900889929325
3163,"Q9Y6E2|BZW2_HUMAN","Basic leucine zipper and W2 domain-containing protein 2 OS=Homo sapiens OX=9606 GN=BZW2 PE=1 SV=1",1.60908787831704,4.32888293175047,0.833543395294426,0.408479275848771,0.617947237035489,-5.47889912771643
3165,"Q96JI7|SPTCS_HUMAN","Spatacsin OS=Homo sapiens OX=9606 GN=SPG11 PE=1 SV=3",-2.90297969602845,9.03255197030259,-1.60684346707287,0.114349023724174,0.394932135154396,-4.6332091050183
3166,"P33908|MA1A1_HUMAN","Mannosyl-oligosaccharide 1,2-alpha-mannosidase IA OS=Homo sapiens OX=9606 GN=MAN1A1 PE=1 SV=3",-1.03293545769669,6.52016307168028,-0.462496755852826,0.645891194955696,0.781200049613644,-5.69972391327985
3167,"P17812|PYRG1_HUMAN","CTP synthase 1 OS=Homo sapiens OX=9606 GN=CTPS1 PE=1 SV=2",0.226779619900822,4.79436730110641,0.113689573942849,0.909936459065282,0.952624290032613,-5.79290153500075
3168,"P51553|IDH3G_HUMAN","Isocitrate dehydrogenase [NAD] subunit gamma, mitochondrial OS=Homo sapiens OX=9606 GN=IDH3G PE=1 SV=1",-1.67037116558838,11.7111983233579,-1.6683514690234,0.101460290101442,0.387024448867313,-4.54488753522135
3169,"Q14BN4|SLMAP_HUMAN","Sarcolemmal membrane-associated protein OS=Homo sapiens OX=9606 GN=SLMAP PE=1 SV=1",0.0135849297104143,4.80776115215313,0.00685187515128555,0.994560141433898,0.996642747593253,-5.79887662117881
3170,"P08579|RU2B_HUMAN","U2 small nuclear ribonucleoprotein B'' OS=Homo sapiens OX=9606 GN=SNRPB2 PE=1 SV=1",-2.47911630555191,6.43582173137601,-1.14754802394291,0.25658419904488,0.500612812960198,-5.19640426701674
3171,"Q8IXM3|RM41_HUMAN","39S ribosomal protein L41, mitochondrial OS=Homo sapiens OX=9606 GN=MRPL41 PE=1 SV=1",0.160388175141662,11.3183445838011,0.15298775483167,0.879020027378306,0.936418317565759,-5.78804046485882
3173,"P62314|SMD1_HUMAN","Small nuclear ribonucleoprotein Sm D1 OS=Homo sapiens OX=9606 GN=SNRPD1 PE=1 SV=1",-1.03564578415829,11.8483357315086,-1.10559692111692,0.274161310026498,0.512140291203772,-5.23908825636822
3174,"Q15287|RNPS1_HUMAN","RNA-binding protein with serine-rich domain 1 OS=Homo sapiens OX=9606 GN=RNPS1 PE=1 SV=1",-0.2134558760192,13.0643220796785,-0.306376741293151,0.760582471311747,0.861545279893479,-5.7553858627905
3175,"Q12789|TF3C1_HUMAN","General transcription factor 3C polypeptide 1 OS=Homo sapiens OX=9606 GN=GTF3C1 PE=1 SV=4",-1.31182502551241,5.6583346844984,-0.663758564109881,0.509875970168367,0.687916885722285,-5.59542929430774
3176,"Q9Y3S2|ZN330_HUMAN","Zinc finger protein 330 OS=Homo sapiens OX=9606 GN=ZNF330 PE=1 SV=1",-0.0948057011599861,9.72322107969051,-0.0610388635344807,0.951570151762471,0.974884073178154,-5.79716962686389
3177,"Q92572|AP3S1_HUMAN","AP-3 complex subunit sigma-1 OS=Homo sapiens OX=9606 GN=AP3S1 PE=1 SV=1",-0.58546478129154,11.0101947270838,-0.507915386152971,0.613732915490146,0.757911018591352,-5.67952282690791
3179,"Q5HYK3|COQ5_HUMAN","2-methoxy-6-polyprenyl-1,4-benzoquinol methylase, mitochondrial OS=Homo sapiens OX=9606 GN=COQ5 PE=1 SV=2",-1.13639982135945,5.30606026055638,-0.560772316948782,0.577442388601595,0.732992740261441,-5.65347267143228
3180,"P30049|ATPD_HUMAN","ATP synthase subunit delta, mitochondrial OS=Homo sapiens OX=9606 GN=ATP5F1D PE=1 SV=2",-0.192088280384606,13.6285704279192,-0.291217434692343,0.772082591774006,0.869829903942099,-5.75958142197493
3181,"Q9BZE9|ASPC1_HUMAN","Tether containing UBX domain for GLUT4 OS=Homo sapiens OX=9606 GN=ASPSCR1 PE=1 SV=1",0.328087197795724,7.48306732558641,0.154387929197228,0.877921694536773,0.935711145352606,-5.78784085883183
3183,"Q9Y3X0|CCDC9_HUMAN","Coiled-coil domain-containing protein 9 OS=Homo sapiens OX=9606 GN=CCDC9 PE=1 SV=1",-0.528538113099133,9.44997687749639,-0.307653887161402,0.759616049407534,0.861055361100131,-5.75502271078079
3184,"P46781|RS9_HUMAN","40S ribosomal protein S9 OS=Homo sapiens OX=9606 GN=RPS9 PE=1 SV=3",-0.96072912793049,7.22582178132436,-0.430768383940951,0.668665661712939,0.796885170170899,-5.71281101381422
3185,"P49810|PSN2_HUMAN","Presenilin-2 OS=Homo sapiens OX=9606 GN=PSEN2 PE=1 SV=1",-0.683965153458898,9.73990460491235,-0.435656593677548,0.66494986229944,0.79436715390964,-5.71100808501904
3187,"Q8WX92|NELFB_HUMAN","Negative elongation factor B OS=Homo sapiens OX=9606 GN=NELFB PE=1 SV=1",-0.670287080167652,10.7486553302054,-0.530638327229639,0.598004630723908,0.745068820095095,-5.66863590741496
3188,"Q9BTW9|TBCD_HUMAN","Tubulin-specific chaperone D OS=Homo sapiens OX=9606 GN=TBCD PE=1 SV=2",-1.32171382392601,7.89213727666188,-0.67840721797512,0.500622936311124,0.679969406083889,-5.5863943278744
3189,"Q9Y5V3|MAGD1_HUMAN","Melanoma-associated antigen D1 OS=Homo sapiens OX=9606 GN=MAGED1 PE=1 SV=3",2.14777506016658,5.0499616429384,1.12934065843669,0.264111447934586,0.50615957398564,-5.21511441906908
3191,"Q9H5X1|CIA2A_HUMAN","Cytosolic iron-sulfur assembly component 2A OS=Homo sapiens OX=9606 GN=CIAO2A PE=1 SV=1",-0.518021823250349,11.9204931814685,-0.584195527155727,0.561699854391835,0.723457318440679,-5.64111583189634
3192,"Q9NUQ7|UFSP2_HUMAN","Ufm1-specific protease 2 OS=Homo sapiens OX=9606 GN=UFSP2 PE=1 SV=3",-3.36944904994219,8.39127275923813,-1.81795692727641,0.0750285728062183,0.375605864510613,-4.31791065854159
3194,"Q9UI26|IPO11_HUMAN","Importin-11 OS=Homo sapiens OX=9606 GN=IPO11 PE=1 SV=1",-1.34530794382298,8.6660676907004,-0.747004760775427,0.458538506227484,0.653581581608344,-5.54151731498404
3197,"Q05315|LEG10_HUMAN","Galectin-10 OS=Homo sapiens OX=9606 GN=CLC PE=1 SV=3",0.93208521426209,9.39122599079021,0.460462824722517,0.647976456850758,0.783245757023527,-5.70004800095315
3198,"O60231|DHX16_HUMAN","Pre-mRNA-splicing factor ATP-dependent RNA helicase DHX16 OS=Homo sapiens OX=9606 GN=DHX16 PE=1 SV=2",0.662520207229646,6.12286621225117,0.324544558151205,0.746871709420208,0.851674994035699,-5.75007841551885
3202,"Q9UJY4|GGA2_HUMAN","ADP-ribosylation factor-binding protein GGA2 OS=Homo sapiens OX=9606 GN=GGA2 PE=1 SV=3",-0.764755791361189,8.83039407414897,-0.384296707641347,0.702395923004739,0.818954856627345,-5.7304651316446
3203,"P20036|DPA1_HUMAN","HLA class II histocompatibility antigen, DP alpha 1 chain OS=Homo sapiens OX=9606 GN=HLA-DPA1 PE=1 SV=1",1.17895327980062,4.30772425161508,0.621622165114428,0.536997747771134,0.70686103290045,-5.62033830992979
3204,"P27701|CD82_HUMAN","CD82 antigen OS=Homo sapiens OX=9606 GN=CD82 PE=1 SV=1",-3.45890448375798,9.96864180616725,-2.09869630267284,0.0408848860020238,0.348345476869979,-3.84723294280182
3205,"Q6UWP8|SBSN_HUMAN","Suprabasin OS=Homo sapiens OX=9606 GN=SBSN PE=1 SV=2",-0.173414194060157,6.30204404225611,-0.0858326076387026,0.931940245847782,0.964938852545957,-5.79548007456249
3206,"P62341|SELT_HUMAN","Thioredoxin reductase-like selenoprotein T OS=Homo sapiens OX=9606 GN=SELENOT PE=1 SV=2",-3.71059194220184,10.3916051756989,-2.38174430846885,0.021053967759664,0.298643451904919,-3.31709907134385
3207,"Q96EY5|MB12A_HUMAN","Multivesicular body subunit 12A OS=Homo sapiens OX=9606 GN=MVB12A PE=1 SV=1",-2.26705199306457,10.7679918035864,-1.76084626503038,0.0843430719297755,0.376829835724992,-4.40656668978203
3208,"Q96JQ2|CLMN_HUMAN","Calmin OS=Homo sapiens OX=9606 GN=CLMN PE=1 SV=1",3.51721020658488,4.87913307974925,1.80192499348509,0.0775516608999436,0.375605864510613,-4.34304589013004
3211,"P61457|PHS_HUMAN","Pterin-4-alpha-carbinolamine dehydratase OS=Homo sapiens OX=9606 GN=PCBD1 PE=1 SV=2",4.22953434354003,9.02123789385333,2.2311975183755,0.0301548557894808,0.328802440215933,-3.60575000887573
3212,"Q5BKZ1|ZN326_HUMAN","DBIRD complex subunit ZNF326 OS=Homo sapiens OX=9606 GN=ZNF326 PE=1 SV=2",-0.296354496341083,9.74601473757022,-0.18887606213036,0.85095000347773,0.923415578725278,-5.78235098647755
3213,"Q9HA64|KT3K_HUMAN","Ketosamine-3-kinase OS=Homo sapiens OX=9606 GN=FN3KRP PE=1 SV=2",-1.54642004781428,8.17075108905838,-0.775133309243761,0.441889883340857,0.639522757912994,-5.52189631392143
3214,"O95249|GOSR1_HUMAN","Golgi SNAP receptor complex member 1 OS=Homo sapiens OX=9606 GN=GOSR1 PE=1 SV=1",-4.79103750411803,9.36978922385106,-2.63590246800496,0.0111296390397517,0.277415061407616,-2.79714878730663
3216,"P43155|CACP_HUMAN","Carnitine O-acetyltransferase OS=Homo sapiens OX=9606 GN=CRAT PE=1 SV=5",-2.47994994930228,5.984884868622,-1.24076199837493,0.220449864786567,0.476862311775177,-5.09620871559712
3217,"Q8NF37|PCAT1_HUMAN","Lysophosphatidylcholine acyltransferase 1 OS=Homo sapiens OX=9606 GN=LPCAT1 PE=1 SV=2",-1.38204489083081,10.4441200701908,-0.935002369556079,0.354254426890877,0.580804650406931,-5.39702990212715
3219,"Q9H2J4|PDCL3_HUMAN","Phosducin-like protein 3 OS=Homo sapiens OX=9606 GN=PDCL3 PE=1 SV=1",-1.95133473343416,9.82265926393802,-1.1861166290649,0.241149015368896,0.488182548193727,-5.15583875382769
3220,"Q8NCG7|DGLB_HUMAN","Diacylglycerol lipase-beta OS=Homo sapiens OX=9606 GN=DAGLB PE=1 SV=2",-3.35703893263371,8.37709456526473,-1.74706368848086,0.0867299904486417,0.377971753709499,-4.42759267012939
3222,"P26447|S10A4_HUMAN","Protein S100-A4 OS=Homo sapiens OX=9606 GN=S100A4 PE=1 SV=1",-0.530396514657401,15.8118731583369,-0.917980326071094,0.363010203882199,0.584925240385464,-5.4113983838147
3223,"P31994|FCG2B_HUMAN","Low affinity immunoglobulin gamma Fc region receptor II-b OS=Homo sapiens OX=9606 GN=FCGR2B PE=1 SV=2",0.380582850864343,8.00682343938282,0.180201224261394,0.857718658074316,0.926095327231406,-5.78383556228368
3224,"O60268|K0513_HUMAN","Uncharacterized protein KIAA0513 OS=Homo sapiens OX=9606 GN=KIAA0513 PE=1 SV=1",-0.342419905692907,11.3651831917388,-0.290852851745819,0.7723598186957,0.869914680732841,-5.75967971427495
3225,"Q8TDQ1|CLM1_HUMAN","CMRF35-like molecule 1 OS=Homo sapiens OX=9606 GN=CD300LF PE=1 SV=3",-2.08424516322409,6.27968139818242,-1.01366582124722,0.315593656825275,0.545393668724436,-5.32733781230991
3226,"P82664|RT10_HUMAN","28S ribosomal protein S10, mitochondrial OS=Homo sapiens OX=9606 GN=MRPS10 PE=1 SV=2",-2.50355518942877,10.535064306254,-1.72804370329431,0.0901159431215252,0.381157174847528,-4.45637102248879
3229,"Q9UKL0|RCOR1_HUMAN","REST corepressor 1 OS=Homo sapiens OX=9606 GN=RCOR1 PE=1 SV=2",-0.445135987473767,11.2846963469915,-0.418575234083641,0.677308526163584,0.801860313960021,-5.71775224250863
3229,"Q9P2K3|RCOR3_HUMAN","REST corepressor 3 OS=Homo sapiens OX=9606 GN=RCOR3 PE=1 SV=2",-3.51665347625143,7.47557774679248,-1.7874138320433,0.0798964203153844,0.375605864510613,-4.36563027743188
3230,"Q8NCA5|FA98A_HUMAN","Protein FAM98A OS=Homo sapiens OX=9606 GN=FAM98A PE=1 SV=2",-2.47918599934012,10.4690353870275,-1.72240699884942,0.0911401954746669,0.38259339367387,-4.46484661695998
3231,"Q9BYD3|RM04_HUMAN","39S ribosomal protein L4, mitochondrial OS=Homo sapiens OX=9606 GN=MRPL4 PE=1 SV=1",-1.48717798632461,11.6492543163711,-1.45553116309495,0.151735663651273,0.424642952141671,-4.83777052982666
3232,"Q9NRX5|SERC1_HUMAN","Serine incorporator 1 OS=Homo sapiens OX=9606 GN=SERINC1 PE=1 SV=1",-0.297658374345938,11.2598335286784,-0.271250354563408,0.787308634607273,0.881679222374811,-5.76478391744272
3233,"Q9Y6K1|DNM3A_HUMAN","DNA (cytosine-5)-methyltransferase 3A OS=Homo sapiens OX=9606 GN=DNMT3A PE=1 SV=4",-0.596321782981329,5.53821297395383,-0.304445611229785,0.762044496711033,0.862129142982511,-5.75593211547724
3235,"Q96K49|TM87B_HUMAN","Transmembrane protein 87B OS=Homo sapiens OX=9606 GN=TMEM87B PE=1 SV=1",-3.0230533343468,10.5777066887899,-1.94759568587393,0.0579403692088049,0.366887115993354,-4.11273365913843
3236,"Q9UIA9|XPO7_HUMAN","Exportin-7 OS=Homo sapiens OX=9606 GN=XPO7 PE=1 SV=3",-3.64007504616074,7.55152475082567,-1.92189037906015,0.0602935552504119,0.367824847682046,-4.15032596689116
3237,"Q9UNN5|FAF1_HUMAN","FAS-associated factor 1 OS=Homo sapiens OX=9606 GN=FAF1 PE=1 SV=2",2.18157138657222,7.78746209472572,1.05280422167404,0.297462226916128,0.533438361428424,-5.29065837868109
3240,"Q14061|COX17_HUMAN","Cytochrome c oxidase copper chaperone OS=Homo sapiens OX=9606 GN=COX17 PE=1 SV=2",-0.348183785274319,13.5053368842848,-0.51673334945199,0.607607001592467,0.752866327922541,-5.67535391234489
3241,"C9JLW8|MCRI1_HUMAN","Mapk-regulated corepressor-interacting protein 1 OS=Homo sapiens OX=9606 GN=MCRIP1 PE=1 SV=1",1.00608861504418,8.08864397378758,0.507989442530677,0.613681351219487,0.757911018591352,-5.67948811031056
3242,"Q969V5|MUL1_HUMAN","Mitochondrial ubiquitin ligase activator of NFKB 1 OS=Homo sapiens OX=9606 GN=MUL1 PE=1 SV=1",-3.5757672926873,9.24528096702438,-2.02003243634942,0.0487221325368069,0.355864932063967,-3.98483676239239
3244,"P62841|RS15_HUMAN","40S ribosomal protein S15 OS=Homo sapiens OX=9606 GN=RPS15 PE=1 SV=2",-0.698626601325522,13.5135947969345,-0.96476834182451,0.339276611570469,0.567406966026075,-5.37129389472523
3245,"P19634|SL9A1_HUMAN","Sodium/hydrogen exchanger 1 OS=Homo sapiens OX=9606 GN=SLC9A1 PE=1 SV=2",-0.248394652685742,5.4885727246394,-0.124158496631791,0.901684635762655,0.949756841826793,-5.79174645369298
3246,"Q9HB90|RRAGC_HUMAN","Ras-related GTP-binding protein C OS=Homo sapiens OX=9606 GN=RRAGC PE=1 SV=1",-1.17556798542371,12.4021692506644,-1.40006500038945,0.167632064357153,0.438676892435621,-4.90814677818489
3246,"Q9NQL2|RRAGD_HUMAN","Ras-related GTP-binding protein D OS=Homo sapiens OX=9606 GN=RRAGD PE=1 SV=1",-1.17556798542371,12.4021692506644,-1.40006500038945,0.167632064357153,0.438676892435621,-4.90814677818489
3247,"Q9ULG6|CCPG1_HUMAN","Cell cycle progression protein 1 OS=Homo sapiens OX=9606 GN=CCPG1 PE=1 SV=3",0.119847427102397,6.1229763624073,0.0559958952736165,0.955566920956352,0.975444308545446,-5.79744347708234
3248,"Q15382|RHEB_HUMAN","GTP-binding protein Rheb OS=Homo sapiens OX=9606 GN=RHEB PE=1 SV=1",-0.94785031264275,13.3855670451229,-1.38713809246517,0.171515924320546,0.441624863794215,-4.92418834574689
3249,"Q9HAC8|UBTD1_HUMAN","Ubiquitin domain-containing protein 1 OS=Homo sapiens OX=9606 GN=UBTD1 PE=1 SV=1",-5.11381911504239,10.4772980630249,-3.34384471721168,0.0015667549484265,0.158937088200598,-1.15852670352717
3250,"Q86VM9|ZCH18_HUMAN","Zinc finger CCCH domain-containing protein 18 OS=Homo sapiens OX=9606 GN=ZC3H18 PE=1 SV=2",0.606410153861151,5.12151018479099,0.304552354599175,0.761963660239721,0.862129142982511,-5.7559020111362
3251,"P61009|SPCS3_HUMAN","Signal peptidase complex subunit 3 OS=Homo sapiens OX=9606 GN=SPCS3 PE=1 SV=1",-1.68046901305504,13.4254528914702,-2.41543717948537,0.0193904960918618,0.295105535928087,-3.25048238752196
3253,"O95822|DCMC_HUMAN","Malonyl-CoA decarboxylase, mitochondrial OS=Homo sapiens OX=9606 GN=MLYCD PE=1 SV=3",-4.58086015675746,7.86511685730058,-2.39903768471904,0.0201848036168069,0.29753639723681,-3.28299755562193
3254,"P49356|FNTB_HUMAN","Protein farnesyltransferase subunit beta OS=Homo sapiens OX=9606 GN=FNTB PE=1 SV=1",-1.2365087777128,5.56871788002911,-0.593850470714686,0.555273607161928,0.718508814200189,-5.63587740294059
3255,"Q6IC98|GRAM4_HUMAN","GRAM domain-containing protein 4 OS=Homo sapiens OX=9606 GN=GRAMD4 PE=1 SV=1",-0.720811860962225,9.06951864527986,-0.411365025067934,0.682552465083924,0.805632630067542,-5.72051867905487
3256,"P33993|MCM7_HUMAN","DNA replication licensing factor MCM7 OS=Homo sapiens OX=9606 GN=MCM7 PE=1 SV=4",2.31564591968727,7.51466874649913,1.08054637838587,0.285052828037283,0.521778990380808,-5.26385763673444
3258,"Q6PJF5|RHDF2_HUMAN","Inactive rhomboid protein 2 OS=Homo sapiens OX=9606 GN=RHBDF2 PE=1 SV=2",-1.90167046153564,9.32436497078602,-1.11557022000622,0.269907647898917,0.510067018550758,-5.2290770745393
3259,"Q9NPP4|NLRC4_HUMAN","NLR family CARD domain-containing protein 4 OS=Homo sapiens OX=9606 GN=NLRC4 PE=1 SV=2",-0.265749515744506,7.57906769511891,-0.128376683373918,0.898362810727185,0.947416411802641,-5.79125232292824
3260,"Q86U86|PB1_HUMAN","Protein polybromo-1 OS=Homo sapiens OX=9606 GN=PBRM1 PE=1 SV=1",4.30381492479784,7.99283613290869,1.96310205329129,0.0562134779152504,0.366768875860716,-4.08795701924569
3261,"Q9H446|RWDD1_HUMAN","RWD domain-containing protein 1 OS=Homo sapiens OX=9606 GN=RWDD1 PE=1 SV=1",-1.35716894399124,5.1811249288051,-0.683198906174776,0.497616217122076,0.678238306058475,-5.58339695683271
3262,"Q9H1Y0|ATG5_HUMAN","Autophagy protein 5 OS=Homo sapiens OX=9606 GN=ATG5 PE=1 SV=2",-4.86682842588631,7.08791292978784,-2.47691899527242,0.0166570720915594,0.292499164066587,-3.12706998839743
3263,"Q9Y572|RIPK3_HUMAN","Receptor-interacting serine/threonine-protein kinase 3 OS=Homo sapiens OX=9606 GN=RIPK3 PE=1 SV=2",-2.40023957956274,6.304070449366,-1.16604047918051,0.249097427683694,0.495152235165204,-5.17711205433553
3264,"Q9H0R4|HDHD2_HUMAN","Haloacid dehalogenase-like hydrolase domain-containing protein 2 OS=Homo sapiens OX=9606 GN=HDHD2 PE=1 SV=1",-2.39048790407947,9.23514435731817,-1.32134715946862,0.192364902281743,0.457996480999152,-5.00370367352573
3266,"Q8IVM0|CCD50_HUMAN","Coiled-coil domain-containing protein 50 OS=Homo sapiens OX=9606 GN=CCDC50 PE=1 SV=1",0.243358104806623,7.45466800001309,0.117498510003314,0.906932968712366,0.952025419508691,-5.79249303916827
3267,"Q8NFH3|NUP43_HUMAN","Nucleoporin Nup43 OS=Homo sapiens OX=9606 GN=NUP43 PE=1 SV=1",-2.37793046627661,10.4316991911965,-1.62265454318775,0.110915264056292,0.392573148240718,-4.61078738578375
3268,"Q8N5N7|RM50_HUMAN","39S ribosomal protein L50, mitochondrial OS=Homo sapiens OX=9606 GN=MRPL50 PE=1 SV=2",-1.65512374830276,7.09642351941436,-0.810307275124289,0.42158090847704,0.62642691741771,-5.49636740214276
3269,"Q9BYD1|RM13_HUMAN","39S ribosomal protein L13, mitochondrial OS=Homo sapiens OX=9606 GN=MRPL13 PE=1 SV=1",-0.869612405196365,6.96727387996476,-0.411662251908916,0.682335979440552,0.805597879235323,-5.720405580982
3270,"Q9Y296|TPPC4_HUMAN","Trafficking protein particle complex subunit 4 OS=Homo sapiens OX=9606 GN=TRAPPC4 PE=1 SV=1",-3.04517135023504,9.46306118664697,-1.76921845400482,0.0829200567675335,0.375605864510613,-4.39372411377265
3271,"Q9Y580|RBM7_HUMAN","RNA-binding protein 7 OS=Homo sapiens OX=9606 GN=RBM7 PE=1 SV=1",0.302434223486221,6.98936940327722,0.149373035460389,0.88185661009392,0.938511593692738,-5.78854737297367
3273,"Q9BRZ2|TRI56_HUMAN","E3 ubiquitin-protein ligase TRIM56 OS=Homo sapiens OX=9606 GN=TRIM56 PE=1 SV=3",-1.44309377513418,5.20605307177828,-0.717666738099535,0.476282833432437,0.664298814708445,-5.56122748910907
3274,"Q9BRX2|PELO_HUMAN","Protein pelota homolog OS=Homo sapiens OX=9606 GN=PELO PE=1 SV=2",-3.90084276537084,8.11931836571258,-2.00714806954335,0.0501225975209645,0.358801880609411,-4.00695746590551
3275,"Q8IYU8|MICU2_HUMAN","Calcium uptake protein 2, mitochondrial OS=Homo sapiens OX=9606 GN=MICU2 PE=1 SV=2",-7.09102518441295,8.0143818199032,-3.72430290743184,0.000495848766276176,0.0889841931813121,-0.181224470368008
3276,"Q8NBU5|ATAD1_HUMAN","ATPase family AAA domain-containing protein 1 OS=Homo sapiens OX=9606 GN=ATAD1 PE=1 SV=1",3.81399834632787,7.04856264939031,1.83313619994197,0.0727036604485146,0.375605864510613,-4.29393486454721
3277,"P40429|RL13A_HUMAN","60S ribosomal protein L13a OS=Homo sapiens OX=9606 GN=RPL13A PE=1 SV=2",-1.18806621469667,14.9050200535972,-1.95238354550278,0.0564695228719446,0.366768875860716,-4.09965264280302
3277,"Q6NVV1|R13P3_HUMAN","Putative 60S ribosomal protein L13a protein RPL13AP3 OS=Homo sapiens OX=9606 GN=RPL13AP3 PE=5 SV=1",-1.18806621469667,14.9050200535972,-1.95238354550278,0.0564695228719446,0.366768875860716,-4.09965264280302
3278,"Q9Y4X5|ARI1_HUMAN","E3 ubiquitin-protein ligase ARIH1 OS=Homo sapiens OX=9606 GN=ARIH1 PE=1 SV=2",-1.61342939249528,7.56869747338189,-0.835911143261905,0.407158386459605,0.617041228177875,-5.47709221074493
3279,"Q8NI60|COQ8A_HUMAN","Atypical kinase COQ8A, mitochondrial OS=Homo sapiens OX=9606 GN=COQ8A PE=1 SV=1",1.7125084496123,5.31458052471171,0.860137790011926,0.39379443231683,0.60954215017232,-5.45831847947001
3280,"P08962|CD63_HUMAN","CD63 antigen OS=Homo sapiens OX=9606 GN=CD63 PE=1 SV=2",-1.26753325804786,16.1207502532894,-2.05767733047196,0.0448225529906666,0.353406926961911,-3.9195299644786
3282,"Q96EK5|KBP_HUMAN","KIF-binding protein OS=Homo sapiens OX=9606 GN=KIFBP PE=1 SV=1",-2.51647196860671,8.05707495927933,-1.33068383930159,0.189294307944217,0.456234238565048,-4.99263672394047
3283,"Q2M385|MPEG1_HUMAN","Macrophage-expressed gene 1 protein OS=Homo sapiens OX=9606 GN=MPEG1 PE=1 SV=1",5.46679471687872,6.31292605869892,2.72654251136112,0.00878685070541825,0.259434774582913,-2.60232480910816
3285,"Q96AB3|ISOC2_HUMAN","Isochorismatase domain-containing protein 2 OS=Homo sapiens OX=9606 GN=ISOC2 PE=1 SV=1",-0.64857619172016,10.6896289305792,-0.311415688292739,0.759203334350001,0.860950174050935,-5.75236764558219
3286,"Q86YS7|C2CD5_HUMAN","C2 domain-containing protein 5 OS=Homo sapiens OX=9606 GN=C2CD5 PE=1 SV=1",-4.34702643546791,8.36100567710998,-2.29453221137964,0.0259693485825715,0.31600086074823,-3.48613087262673
3287,"Q9BZE4|NOG1_HUMAN","Nucleolar GTP-binding protein 1 OS=Homo sapiens OX=9606 GN=GTPBP4 PE=1 SV=3",-2.96989399183707,8.90466580992178,-1.6534216010657,0.104473915240462,0.387142333108459,-4.56659667939886
3289,"Q8IX04|UEVLD_HUMAN","Ubiquitin-conjugating enzyme E2 variant 3 OS=Homo sapiens OX=9606 GN=UEVLD PE=1 SV=2",-4.7316497868426,7.63131184839405,-2.36403638451553,0.0219786251480283,0.303403649078711,-3.35181919032523
3291,"Q96SQ9|CP2S1_HUMAN","Cytochrome P450 2S1 OS=Homo sapiens OX=9606 GN=CYP2S1 PE=1 SV=2",-3.76984200754789,7.75797555808007,-1.95289146761163,0.056407628080398,0.366768875860716,-4.09880286299877
3292,"Q02127|PYRD_HUMAN","Dihydroorotate dehydrogenase (quinone), mitochondrial OS=Homo sapiens OX=9606 GN=DHODH PE=1 SV=3",-2.47465501714757,7.28065693408472,-1.20007471004777,0.235732276607879,0.486021500885655,-5.14084709670958
3293,"Q9NZ45|CISD1_HUMAN","CDGSH iron-sulfur domain-containing protein 1 OS=Homo sapiens OX=9606 GN=CISD1 PE=1 SV=1",-1.7297101426855,10.3643957003463,-1.1671077558819,0.248670185614677,0.495037213642393,-5.1759897444745
3294,"P60468|SC61B_HUMAN","Protein transport protein Sec61 subunit beta OS=Homo sapiens OX=9606 GN=SEC61B PE=1 SV=2",1.1903047979837,12.2446045938406,0.619583232524731,0.548232249936969,0.713795737750461,-5.61182168533017
3295,"Q15050|RRS1_HUMAN","Ribosome biogenesis regulatory protein homolog OS=Homo sapiens OX=9606 GN=RRS1 PE=1 SV=2",-0.982037202258931,10.1853203838656,-0.626355367936959,0.533914284824116,0.704524762480842,-5.61762027762671
3296,"O95183|VAMP5_HUMAN","Vesicle-associated membrane protein 5 OS=Homo sapiens OX=9606 GN=VAMP5 PE=1 SV=1",2.12155770566456,3.3643962567697,1.2365706039165,0.221989536825918,0.476862311775177,-5.1008715124031
3297,"A8MVS5|HIDE1_HUMAN","Protein HIDE1 OS=Homo sapiens OX=9606 GN=HIDE1 PE=1 SV=2",-3.50687168465422,7.01526446853571,-1.6829847156363,0.098576098981801,0.386522542993734,-4.52344215147362
3299,"Q92947|GCDH_HUMAN","Glutaryl-CoA dehydrogenase, mitochondrial OS=Homo sapiens OX=9606 GN=GCDH PE=1 SV=1",-3.01661753336761,6.12235898504516,-1.45854983250048,0.150905646191314,0.423664741436004,-4.83386877318247
3302,"O43324|MCA3_HUMAN","Eukaryotic translation elongation factor 1 epsilon-1 OS=Homo sapiens OX=9606 GN=EEF1E1 PE=1 SV=1",-2.40606084262343,10.4123251939077,-1.65211182784512,0.104741753689575,0.387142333108459,-4.5684929311953
3303,"Q8TCC3|RM30_HUMAN","39S ribosomal protein L30, mitochondrial OS=Homo sapiens OX=9606 GN=MRPL30 PE=1 SV=1",-3.22796551936347,6.79597621885785,-1.62360167054258,0.110712262728387,0.392573148240718,-4.60943804852452
3304,"O75113|N4BP1_HUMAN","NEDD4-binding protein 1 OS=Homo sapiens OX=9606 GN=N4BP1 PE=1 SV=4",-3.09944791661487,8.47439181132529,-1.6410696366122,0.107022184027801,0.38869023294754,-4.58442644982749
3305,"Q9UI09|NDUAC_HUMAN","NADH dehydrogenase [ubiquinone] 1 alpha subcomplex subunit 12 OS=Homo sapiens OX=9606 GN=NDUFA12 PE=1 SV=1",-0.618312291995517,11.5387070761058,-0.607601046071529,0.546185665800268,0.712510971129601,-5.62827088709296
3307,"Q9UJG1|MSPD1_HUMAN","Motile sperm domain-containing protein 1 OS=Homo sapiens OX=9606 GN=MOSPD1 PE=1 SV=1",-1.61545106060434,7.43184668162816,-0.821478859297887,0.415250408831876,0.622661333958269,-5.48802876970811
3309,"P17706|PTN2_HUMAN","Tyrosine-protein phosphatase non-receptor type 2 OS=Homo sapiens OX=9606 GN=PTPN2 PE=1 SV=2",1.67638926786862,3.95101013259304,0.908887451446545,0.367744082708741,0.589238751572376,-5.41896948863366
3310,"Q9UJ41|RABX5_HUMAN","Rab5 GDP/GTP exchange factor OS=Homo sapiens OX=9606 GN=RABGEF1 PE=1 SV=3",-2.04092237524515,10.1601250465087,-1.34118063027928,0.185886778455708,0.453863012930121,-4.98010856759023
3311,"O75175|CNOT3_HUMAN","CCR4-NOT transcription complex subunit 3 OS=Homo sapiens OX=9606 GN=CNOT3 PE=1 SV=1",-2.61935442541362,7.16909066362933,-1.27974578071444,0.206505996484054,0.467373457046528,-5.05213508973415
3312,"O14807|RASM_HUMAN","Ras-related protein M-Ras OS=Homo sapiens OX=9606 GN=MRAS PE=1 SV=2",-5.12543059158456,8.47475918948498,-2.72519089475434,0.00881817190704069,0.259434774582913,-2.60526487285875
3313,"Q8NHH9|ATLA2_HUMAN","Atlastin-2 OS=Homo sapiens OX=9606 GN=ATL2 PE=1 SV=2",-1.1889897068736,9.41444265964017,-0.745475151589153,0.459454119392851,0.653581581608344,-5.54256400667001
3314,"Q6KC79|NIPBL_HUMAN","Nipped-B-like protein OS=Homo sapiens OX=9606 GN=NIPBL PE=1 SV=2",0.159962547844275,7.7286222686609,0.0759551857395933,0.939756061733392,0.967845374912893,-5.79622150740815
3317,"Q6P1N9|TATD1_HUMAN","Putative deoxyribonuclease TATDN1 OS=Homo sapiens OX=9606 GN=TATDN1 PE=1 SV=2",-0.708063287422895,10.2906237551659,-0.506902482219587,0.614438381745532,0.758173478948861,-5.67999715974602
3318,"Q04864|REL_HUMAN","Proto-oncogene c-Rel OS=Homo sapiens OX=9606 GN=REL PE=1 SV=1",-0.977653723956955,8.43767462622096,-0.489129546303099,0.626876191725287,0.766815040545529,-5.68816762987855
3319,"Q9BW60|ELOV1_HUMAN","Elongation of very long chain fatty acids protein 1 OS=Homo sapiens OX=9606 GN=ELOVL1 PE=1 SV=1",-0.824623441262052,12.1601484254654,-0.980130319965442,0.331712749626277,0.560214426830518,-5.3577087559995
3321,"Q96BR1|SGK3_HUMAN","Serine/threonine-protein kinase Sgk3 OS=Homo sapiens OX=9606 GN=SGK3 PE=1 SV=1",1.42512091203453,6.6680124660674,0.672348851736333,0.504438637280007,0.682998180058155,-5.59015444648749
3322,"#CONTAM#SUMO1_HUMAN|",">sp|SUMO1_HUMAN|",-0.78927247695621,10.6324476770128,-0.533592254985027,0.595973909428612,0.744164959708206,-5.66718606135803
3322,"P63165|SUMO1_HUMAN","Small ubiquitin-related modifier 1 OS=Homo sapiens OX=9606 GN=SUMO1 PE=1 SV=1",-0.78927247695621,10.6324476770128,-0.533592254985027,0.595973909428612,0.744164959708206,-5.66718606135803
3322,"G2XKQ0|SUMO5_HUMAN","Small ubiquitin-related modifier 5 OS=Homo sapiens OX=9606 GN=SUMO1P1 PE=1 SV=2",-4.61063741419592,8.71893772411929,-2.42675391547462,0.0188588908929568,0.295105535928087,-3.22794514603292
3324,"Q9HBH5|RDH14_HUMAN","Retinol dehydrogenase 14 OS=Homo sapiens OX=9606 GN=RDH14 PE=1 SV=1",-4.96152487366576,7.17464410700333,-2.52860202672804,0.01463429576087,0.286254888807852,-3.02150432782102
3326,"Q9NZ09|UBAP1_HUMAN","Ubiquitin-associated protein 1 OS=Homo sapiens OX=9606 GN=UBAP1 PE=1 SV=1",-1.70702431558166,9.93908534260351,-1.14465662527307,0.257769199777712,0.501168664675302,-5.19939439436637
3327,"Q92667|AKAP1_HUMAN","A-kinase anchor protein 1, mitochondrial OS=Homo sapiens OX=9606 GN=AKAP1 PE=1 SV=1",-1.34881452413554,5.14418810020221,-0.674365453035653,0.50316678291598,0.682226169564286,-5.58890651677573
3329,"P17096|HMGA1_HUMAN","High mobility group protein HMG-I/HMG-Y OS=Homo sapiens OX=9606 GN=HMGA1 PE=1 SV=3",-6.40977223160693,7.41395144950944,-3.33397999187962,0.00161286729971547,0.158937088200598,-1.18305904357226
3330,"Q53QZ3|RHG15_HUMAN","Rho GTPase-activating protein 15 OS=Homo sapiens OX=9606 GN=ARHGAP15 PE=1 SV=2",-1.9816916166364,8.93738868933765,-1.09169480436398,0.280169004473309,0.517223552057853,-5.25290089005109
3332,"Q12769|NU160_HUMAN","Nuclear pore complex protein Nup160 OS=Homo sapiens OX=9606 GN=NUP160 PE=1 SV=3",-1.90692165641436,8.70087960963053,-1.01880029479725,0.313173290737357,0.544701328738046,-5.32260156040818
3334,"Q9H2L5|RASF4_HUMAN","Ras association domain-containing protein 4 OS=Homo sapiens OX=9606 GN=RASSF4 PE=1 SV=2",-3.25934944141408,6.66655988804786,-1.54009729695815,0.129804742576304,0.411120587293556,-4.72569212733067
3335,"Q9NW64|RBM22_HUMAN","Pre-mRNA-splicing factor RBM22 OS=Homo sapiens OX=9606 GN=RBM22 PE=1 SV=1",1.39622629089639,6.95985875568061,0.650631454329905,0.518245589890063,0.69481312346252,-5.60336139742147
3336,"Q9BVL2|NUP58_HUMAN","Nucleoporin p58/p45 OS=Homo sapiens OX=9606 GN=NUP58 PE=1 SV=1",-2.07110106324486,10.4576172677104,-1.42404096190218,0.160609117226489,0.43423946509384,-4.87803271050238
3337,"Q9P2N5|RBM27_HUMAN","RNA-binding protein 27 OS=Homo sapiens OX=9606 GN=RBM27 PE=1 SV=2",-1.72558286028511,7.43320431918714,-0.872641462428127,0.387005385650485,0.60370597464565,-5.44842592760555
3339,"O43772|MCAT_HUMAN","Mitochondrial carnitine/acylcarnitine carrier protein OS=Homo sapiens OX=9606 GN=SLC25A20 PE=1 SV=1",-0.343183892335515,5.20741927656065,-0.162273873119408,0.871770899490049,0.931922875180849,-5.7866716676522
3340,"P42677|RS27_HUMAN","40S ribosomal protein S27 OS=Homo sapiens OX=9606 GN=RPS27 PE=1 SV=3",-0.557038505910949,14.4263741176714,-0.885924508948463,0.379874250883752,0.599091321331497,-5.43776549294435
3341,"Q9Y3C6|PPIL1_HUMAN","Peptidyl-prolyl cis-trans isomerase-like 1 OS=Homo sapiens OX=9606 GN=PPIL1 PE=1 SV=1",-2.09959632689658,11.0377454835448,-1.72961051718276,0.0898329361229054,0.380922204887121,-4.45401077747728
3342,"Q86YS6|RAB43_HUMAN","Ras-related protein Rab-43 OS=Homo sapiens OX=9606 GN=RAB43 PE=1 SV=1",-1.81223478452396,4.71807201006543,-0.958947319949129,0.34217228832377,0.570331287078358,-5.37638779088876
3343,"Q92530|PSMF1_HUMAN","Proteasome inhibitor PI31 subunit OS=Homo sapiens OX=9606 GN=PSMF1 PE=1 SV=2",-0.775906517145817,11.4746043388906,-0.738071055904093,0.463901037726022,0.656749713038853,-5.54760092261685
3344,"Q9H488|OFUT1_HUMAN","GDP-fucose protein O-fucosyltransferase 1 OS=Homo sapiens OX=9606 GN=POFUT1 PE=1 SV=1",-1.63967205494935,11.8865500090059,-1.72326776094041,0.0909831644243129,0.38259339367387,-4.46355391011033
3345,"Q9H098|F107B_HUMAN","Protein FAM107B OS=Homo sapiens OX=9606 GN=FAM107B PE=1 SV=1",-4.0198169908226,10.0359173284491,-2.43699247716667,0.0183892826051594,0.292499164066587,-3.20748526758585
3346,"P02765|FETUA_HUMAN","Alpha-2-HS-glycoprotein OS=Homo sapiens OX=9606 GN=AHSG PE=1 SV=2",-0.0781006314181543,5.51106742131729,-0.0401112897541543,0.968163193237952,0.981841034442161,-5.79815183743305
3347,"O15258|RER1_HUMAN","Protein RER1 OS=Homo sapiens OX=9606 GN=RER1 PE=1 SV=1",-2.13239263170643,6.06397443762583,-1.02854923683731,0.308612407538563,0.542528016027996,-5.31354580486417
3348,"Q9BTZ2|DHRS4_HUMAN","Dehydrogenase/reductase SDR family member 4 OS=Homo sapiens OX=9606 GN=DHRS4 PE=1 SV=3",-2.27226869548038,5.70279792556411,-1.13713785675108,0.260868953369545,0.503839722942883,-5.20713653156784
3348,"Q6PKH6|DR4L2_HUMAN","Dehydrogenase/reductase SDR family member 4-like 2 OS=Homo sapiens OX=9606 GN=DHRS4L2 PE=2 SV=1",-2.11937298591026,5.62635007077905,-1.06642194555759,0.291325093002663,0.527753549596012,-5.27758565879342
3349,"Q86Y37|CACL1_HUMAN","CDK2-associated and cullin domain-containing protein 1 OS=Homo sapiens OX=9606 GN=CACUL1 PE=1 SV=1",-0.532788854859989,5.55910287197444,-0.265378735788744,0.791802359468504,0.88533041594778,-5.76624373686509
3350,"P46776|RL27A_HUMAN","60S ribosomal protein L27a OS=Homo sapiens OX=9606 GN=RPL27A PE=1 SV=2",-2.72532849473267,12.1321591131941,-1.7892004732067,0.0945861956040294,0.385701893955712,-4.40567571395891
3354,"Q8N183|NDUF2_HUMAN","NADH dehydrogenase [ubiquinone] 1 alpha subcomplex assembly factor 2 OS=Homo sapiens OX=9606 GN=NDUFAF2 PE=1 SV=1",-0.233201802136206,11.2571268382033,-0.216707516748726,0.829312857055333,0.911418850558132,-5.77711773234809
3355,"O95168|NDUB4_HUMAN","NADH dehydrogenase [ubiquinone] 1 beta subcomplex subunit 4 OS=Homo sapiens OX=9606 GN=NDUFB4 PE=1 SV=3",-0.277802092324796,10.5879622517591,-0.176683963382058,0.860632074593741,0.927607265275008,-5.78435255642632
3356,"Q8NFH4|NUP37_HUMAN","Nucleoporin Nup37 OS=Homo sapiens OX=9606 GN=NUP37 PE=1 SV=1",-1.27906840103617,10.77527305655,-0.981320615325117,0.331131399241581,0.559946186310754,-5.35664754154374
3357,"Q96GE9|DMAC1_HUMAN","Distal membrane-arm assembly complex protein 1 OS=Homo sapiens OX=9606 GN=DMAC1 PE=1 SV=1",-3.61188372892923,8.29269683704123,-1.88701495989843,0.0649360996547745,0.37142069218209,-4.20744917255833
3358,"P83731|RL24_HUMAN","60S ribosomal protein L24 OS=Homo sapiens OX=9606 GN=RPL24 PE=1 SV=1",-1.05297619885914,12.937729661182,-1.47481844134731,0.146493624027992,0.421420367594079,-4.8127142077534
3359,"O43924|PDE6D_HUMAN","Retinal rod rhodopsin-sensitive cGMP 3',5'-cyclic phosphodiesterase subunit delta OS=Homo sapiens OX=9606 GN=PDE6D PE=1 SV=1",-6.14176890034551,7.84653273363199,-3.17934500427191,0.0025266009520144,0.172232339720537,-1.56181402463916
3360,"Q6I9Y2|THOC7_HUMAN","THO complex subunit 7 homolog OS=Homo sapiens OX=9606 GN=THOC7 PE=1 SV=3",-3.058883168193,8.82087557670421,-1.63994884335227,0.107255898144836,0.38886008694732,-4.58603841062959
3361,"P49770|EI2BB_HUMAN","Translation initiation factor eIF-2B subunit beta OS=Homo sapiens OX=9606 GN=EIF2B2 PE=1 SV=3",-2.14201262329728,11.3140602439429,-1.56676949080794,0.127036450170385,0.408642277935793,-4.69296054558175
3362,"A6NDU8|CE051_HUMAN","UPF0600 protein C5orf51 OS=Homo sapiens OX=9606 GN=C5orf51 PE=1 SV=1",-3.10678908199879,9.20624092306371,-1.73636161413025,0.0886219300501053,0.378665330085122,-4.44381949166604
3363,"Q13630|FCL_HUMAN","GDP-L-fucose synthase OS=Homo sapiens OX=9606 GN=GFUS PE=1 SV=1",-4.06409875737533,11.1389422072799,-3.23975274079625,0.00212304616303046,0.166253814984949,-1.41517309247513
3366,"Q14919|NC2A_HUMAN","Dr1-associated corepressor OS=Homo sapiens OX=9606 GN=DRAP1 PE=1 SV=3",-3.25154128679029,9.88411834675455,-1.94763908261239,0.0570504948255191,0.366768875860716,-4.10758134273232
3367,"P53611|PGTB2_HUMAN","Geranylgeranyl transferase type-2 subunit beta OS=Homo sapiens OX=9606 GN=RABGGTB PE=1 SV=2",-1.26201658010221,12.0775346564887,-1.47051716782877,0.147650120754333,0.422207408090888,-4.81832805055255
3369,"Q9NR19|ACSA_HUMAN","Acetyl-coenzyme A synthetase, cytoplasmic OS=Homo sapiens OX=9606 GN=ACSS2 PE=1 SV=1",-1.94969075278746,10.5469230919212,-1.36704007000194,0.17769161941811,0.445729647544437,-4.94885693596905
3370,"O95218|ZRAB2_HUMAN","Zinc finger Ran-binding domain-containing protein 2 OS=Homo sapiens OX=9606 GN=ZRANB2 PE=1 SV=2",1.11609511431108,6.43626985001975,0.537312610527107,0.593420912546592,0.743993896333424,-5.66534872674083
3372,"O60331|PI51C_HUMAN","Phosphatidylinositol 4-phosphate 5-kinase type-1 gamma OS=Homo sapiens OX=9606 GN=PIP5K1C PE=1 SV=2",-0.986498302848061,5.91780969282418,-0.496246511110217,0.621882215533103,0.763789430421355,-5.68493049000723
3373,"O95391|SLU7_HUMAN","Pre-mRNA-splicing factor SLU7 OS=Homo sapiens OX=9606 GN=SLU7 PE=1 SV=2",-2.13643822000725,5.97069197476736,-1.0355325358823,0.305373328273477,0.539544721832,-5.30700841980288
3375,"P61764|STXB1_HUMAN","Syntaxin-binding protein 1 OS=Homo sapiens OX=9606 GN=STXBP1 PE=1 SV=1",-1.39839691796067,5.12197713646304,-0.705500432170255,0.483753528762051,0.66929856998977,-5.56917470509783
3376,"Q9NUN5|LMBD1_HUMAN","Lysosomal cobalamin transport escort protein LMBD1 OS=Homo sapiens OX=9606 GN=LMBRD1 PE=1 SV=1",-0.555353410363658,12.390003757237,-0.647820355608009,0.520047365152244,0.695299714122933,-5.6050397937368
3378,"Q9H1E5|TMX4_HUMAN","Thioredoxin-related transmembrane protein 4 OS=Homo sapiens OX=9606 GN=TMX4 PE=1 SV=1",-0.366285913772524,12.154511983196,-0.400391414739665,0.690563812134321,0.811871698325826,-5.72463748344449
3381,"Q00535|CDK5_HUMAN","Cyclin-dependent-like kinase 5 OS=Homo sapiens OX=9606 GN=CDK5 PE=1 SV=3",-5.93196167915195,7.73254126931481,-3.07098273621743,0.00343719407282662,0.180536522825174,-1.8204642913075
3382,"P35249|RFC4_HUMAN","Replication factor C subunit 4 OS=Homo sapiens OX=9606 GN=RFC4 PE=1 SV=2",-2.13259768079102,8.84631840916561,-1.16057874232079,0.251292092214675,0.49693574401142,-5.18284026897747
3383,"Q9Y3A5|SBDS_HUMAN","Ribosome maturation protein SBDS OS=Homo sapiens OX=9606 GN=SBDS PE=1 SV=4",-3.80555577937529,8.34403306083051,-1.98772852316213,0.052299024207613,0.363309511713208,-4.04007399058921
3384,"Q9Y5Y6|ST14_HUMAN","Suppressor of tumorigenicity 14 protein OS=Homo sapiens OX=9606 GN=ST14 PE=1 SV=2",-0.616222269077369,12.1989889666691,-0.734999978376292,0.46575275459295,0.657726895994932,-5.54967573258415
3385,"Q7Z5G4|GOGA7_HUMAN","Golgin subfamily A member 7 OS=Homo sapiens OX=9606 GN=GOLGA7 PE=1 SV=2",-1.31596769381307,10.593684463086,-1.02067272481617,0.312293776437266,0.544701328738046,-5.32086866125551
3386,"Q8TB96|TIP_HUMAN","T-cell immunomodulatory protein OS=Homo sapiens OX=9606 GN=ITFG1 PE=1 SV=1",-4.83136258593715,9.01048964553219,-2.63346367604613,0.0111999267092427,0.277415061407616,-2.80232449493494
3387,"P11166|GTR1_HUMAN","Solute carrier family 2, facilitated glucose transporter member 1 OS=Homo sapiens OX=9606 GN=SLC2A1 PE=1 SV=2",9.50289717100089,7.05506598943787,4.69027832376229,2.12503759280059e-05,0.0152542281869869,2.51628623983287
3390,"Q96LD4|TRI47_HUMAN","E3 ubiquitin-protein ligase TRIM47 OS=Homo sapiens OX=9606 GN=TRIM47 PE=1 SV=2",-0.927234852259439,6.93484024684027,-0.450467453606819,0.654309191897953,0.787181477515218,-5.70494387347609
3391,"Q8WTS6|SETD7_HUMAN","Histone-lysine N-methyltransferase SETD7 OS=Homo sapiens OX=9606 GN=SETD7 PE=1 SV=1",-2.48603315253777,9.16436680539998,-1.37586657940355,0.174958727742807,0.44196319084356,-4.93806397514681
3392,"Q06787|FMR1_HUMAN","Synaptic functional regulator FMR1 OS=Homo sapiens OX=9606 GN=FMR1 PE=1 SV=1",-0.178152561005342,5.67771303262204,-0.0879393435731909,0.930274073557678,0.964938852545957,-5.79531022555856
3395,"O14523|C2C2L_HUMAN","Phospholipid transfer protein C2CD2L OS=Homo sapiens OX=9606 GN=C2CD2L PE=1 SV=3",1.74921653076422,3.17822566931953,1.04893901904216,0.299220272269142,0.534734370968983,-5.2943397242424
3396,"P63172|DYLT1_HUMAN","Dynein light chain Tctex-type 1 OS=Homo sapiens OX=9606 GN=DYNLT1 PE=1 SV=1",-0.359654968323223,12.1533638886879,-0.408436145872562,0.684687155310665,0.807267335867242,-5.72162881293128
3397,"Q9ULQ1|TPC1_HUMAN","Two pore calcium channel protein 1 OS=Homo sapiens OX=9606 GN=TPCN1 PE=1 SV=3",-0.822216517994132,7.42535138252835,-0.396147640563258,0.693671665516301,0.812106597825385,-5.7262006774619
3398,"Q86XA9|HTR5A_HUMAN","HEAT repeat-containing protein 5A OS=Homo sapiens OX=9606 GN=HEATR5A PE=1 SV=2",-1.41881447894489,5.11465593453635,-0.715416199441932,0.477659845219057,0.664838502561353,-5.56270759394435
3399,"Q9GZT6|CC90B_HUMAN","Coiled-coil domain-containing protein 90B, mitochondrial OS=Homo sapiens OX=9606 GN=CCDC90B PE=1 SV=2",-0.223836658327106,5.22635853058876,-0.108399036210409,0.914110439729702,0.955813385090409,-5.79344660750561
3400,"Q9BTA9|WAC_HUMAN","WW domain-containing adapter protein with coiled-coil OS=Homo sapiens OX=9606 GN=WAC PE=1 SV=3",-0.552740959340406,7.45907028255629,-0.279661606592617,0.780883978133908,0.876079003340126,-5.76263720764144
3401,"Q9Y314|NOSIP_HUMAN","Nitric oxide synthase-interacting protein OS=Homo sapiens OX=9606 GN=NOSIP PE=1 SV=1",-2.42421078519282,9.02771474895198,-1.32004072471001,0.192797546371953,0.458772945980112,-5.00524645848679
3402,"Q6PD62|CTR9_HUMAN","RNA polymerase-associated protein CTR9 homolog OS=Homo sapiens OX=9606 GN=CTR9 PE=1 SV=1",0.696019020938182,5.57638404576523,0.332575059004876,0.740837207785393,0.848343349501968,-5.74763545641842
3404,"P78537|BL1S1_HUMAN","Biogenesis of lysosome-related organelles complex 1 subunit 1 OS=Homo sapiens OX=9606 GN=BLOC1S1 PE=1 SV=2",-1.53756053306762,10.820487338648,-1.2068157035824,0.233148265884973,0.485615495628163,-5.13354795535105
3405,"Q53EP0|FND3B_HUMAN","Fibronectin type III domain-containing protein 3B OS=Homo sapiens OX=9606 GN=FNDC3B PE=1 SV=2",-0.924658346301381,9.28352497018489,-0.541192751488532,0.590763775238099,0.74195748395166,-5.66341905030542
3407,"Q2TAL8|QRIC1_HUMAN","Glutamine-rich protein 1 OS=Homo sapiens OX=9606 GN=QRICH1 PE=1 SV=1",-1.05904052858672,5.05125902463783,-0.540269642923836,0.591395412678442,0.74195748395166,-5.66387937467706
3408,"Q9P1F3|ABRAL_HUMAN","Costars family protein ABRACL OS=Homo sapiens OX=9606 GN=ABRACL PE=1 SV=1",-1.44674488312932,11.7771892483709,-1.4325475170191,0.158173183439709,0.432304891670951,-4.8672358820299
3409,"Q9UJV9|DDX41_HUMAN","Probable ATP-dependent RNA helicase DDX41 OS=Homo sapiens OX=9606 GN=DDX41 PE=1 SV=2",-1.18821430046052,6.81646655972894,-0.559513460189723,0.578294481767016,0.733360170433644,-5.65412265876246
3410,"Q96AJ9|VTI1A_HUMAN","Vesicle transport through interaction with t-SNAREs homolog 1A OS=Homo sapiens OX=9606 GN=VTI1A PE=1 SV=2",-3.49323630816617,8.82560884287878,-1.84894234789478,0.0703475791186006,0.374885133083069,-4.2687862229848
3411,"P30047|GFRP_HUMAN","GTP cyclohydrolase 1 feedback regulatory protein OS=Homo sapiens OX=9606 GN=GCHFR PE=1 SV=3",-3.61449395691339,9.01718559299294,-1.80621029297799,0.0776414281413376,0.375605864510613,-4.33898640628637
3412,"Q86U28|ISCA2_HUMAN","Iron-sulfur cluster assembly 2 homolog, mitochondrial OS=Homo sapiens OX=9606 GN=ISCA2 PE=1 SV=2",-2.41378265479012,7.56968675720495,-1.18544276770929,0.241412788146093,0.488182548193727,-5.15655834081654
3413,"Q6IA69|NADE_HUMAN","Glutamine-dependent NAD(+) synthetase OS=Homo sapiens OX=9606 GN=NADSYN1 PE=1 SV=3",-3.68290149654727,6.35492339869133,-1.8385826891007,0.071884395774097,0.374885133083069,-4.28529014792656
3414,"Q5VW38|GP107_HUMAN","Protein GPR107 OS=Homo sapiens OX=9606 GN=GPR107 PE=1 SV=1",-5.85785698715708,7.8586021766014,-2.99170777797737,0.00428938574396914,0.196887196853267,-2.00597958369753
3415,"Q9H008|LHPP_HUMAN","Phospholysine phosphohistidine inorganic pyrophosphate phosphatase OS=Homo sapiens OX=9606 GN=LHPP PE=1 SV=2",-2.4327304447138,9.96717031940517,-1.4446102583119,0.154768429776286,0.428398217896184,-4.8518246659078
3416,"O95400|CD2B2_HUMAN","CD2 antigen cytoplasmic tail-binding protein 2 OS=Homo sapiens OX=9606 GN=CD2BP2 PE=1 SV=1",1.38366107758752,7.90101255668216,0.692810118080575,0.491615282195716,0.673666603231363,-5.57732249576705
3418,"Q96NT0|CC115_HUMAN","Coiled-coil domain-containing protein 115 OS=Homo sapiens OX=9606 GN=CCDC115 PE=1 SV=1",-1.05265237433957,6.78092699345705,-0.499286786723451,0.619754289244302,0.76199877926783,-5.68353352234054
3419,"Q8TAG9|EXOC6_HUMAN","Exocyst complex component 6 OS=Homo sapiens OX=9606 GN=EXOC6 PE=1 SV=3",-4.03280254358459,6.63293638703488,-1.97387508108655,0.053900947482645,0.366768875860716,-4.0635331392779
3420,"Q8IWX8|CHERP_HUMAN","Calcium homeostasis endoplasmic reticulum protein OS=Homo sapiens OX=9606 GN=CHERP PE=1 SV=3",-1.47458826493494,5.17725426449941,-0.745466245526747,0.459459453584926,0.653581581608344,-5.54257009484043
3421,"Q96SZ5|AEDO_HUMAN","2-aminoethanethiol dioxygenase OS=Homo sapiens OX=9606 GN=ADO PE=1 SV=2",-2.77461985300342,10.1623700416987,-1.64962796701804,0.105670583702498,0.387142333108459,-4.57280921829638
3424,"P38432|COIL_HUMAN","Coilin OS=Homo sapiens OX=9606 GN=COIL PE=1 SV=1",-3.45113265794108,8.67506195771608,-1.79045064702187,0.0794008711015741,0.375605864510613,-4.36091706437576
3425,"Q13951|PEBB_HUMAN","Core-binding factor subunit beta OS=Homo sapiens OX=9606 GN=CBFB PE=1 SV=2",1.0333374192199,5.7163641858495,0.518457775160374,0.606412320254865,0.75181861351114,-5.67453035460177
3427,"Q9H1E3|NUCKS_HUMAN","Nuclear ubiquitous casein and cyclin-dependent kinase substrate 1 OS=Homo sapiens OX=9606 GN=NUCKS1 PE=1 SV=1",1.82069917551714,4.31235183642565,0.966543602122229,0.338396736580765,0.566890215656691,-5.36973449747176
3428,"Q02447|SP3_HUMAN","Transcription factor Sp3 OS=Homo sapiens OX=9606 GN=SP3 PE=1 SV=3",2.1549631042456,3.38109895606022,1.26475147977248,0.211789128776998,0.471709726663518,-5.06923760905727
3430,"Q9Y2S2|CRYL1_HUMAN","Lambda-crystallin homolog OS=Homo sapiens OX=9606 GN=CRYL1 PE=1 SV=3",-1.86881401782326,6.59481694473934,-0.888520232030008,0.37849048915133,0.598223316247626,-5.43566408851108
3431,"Q7Z4G1|COMD6_HUMAN","COMM domain-containing protein 6 OS=Homo sapiens OX=9606 GN=COMMD6 PE=1 SV=1",-1.52448408857157,11.4962953099788,-1.46597433166895,0.148879358458558,0.423261066143431,-4.82424096978582
3432,"O75030|MITF_HUMAN","Microphthalmia-associated transcription factor OS=Homo sapiens OX=9606 GN=MITF PE=1 SV=2",-4.51678510648679,7.20031767373997,-2.29842048734606,0.025730104804746,0.31600086074823,-3.47870051580258
3433,"P51649|SSDH_HUMAN","Succinate-semialdehyde dehydrogenase, mitochondrial OS=Homo sapiens OX=9606 GN=ALDH5A1 PE=1 SV=2",-6.18196740774354,8.21257787857854,-3.1102603598696,0.00307639030330293,0.173551635852218,-1.72737745962723
3434,"Q5VSL9|STRP1_HUMAN","Striatin-interacting protein 1 OS=Homo sapiens OX=9606 GN=STRIP1 PE=1 SV=1",-3.20489240026875,9.31447064513469,-1.79444326476805,0.0787532726145332,0.375605864510613,-4.35470984664499
3435,"O15085|ARHGB_HUMAN","Rho guanine nucleotide exchange factor 11 OS=Homo sapiens OX=9606 GN=ARHGEF11 PE=1 SV=1",-0.211469225680089,4.09448757926694,-0.11423961360205,0.909502648984703,0.952624290032613,-5.7928433761251
3437,"Q8N3F8|MILK1_HUMAN","MICAL-like protein 1 OS=Homo sapiens OX=9606 GN=MICALL1 PE=1 SV=2",-3.46872211846201,7.66726795532658,-1.78973127871593,0.0795180247901632,0.375605864510613,-4.36203417040668
3438,"Q9NX08|COMD8_HUMAN","COMM domain-containing protein 8 OS=Homo sapiens OX=9606 GN=COMMD8 PE=1 SV=1",-1.67266172357917,11.1940892181244,-1.51995464100629,0.134784032479028,0.413207622515545,-4.7529076380828
3439,"Q9GZT8|NIF3L_HUMAN","NIF3-like protein 1 OS=Homo sapiens OX=9606 GN=NIF3L1 PE=1 SV=2",-3.09986801684444,10.8549179348741,-2.32193009777085,0.0243249519058263,0.31600086074823,-3.43356291305088
3440,"Q86VX2|COMD7_HUMAN","COMM domain-containing protein 7 OS=Homo sapiens OX=9606 GN=COMMD7 PE=1 SV=2",-0.961889985677583,11.6006478189273,-0.982906983641619,0.330357659178928,0.559296555850489,-5.3552312860748
3441,"Q13137|CACO2_HUMAN","Calcium-binding and coiled-coil domain-containing protein 2 OS=Homo sapiens OX=9606 GN=CALCOCO2 PE=1 SV=1",-1.16259484332056,5.5231634656032,-0.565991338323928,0.573916256016822,0.730454289203443,-5.65076255751066
3442,"P61962|DCAF7_HUMAN","DDB1- and CUL4-associated factor 7 OS=Homo sapiens OX=9606 GN=DCAF7 PE=1 SV=1",-2.57885524556826,9.86733524603847,-1.60035433675197,0.115783017045559,0.395669463584481,-4.64235460756894
3443,"P78316|NOP14_HUMAN","Nucleolar protein 14 OS=Homo sapiens OX=9606 GN=NOP14 PE=1 SV=3",-2.59030050784545,5.5370319052159,-1.32708733570002,0.190472670744006,0.457538088619316,-4.99690827544648
3444,"Q0VDG4|SCRN3_HUMAN","Secernin-3 OS=Homo sapiens OX=9606 GN=SCRN3 PE=1 SV=1",-0.446400740019082,5.61191398337837,-0.220874895375181,0.826084006674476,0.909960055434007,-5.77627242095583
3445,"Q96QR8|PURB_HUMAN","Transcriptional activator protein Pur-beta OS=Homo sapiens OX=9606 GN=PURB PE=1 SV=3",3.8067477655519,9.05804819138822,2.03363103337997,0.0472808635865416,0.354698763841406,-3.96136163522262
3447,"C9J7I0|UMAD1_HUMAN","UBAP1-MVB12-associated (UMA)-domain containing protein 1 OS=Homo sapiens OX=9606 GN=UMAD1 PE=1 SV=2",-1.02105733281324,10.2659413688922,-0.714417890576252,0.478271386700329,0.665256874114787,-5.56336269295016
3448,"Q8N335|GPD1L_HUMAN","Glycerol-3-phosphate dehydrogenase 1-like protein OS=Homo sapiens OX=9606 GN=GPD1L PE=1 SV=1",-1.63875103426946,9.64607026896323,-0.996702459284097,0.323679868812108,0.552990557308112,-5.34282272840901
3449,"P50440|GATM_HUMAN","Glycine amidinotransferase, mitochondrial OS=Homo sapiens OX=9606 GN=GATM PE=1 SV=1",-1.37280884000712,8.90123455582527,-0.74751966370966,0.458230526226138,0.653581581608344,-5.54116450248554
3450,"O43402|EMC8_HUMAN","ER membrane protein complex subunit 8 OS=Homo sapiens OX=9606 GN=EMC8 PE=1 SV=1",-4.44591230004607,7.44597941663418,-2.10506177051968,0.040301689690452,0.348345476869979,-3.83590817942674
3451,"P08582|TRFM_HUMAN","Melanotransferrin OS=Homo sapiens OX=9606 GN=MELTF PE=1 SV=2",-0.376950620506699,4.72581864290085,-0.194502808029008,0.846565669060188,0.920537440036954,-5.78135079311592
3452,"Q15024|EXOS7_HUMAN","Exosome complex component RRP42 OS=Homo sapiens OX=9606 GN=EXOSC7 PE=1 SV=3",-2.4890837636627,8.99998150656077,-1.36766394959229,0.177497382772671,0.445729647544437,-4.94809616476885
3455,"P14406|CX7A2_HUMAN","Cytochrome c oxidase subunit 7A2, mitochondrial OS=Homo sapiens OX=9606 GN=COX7A2 PE=1 SV=1",-0.502313430958159,14.7726883864373,-0.834173851502814,0.408127308366176,0.617857404967705,-5.47841848877523
3456,"Q8TB36|GDAP1_HUMAN","Ganglioside-induced differentiation-associated protein 1 OS=Homo sapiens OX=9606 GN=GDAP1 PE=1 SV=3",-0.722069962579377,5.88351385143656,-0.365434737903748,0.716319215845908,0.829128423178802,-5.73702042008638
3457,"Q8WXA9|SREK1_HUMAN","Splicing regulatory glutamine/lysine-rich protein 1 OS=Homo sapiens OX=9606 GN=SREK1 PE=1 SV=1",0.331868742376541,8.68092268087662,0.174357712449762,0.862284248399727,0.928000564182314,-5.78479631331015
3458,"O60925|PFD1_HUMAN","Prefoldin subunit 1 OS=Homo sapiens OX=9606 GN=PFDN1 PE=1 SV=2",-0.541466068762922,12.8964405122076,-0.757049419374064,0.452552089617435,0.64884881823645,-5.53459187357368
3459,"Q9UBL3|ASH2L_HUMAN","Set1/Ash2 histone methyltransferase complex subunit ASH2 OS=Homo sapiens OX=9606 GN=ASH2L PE=1 SV=1",-2.20537671949361,9.02717277461216,-1.2021634699684,0.2349293743555,0.485873725118869,-5.13858949403975
3461,"Q8NFH5|NUP35_HUMAN","Nucleoporin NUP35 OS=Homo sapiens OX=9606 GN=NUP35 PE=1 SV=1",-0.351810878228406,10.4571220162609,-0.26395962141403,0.792889526466815,0.885626346082099,-5.76659178248932
3462,"Q9BRQ6|MIC25_HUMAN","MICOS complex subunit MIC25 OS=Homo sapiens OX=9606 GN=CHCHD6 PE=1 SV=1",-0.9428542900614,7.26989022204072,-0.468738362808197,0.641281904643204,0.777809395465581,-5.69718618738529
3463,"Q9NX20|RM16_HUMAN","39S ribosomal protein L16, mitochondrial OS=Homo sapiens OX=9606 GN=MRPL16 PE=1 SV=1",-0.278683209042567,7.9676642687175,-0.13497654862198,0.893169113084707,0.943842045671238,-5.79044610075596
3465,"O15155|BET1_HUMAN","BET1 homolog OS=Homo sapiens OX=9606 GN=BET1 PE=1 SV=1",-1.27207051827133,12.4396535218242,-1.58135609726072,0.120065178937021,0.401449077849917,-4.66893948743409
3466,"Q9NQT5|EXOS3_HUMAN","Exosome complex component RRP40 OS=Homo sapiens OX=9606 GN=EXOSC3 PE=1 SV=3",-3.63990014893029,9.26039184992915,-2.08669103310982,0.0420048617984205,0.348345476869979,-3.8685145340131
3467,"Q5RI15|COX20_HUMAN","Cytochrome c oxidase assembly protein COX20, mitochondrial OS=Homo sapiens OX=9606 GN=COX20 PE=1 SV=2",0.843056754692688,4.17392553810477,0.45551561411242,0.650698735677989,0.784956823383752,-5.70283101794647
3468,"O75940|SPF30_HUMAN","Survival of motor neuron-related-splicing factor 30 OS=Homo sapiens OX=9606 GN=SMNDC1 PE=1 SV=1",-2.46073801743989,10.8836381836019,-1.82891573389338,0.0733439063570627,0.375605864510613,-4.3006184079047
3471,"Q9BUR5|MIC26_HUMAN","MICOS complex subunit MIC26 OS=Homo sapiens OX=9606 GN=APOO PE=1 SV=1",-2.86817695293277,10.8337133984628,-2.09144132587554,0.0415585471289268,0.348345476869979,-3.86010578219435
3473,"Q3MHD2|LSM12_HUMAN","Protein LSM12 homolog OS=Homo sapiens OX=9606 GN=LSM12 PE=1 SV=2",-0.805110978163327,12.1615200594185,-0.978830909405975,0.332348168189675,0.560214426830518,-5.35886584234231
3475,"Q9BRR9|RHG09_HUMAN","Rho GTPase-activating protein 9 OS=Homo sapiens OX=9606 GN=ARHGAP9 PE=1 SV=2",0.48883960589013,7.1519846842457,0.23627303634256,0.814180328988958,0.899147353065498,-5.77300971987586
3476,"P61964|WDR5_HUMAN","WD repeat-containing protein 5 OS=Homo sapiens OX=9606 GN=WDR5 PE=1 SV=1",-2.30053607077152,9.38693933871793,-1.30142485876645,0.199042696167359,0.464238021811491,-5.02707633335081
3477,"Q9BRJ6|CG050_HUMAN","Uncharacterized protein C7orf50 OS=Homo sapiens OX=9606 GN=C7orf50 PE=1 SV=1",-2.35817977119309,6.43624402001065,-1.12808493885872,0.264636308873455,0.50615957398564,-5.21639438413149
3478,"Q8TAE8|G45IP_HUMAN","Growth arrest and DNA damage-inducible proteins-interacting protein 1 OS=Homo sapiens OX=9606 GN=GADD45GIP1 PE=1 SV=1",1.65017532924468,10.889090515251,1.20987936110921,0.231980742964064,0.485557760931822,-5.13021794708424
3479,"Q9NVM6|DJC17_HUMAN","DnaJ homolog subfamily C member 17 OS=Homo sapiens OX=9606 GN=DNAJC17 PE=1 SV=1",0.867728226823864,9.79005023281523,0.531789944239586,0.59721254963119,0.744484645806523,-5.66807161661939
3481,"Q8N1B4|VPS52_HUMAN","Vacuolar protein sorting-associated protein 52 homolog OS=Homo sapiens OX=9606 GN=VPS52 PE=1 SV=1",-3.11749191736491,8.90630893132055,-1.71157449626857,0.0931356495638409,0.384925051282338,-4.48106653673267
3482,"O75167|PHAR2_HUMAN","Phosphatase and actin regulator 2 OS=Homo sapiens OX=9606 GN=PHACTR2 PE=1 SV=2",-0.897360890857023,8.62119726304793,-0.479118521649779,0.633930807777928,0.772744347109505,-5.6926427849024
3483,"Q5R372|RBG1L_HUMAN","Rab GTPase-activating protein 1-like OS=Homo sapiens OX=9606 GN=RABGAP1L PE=1 SV=1",-2.61252173536889,5.67775561746061,-1.29010738014662,0.202913164324364,0.467051180058524,-5.04020699703197
3484,"P23610|HAP40_HUMAN","40-kDa huntingtin-associated protein OS=Homo sapiens OX=9606 GN=F8A1 PE=1 SV=2",-1.06056817194312,9.58865494068847,-0.677893239397431,0.500946039083576,0.680193754833847,-5.58671461175653
3485,"Q14156|EFR3A_HUMAN","Protein EFR3 homolog A OS=Homo sapiens OX=9606 GN=EFR3A PE=1 SV=2",-3.59492433107756,6.00105648159568,-1.82374872579184,0.0741342040235031,0.375605864510613,-4.30878278415656
3486,"Q8NBL1|PGLT1_HUMAN","Protein O-glucosyltransferase 1 OS=Homo sapiens OX=9606 GN=POGLUT1 PE=1 SV=1",-1.92438283791902,10.1631534172967,-1.25112270785728,0.216677830156572,0.475088669077635,-5.08461946320582
3487,"P02655|APOC2_HUMAN","Apolipoprotein C-II OS=Homo sapiens OX=9606 GN=APOC2 PE=1 SV=1",-2.85708705025217,6.46271716422593,-1.40949833233714,0.164841040808282,0.437260090371993,-4.89635434577414
3488,"Q8IWE2|NXP20_HUMAN","Protein NOXP20 OS=Homo sapiens OX=9606 GN=FAM114A1 PE=1 SV=2",-1.76972242372017,5.88751901606784,-0.886496446233756,0.379569080282057,0.599048746344749,-5.43730298334045
3492,"Q6VN20|RBP10_HUMAN","Ran-binding protein 10 OS=Homo sapiens OX=9606 GN=RANBP10 PE=1 SV=1",-2.03498954056517,5.00801882462341,-0.983150575944286,0.330238955573765,0.559296555850489,-5.35501362090985
3493,"Q8IXQ4|GPAM1_HUMAN","GPALPP motifs-containing protein 1 OS=Homo sapiens OX=9606 GN=GPALPP1 PE=1 SV=1",1.89454737290769,7.63404210978544,0.953773228140531,0.344759777183793,0.573091609544807,-5.38089070069205
3496,"O43678|NDUA2_HUMAN","NADH dehydrogenase [ubiquinone] 1 alpha subcomplex subunit 2 OS=Homo sapiens OX=9606 GN=NDUFA2 PE=1 SV=3",-0.709033726110208,11.4149135521648,-0.673249029780813,0.50387068647312,0.682676587383723,-5.58959784374567
3497,"O75503|CLN5_HUMAN","Ceroid-lipofuscinosis neuronal protein 5 OS=Homo sapiens OX=9606 GN=CLN5 PE=1 SV=2",-1.30423895682652,5.46805579683872,-0.631134718981367,0.530810131252721,0.702365356468654,-5.61485517945298
3498,"Q9H8H3|MET7A_HUMAN","Methyltransferase-like protein 7A OS=Homo sapiens OX=9606 GN=METTL7A PE=1 SV=1",4.05996347878158,7.75665298249113,1.89675745695534,0.0636095728920799,0.370215816673034,-4.19158155507379
3499,"O95453|PARN_HUMAN","Poly(A)-specific ribonuclease PARN OS=Homo sapiens OX=9606 GN=PARN PE=1 SV=1",-5.12821772420667,7.70446455184398,-2.58788687684755,0.0125903992854234,0.284166250325533,-2.898400038299
3500,"P34810|CD68_HUMAN","Macrosialin OS=Homo sapiens OX=9606 GN=CD68 PE=1 SV=2",-0.374903250687096,5.85341646154734,-0.1802882070333,0.857650734234485,0.926095327231406,-5.78382102228447
3502,"Q96H20|SNF8_HUMAN","Vacuolar-sorting protein SNF8 OS=Homo sapiens OX=9606 GN=SNF8 PE=1 SV=1",-3.38477505317183,6.47763386378018,-1.65055081364227,0.105061702107755,0.387142333108459,-4.57075118069617
3503,"Q9H9J2|RM44_HUMAN","39S ribosomal protein L44, mitochondrial OS=Homo sapiens OX=9606 GN=MRPL44 PE=1 SV=1",-4.71293055880733,7.40990882421016,-2.26893766808266,0.0275941864411913,0.321614610405292,-3.53479194860221
3504,"Q15796|SMAD2_HUMAN","Mothers against decapentaplegic homolog 2 OS=Homo sapiens OX=9606 GN=SMAD2 PE=1 SV=1",-0.212712425597609,10.0404270177193,-0.146766992803262,0.883902623816998,0.939183432760079,-5.78890531821283
3504,"O15198|SMAD9_HUMAN","Mothers against decapentaplegic homolog 9 OS=Homo sapiens OX=9606 GN=SMAD9 PE=1 SV=1",-0.212712425597609,10.0404270177193,-0.146766992803262,0.883902623816998,0.939183432760079,-5.78890531821283
3504,"P84022|SMAD3_HUMAN","Mothers against decapentaplegic homolog 3 OS=Homo sapiens OX=9606 GN=SMAD3 PE=1 SV=1",-0.212712425597609,10.0404270177193,-0.146766992803262,0.883902623816998,0.939183432760079,-5.78890531821283
3505,"Q9H7B2|RPF2_HUMAN","Ribosome production factor 2 homolog OS=Homo sapiens OX=9606 GN=RPF2 PE=1 SV=2",-1.76390045829326,7.81496464385859,-0.883899128318756,0.380956189173031,0.599842685306111,-5.43940104150984
3508,"P86791|CCZ1_HUMAN","Vacuolar fusion protein CCZ1 homolog OS=Homo sapiens OX=9606 GN=CCZ1 PE=1 SV=1",-2.85401122850695,9.41049197144097,-1.64114909314968,0.107005631091469,0.38869023294754,-4.58431213573221
3508,"P86790|CCZ1B_HUMAN","Vacuolar fusion protein CCZ1 homolog B OS=Homo sapiens OX=9606 GN=CCZ1B PE=1 SV=1",-2.85401122850695,9.41049197144097,-1.64114909314968,0.107005631091469,0.38869023294754,-4.58431213573221
3509,"Q15526|SURF1_HUMAN","Surfeit locus protein 1 OS=Homo sapiens OX=9606 GN=SURF1 PE=1 SV=1",-2.62110354868724,10.2656576474153,-1.72947345131166,0.0898576643058545,0.380922204887121,-4.45421732809379
3510,"O75569|PRKRA_HUMAN","Interferon-inducible double-stranded RNA-dependent protein kinase activator A OS=Homo sapiens OX=9606 GN=PRKRA PE=1 SV=1",-3.49718711806916,7.94869864768275,-1.81009056710499,0.0762578129458811,0.375605864510613,-4.33026781103729
3512,"Q86XZ4|SPAS2_HUMAN","Spermatogenesis-associated serine-rich protein 2 OS=Homo sapiens OX=9606 GN=SPATS2 PE=1 SV=1",-3.43495497356967,6.30513173564314,-1.69929701364678,0.0954408014203838,0.386337905749618,-4.49934121828426
3513,"Q9GZY8|MFF_HUMAN","Mitochondrial fission factor OS=Homo sapiens OX=9606 GN=MFF PE=1 SV=1",-0.125613331000677,4.62523655871516,-0.0672357598093707,0.946660573618061,0.972166688262516,-5.79680080178009
3515,"O00443|P3C2A_HUMAN","Phosphatidylinositol 4-phosphate 3-kinase C2 domain-containing subunit alpha OS=Homo sapiens OX=9606 GN=PIK3C2A PE=1 SV=2",1.32952355157958,4.90742915063805,0.704630613501709,0.484290136635347,0.669542468373762,-5.56973779146881
3516,"Q9GZR7|DDX24_HUMAN","ATP-dependent RNA helicase DDX24 OS=Homo sapiens OX=9606 GN=DDX24 PE=1 SV=1",3.40648999782012,4.00686240284748,1.90251265589494,0.0628368377206024,0.370211424743563,-4.18217528125654
3517,"Q14849|STAR3_HUMAN","StAR-related lipid transfer protein 3 OS=Homo sapiens OX=9606 GN=STARD3 PE=1 SV=2",-1.84639364736029,9.30184886997721,-1.03727341927519,0.304569480295267,0.539161837908637,-5.30537212452691
3519,"Q99627|CSN8_HUMAN","COP9 signalosome complex subunit 8 OS=Homo sapiens OX=9606 GN=COPS8 PE=1 SV=1",-3.61835898337146,8.18438746564256,-1.86901468569455,0.0674488637401713,0.373876777514695,-4.23658224081647
3521,"Q9Y5Y2|NUBP2_HUMAN","Cytosolic Fe-S cluster assembly factor NUBP2 OS=Homo sapiens OX=9606 GN=NUBP2 PE=1 SV=1",-2.47314697923088,9.69037379431702,-1.43621706217932,0.157131311779681,0.431083287441979,-4.86256021058747
3522,"Q04941|PLP2_HUMAN","Proteolipid protein 2 OS=Homo sapiens OX=9606 GN=PLP2 PE=1 SV=1",0.102270413592764,13.7969701536483,0.156415066908943,0.876331984874334,0.934247984864791,-5.78754865528598
3524,"Q9BS40|LXN_HUMAN","Latexin OS=Homo sapiens OX=9606 GN=LXN PE=1 SV=2",-4.43899175658257,7.13349000662628,-2.25908810802202,0.0282431517466424,0.322745691040182,-3.55340247892213
3525,"Q9H6E4|CC134_HUMAN","Coiled-coil domain-containing protein 134 OS=Homo sapiens OX=9606 GN=CCDC134 PE=1 SV=1",-4.03967613736604,6.43866245068802,-2.02317944479159,0.0483852548576118,0.355864932063967,-3.97941580308387
3527,"O75718|CRTAP_HUMAN","Cartilage-associated protein OS=Homo sapiens OX=9606 GN=CRTAP PE=1 SV=1",2.00767683612821,5.97070033075026,0.983341826922652,0.330145778059471,0.559296555850489,-5.35484268979461
3529,"Q13422|IKZF1_HUMAN","DNA-binding protein Ikaros OS=Homo sapiens OX=9606 GN=IKZF1 PE=1 SV=1",-1.04977719641202,8.66413810514496,-0.581811300846775,0.563292459281396,0.724315749177646,-5.6423964033815
3530,"O43464|HTRA2_HUMAN","Serine protease HTRA2, mitochondrial OS=Homo sapiens OX=9606 GN=HTRA2 PE=1 SV=2",-0.91697610165523,6.33815962775532,-0.445565752417144,0.657822890406578,0.790104644331165,-5.70697309536264
3531,"Q9Y3D9|RT23_HUMAN","28S ribosomal protein S23, mitochondrial OS=Homo sapiens OX=9606 GN=MRPS23 PE=1 SV=2",-1.88961242927636,6.95922420210255,-0.91809944115462,0.362948452695893,0.584925240385464,-5.41129872143756
3532,"Q9BWJ5|SF3B5_HUMAN","Splicing factor 3B subunit 5 OS=Homo sapiens OX=9606 GN=SF3B5 PE=1 SV=1",0.058917651842302,8.45917241077244,0.0312776926015721,0.975171863389812,0.984774962630696,-5.79844445533061
3533,"Q9NTJ3|SMC4_HUMAN","Structural maintenance of chromosomes protein 4 OS=Homo sapiens OX=9606 GN=SMC4 PE=1 SV=2",2.60935485147721,4.99470791932233,1.29058126265359,0.202749976340083,0.466975480265636,-5.03965933203665
3534,"Q9NX62|IMPA3_HUMAN","Golgi-resident adenosine 3',5'-bisphosphate 3'-phosphatase OS=Homo sapiens OX=9606 GN=BPNT2 PE=1 SV=1",-1.87328415416239,11.8525174720173,-1.96661266715492,0.0547574553106485,0.366768875860716,-4.07577595294314
3535,"P56182|RRP1_HUMAN","Ribosomal RNA processing protein 1 homolog A OS=Homo sapiens OX=9606 GN=RRP1 PE=1 SV=1",-3.63029317732241,8.01741930735207,-1.88385732918681,0.0653710521115293,0.371812187766828,-4.2125770190966
3537,"L0R6Q1|S35U4_HUMAN","SLC35A4 upstream open reading frame protein OS=Homo sapiens OX=9606 GN=SLC35A4 PE=3 SV=1",-4.01737196652299,7.04389812700208,-2.02684423198598,0.0479954917788154,0.354698763841406,-3.97309405225221
3538,"Q9C0C9|UBE2O_HUMAN","(E3-independent) E2 ubiquitin-conjugating enzyme OS=Homo sapiens OX=9606 GN=UBE2O PE=1 SV=3",-3.80904445352821,6.67033270363238,-1.88544352931484,0.0651522503341474,0.371812187766828,-4.2100020214634
3540,"Q9Y6D9|MD1L1_HUMAN","Mitotic spindle assembly checkpoint protein MAD1 OS=Homo sapiens OX=9606 GN=MAD1L1 PE=1 SV=2",-2.71551112671467,8.96569599098197,-1.49873070434952,0.140193919664904,0.417059468717294,-4.78123344386728
3541,"O00115|DNS2A_HUMAN","Deoxyribonuclease-2-alpha OS=Homo sapiens OX=9606 GN=DNASE2 PE=1 SV=2",1.84184000863288,11.9449673880765,1.32955839646646,0.199397528258373,0.464645177646718,-4.9927063578497
3542,"P63279|UBC9_HUMAN","SUMO-conjugating enzyme UBC9 OS=Homo sapiens OX=9606 GN=UBE2I PE=1 SV=1",-0.923748776428919,13.6437990735454,-1.39061948877144,0.170463181996151,0.441216901957586,-4.91988158135959
3542,"#CONTAM#UBE2I_HUMAN|",">sp|UBE2I_HUMAN|",-0.923748776428919,13.6437990735454,-1.39061948877144,0.170463181996151,0.441216901957586,-4.91988158135959
3547,"Q8NI36|WDR36_HUMAN","WD repeat-containing protein 36 OS=Homo sapiens OX=9606 GN=WDR36 PE=1 SV=1",-2.41804406087469,8.2603680684507,-1.27679084813859,0.20753927302207,0.467750732028288,-5.05552034664858
3549,"P02766|TTHY_HUMAN","Transthyretin OS=Homo sapiens OX=9606 GN=TTR PE=1 SV=1",6.2566879567088,7.03204349057029,3.15721612607205,0.00269174578694711,0.172232339720537,-1.61509814820261
3550,"A6NHL2|TBAL3_HUMAN","Tubulin alpha chain-like 3 OS=Homo sapiens OX=9606 GN=TUBAL3 PE=1 SV=2",2.0500961401425,5.16149971098833,0.852196730227447,0.401117244375225,0.612701093516076,-5.4616383768957
3551,"P23434|GCSH_HUMAN","Glycine cleavage system H protein, mitochondrial OS=Homo sapiens OX=9606 GN=GCSH PE=1 SV=2",-1.7510970887473,11.3974762843437,-1.31555897081495,0.197687514578427,0.464106161503158,-5.0099527360508
3552,"O00422|SAP18_HUMAN","Histone deacetylase complex subunit SAP18 OS=Homo sapiens OX=9606 GN=SAP18 PE=1 SV=1",-0.631011734570432,12.029630990612,-0.692074538252491,0.492073136627378,0.673882034802581,-5.57779033300515
3553,"P84243|H33_HUMAN","Histone H3.3 OS=Homo sapiens OX=9606 GN=H3-3A PE=1 SV=2",3.56607754050035,10.7526347370511,2.54315280175366,0.014106489038971,0.284531131458015,-2.99148737347952
3553,"Q71DI3|H32_HUMAN","Histone H3.2 OS=Homo sapiens OX=9606 GN=H3C15 PE=1 SV=3",3.56607754050035,10.7526347370511,2.54315280175366,0.014106489038971,0.284531131458015,-2.99148737347952
3553,"P68431|H31_HUMAN","Histone H3.1 OS=Homo sapiens OX=9606 GN=H3C1 PE=1 SV=2",3.56607754050035,10.7526347370511,2.54315280175366,0.014106489038971,0.284531131458015,-2.99148737347952
3553,"Q16695|H31T_HUMAN","Histone H3.1t OS=Homo sapiens OX=9606 GN=H3-4 PE=1 SV=3",4.80060989405226,8.05103156108304,2.36856886868807,0.0217385494873217,0.302426637993535,-3.34295152009335
3553,"Q6NXT2|H3C_HUMAN","Histone H3.3C OS=Homo sapiens OX=9606 GN=H3-5 PE=1 SV=3",1.87226547964774,9.52044722584017,1.10568454809879,0.2741237323677,0.512140291203772,-5.2390006676435
3554,"Q9BPX6|MICU1_HUMAN","Calcium uptake protein 1, mitochondrial OS=Homo sapiens OX=9606 GN=MICU1 PE=1 SV=1",-2.93917962612679,9.89042211911406,-1.72665090316389,0.0903681388566667,0.381160274854216,-4.45846755797381
3557,"P56377|AP1S2_HUMAN","AP-1 complex subunit sigma-2 OS=Homo sapiens OX=9606 GN=AP1S2 PE=1 SV=1",2.78332975342577,8.64425078644192,1.28267475012447,0.207785713698542,0.467753041084616,-5.04814235913546
3558,"Q16563|SYPL1_HUMAN","Synaptophysin-like protein 1 OS=Homo sapiens OX=9606 GN=SYPL1 PE=1 SV=1",-2.96549769740467,10.9181313614063,-1.70141845910588,0.103042734060958,0.387142333108459,-4.51290640536183
3560,"P53384|NUBP1_HUMAN","Cytosolic Fe-S cluster assembly factor NUBP1 OS=Homo sapiens OX=9606 GN=NUBP1 PE=1 SV=2",1.38991269606646,4.33994243286055,0.717635160742975,0.476302138803981,0.664298814708445,-5.56124828793792
3561,"Q9NY61|AATF_HUMAN","Protein AATF OS=Homo sapiens OX=9606 GN=AATF PE=1 SV=1",0.885247199293724,6.56776415133658,0.425283210742469,0.672444274053515,0.798956548509929,-5.71513567136019
3562,"Q9BVC6|TM109_HUMAN","Transmembrane protein 109 OS=Homo sapiens OX=9606 GN=TMEM109 PE=1 SV=1",0.42193801006291,12.9554641748647,0.576209834200467,0.567042903457689,0.726428847469443,-5.64538465275099
3564,"O14562|UBFD1_HUMAN","Ubiquitin domain-containing protein UBFD1 OS=Homo sapiens OX=9606 GN=UBFD1 PE=1 SV=2",-0.788722338310571,10.3423883211151,-0.570894733787721,0.570612972009542,0.728834540464145,-5.64819378338771
3565,"Q9HD15|SRA1_HUMAN","Steroid receptor RNA activator 1 OS=Homo sapiens OX=9606 GN=SRA1 PE=1 SV=1",2.14956018198032,7.57922765160471,1.03115393150555,0.307401539816193,0.541283087485013,-5.31111236985579
3566,"Q05823|RN5A_HUMAN","2-5A-dependent ribonuclease OS=Homo sapiens OX=9606 GN=RNASEL PE=1 SV=2",-3.67150194993901,7.90010988204928,-1.89059592585067,0.0644458122709103,0.371369035970236,-4.20162496419256
3568,"P41208|CETN2_HUMAN","Centrin-2 OS=Homo sapiens OX=9606 GN=CETN2 PE=1 SV=1",-5.20815239384689,9.65161630507449,-3.14785625258193,0.00276461010575644,0.172232339720537,-1.63756480131385
3569,"Q15120|PDK3_HUMAN","[Pyruvate dehydrogenase (acetyl-transferring)] kinase isozyme 3, mitochondrial OS=Homo sapiens OX=9606 GN=PDK3 PE=1 SV=1",-0.337279525260623,9.52314516445461,-0.212669829569674,0.832444059338754,0.912763890929739,-5.77792141098811
3570,"Q13769|THOC5_HUMAN","THO complex subunit 5 homolog OS=Homo sapiens OX=9606 GN=THOC5 PE=1 SV=2",-0.125310746586519,6.86326698804152,-0.0606416129087753,0.951884945795929,0.974974663862798,-5.79719205509044
3571,"P13612|ITA4_HUMAN","Integrin alpha-4 OS=Homo sapiens OX=9606 GN=ITGA4 PE=1 SV=3",1.71000550617065,5.41064023055419,0.850009027687299,0.399348093256076,0.611256512199516,-5.46623069830601
3572,"A8CG34|P121C_HUMAN","Nuclear envelope pore membrane protein POM 121C OS=Homo sapiens OX=9606 GN=POM121C PE=1 SV=3",-1.41561476331916,6.49121935918305,-0.686205823878551,0.495734485733395,0.676867318308731,-5.58150546630147
3572,"Q96HA1|P121A_HUMAN","Nuclear envelope pore membrane protein POM 121 OS=Homo sapiens OX=9606 GN=POM121 PE=1 SV=2",-1.27034706231961,6.41858550868327,-0.61858146737549,0.538983475843157,0.70861497658355,-5.6220737283529
3574,"P23458|JAK1_HUMAN","Tyrosine-protein kinase JAK1 OS=Homo sapiens OX=9606 GN=JAK1 PE=1 SV=2",1.09953166185999,5.56910750684659,0.532870648637502,0.596469689468806,0.744164959708206,-5.66754097383825
3575,"Q9H583|HEAT1_HUMAN","HEAT repeat-containing protein 1 OS=Homo sapiens OX=9606 GN=HEATR1 PE=1 SV=3",-1.17288426062894,5.39914313051496,-0.568806792078461,0.572018420705264,0.729547923594188,-5.64929027825713
3576,"O75879|GATB_HUMAN","Glutamyl-tRNA(Gln) amidotransferase subunit B, mitochondrial OS=Homo sapiens OX=9606 GN=GATB PE=1 SV=1",-1.54900023079193,4.77758881271514,-0.833479619530022,0.408514890584073,0.617947237035489,-5.47894772861023
3577,"P28340|DPOD1_HUMAN","DNA polymerase delta catalytic subunit OS=Homo sapiens OX=9606 GN=POLD1 PE=1 SV=2",-2.68719600705528,8.61278600093232,-1.43769271585289,0.156713851944766,0.430665262994406,-4.86067687615621
3580,"Q96JB2|COG3_HUMAN","Conserved oligomeric Golgi complex subunit 3 OS=Homo sapiens OX=9606 GN=COG3 PE=1 SV=3",-3.02227855424322,9.34096852741205,-1.70471520169374,0.0944177743476844,0.385701893955712,-4.49129067849603
3582,"Q6P1L8|RM14_HUMAN","39S ribosomal protein L14, mitochondrial OS=Homo sapiens OX=9606 GN=MRPL14 PE=1 SV=1",-0.220678627459623,10.2274640821104,-0.156730715260622,0.876084495097039,0.934215380139378,-5.78750281327132
3583,"Q8IY67|RAVR1_HUMAN","Ribonucleoprotein PTB-binding 1 OS=Homo sapiens OX=9606 GN=RAVER1 PE=1 SV=1",0.33113938099722,10.2802280544099,0.236428235659764,0.81406057032459,0.899147353065498,-5.77297571858736
3585,"O15514|RPB4_HUMAN","DNA-directed RNA polymerase II subunit RPB4 OS=Homo sapiens OX=9606 GN=POLR2D PE=1 SV=1",-0.305879421974556,10.933901826163,-0.255582536088597,0.799315497242254,0.888284196801107,-5.76860839813381
3586,"Q99735|MGST2_HUMAN","Microsomal glutathione S-transferase 2 OS=Homo sapiens OX=9606 GN=MGST2 PE=1 SV=1",-1.29738598887968,10.9191916915911,-0.938207805394828,0.352763164284968,0.580691990810602,-5.39416580345214
3588,"Q93073|SBP2L_HUMAN","Selenocysteine insertion sequence-binding protein 2-like OS=Homo sapiens OX=9606 GN=SECISBP2L PE=1 SV=3",-1.67826848087699,5.55462793357187,-0.854254126737525,0.397014594618532,0.609849204117461,-5.4629256346161
3589,"P32856|STX2_HUMAN","Syntaxin-2 OS=Homo sapiens OX=9606 GN=STX2 PE=1 SV=3",-1.18755374787036,5.08810868112487,-0.60528642079894,0.547710103729988,0.713547312996086,-5.62956328351132
3590,"Q9NXD2|MTMRA_HUMAN","Myotubularin-related protein 10 OS=Homo sapiens OX=9606 GN=MTMR10 PE=1 SV=3",0.0521083006727441,4.964148176221,0.0261185003749986,0.979266170914885,0.9868271872088,-5.79858185992747
3591,"Q5T2E6|ARMD3_HUMAN","Armadillo-like helical domain-containing protein 3 OS=Homo sapiens OX=9606 GN=ARMH3 PE=1 SV=1",-4.55972780588043,8.87787869361081,-2.45367346153295,0.0176467239659753,0.292499164066587,-3.17400991484999
3593,"Q13009|TIAM1_HUMAN","T-lymphoma invasion and metastasis-inducing protein 1 OS=Homo sapiens OX=9606 GN=TIAM1 PE=1 SV=2",-2.62468981406279,5.91228845050586,-1.28893290624928,0.203318035350333,0.467051180058524,-5.04156352767026
3594,"O00221|IKBE_HUMAN","NF-kappa-B inhibitor epsilon OS=Homo sapiens OX=9606 GN=NFKBIE PE=1 SV=3",-2.92649303776657,6.31941536456502,-1.39101428141828,0.17034411579544,0.441216901957586,-4.9193925650208
3597,"Q6DKI1|RL7L_HUMAN","60S ribosomal protein L7-like 1 OS=Homo sapiens OX=9606 GN=RPL7L1 PE=1 SV=2",-3.20109294354745,7.9161180504956,-1.62772877481495,0.109831209870256,0.392573148240718,-4.60355012909429
3598,"Q9NXR7|BABA2_HUMAN","BRISC and BRCA1-A complex member 2 OS=Homo sapiens OX=9606 GN=BABAM2 PE=1 SV=2",-2.79765966946963,10.928991161444,-2.12820953179333,0.0382417447277538,0.345631435432627,-3.79448881721377
3599,"P09234|RU1C_HUMAN","U1 small nuclear ribonucleoprotein C OS=Homo sapiens OX=9606 GN=SNRPC PE=1 SV=1",-0.0557517890214019,12.0709023763756,-0.0650937341603962,0.948357397378419,0.973213083275876,-5.79693231953505
3600,"P56134|ATPK_HUMAN","ATP synthase subunit f, mitochondrial OS=Homo sapiens OX=9606 GN=ATP5MF PE=1 SV=3",0.330866273851766,7.06144501013928,0.150986621228206,0.880590183980583,0.937538526826364,-5.78832258881557
3601,"Q99504|EYA3_HUMAN","Eyes absent homolog 3 OS=Homo sapiens OX=9606 GN=EYA3 PE=1 SV=3",-1.35853971227062,8.33714805689046,-0.730986738517521,0.468178914449772,0.660047981844572,-5.55237432628281
3602,"O14907|TX1B3_HUMAN","Tax1-binding protein 3 OS=Homo sapiens OX=9606 GN=TAX1BP3 PE=1 SV=2",-0.971461291213796,13.078951281812,-1.38195116944538,0.173093690882053,0.441624863794215,-4.93058656785756
3604,"P05412|JUN_HUMAN","Transcription factor AP-1 OS=Homo sapiens OX=9606 GN=JUN PE=1 SV=2",6.12052485639663,8.11335229431574,3.14287277211176,0.00280415821290126,0.172232339720537,-1.64950942358283
3607,"Q6NYC1|JMJD6_HUMAN","Bifunctional arginine demethylase and lysyl-hydroxylase JMJD6 OS=Homo sapiens OX=9606 GN=JMJD6 PE=1 SV=1",-3.91553799694941,7.83708312181973,-2.03887056757071,0.0467354792466463,0.354698763841406,-3.95228164257392
3608,"Q9NRG9|AAAS_HUMAN","Aladin OS=Homo sapiens OX=9606 GN=AAAS PE=1 SV=1",-1.42419153633085,5.96738316250414,-0.695299429876957,0.490067583466443,0.673010927457063,-5.57573565429919
3609,"Q9NWU1|OXSM_HUMAN","3-oxoacyl-[acyl-carrier-protein] synthase, mitochondrial OS=Homo sapiens OX=9606 GN=OXSM PE=1 SV=1",-0.791853708931888,6.31770115628566,-0.378791085141439,0.706437259523885,0.821054367827633,-5.73242172368161
3610,"Q96I51|RCC1L_HUMAN","RCC1-like G exchanging factor-like protein OS=Homo sapiens OX=9606 GN=RCC1L PE=1 SV=2",-0.784451945475056,6.09627907512747,-0.390433722551634,0.697864542569538,0.815437489106619,-5.7282792641984
3611,"Q712K3|UB2R2_HUMAN","Ubiquitin-conjugating enzyme E2 R2 OS=Homo sapiens OX=9606 GN=UBE2R2 PE=1 SV=1",-0.880674447497974,9.44369561239493,-0.489834257131306,0.62638090426299,0.766644658897613,-5.68784915744757
3612,"Q8TBF2|PXL2B_HUMAN","Prostamide/prostaglandin F synthase OS=Homo sapiens OX=9606 GN=PRXL2B PE=1 SV=1",-2.21303758222779,8.09445356924147,-1.11590545886779,0.269765481224646,0.51004386638918,-5.22873908254528
3613,"Q9NX58|LYAR_HUMAN","Cell growth-regulating nucleolar protein OS=Homo sapiens OX=9606 GN=LYAR PE=1 SV=2",-0.10853370255671,4.72740512689032,-0.0565310750081669,0.955142711596611,0.975444308545446,-5.79741553422767
3617,"P48723|HSP13_HUMAN","Heat shock 70 kDa protein 13 OS=Homo sapiens OX=9606 GN=HSPA13 PE=1 SV=1",-2.32035858392638,8.85708586321253,-1.26144014977899,0.212969300707915,0.473243150679218,-5.07298918074621
3618,"Q9Y5L4|TIM13_HUMAN","Mitochondrial import inner membrane translocase subunit Tim13 OS=Homo sapiens OX=9606 GN=TIMM13 PE=1 SV=1",-3.35287260961601,10.1405228215278,-2.08068284774249,0.0425753411729705,0.348410947264029,-3.87912734456223
3620,"Q9BQ52|RNZ2_HUMAN","Zinc phosphodiesterase ELAC protein 2 OS=Homo sapiens OX=9606 GN=ELAC2 PE=1 SV=2",-0.120718252093188,6.65628742108658,-0.0545135128138921,0.95675005390527,0.975879923774172,-5.79751848382917
3622,"Q9UEY8|ADDG_HUMAN","Gamma-adducin OS=Homo sapiens OX=9606 GN=ADD3 PE=1 SV=1",-1.84222665649199,9.11717279746262,-1.06490560666677,0.292004095609756,0.527985575059285,-5.27904922521268
3623,"Q8IU85|KCC1D_HUMAN","Calcium/calmodulin-dependent protein kinase type 1D OS=Homo sapiens OX=9606 GN=CAMK1D PE=1 SV=1",3.71456822049132,4.16090151418308,1.9226063703213,0.0602012913060299,0.367824847682046,-4.14914390033775
3624,"Q9NW68|BSDC1_HUMAN","BSD domain-containing protein 1 OS=Homo sapiens OX=9606 GN=BSDC1 PE=1 SV=1",-0.520181383685617,6.12694842788144,-0.257760332047196,0.797643566964972,0.888284196801107,-5.76809037480189
3627,"O00483|NDUA4_HUMAN","Cytochrome c oxidase subunit NDUFA4 OS=Homo sapiens OX=9606 GN=NDUFA4 PE=1 SV=1",-0.15989274774531,13.7675081706443,-0.239408785441882,0.811761517933334,0.897857436502021,-5.77231841440748
3628,"Q7Z5L9|I2BP2_HUMAN","Interferon regulatory factor 2-binding protein 2 OS=Homo sapiens OX=9606 GN=IRF2BP2 PE=1 SV=2",1.11057671766943,9.69562844402286,0.628879407779616,0.532273763173418,0.70343758759985,-5.61616256639746
3630,"P02771|FETA_HUMAN","Alpha-fetoprotein OS=Homo sapiens OX=9606 GN=AFP PE=1 SV=1",-1.11786415070217,12.6511996362364,-1.28551941590971,0.204853275397989,0.467051180058524,-5.04540615003438
3632,"P61970|NTF2_HUMAN","Nuclear transport factor 2 OS=Homo sapiens OX=9606 GN=NUTF2 PE=1 SV=1",-2.9660637130301,12.0420736594995,-2.0227382576433,0.0600517929451934,0.367824847682046,-4.05634863975946
3633,"Q13895|BYST_HUMAN","Bystin OS=Homo sapiens OX=9606 GN=BYSL PE=1 SV=3",1.46113828077363,5.87774234833796,0.703451646697338,0.485017994271218,0.669542468373762,-5.57049992291686
3634,"Q8N357|S35F6_HUMAN","Solute carrier family 35 member F6 OS=Homo sapiens OX=9606 GN=SLC35F6 PE=1 SV=1",-0.185899507772541,5.31229688176842,-0.0923244831986744,0.926806978660241,0.962333089944469,-5.79494348428041
3636,"Q10588|BST1_HUMAN","ADP-ribosyl cyclase/cyclic ADP-ribose hydrolase 2 OS=Homo sapiens OX=9606 GN=BST1 PE=1 SV=2",0.0425270714328185,12.0692035900765,0.0494451895864237,0.960760340379337,0.978249358395698,-5.79776396818194
3637,"Q9BT22|ALG1_HUMAN","Chitobiosyldiphosphodolichol beta-mannosyltransferase OS=Homo sapiens OX=9606 GN=ALG1 PE=1 SV=2",-1.42257635236522,8.24827783674392,-0.704296817740334,0.484496149889743,0.669542468373762,-5.56995369720074
3639,"Q15714|T22D1_HUMAN","TSC22 domain family protein 1 OS=Homo sapiens OX=9606 GN=TSC22D1 PE=1 SV=3",-2.73374387652471,11.3279177151832,-2.17805818598211,0.0348107198394765,0.338634890255269,-3.71253395925971
3640,"Q6ICL3|TNG2_HUMAN","Transport and Golgi organization protein 2 homolog OS=Homo sapiens OX=9606 GN=TANGO2 PE=1 SV=1",-2.16067453009604,9.06726595035078,-1.19632936864204,0.237176959549252,0.486431300737797,-5.14488595426587
3641,"Q9ULX9|MAFF_HUMAN","Transcription factor MafF OS=Homo sapiens OX=9606 GN=MAFF PE=1 SV=2",-1.33955504111126,4.56773035015115,-0.722250601439972,0.473485098150528,0.663121939050841,-5.55819877629536
3642,"Q9UL45|BL1S6_HUMAN","Biogenesis of lysosome-related organelles complex 1 subunit 6 OS=Homo sapiens OX=9606 GN=BLOC1S6 PE=1 SV=1",1.92894563782996,5.63653364098693,0.932473635626792,0.355546394780341,0.581214391911143,-5.39918051250953
3643,"P20138|CD33_HUMAN","Myeloid cell surface antigen CD33 OS=Homo sapiens OX=9606 GN=CD33 PE=1 SV=2",-1.19860800006698,8.4551542211027,-0.607607393520824,0.546181488279604,0.712510971129601,-5.62826733625049
3644,"O75027|ABCB7_HUMAN","ATP-binding cassette sub-family B member 7, mitochondrial OS=Homo sapiens OX=9606 GN=ABCB7 PE=1 SV=2",-0.905536163774263,5.18965574159902,-0.453262810824525,0.652308909535854,0.786312475054835,-5.70377678896632
3645,"P49419|AL7A1_HUMAN","Alpha-aminoadipic semialdehyde dehydrogenase OS=Homo sapiens OX=9606 GN=ALDH7A1 PE=1 SV=5",-2.62797848493402,5.78610061416059,-1.33427385517163,0.188123598673613,0.45505299263616,-4.98836220666689
3646,"Q96RN5|MED15_HUMAN","Mediator of RNA polymerase II transcription subunit 15 OS=Homo sapiens OX=9606 GN=MED15 PE=1 SV=2",-5.03538912059195,6.88351445895617,-2.57255269472355,0.0130925043846102,0.284166250325533,-2.9304451609677
3647,"P49796|RGS3_HUMAN","Regulator of G-protein signaling 3 OS=Homo sapiens OX=9606 GN=RGS3 PE=1 SV=2",-1.93243407757878,5.11008317979876,-1.01380904295674,0.315525971676457,0.545393668724436,-5.32720600887042
3648,"Q96SB4|SRPK1_HUMAN","SRSF protein kinase 1 OS=Homo sapiens OX=9606 GN=SRPK1 PE=1 SV=2",-1.66113029955758,6.5348528303114,-0.789217028107837,0.433689699237421,0.63512462924705,-5.51180682238837
3649,"#CONTAM#NEDD8_HUMAN|",">sp|NEDD8_HUMAN|",-1.29582715377357,13.4641702239011,-1.77116662666198,0.0825918165739414,0.375605864510613,-4.39072808392529
3649,"Q15843|NEDD8_HUMAN","NEDD8 OS=Homo sapiens OX=9606 GN=NEDD8 PE=1 SV=1",-1.29582715377357,13.4641702239011,-1.77116662666198,0.0825918165739414,0.375605864510613,-4.39072808392529
3650,"P57105|SYJ2B_HUMAN","Synaptojanin-2-binding protein OS=Homo sapiens OX=9606 GN=SYNJ2BP PE=1 SV=2",-0.450801088444708,11.4605864566811,-0.446403467946538,0.657221833922036,0.790023566481219,-5.70662785455479
3651,"Q9GZU8|PIP30_HUMAN","PSME3-interacting protein OS=Homo sapiens OX=9606 GN=PSME3IP1 PE=1 SV=1",-3.05139341857592,8.97738584192652,-1.69138739827162,0.0969506428428563,0.386522542993734,-4.51105305108125
3652,"Q86YQ8|CPNE8_HUMAN","Copine-8 OS=Homo sapiens OX=9606 GN=CPNE8 PE=1 SV=2",-3.75394248769433,6.80535186358091,-1.81805679437765,0.0750130747876633,0.375605864510613,-4.31775348070958
3653,"P20930|FILA_HUMAN","Filaggrin OS=Homo sapiens OX=9606 GN=FLG PE=1 SV=3",3.90077574464936,4.2540052762621,2.18568386273243,0.0335210159696266,0.338634890255269,-3.69005050589468
3655,"O15431|COPT1_HUMAN","High affinity copper uptake protein 1 OS=Homo sapiens OX=9606 GN=SLC31A1 PE=1 SV=1",-3.52659206953563,10.379180038329,-2.05375533702623,0.0475554955162844,0.354698763841406,-3.94521683296488
3657,"P49366|DHYS_HUMAN","Deoxyhypusine synthase OS=Homo sapiens OX=9606 GN=DHPS PE=1 SV=1",-2.01907669967833,7.323225131082,-0.936988288535378,0.353241935436215,0.580691990810602,-5.39533700843942
3658,"Q15517|CDSN_HUMAN","Corneodesmosin OS=Homo sapiens OX=9606 GN=CDSN PE=1 SV=3",-3.42490795392037,6.76174522691619,-1.653097284251,0.104540183270511,0.387142333108459,-4.56706634009916
3659,"Q7Z422|SZRD1_HUMAN","SUZ domain-containing protein 1 OS=Homo sapiens OX=9606 GN=SZRD1 PE=1 SV=1",-4.70485521954018,7.98733885017475,-2.44090974058898,0.0182124171198663,0.292499164066587,-3.1996398436316
3660,"P0CAP2|GRL1A_HUMAN","DNA-directed RNA polymerase II subunit GRINL1A OS=Homo sapiens OX=9606 GN=POLR2M PE=1 SV=1",-0.0523397073634015,5.71724242846573,-0.0272655640679427,0.978355814707074,0.986602316540241,-5.79855344564192
3660,"Q9BZD3|GCOM2_HUMAN","Putative GRINL1B complex locus protein 2 OS=Homo sapiens OX=9606 GN=GCOM2 PE=5 SV=2",-0.0523397073634015,5.71724242846573,-0.0272655640679427,0.978355814707074,0.986602316540241,-5.79855344564192
3661,"P62913|RL11_HUMAN","60S ribosomal protein L11 OS=Homo sapiens OX=9606 GN=RPL11 PE=1 SV=2",-0.992924987446049,14.9773664661029,-1.69249939345396,0.0967371963774232,0.386500097214807,-4.50940942156377
3663,"Q01543|FLI1_HUMAN","Friend leukemia integration 1 transcription factor OS=Homo sapiens OX=9606 GN=FLI1 PE=1 SV=1",1.62293464689816,6.38483844434391,0.784474702399679,0.436440729860626,0.636369966590674,-5.51522394966478
3664,"P41223|BUD31_HUMAN","Protein BUD31 homolog OS=Homo sapiens OX=9606 GN=BUD31 PE=1 SV=2",-3.12428336872702,8.41372752373289,-1.59838422736067,0.116221249558565,0.396042754779098,-4.64512464910241
3666,"Q9HCD5|NCOA5_HUMAN","Nuclear receptor coactivator 5 OS=Homo sapiens OX=9606 GN=NCOA5 PE=1 SV=2",1.15836540468848,10.034839679346,0.720914533189271,0.47429959729598,0.663249469335645,-5.55908350835453
3668,"A6NHT5|HMX3_HUMAN","Homeobox protein HMX3 OS=Homo sapiens OX=9606 GN=HMX3 PE=1 SV=1",0.192055647522699,5.5708398164498,0.093090556200517,0.926201430727786,0.961936233938889,-5.79487758532827
3669,"Q9Y547|IFT25_HUMAN","Intraflagellar transport protein 25 homolog OS=Homo sapiens OX=9606 GN=HSPB11 PE=1 SV=1",-2.57379755936662,9.62523744872072,-1.49753200013554,0.140504525736893,0.417346891275033,-4.78282248841022
3671,"O75695|XRP2_HUMAN","Protein XRP2 OS=Homo sapiens OX=9606 GN=RP2 PE=1 SV=4",1.35879800854369,15.0140524423609,1.95754025778772,0.0568057692330911,0.366768875860716,-4.09672898186575
3672,"P33991|MCM4_HUMAN","DNA replication licensing factor MCM4 OS=Homo sapiens OX=9606 GN=MCM4 PE=1 SV=5",-0.122294973594284,7.57087175054469,-0.0596053373835545,0.952706159762002,0.975444308545446,-5.79724987262493
3674,"Q6PCB8|EMB_HUMAN","Embigin OS=Homo sapiens OX=9606 GN=EMB PE=1 SV=1",-0.800360166779809,7.57181872173278,-0.380950673227703,0.704844168796946,0.820332710937907,-5.73166275323425
3675,"Q9H501|ESF1_HUMAN","ESF1 homolog OS=Homo sapiens OX=9606 GN=ESF1 PE=1 SV=1",0.104251373211365,5.84090016745426,0.0506940002152839,0.959770140198363,0.977703404407368,-5.79770594235461
3676,"Q5U5X0|LYRM7_HUMAN","Complex III assembly factor LYRM7 OS=Homo sapiens OX=9606 GN=LYRM7 PE=1 SV=1",0.129769002251563,4.39535931425926,0.068236309623975,0.945868064512833,0.972023144473485,-5.79673791062411
3677,"O95825|QORL1_HUMAN","Quinone oxidoreductase-like protein 1 OS=Homo sapiens OX=9606 GN=CRYZL1 PE=1 SV=2",-1.40791249955884,5.30029221903418,-0.715339068642312,0.477707078096929,0.664838502561353,-5.56275823974164
3679,"O75379|VAMP4_HUMAN","Vesicle-associated membrane protein 4 OS=Homo sapiens OX=9606 GN=VAMP4 PE=1 SV=2",-3.2434426637739,8.01530990675825,-1.67008227690039,0.101115581092022,0.387024448867313,-4.54235963230993
3683,"P01137|TGFB1_HUMAN","Transforming growth factor beta-1 proprotein OS=Homo sapiens OX=9606 GN=TGFB1 PE=1 SV=2",-2.29135558808899,8.4166442732393,-1.22088224490449,0.227822933069097,0.483402743279022,-5.11819320801608
3684,"P01009|A1AT_HUMAN","Alpha-1-antitrypsin OS=Homo sapiens OX=9606 GN=SERPINA1 PE=1 SV=3",5.38642021546869,7.43865492814642,2.75240846444603,0.00820684220809018,0.245464370765586,-2.54586009301467
3685,"Q96K19|RN170_HUMAN","E3 ubiquitin-protein ligase RNF170 OS=Homo sapiens OX=9606 GN=RNF170 PE=1 SV=2",-0.690548858510292,8.01662764072346,-0.345805654143438,0.730930992115949,0.841310480284672,-5.74348099172997
3687,"P62304|RUXE_HUMAN","Small nuclear ribonucleoprotein E OS=Homo sapiens OX=9606 GN=SNRPE PE=1 SV=1",4.83381234128896,8.79150236284445,2.71221094475608,0.00912423032574465,0.261211106020863,-2.63344586754577
3688,"O43318|M3K7_HUMAN","Mitogen-activated protein kinase kinase kinase 7 OS=Homo sapiens OX=9606 GN=MAP3K7 PE=1 SV=1",-2.2318751316435,8.73321079304265,-1.26131861413774,0.213012709381158,0.473243150679218,-5.07312670000496
3691,"Q9GZM5|YIPF3_HUMAN","Protein YIPF3 OS=Homo sapiens OX=9606 GN=YIPF3 PE=1 SV=1",-2.4709457292071,6.80806045425628,-1.16485189640345,0.249573851665015,0.495152235165204,-5.17836078628792
3694,"O14683|P5I11_HUMAN","Tumor protein p53-inducible protein 11 OS=Homo sapiens OX=9606 GN=TP53I11 PE=1 SV=2",-1.8329062123344,5.9697048576077,-0.901979076285233,0.371367034439672,0.59205328430549,-5.42467307844551
3695,"O60499|STX10_HUMAN","Syntaxin-10 OS=Homo sapiens OX=9606 GN=STX10 PE=1 SV=1",-1.6049611570813,9.76120024643998,-0.923367094962716,0.360224390419373,0.58380896665941,-5.40687886633688
3696,"P50851|LRBA_HUMAN","Lipopolysaccharide-responsive and beige-like anchor protein OS=Homo sapiens OX=9606 GN=LRBA PE=1 SV=4",-3.61013181006978,8.02701589620926,-1.75013384627807,0.0861934810241175,0.377971753709499,-4.42292149861193
3697,"P43246|MSH2_HUMAN","DNA mismatch repair protein Msh2 OS=Homo sapiens OX=9606 GN=MSH2 PE=1 SV=1",-0.284593210461462,6.04895145343279,-0.134632782739331,0.893439521755662,0.943842045671238,-5.79048909110468
3698,"Q9UBV8|PEF1_HUMAN","Peflin OS=Homo sapiens OX=9606 GN=PEF1 PE=1 SV=1",-0.932474664447684,12.3046026479446,-1.14903025705334,0.255978238611444,0.500558775985993,-5.19486866035201
3699,"Q96KA5|CLP1L_HUMAN","Cleft lip and palate transmembrane protein 1-like protein OS=Homo sapiens OX=9606 GN=CLPTM1L PE=1 SV=1",-3.29454800811035,8.95807731374819,-1.84978545194484,0.0702237385560933,0.374885133083069,-4.26743956498541
3701,"Q8N983|RM43_HUMAN","39S ribosomal protein L43, mitochondrial OS=Homo sapiens OX=9606 GN=MRPL43 PE=1 SV=1",-4.07908825941303,8.08610255996661,-2.1303220118135,0.038058424944689,0.345631435432627,-3.79069037507728
3702,"O75475|PSIP1_HUMAN","PC4 and SFRS1-interacting protein OS=Homo sapiens OX=9606 GN=PSIP1 PE=1 SV=1",0.487040490206962,5.26446136546163,0.247932859059063,0.805195746302441,0.892199145697097,-5.77039325672072
3704,"A0A0U1RRL7|MMPOS_HUMAN","Protein MMP24OS OS=Homo sapiens OX=9606 GN=MMP24OS PE=1 SV=1",-1.66078904334669,6.88265876524716,-0.780887926961438,0.438528286935693,0.637248318053059,-5.51779511565272
3706,"Q9NQE9|HINT3_HUMAN","Histidine triad nucleotide-binding protein 3 OS=Homo sapiens OX=9606 GN=HINT3 PE=1 SV=1",-2.63219404497165,9.52089884911403,-1.5676669844505,0.1232291594126,0.404533528650966,-4.68791868005901
3707,"Q99470|SDF2_HUMAN","Stromal cell-derived factor 2 OS=Homo sapiens OX=9606 GN=SDF2 PE=1 SV=2",1.05634501523178,5.07804662314759,0.540605501185693,0.591165564519429,0.74195748395166,-5.66371198282837
3708,"Q9HBL7|PLRKT_HUMAN","Plasminogen receptor (KT) OS=Homo sapiens OX=9606 GN=PLGRKT PE=1 SV=1",0.836830985592265,10.5843272302553,0.576902830791177,0.566578242316252,0.726177410463378,-5.64501650001082
3709,"Q53FA7|QORX_HUMAN","Quinone oxidoreductase PIG3 OS=Homo sapiens OX=9606 GN=TP53I3 PE=1 SV=2",0.295408054716792,8.02003292358461,0.140607985051325,0.888741229853737,0.942040721563828,-5.78972625480546
3710,"Q9UL54|TAOK2_HUMAN","Serine/threonine-protein kinase TAO2 OS=Homo sapiens OX=9606 GN=TAOK2 PE=1 SV=2",-1.51502765468604,6.60616181692407,-0.745406873268746,0.459495014885086,0.653581581608344,-5.54261067980931
3711,"Q9NW97|TMM51_HUMAN","Transmembrane protein 51 OS=Homo sapiens OX=9606 GN=TMEM51 PE=1 SV=1",1.45077481346627,4.62832437964289,0.770073151652469,0.444858322684608,0.641447872715971,-5.52547816392305
3715,"Q9Y3D6|FIS1_HUMAN","Mitochondrial fission 1 protein OS=Homo sapiens OX=9606 GN=FIS1 PE=1 SV=2",-3.09933202310246,11.7496440109096,-2.33537410496874,0.0283000939876276,0.322745691040182,-3.49382569052523
3716,"Q96CT7|CC124_HUMAN","Coiled-coil domain-containing protein 124 OS=Homo sapiens OX=9606 GN=CCDC124 PE=1 SV=1",-0.541952029559653,12.0074385024599,-0.624458760393765,0.535148730205995,0.705073594676421,-5.61871183475057
3717,"P46779|RL28_HUMAN","60S ribosomal protein L28 OS=Homo sapiens OX=9606 GN=RPL28 PE=1 SV=3",-1.71730542379031,12.8281602939411,-2.29911809067311,0.0256873899157449,0.31600086074823,-3.47736636746326
3718,"Q96K37|S35E1_HUMAN","Solute carrier family 35 member E1 OS=Homo sapiens OX=9606 GN=SLC35E1 PE=1 SV=2",-2.8678740648775,6.49642968030034,-1.37763589182621,0.174414815379423,0.441624863794215,-4.93589278280048
3719,"O14653|GOSR2_HUMAN","Golgi SNAP receptor complex member 2 OS=Homo sapiens OX=9606 GN=GOSR2 PE=1 SV=2",-0.87746303680307,5.31287744311145,-0.43547979708504,0.66507730601304,0.79436715390964,-5.71107925909771
3720,"Q8N1F8|S11IP_HUMAN","Serine/threonine-protein kinase 11-interacting protein OS=Homo sapiens OX=9606 GN=STK11IP PE=1 SV=4",-3.70858187605574,7.90990322985029,-1.90098497665479,0.0630411718387109,0.370211424743563,-4.18467448440181
3721,"Q9BX68|HINT2_HUMAN","Histidine triad nucleotide-binding protein 2, mitochondrial OS=Homo sapiens OX=9606 GN=HINT2 PE=1 SV=1",-2.62854526882312,11.2032528341208,-1.98741679166238,0.053557990497477,0.366768875860716,-4.0486228682689
3722,"P61244|MAX_HUMAN","Protein max OS=Homo sapiens OX=9606 GN=MAX PE=1 SV=1",2.51921153309328,6.3787098250842,1.26470125937923,0.211806991105795,0.471709726663518,-5.06929457476662
3724,"Q9Y312|AAR2_HUMAN","Protein AAR2 homolog OS=Homo sapiens OX=9606 GN=AAR2 PE=1 SV=2",-3.2653080214033,9.49154281848729,-1.87109883145473,0.0671537689656449,0.373504631469922,-4.2332213424193
3725,"Q9BWH2|FUND2_HUMAN","FUN14 domain-containing protein 2 OS=Homo sapiens OX=9606 GN=FUNDC2 PE=1 SV=2",-4.05274580423941,10.2217544365688,-2.55168690472801,0.0138050357232231,0.284531131458015,-2.97382224246397
3726,"P82921|RT21_HUMAN","28S ribosomal protein S21, mitochondrial OS=Homo sapiens OX=9606 GN=MRPS21 PE=1 SV=3",-2.97399139926046,8.27416587795597,-1.58347059778672,0.119582345123948,0.400726023232222,-4.6659946577829
3727,"O14966|RAB7L_HUMAN","Ras-related protein Rab-7L1 OS=Homo sapiens OX=9606 GN=RAB29 PE=1 SV=1",-1.84522937945861,5.54466520819538,-0.947099090016587,0.348116355592484,0.57556128350742,-5.38666448106128
3728,"P51970|NDUA8_HUMAN","NADH dehydrogenase [ubiquinone] 1 alpha subcomplex subunit 8 OS=Homo sapiens OX=9606 GN=NDUFA8 PE=1 SV=3",-0.885706445447136,12.4872645189762,-1.10966840926071,0.272419134294876,0.511245843750777,-5.23501159507005
3729,"Q96K21|ANCHR_HUMAN","Abscission/NoCut checkpoint regulator OS=Homo sapiens OX=9606 GN=ZFYVE19 PE=1 SV=3",-0.754491453956241,6.04531443942286,-0.370075532443634,0.712879978590261,0.826685192432846,-5.73544115868297
3732,"Q9Y3B4|SF3B6_HUMAN","Splicing factor 3B subunit 6 OS=Homo sapiens OX=9606 GN=SF3B6 PE=1 SV=1",-0.953262420350402,12.9036958944951,-1.28467472871842,0.204791018041007,0.467051180058524,-5.04647213276523
3733,"P63162|RSMN_HUMAN","Small nuclear ribonucleoprotein-associated protein N OS=Homo sapiens OX=9606 GN=SNRPN PE=1 SV=1",-0.821790598044489,5.35461756969767,-0.406532481686535,0.686076019457161,0.808241087473192,-5.72234613655776
3733,"P14678|RSMB_HUMAN","Small nuclear ribonucleoprotein-associated proteins B and B' OS=Homo sapiens OX=9606 GN=SNRPB PE=1 SV=2",-0.821790598044489,5.35461756969767,-0.406532481686535,0.686076019457161,0.808241087473192,-5.72234613655776
3735,"P28799|GRN_HUMAN","Progranulin OS=Homo sapiens OX=9606 GN=GRN PE=1 SV=2",0.130138719614454,4.43746591892172,0.0687609011170202,0.945452571431695,0.971853037030146,-5.79670456544234
3736,"P41214|EIF2D_HUMAN","Eukaryotic translation initiation factor 2D OS=Homo sapiens OX=9606 GN=EIF2D PE=1 SV=3",-2.99978618383682,7.25360276418326,-1.49221173196398,0.141889687417301,0.418861469298365,-4.78986130708077
3737,"P49441|INPP_HUMAN","Inositol polyphosphate 1-phosphatase OS=Homo sapiens OX=9606 GN=INPP1 PE=1 SV=1",-1.20007318858718,10.247858743001,-0.846199501948332,0.401449381449354,0.612701093516076,-5.46918305695588
3738,"P16220|CREB1_HUMAN","Cyclic AMP-responsive element-binding protein 1 OS=Homo sapiens OX=9606 GN=CREB1 PE=1 SV=3",0.0994110347966686,10.9900867314973,0.086049877728181,0.931768397254125,0.964938852545957,-5.7954627482422
3739,"Q92785|REQU_HUMAN","Zinc finger protein ubi-d4 OS=Homo sapiens OX=9606 GN=DPF2 PE=1 SV=2",2.6720188686545,8.35033794046618,1.28063639743726,0.206549080285509,0.467373457046528,-5.05101486850019
3740,"Q8WVQ1|CANT1_HUMAN","Soluble calcium-activated nucleotidase 1 OS=Homo sapiens OX=9606 GN=CANT1 PE=1 SV=1",-1.45599183740443,9.13485590804178,-0.835395815212321,0.407445647574258,0.617042336182254,-5.47748590018526
3741,"Q96HQ2|C2AIL_HUMAN","CDKN2AIP N-terminal-like protein OS=Homo sapiens OX=9606 GN=CDKN2AIPNL PE=1 SV=1",-1.13818863186186,8.50289189822593,-0.567039059580163,0.573209651334441,0.729952824728607,-5.65021551649193
3743,"O43760|SNG2_HUMAN","Synaptogyrin-2 OS=Homo sapiens OX=9606 GN=SYNGR2 PE=1 SV=1",-3.68018169748073,6.82290149449415,-1.69337958919762,0.0965685182239153,0.386500097214807,-4.50810773702424
3744,"Q96BN8|OTUL_HUMAN","Ubiquitin thioesterase otulin OS=Homo sapiens OX=9606 GN=OTULIN PE=1 SV=3",-2.46481455488519,6.85642966285601,-1.14612535542346,0.257166772786871,0.501168664675302,-5.19787640376747
3745,"O75792|RNH2A_HUMAN","Ribonuclease H2 subunit A OS=Homo sapiens OX=9606 GN=RNASEH2A PE=1 SV=2",0.462418480649564,9.18948433613106,0.25206670262448,0.802016658888963,0.890205987780086,-5.76943544530205
3746,"Q8TEB9|RHBL4_HUMAN","Rhomboid-related protein 4 OS=Homo sapiens OX=9606 GN=RHBDD1 PE=1 SV=1",-1.65097119524147,8.3377918144101,-0.8738293509491,0.386364251151514,0.603378455597627,-5.44747891811431
3747,"O15226|NKRF_HUMAN","NF-kappa-B-repressing factor OS=Homo sapiens OX=9606 GN=NKRF PE=1 SV=2",2.89309988962182,10.0283460792288,1.84321166684737,0.0711942377495515,0.374885133083069,-4.27792561582639
3749,"O75880|SCO1_HUMAN","Protein SCO1 homolog, mitochondrial OS=Homo sapiens OX=9606 GN=SCO1 PE=1 SV=1",0.297811535592036,5.77875561008431,0.148463968605567,0.882570230352278,0.938807108453263,-5.7886729499663
3750,"Q9Y606|TRUA_HUMAN","tRNA pseudouridine synthase A OS=Homo sapiens OX=9606 GN=PUS1 PE=1 SV=3",-0.428584713612794,8.50923430348441,-0.223077399730485,0.824378743708681,0.908313954759092,-5.77581917512877
3751,"O75629|CREG1_HUMAN","Protein CREG1 OS=Homo sapiens OX=9606 GN=CREG1 PE=1 SV=1",-1.22326592844053,11.5489155772464,-0.885757529719473,0.384194768147767,0.601924766802418,-5.43386952579962
3753,"Q8N5M9|JAGN1_HUMAN","Protein jagunal homolog 1 OS=Homo sapiens OX=9606 GN=JAGN1 PE=1 SV=1",-3.27113873330696,7.48794229249354,-1.68550697791607,0.0980858424612371,0.386522542993734,-4.51972899392542
3754,"Q9UKU7|ACAD8_HUMAN","Isobutyryl-CoA dehydrogenase, mitochondrial OS=Homo sapiens OX=9606 GN=ACAD8 PE=1 SV=1",-3.72090288900031,6.5641937314124,-1.81334374840823,0.0757474164480388,0.375605864510613,-4.32516305931676
3755,"Q7Z6E9|RBBP6_HUMAN","E3 ubiquitin-protein ligase RBBP6 OS=Homo sapiens OX=9606 GN=RBBP6 PE=1 SV=1",-0.348456689936829,6.52327833427784,-0.172037402137942,0.864098452871082,0.928856613605917,-5.78516903086425
3757,"P00374|DYR_HUMAN","Dihydrofolate reductase OS=Homo sapiens OX=9606 GN=DHFR PE=1 SV=2",0.540517803394489,6.33034700219125,0.256019738034877,0.798979773709259,0.888284196801107,-5.76850475432684
3758,"Q14566|MCM6_HUMAN","DNA replication licensing factor MCM6 OS=Homo sapiens OX=9606 GN=MCM6 PE=1 SV=1",0.386545753492343,5.51160641021579,0.193996599315827,0.846959906507223,0.920537440036954,-5.78144197514425
3760,"Q9NY93|DDX56_HUMAN","Probable ATP-dependent RNA helicase DDX56 OS=Homo sapiens OX=9606 GN=DDX56 PE=1 SV=1",0.561394283825924,8.74910308887271,0.32891813798983,0.74358318279193,0.849273104898865,-5.74875529820941
3761,"Q96PZ0|PUS7_HUMAN","Pseudouridylate synthase 7 homolog OS=Homo sapiens OX=9606 GN=PUS7 PE=1 SV=2",1.74136875023263,4.24383644382104,0.947481921470597,0.347923244122224,0.57549456565423,-5.38633434855692
3762,"P16422|EPCAM_HUMAN","Epithelial cell adhesion molecule OS=Homo sapiens OX=9606 GN=EPCAM PE=1 SV=2",8.09961651227644,6.35342566007564,4.34824688237113,6.69132825432319e-05,0.0360244384892125,1.53229529807068
3764,"P54803|GALC_HUMAN","Galactocerebrosidase OS=Homo sapiens OX=9606 GN=GALC PE=1 SV=3",-2.27518832989297,9.04992142356607,-1.25955316492157,0.213644013914077,0.473498040699101,-5.07512293598999
3765,"Q9H061|T126A_HUMAN","Transmembrane protein 126A OS=Homo sapiens OX=9606 GN=TMEM126A PE=1 SV=1",-1.1704627154189,8.29270527482415,-0.600406728844883,0.55093100693017,0.715363233900586,-5.63227200511563
3766,"P49458|SRP09_HUMAN","Signal recognition particle 9 kDa protein OS=Homo sapiens OX=9606 GN=SRP9 PE=1 SV=2",-0.383592323552984,13.2836315523831,-0.56896693778173,0.57191056242319,0.729547923594188,-5.64920631706879
3768,"Q9UKV5|AMFR_HUMAN","E3 ubiquitin-protein ligase AMFR OS=Homo sapiens OX=9606 GN=AMFR PE=1 SV=2",-2.80087740327969,7.09063174894547,-1.38467069539953,0.172265072972789,0.441624863794215,-4.92723470179245
3769,"O43676|NDUB3_HUMAN","NADH dehydrogenase [ubiquinone] 1 beta subcomplex subunit 3 OS=Homo sapiens OX=9606 GN=NDUFB3 PE=1 SV=3",-0.921411073814179,12.4198989826936,-1.12719653159447,0.265008089003394,0.50615957398564,-5.21729913103596
3770,"O95671|ASML_HUMAN","Probable bifunctional dTTP/UTP pyrophosphatase/methyltransferase protein OS=Homo sapiens OX=9606 GN=ASMTL PE=1 SV=3",2.20928142502933,4.59751969868956,1.15922600936892,0.251837795407441,0.497324798175079,-5.18425508335226
3772,"Q13613|MTMR1_HUMAN","Myotubularin-related protein 1 OS=Homo sapiens OX=9606 GN=MTMR1 PE=1 SV=4",-2.90770020858248,7.56070286503171,-1.3990964640829,0.167920680966164,0.438676892435621,-4.90935341339221
3774,"P48200|IREB2_HUMAN","Iron-responsive element-binding protein 2 OS=Homo sapiens OX=9606 GN=IREB2 PE=1 SV=4",-2.8767464645057,7.15391515694593,-1.42722772919334,0.159693156867976,0.433606604185981,-4.87399484075994
3776,"Q12981|SEC20_HUMAN","Vesicle transport protein SEC20 OS=Homo sapiens OX=9606 GN=BNIP1 PE=1 SV=3",-2.35400254244835,6.66573089231762,-1.11078350848116,0.271943351365179,0.511245843750777,-5.23389260124986
3778,"P18858|DNLI1_HUMAN","DNA ligase 1 OS=Homo sapiens OX=9606 GN=LIG1 PE=1 SV=1",-1.17824347779469,5.23654271970176,-0.586200519151472,0.560362306692316,0.722598938599942,-5.64003495366131
3779,"Q8TEV9|SMCR8_HUMAN","Guanine nucleotide exchange protein SMCR8 OS=Homo sapiens OX=9606 GN=SMCR8 PE=1 SV=2",-0.665375366321233,7.40516311418664,-0.319021281756384,0.751031487071668,0.855166735264012,-5.75172415228236
3780,"Q9H1P3|OSBL2_HUMAN","Oxysterol-binding protein-related protein 2 OS=Homo sapiens OX=9606 GN=OSBPL2 PE=1 SV=1",-2.35200200449764,6.44863057361507,-1.16006527424204,0.251499129162398,0.497111862919893,-5.18337748504871
3781,"Q9H0W8|SMG9_HUMAN","Protein SMG9 OS=Homo sapiens OX=9606 GN=SMG9 PE=1 SV=1",-0.388713206750845,8.4536887375252,-0.203597621161304,0.839489425567951,0.917918496044977,-5.77967215242146
3782,"Q9BRJ2|RM45_HUMAN","39S ribosomal protein L45, mitochondrial OS=Homo sapiens OX=9606 GN=MRPL45 PE=1 SV=2",-4.65399872774056,8.01451017458523,-2.35343273211222,0.022549580705868,0.305669663022124,-3.37251311081801
3783,"Q7L4I2|RSRC2_HUMAN","Arginine/serine-rich coiled-coil protein 2 OS=Homo sapiens OX=9606 GN=RSRC2 PE=1 SV=1",-3.68954937218104,8.29509542640839,-1.88841584111661,0.0647439220878489,0.37142069218209,-4.20517185439157
3785,"Q9P035|HACD3_HUMAN","Very-long-chain (3R)-3-hydroxyacyl-CoA dehydratase 3 OS=Homo sapiens OX=9606 GN=HACD3 PE=1 SV=2",-2.66297206678369,5.85796134450082,-1.33033855112109,0.189407197858554,0.456251007369571,-4.99304728562839
3786,"P43250|GRK6_HUMAN","G protein-coupled receptor kinase 6 OS=Homo sapiens OX=9606 GN=GRK6 PE=1 SV=2",-2.39330767135596,5.83573956121692,-1.17845975446558,0.244158505048004,0.490709603939222,-5.16399254084322
3788,"P55039|DRG2_HUMAN","Developmentally-regulated GTP-binding protein 2 OS=Homo sapiens OX=9606 GN=DRG2 PE=1 SV=1",-3.29603923964619,8.46288177133631,-1.77309633165626,0.0822677580586543,0.375605864510613,-4.38775762250981
3789,"Q01658|NC2B_HUMAN","Protein Dr1 OS=Homo sapiens OX=9606 GN=DR1 PE=1 SV=1",-0.19961494748806,8.97514123391533,-0.113111001519218,0.910392802463581,0.952870425324579,-5.7929624080623
3791,"Q9H019|MFR1L_HUMAN","Mitochondrial fission regulator 1-like OS=Homo sapiens OX=9606 GN=MTFR1L PE=1 SV=2",-2.80699588985622,8.93298680859287,-1.562386749231,0.124467369091995,0.406121938393349,-4.69519983265177
3792,"P07305|H10_HUMAN","Histone H1.0 OS=Homo sapiens OX=9606 GN=H1-0 PE=1 SV=3",0.930405927278688,12.6705322294131,1.24750797320338,0.217988380162464,0.475640302843224,-5.08867305175903
3793,"O96011|PX11B_HUMAN","Peroxisomal membrane protein 11B OS=Homo sapiens OX=9606 GN=PEX11B PE=1 SV=1",0.360616532172644,10.2208305189696,0.228960809175762,0.819827790012561,0.904216279322183,-5.77458644545297
3794,"Q96D71|REPS1_HUMAN","RalBP1-associated Eps domain-containing protein 1 OS=Homo sapiens OX=9606 GN=REPS1 PE=1 SV=3",-1.76577232836561,9.55554348130766,-1.06401090013682,0.29240525034983,0.528286176558071,-5.27991186379449
3794,"Q8NFH8|REPS2_HUMAN","RalBP1-associated Eps domain-containing protein 2 OS=Homo sapiens OX=9606 GN=REPS2 PE=1 SV=2",-1.69073864346979,9.47013865196405,-1.01342731246168,0.315706395491765,0.545393668724436,-5.32755726659707
3795,"Q10589|BST2_HUMAN","Bone marrow stromal antigen 2 OS=Homo sapiens OX=9606 GN=BST2 PE=1 SV=1",1.46360285069101,4.56775840774029,0.729989317163559,0.468783011235936,0.660467265094268,-5.5530427753419
3797,"Q9UP95|S12A4_HUMAN","Solute carrier family 12 member 4 OS=Homo sapiens OX=9606 GN=SLC12A4 PE=1 SV=2",-1.19827937104189,5.18656474861604,-0.603434167990349,0.54893157701066,0.71422104571835,-5.63059401208636
3798,"O43674|NDUB5_HUMAN","NADH dehydrogenase [ubiquinone] 1 beta subcomplex subunit 5, mitochondrial OS=Homo sapiens OX=9606 GN=NDUFB5 PE=1 SV=1",-0.958383354549449,12.1183613268197,-1.10876340613478,0.272805705965547,0.511302948474156,-5.23591897590051
3802,"O00217|NDUS8_HUMAN","NADH dehydrogenase [ubiquinone] iron-sulfur protein 8, mitochondrial OS=Homo sapiens OX=9606 GN=NDUFS8 PE=1 SV=1",-0.153913194982296,12.5515675280828,-0.198482398289394,0.843467733369999,0.919684711562978,-5.7806256970413
3804,"P01909|DQA1_HUMAN","HLA class II histocompatibility antigen, DQ alpha 1 chain OS=Homo sapiens OX=9606 GN=HLA-DQA1 PE=1 SV=1",0.369406898125691,8.070841876742,0.185054642730856,0.853930353335403,0.92474113001149,-5.78301355559323
3805,"O75843|AP1G2_HUMAN","AP-1 complex subunit gamma-like 2 OS=Homo sapiens OX=9606 GN=AP1G2 PE=1 SV=1",0.36381200331249,5.55498115688589,0.182351472989558,0.856039873151776,0.925061728428461,-5.78347407341889
3806,"Q99698|LYST_HUMAN","Lysosomal-trafficking regulator OS=Homo sapiens OX=9606 GN=LYST PE=1 SV=3",-0.83807007046709,5.12442205108531,-0.42049465462125,0.675915241339385,0.80109306856914,-5.71700775284108
3807,"Q5SW96|ARH_HUMAN","Low density lipoprotein receptor adapter protein 1 OS=Homo sapiens OX=9606 GN=LDLRAP1 PE=1 SV=3",-5.16056400257742,8.69274348726294,-2.80815101245634,0.00707493121008575,0.229110742269469,-2.42289246961709
3808,"Q9H7E2|TDRD3_HUMAN","Tudor domain-containing protein 3 OS=Homo sapiens OX=9606 GN=TDRD3 PE=1 SV=1",-3.83553145717454,6.88404606060733,-1.86006075307924,0.0687291857699127,0.374885133083069,-4.25098480101985
3809,"Q96C11|FGGY_HUMAN","FGGY carbohydrate kinase domain-containing protein OS=Homo sapiens OX=9606 GN=FGGY PE=1 SV=2",-5.29366540115246,7.37890447858376,-2.70510319873922,0.00929593524415227,0.261211106020863,-2.64883663857306
3810,"Q9Y2R0|COA3_HUMAN","Cytochrome c oxidase assembly factor 3 homolog, mitochondrial OS=Homo sapiens OX=9606 GN=COA3 PE=1 SV=1",-0.668502391643676,11.6408448912134,-0.680815347322708,0.499110628898697,0.679415132321961,-5.58489054194362
3811,"Q9NRZ7|PLCC_HUMAN","1-acyl-sn-glycerol-3-phosphate acyltransferase gamma OS=Homo sapiens OX=9606 GN=AGPAT3 PE=1 SV=1",-1.36678044960528,9.68270235208648,-0.826258075830469,0.412559974204635,0.621413538560967,-5.48442762921382
3812,"Q96IZ7|RSRC1_HUMAN","Serine/Arginine-related protein 53 OS=Homo sapiens OX=9606 GN=RSRC1 PE=1 SV=1",-2.28897446915019,7.55429364652968,-1.1943310931794,0.237950381598613,0.486781837532565,-5.14703597866344
3817,"O60508|PRP17_HUMAN","Pre-mRNA-processing factor 17 OS=Homo sapiens OX=9606 GN=CDC40 PE=1 SV=1",-2.56889689209994,5.83952323448891,-1.26561811993164,0.211481059878306,0.471709726663518,-5.06825423443473
3818,"Q7Z2T5|TRM1L_HUMAN","TRMT1-like protein OS=Homo sapiens OX=9606 GN=TRMT1L PE=1 SV=2",-1.73651391229789,9.39852117297348,-1.01184555088735,0.316454754123211,0.545451282744989,-5.32901141114749
3819,"P62310|LSM3_HUMAN","U6 snRNA-associated Sm-like protein LSm3 OS=Homo sapiens OX=9606 GN=LSM3 PE=1 SV=2",0.641114486750515,8.00525235432239,0.313810748579754,0.754962573354155,0.858304701330043,-5.75325092155987
3820,"Q6UXH1|CREL2_HUMAN","Protein disulfide isomerase CRELD2 OS=Homo sapiens OX=9606 GN=CRELD2 PE=1 SV=1",-4.85445064619345,9.13865469513657,-2.65868547534192,0.010492248001787,0.271939923252938,-2.74862857535901
3821,"Q5VUM1|SDHF4_HUMAN","Succinate dehydrogenase assembly factor 4, mitochondrial OS=Homo sapiens OX=9606 GN=SDHAF4 PE=1 SV=1",-1.2659524650956,5.2152018966616,-0.63625126931405,0.527497455067433,0.699839890421539,-5.61187209989149
3822,"Q99828|CIB1_HUMAN","Calcium and integrin-binding protein 1 OS=Homo sapiens OX=9606 GN=CIB1 PE=1 SV=4",-0.727187686585333,10.908088115876,-0.603302368308722,0.549018545421718,0.71422104571835,-5.63066723654451
3823,"Q8NBN7|RDH13_HUMAN","Retinol dehydrogenase 13 OS=Homo sapiens OX=9606 GN=RDH13 PE=1 SV=2",-2.24820089549472,5.60804794784679,-1.14415962228925,0.257973282931308,0.501168664675302,-5.19990765023682
3824,"P61803|DAD1_HUMAN","Dolichyl-diphosphooligosaccharide--protein glycosyltransferase subunit DAD1 OS=Homo sapiens OX=9606 GN=DAD1 PE=1 SV=3",-0.59716260502228,11.6126811545715,-0.612479922313128,0.542979494413835,0.710824523538112,-5.62553081457432
3825,"O43805|SSNA1_HUMAN","Sjoegren syndrome nuclear autoantigen 1 OS=Homo sapiens OX=9606 GN=SSNA1 PE=1 SV=2",-3.96685461964298,9.40274808050143,-2.28301341163774,0.0266897611728467,0.321097210534778,-3.50808436608465
3828,"P07332|FES_HUMAN","Tyrosine-protein kinase Fes/Fps OS=Homo sapiens OX=9606 GN=FES PE=1 SV=3",0.0141706428849808,9.17981706420419,0.00781939543347566,0.993792020190193,0.996336645940214,-5.79887003442281
3829,"Q6GMV3|PTRD1_HUMAN","Putative peptidyl-tRNA hydrolase PTRHD1 OS=Homo sapiens OX=9606 GN=PTRHD1 PE=1 SV=1",-2.65805239795318,10.3152708688563,-1.74387817326687,0.0872895911597533,0.377971753709499,-4.43243177089633
3831,"Q96BI1|S22AI_HUMAN","Solute carrier family 22 member 18 OS=Homo sapiens OX=9606 GN=SLC22A18 PE=1 SV=3",-1.20802899526986,10.1648999891117,-0.787109609937055,0.434910939012389,0.635674379766127,-5.51332781736958
3832,"Q96C57|CSTOS_HUMAN","Protein CUSTOS OS=Homo sapiens OX=9606 GN=CUSTOS PE=1 SV=2",1.10908056039518,5.2943661688196,0.584604357542585,0.561426991061891,0.723457318440679,-5.64089573022026
3833,"P14174|MIF_HUMAN","Macrophage migration inhibitory factor OS=Homo sapiens OX=9606 GN=MIF PE=1 SV=4",0.333004858100336,11.831818799776,0.347633471038663,0.729566023044241,0.840396058104184,-5.74289437407361
3834,"Q03701|CEBPZ_HUMAN","CCAAT/enhancer-binding protein zeta OS=Homo sapiens OX=9606 GN=CEBPZ PE=1 SV=3",2.3134879021742,3.46036135502452,1.33413039249077,0.188170276267704,0.45505299263616,-4.98853322753143
3836,"Q8N6M0|OTU6B_HUMAN","Deubiquitinase OTUD6B OS=Homo sapiens OX=9606 GN=OTUD6B PE=1 SV=1",-1.0629862613212,9.16736855189824,-0.613105416762576,0.542569147830632,0.710503289664497,-5.62517796531078
3837,"Q9BU23|LMF2_HUMAN","Lipase maturation factor 2 OS=Homo sapiens OX=9606 GN=LMF2 PE=1 SV=2",-0.234140203190926,5.84214453533542,-0.118207699027614,0.906373896306912,0.951670495220349,-5.79241549545362
3840,"Q9UBP6|TRMB_HUMAN","tRNA (guanine-N(7)-)-methyltransferase OS=Homo sapiens OX=9606 GN=METTL1 PE=1 SV=1",6.56173925797912,7.03054805148811,3.29193378456603,0.00182422517205952,0.158937088200598,-1.28713314714641
3842,"Q3ZAQ7|VMA21_HUMAN","Vacuolar ATPase assembly integral membrane protein VMA21 OS=Homo sapiens OX=9606 GN=VMA21 PE=1 SV=1",-0.809688176409532,11.5542466946121,-0.810992893344852,0.421190723641091,0.626204001696752,-5.49585884215147
3843,"P22732|GTR5_HUMAN","Solute carrier family 2, facilitated glucose transporter member 5 OS=Homo sapiens OX=9606 GN=SLC2A5 PE=1 SV=1",-0.850994904005623,7.75898402706054,-0.422974006230919,0.674117200633336,0.799620705901344,-5.71604107868159
3844,"O43164|PJA2_HUMAN","E3 ubiquitin-protein ligase Praja-2 OS=Homo sapiens OX=9606 GN=PJA2 PE=1 SV=4",-0.0680403337925286,4.80317046607299,-0.0341103139213651,0.972924189583536,0.983427478182654,-5.79835851029073
3845,"P32942|ICAM3_HUMAN","Intercellular adhesion molecule 3 OS=Homo sapiens OX=9606 GN=ICAM3 PE=1 SV=2",-0.0690631744273116,5.59067219324657,-0.0343489204404794,0.972734866112679,0.983427478182654,-5.79835093066791
3847,"Q8WVM7|STAG1_HUMAN","Cohesin subunit SA-1 OS=Homo sapiens OX=9606 GN=STAG1 PE=1 SV=3",0.156609472707784,5.71754005975027,0.077135960413171,0.938821407229835,0.967114039927983,-5.79613763748638
3850,"Q9H009|NACA2_HUMAN","Nascent polypeptide-associated complex subunit alpha-2 OS=Homo sapiens OX=9606 GN=NACA2 PE=1 SV=1",3.46607329970297,6.15206701972067,1.6199262661983,0.111501718026877,0.393315233039934,-4.61467033872319
3851,"P03928|ATP8_HUMAN","ATP synthase protein 8 OS=Homo sapiens OX=9606 GN=MT-ATP8 PE=1 SV=1",0.132046466541844,10.7622313388558,0.0695776335266835,0.945224343129151,0.971850380963775,-5.79658542650437
3854,"Q96S44|PRPK_HUMAN","EKC/KEOPS complex subunit TP53RK OS=Homo sapiens OX=9606 GN=TP53RK PE=1 SV=2",-2.43990233091385,6.80621802036392,-1.24869378660656,0.21755780902888,0.475404101211256,-5.08734448007812
3856,"Q99584|S10AD_HUMAN","Protein S100-A13 OS=Homo sapiens OX=9606 GN=S100A13 PE=1 SV=1",-0.681865447173205,5.01302627793503,-0.332044909528297,0.741235086290578,0.848343349501968,-5.74779856534324
3857,"Q9H0R3|TM222_HUMAN","Transmembrane protein 222 OS=Homo sapiens OX=9606 GN=TMEM222 PE=1 SV=2",-4.01982733478207,9.1001710181278,-2.12465025053823,0.0385523662563823,0.346237429386904,-3.80088176705963
3859,"Q8IZQ5|SELH_HUMAN","Selenoprotein H OS=Homo sapiens OX=9606 GN=SELENOH PE=1 SV=2",-2.04980017134835,8.41651424751482,-1.03234693466716,0.306848020932478,0.540529417650791,-5.30999584494465
3861,"Q9H7C9|AAMDC_HUMAN","Mth938 domain-containing protein OS=Homo sapiens OX=9606 GN=AAMDC PE=1 SV=1",0.958914084904724,3.97190535698499,0.519903460723959,0.605411584451903,0.750794038074963,-5.67383782881646
3862,"Q9P1T7|MDFIC_HUMAN","MyoD family inhibitor domain-containing protein OS=Homo sapiens OX=9606 GN=MDFIC PE=1 SV=2",-0.900606760388486,7.14207794877144,-0.45116778386935,0.653807813571606,0.787017957812439,-5.70465215172117
3865,"Q9UBS8|RNF14_HUMAN","E3 ubiquitin-protein ligase RNF14 OS=Homo sapiens OX=9606 GN=RNF14 PE=1 SV=1",-4.92843978560546,7.23176686732331,-2.49748869110321,0.0158234967352045,0.291247010421051,-3.08525280235192
3868,"Q8N129|CNPY4_HUMAN","Protein canopy homolog 4 OS=Homo sapiens OX=9606 GN=CNPY4 PE=1 SV=1",-2.46383093697943,8.70639463362296,-1.3372191944613,0.187167235100758,0.454663597208345,-4.98484732820575
3869,"P85037|FOXK1_HUMAN","Forkhead box protein K1 OS=Homo sapiens OX=9606 GN=FOXK1 PE=1 SV=1",-1.45822751501895,9.28257117969484,-0.860137701525043,0.393794480623413,0.60954215017232,-5.45831854898924
3870,"Q684P5|RPGP2_HUMAN","Rap1 GTPase-activating protein 2 OS=Homo sapiens OX=9606 GN=RAP1GAP2 PE=1 SV=2",-0.587011150346902,4.85227701789248,-0.305919828076031,0.760928313144832,0.861545279893479,-5.75551541906766
3871,"Q9BYV8|CEP41_HUMAN","Centrosomal protein of 41 kDa OS=Homo sapiens OX=9606 GN=CEP41 PE=1 SV=1",-0.0664361249903473,5.265913871433,-0.0351258032380327,0.972118455804738,0.983427478182654,-5.79832588600132
3874,"P62851|RS25_HUMAN","40S ribosomal protein S25 OS=Homo sapiens OX=9606 GN=RPS25 PE=1 SV=1",-2.22489513551201,10.1735036989166,-0.926458833435134,0.367421235433595,0.589159814226543,-5.396183479354
3878,"Q9NZC2|TREM2_HUMAN","Triggering receptor expressed on myeloid cells 2 OS=Homo sapiens OX=9606 GN=TREM2 PE=1 SV=1",-1.64206643772779,6.35159065898283,-0.804290533896404,0.425014388525294,0.627588108541716,-5.50081240912375
3879,"P48382|RFX5_HUMAN","DNA-binding protein RFX5 OS=Homo sapiens OX=9606 GN=RFX5 PE=1 SV=1",3.68882714598735,5.76940376771681,1.84306499237598,0.0712160200699096,0.374885133083069,-4.27815921423344
3881,"Q9BZX2|UCK2_HUMAN","Uridine-cytidine kinase 2 OS=Homo sapiens OX=9606 GN=UCK2 PE=1 SV=1",-2.83415984433701,6.84138098933503,-1.3918016829239,0.170106833699073,0.441216901957586,-4.91841685639856
3885,"P51003|PAPOA_HUMAN","Poly(A) polymerase alpha OS=Homo sapiens OX=9606 GN=PAPOLA PE=1 SV=4",-0.93817354606181,8.91901375839373,-0.534464728506454,0.59537473452027,0.744164959708206,-5.66675631333475
3887,"Q9H7Z6|KAT8_HUMAN","Histone acetyltransferase KAT8 OS=Homo sapiens OX=9606 GN=KAT8 PE=1 SV=2",0.0700788651668312,4.47199423685884,0.0371771970133949,0.970490880266228,0.982687508995829,-5.7982570624115
3889,"P31944|CASPE_HUMAN","Caspase-14 OS=Homo sapiens OX=9606 GN=CASP14 PE=1 SV=2",0.631549847255239,6.91938370333358,0.29475830123233,0.769391699797949,0.867706219175115,-5.75862041583482
3890,"Q9P016|THYN1_HUMAN","Thymocyte nuclear protein 1 OS=Homo sapiens OX=9606 GN=THYN1 PE=1 SV=1",2.22893236698123,9.15060418987827,1.18289081416672,0.242413607720412,0.488570616963882,-5.15927997305469
3892,"Q6ZVM7|TM1L2_HUMAN","TOM1-like protein 2 OS=Homo sapiens OX=9606 GN=TOM1L2 PE=1 SV=1",-1.28760689402698,8.47870943256606,-0.651684936993801,0.517571216935381,0.694448358673111,-5.60273056641325
3893,"P12821|ACE_HUMAN","Angiotensin-converting enzyme OS=Homo sapiens OX=9606 GN=ACE PE=1 SV=1",2.03580646715167,6.99841949865687,0.997598441938802,0.323249316983831,0.552912950059316,-5.34201109316298
3894,"P62256|UBE2H_HUMAN","Ubiquitin-conjugating enzyme E2 H OS=Homo sapiens OX=9606 GN=UBE2H PE=1 SV=1",-3.40349875624292,9.24862211095905,-1.93847041567245,0.0581877418139686,0.366887115993354,-4.12285725923866
3895,"O43617|TPPC3_HUMAN","Trafficking protein particle complex subunit 3 OS=Homo sapiens OX=9606 GN=TRAPPC3 PE=1 SV=1",-3.51254624679198,9.77475643635149,-2.05627809612926,0.0449624970548313,0.353406926961911,-3.92197530846888
3897,"P63173|RL38_HUMAN","60S ribosomal protein L38 OS=Homo sapiens OX=9606 GN=RPL38 PE=1 SV=2",-1.03148872043795,14.7256806288298,-1.6777639320514,0.09959727511957,0.387024448867313,-4.53111233731763
3898,"Q9H7M9|VISTA_HUMAN","V-type immunoglobulin domain-containing suppressor of T-cell activation OS=Homo sapiens OX=9606 GN=VSIR PE=1 SV=3",-2.54459885502931,5.71608964273919,-1.28198192748547,0.205726624861938,0.467126622764674,-5.04956845170095
3899,"Q9BQE4|SELS_HUMAN","Selenoprotein S OS=Homo sapiens OX=9606 GN=SELENOS PE=1 SV=3",-3.9300785838072,7.3880390147457,-2.03201361547268,0.0474503307651651,0.354698763841406,-3.96416065088249
3901,"Q9UPI3|FLVC2_HUMAN","Feline leukemia virus subgroup C receptor-related protein 2 OS=Homo sapiens OX=9606 GN=FLVCR2 PE=1 SV=1",2.15249266400932,4.12469872364606,1.13525860315036,0.261647842552689,0.504358302814339,-5.20906408134151
3902,"Q9BRT2|UQCC2_HUMAN","Ubiquinol-cytochrome-c reductase complex assembly factor 2 OS=Homo sapiens OX=9606 GN=UQCC2 PE=1 SV=1",-2.33546039765751,7.51060328766777,-1.12868965733684,0.264383458552699,0.50615957398564,-5.21577815789073
3904,"Q9UII2|ATIF1_HUMAN","ATPase inhibitor, mitochondrial OS=Homo sapiens OX=9606 GN=ATP5IF1 PE=1 SV=1",-0.364945878829381,9.71119952641703,-0.218504711103671,0.827920038060541,0.910817778780779,-5.77675515978629
3905,"Q9NW15|ANO10_HUMAN","Anoctamin-10 OS=Homo sapiens OX=9606 GN=ANO10 PE=1 SV=2",-2.40176235987929,7.70464706671455,-1.03974112779486,0.305412127194431,0.539544721832,-5.30146687173557
3910,"Q8ND76|CCNY_HUMAN","Cyclin-Y OS=Homo sapiens OX=9606 GN=CCNY PE=1 SV=2",-0.919342025638085,6.25897423983737,-0.443244713271316,0.659489413484006,0.791059672163181,-5.70792628758672
3911,"Q9C037|TRIM4_HUMAN","E3 ubiquitin-protein ligase TRIM4 OS=Homo sapiens OX=9606 GN=TRIM4 PE=1 SV=2",-5.85248226307632,8.00008250443696,-3.01559035814881,0.00401384867870385,0.192084958435305,-1.95042784261473
3913,"Q9NYV4|CDK12_HUMAN","Cyclin-dependent kinase 12 OS=Homo sapiens OX=9606 GN=CDK12 PE=1 SV=2",-1.77999563238511,8.10106482055623,-0.936693014852222,0.353392356959975,0.580717619773603,-5.3955889328734
3914,"P01615|KVD28_HUMAN","Immunoglobulin kappa variable 2D-28 OS=Homo sapiens OX=9606 GN=IGKV2D-28 PE=1 SV=2",-0.833729440456899,6.87583349292574,-0.396191729919959,0.69363935003823,0.812106597825385,-5.72618452219121
3914,"A0A075B6P5|KV228_HUMAN","Immunoglobulin kappa variable 2-28 OS=Homo sapiens OX=9606 GN=IGKV2-28 PE=3 SV=1",-0.833729440456899,6.87583349292574,-0.396191729919959,0.69363935003823,0.812106597825385,-5.72618452219121
3915,"Q96L93|KI16B_HUMAN","Kinesin-like protein KIF16B OS=Homo sapiens OX=9606 GN=KIF16B PE=1 SV=2",0.113984419232527,4.40238280431469,0.0610896200737849,0.951529931225787,0.974884073178154,-5.79716675067004
3917,"Q96G91|P2Y11_HUMAN","P2Y purinoceptor 11 OS=Homo sapiens OX=9606 GN=P2RY11 PE=2 SV=2",-0.9650899166897,6.60249961315297,-0.470837456275411,0.639792396343861,0.776440593640834,-5.69627536243663
3919,"Q5VYS8|TUT7_HUMAN","Terminal uridylyltransferase 7 OS=Homo sapiens OX=9606 GN=TUT7 PE=1 SV=1",-1.13552558020163,5.53504098451702,-0.552152474002317,0.58328912827552,0.736767932849594,-5.65789451334941
3921,"Q9Y5Q9|TF3C3_HUMAN","General transcription factor 3C polypeptide 3 OS=Homo sapiens OX=9606 GN=GTF3C3 PE=1 SV=1",-0.929557542671176,4.41644069561477,-0.501387233598033,0.618286072993022,0.761036006256697,-5.68256346387521
3923,"Q6QNY0|BL1S3_HUMAN","Biogenesis of lysosome-related organelles complex 1 subunit 3 OS=Homo sapiens OX=9606 GN=BLOC1S3 PE=1 SV=1",-0.347155699091158,7.5290252176269,-0.16781331035016,0.867403074904358,0.929329612839072,-5.78583475466287
3925,"Q15061|WDR43_HUMAN","WD repeat-containing protein 43 OS=Homo sapiens OX=9606 GN=WDR43 PE=1 SV=3",-1.9132711499655,7.72348036965626,-0.913815589851347,0.365173528286819,0.586760503404765,-5.41487513725066
3927,"Q96QD9|UIF_HUMAN","UAP56-interacting factor OS=Homo sapiens OX=9606 GN=FYTTD1 PE=1 SV=3",-2.60182869999138,7.73344528425042,-1.25249516670328,0.216181767189427,0.475088669077635,-5.08307750887405
3928,"O60239|3BP5_HUMAN","SH3 domain-binding protein 5 OS=Homo sapiens OX=9606 GN=SH3BP5 PE=1 SV=2",-3.59082568436723,5.72511025783732,-1.80650287355221,0.0768240383355076,0.375605864510613,-4.3358882590001
3931,"Q14137|BOP1_HUMAN","Ribosome biogenesis protein BOP1 OS=Homo sapiens OX=9606 GN=BOP1 PE=1 SV=2",-1.53921092092833,5.58346555447577,-0.768390583403998,0.445847956960661,0.642268139228764,-5.52666411080035
3932,"Q15291|RBBP5_HUMAN","Retinoblastoma-binding protein 5 OS=Homo sapiens OX=9606 GN=RBBP5 PE=1 SV=2",2.65229332963056,5.75205119674215,1.30141012043841,0.19904770014377,0.464238021811491,-5.02709350221307
3933,"Q15417|CNN3_HUMAN","Calponin-3 OS=Homo sapiens OX=9606 GN=CNN3 PE=1 SV=1",2.45183064187376,3.5295327248743,1.40361787959008,0.16657661805414,0.438676892435621,-4.90371391928887
3934,"Q86XS8|GOLI_HUMAN","E3 ubiquitin-protein ligase RNF130 OS=Homo sapiens OX=9606 GN=RNF130 PE=1 SV=1",-1.23329362766828,8.00176286388771,-0.622711872232307,0.536287037568798,0.706357269360493,-5.61971434416101
3935,"Q9NQ50|RM40_HUMAN","39S ribosomal protein L40, mitochondrial OS=Homo sapiens OX=9606 GN=MRPL40 PE=1 SV=1",0.0960476588575059,9.7993070373555,0.054380794078055,0.956847206431003,0.975879923774172,-5.79752619368918
3937,"Q14197|ICT1_HUMAN","Peptidyl-tRNA hydrolase ICT1, mitochondrial OS=Homo sapiens OX=9606 GN=MRPL58 PE=1 SV=1",0.610551913294905,7.21649766148191,0.291480890316833,0.771882280176439,0.869829903942099,-5.75951031744934
3938,"O14495|PLPP3_HUMAN","Phospholipid phosphatase 3 OS=Homo sapiens OX=9606 GN=PLPP3 PE=1 SV=1",-2.0651403956804,6.62720954132489,-0.961492898489972,0.34090398850757,0.569318913727066,-5.37416383349148
3940,"Q9NW82|WDR70_HUMAN","WD repeat-containing protein 70 OS=Homo sapiens OX=9606 GN=WDR70 PE=1 SV=1",-1.11572892561073,5.11429330677434,-0.55870844924671,0.578839695478129,0.733469422896235,-5.65453755581018
3941,"Q8NF91|SYNE1_HUMAN","Nesprin-1 OS=Homo sapiens OX=9606 GN=SYNE1 PE=1 SV=4",-1.09534486693318,6.20642757067569,-0.533295207718239,0.596177972488668,0.744164959708206,-5.66733221755244
3942,"Q96GC5|RM48_HUMAN","39S ribosomal protein L48, mitochondrial OS=Homo sapiens OX=9606 GN=MRPL48 PE=1 SV=2",0.249811339726605,8.98170031926109,0.136379224418766,0.892065891317746,0.943740817711007,-5.79026955087936
3945,"P15336|ATF2_HUMAN","Cyclic AMP-dependent transcription factor ATF-2 OS=Homo sapiens OX=9606 GN=ATF2 PE=1 SV=4",-1.42833447361657,5.3113089714109,-0.725147564937425,0.471721764611656,0.662440704330748,-5.55627493340741
3945,"P17544|ATF7_HUMAN","Cyclic AMP-dependent transcription factor ATF-7 OS=Homo sapiens OX=9606 GN=ATF7 PE=1 SV=3",-1.42833447361657,5.3113089714109,-0.725147564937425,0.471721764611656,0.662440704330748,-5.55627493340741
3947,"Q9UPT6|JIP3_HUMAN","C-Jun-amino-terminal kinase-interacting protein 3 OS=Homo sapiens OX=9606 GN=MAPK8IP3 PE=1 SV=3",9.60305378719146,7.10514429753315,4.72591675006316,1.88253935321214e-05,0.0152542281869869,2.62024663618941
3948,"Q96J42|TXD15_HUMAN","Thioredoxin domain-containing protein 15 OS=Homo sapiens OX=9606 GN=TXNDC15 PE=1 SV=1",-2.76698712810206,5.64006072657975,-1.39479889933529,0.169205961312676,0.440205162750157,-4.91469821473456
3949,"Q8WYA6|CTBL1_HUMAN","Beta-catenin-like protein 1 OS=Homo sapiens OX=9606 GN=CTNNBL1 PE=1 SV=1",-0.0739683811983003,6.34274958014773,-0.0342049180983405,0.972849125263344,0.983427478182654,-5.79835551139644
3952,"Q5T6V5|QSPP_HUMAN","Queuosine salvage protein OS=Homo sapiens OX=9606 GN=C9orf64 PE=1 SV=1",-1.22873903500208,9.67549190249341,-0.74455326119817,0.460006465420797,0.654093049378466,-5.54319383279062
3953,"O43592|XPOT_HUMAN","Exportin-T OS=Homo sapiens OX=9606 GN=XPOT PE=1 SV=2",0.949151847802352,6.73467183859249,0.44989012443187,0.654722632504311,0.787458916000019,-5.70518402147618
3954,"O43374|RASL2_HUMAN","Ras GTPase-activating protein 4 OS=Homo sapiens OX=9606 GN=RASA4 PE=2 SV=2",-2.49589606881843,6.87579617134208,-1.24041243365187,0.220577972023313,0.476862311775177,-5.09659815956209
3954,"C9J798|RAS4B_HUMAN","Ras GTPase-activating protein 4B OS=Homo sapiens OX=9606 GN=RASA4B PE=3 SV=2",-2.17111662456161,6.71340644921367,-1.08065006245838,0.285007135270675,0.521778990380808,-5.26375622765721
3955,"Q9BX40|LS14B_HUMAN","Protein LSM14 homolog B OS=Homo sapiens OX=9606 GN=LSM14B PE=1 SV=1",-3.3781978571525,7.81692718886512,-1.73660133349278,0.0885791797299172,0.378665330085122,-4.44345697769173
3956,"Q9H410|DSN1_HUMAN","Kinetochore-associated protein DSN1 homolog OS=Homo sapiens OX=9606 GN=DSN1 PE=1 SV=2",1.04028817282248,3.53063073649491,0.600634753684514,0.55078028268892,0.715363233900586,-5.63214590904286
3958,"Q8TCD5|NT5C_HUMAN","5'(3')-deoxyribonucleotidase, cytosolic type OS=Homo sapiens OX=9606 GN=NT5C PE=1 SV=2",-0.119547791375793,6.57289396203873,-0.0585060328001436,0.953577378691386,0.975444308545446,-5.79731011765148
3959,"O60830|TI17B_HUMAN","Mitochondrial import inner membrane translocase subunit Tim17-B OS=Homo sapiens OX=9606 GN=TIMM17B PE=1 SV=1",2.92740731127782,9.61437508394926,1.64531148508871,0.10614141028587,0.388073899916163,-4.57831682747657
3960,"Q14728|MFS10_HUMAN","Major facilitator superfamily domain-containing protein 10 OS=Homo sapiens OX=9606 GN=MFSD10 PE=1 SV=1",2.16906649136532,4.48567598632059,1.13617301251627,0.261268643198153,0.50434794136049,-5.20812654843274
3961,"Q9BZ23|PANK2_HUMAN","Pantothenate kinase 2, mitochondrial OS=Homo sapiens OX=9606 GN=PANK2 PE=1 SV=3",-2.22329565743187,6.45923765796001,-1.11642986345964,0.269543200086878,0.509847414481415,-5.22821017837908
3967,"O14867|BACH1_HUMAN","Transcription regulator protein BACH1 OS=Homo sapiens OX=9606 GN=BACH1 PE=1 SV=2",-1.95960810184489,7.41321957037662,-0.982396001555951,0.330606755418837,0.559498347972075,-5.35568771292781
3968,"Q5XKK7|F219B_HUMAN","Protein FAM219B OS=Homo sapiens OX=9606 GN=FAM219B PE=1 SV=1",-0.656712567094565,6.72545534213132,-0.331839252657633,0.741389451480243,0.848343349501968,-5.74786176923632
3970,"Q7L5D6|GET4_HUMAN","Golgi to ER traffic protein 4 homolog OS=Homo sapiens OX=9606 GN=GET4 PE=1 SV=1",-4.25508321792387,6.31497061138036,-2.00887553530935,0.0499328356017585,0.358801880609411,-4.00399851749927
3972,"Q04656|ATP7A_HUMAN","Copper-transporting ATPase 1 OS=Homo sapiens OX=9606 GN=ATP7A PE=1 SV=4",0.533645759816801,6.46451574779808,0.262372348252977,0.794106009345998,0.88606595395161,-5.76697886566324
3973,"O14569|C56D2_HUMAN","Cytochrome b561 domain-containing protein 2 OS=Homo sapiens OX=9606 GN=CYB561D2 PE=1 SV=1",-0.259546155423074,10.1124576742505,-0.175044705515599,0.861747245264035,0.927654432729867,-5.78468500300597
3975,"P82930|RT34_HUMAN","28S ribosomal protein S34, mitochondrial OS=Homo sapiens OX=9606 GN=MRPS34 PE=1 SV=2",-3.91905194401347,10.4838255674311,-2.36571292879631,0.0234351832452373,0.311528809374188,-3.38146471330032
3976,"Q68DH5|LMBD2_HUMAN","G-protein coupled receptor-associated protein LMBRD2 OS=Homo sapiens OX=9606 GN=LMBRD2 PE=1 SV=1",-1.57629980420468,7.29317687283178,-0.788331977372689,0.434202333429288,0.635606996810415,-5.51244607559054
3977,"Q9P003|CNIH4_HUMAN","Protein cornichon homolog 4 OS=Homo sapiens OX=9606 GN=CNIH4 PE=1 SV=1",-1.3334727679918,10.3058374545797,-0.954256864990908,0.344517374007029,0.572909779864199,-5.38047079309707
3980,"Q9Y5U9|IR3IP_HUMAN","Immediate early response 3-interacting protein 1 OS=Homo sapiens OX=9606 GN=IER3IP1 PE=1 SV=1",-1.94350069437644,11.9249129830668,-1.97778238022592,0.0534449156980806,0.366768875860716,-4.05693057468538
3981,"Q8WTT2|NOC3L_HUMAN","Nucleolar complex protein 3 homolog OS=Homo sapiens OX=9606 GN=NOC3L PE=1 SV=1",-2.47590638065067,6.72567664244031,-1.22083635463933,0.227840159938801,0.483402743279022,-5.11824357209837
3983,"Q99436|PSB7_HUMAN","Proteasome subunit beta type-7 OS=Homo sapiens OX=9606 GN=PSMB7 PE=1 SV=1",1.51282113528374,12.7041824277033,1.74398779265544,0.0878379991857055,0.378157169519085,-4.43377677743822
3984,"P00568|KAD1_HUMAN","Adenylate kinase isoenzyme 1 OS=Homo sapiens OX=9606 GN=AK1 PE=1 SV=3",-1.98329205387626,5.27062745748863,-0.990874853871914,0.326489631489472,0.556466498941494,-5.34808467665955
3985,"Q969X0|RIPL2_HUMAN","RILP-like protein 2 OS=Homo sapiens OX=9606 GN=RILPL2 PE=1 SV=1",-3.47255010507595,6.5834625562027,-1.68338991868501,0.0984972033541761,0.386522542993734,-4.52284596144826
3987,"P82663|RT25_HUMAN","28S ribosomal protein S25, mitochondrial OS=Homo sapiens OX=9606 GN=MRPS25 PE=1 SV=1",-2.4369434459316,5.95555519661789,-1.17462738222591,0.245674957765392,0.492149787486298,-5.16805495907319
3988,"Q9UQ13|SHOC2_HUMAN","Leucine-rich repeat protein SHOC-2 OS=Homo sapiens OX=9606 GN=SHOC2 PE=1 SV=2",-5.00170363544171,8.74513489072355,-2.66937696436286,0.0102048190360081,0.269645126307281,-2.72575435712709
3989,"P19823|ITIH2_HUMAN","Inter-alpha-trypsin inhibitor heavy chain H2 OS=Homo sapiens OX=9606 GN=ITIH2 PE=1 SV=2",1.3076984802389,10.2752086375684,0.860309738032619,0.393700569777328,0.60954215017232,-5.45818337636766
3990,"P01100|FOS_HUMAN","Proto-oncogene c-Fos OS=Homo sapiens OX=9606 GN=FOS PE=1 SV=1",5.85244619800108,5.22984050293796,3.04674540138093,0.00367924432363448,0.186429474139926,-1.87752175431582
3992,"Q9H9P8|L2HDH_HUMAN","L-2-hydroxyglutarate dehydrogenase, mitochondrial OS=Homo sapiens OX=9606 GN=L2HGDH PE=1 SV=3",2.73948918880582,3.67336199834033,1.53724579650084,0.130500570149336,0.411764075527387,-4.72956454145185
3993,"P83876|TXN4A_HUMAN","Thioredoxin-like protein 4A OS=Homo sapiens OX=9606 GN=TXNL4A PE=1 SV=1",-5.6829095294993,7.4963638626715,-2.96105429293756,0.00466894608008161,0.207296189406501,-2.07684841034254
3995,"P62072|TIM10_HUMAN","Mitochondrial import inner membrane translocase subunit Tim10 OS=Homo sapiens OX=9606 GN=TIMM10 PE=1 SV=1",-4.71801449882851,8.11361060653354,-2.4784095063262,0.0165953610224451,0.292499164066587,-3.1240486825109
3996,"Q92979|NEP1_HUMAN","Ribosomal RNA small subunit methyltransferase NEP1 OS=Homo sapiens OX=9606 GN=EMG1 PE=1 SV=4",-4.73135597266592,7.20879704366091,-2.37990379500029,0.0211484218321338,0.298643451904919,-3.32071717478085
3998,"Q15311|RBP1_HUMAN","RalA-binding protein 1 OS=Homo sapiens OX=9606 GN=RALBP1 PE=1 SV=3",1.30004823737129,4.06664095072084,0.712409032812262,0.479503302429725,0.666415206055123,-5.56467821116742
4001,"Q8WXC6|CSN9_HUMAN","COP9 signalosome complex subunit 9 OS=Homo sapiens OX=9606 GN=COPS9 PE=1 SV=3",0.952079795329677,6.48639775586465,0.43773242743485,0.663454245693327,0.794173121425261,-5.71017026085536
4002,"O95379|TFIP8_HUMAN","Tumor necrosis factor alpha-induced protein 8 OS=Homo sapiens OX=9606 GN=TNFAIP8 PE=1 SV=1",0.314209777835373,11.760536904493,0.338016750558408,0.736757349379124,0.84528873302501,-5.74594626301428
4005,"Q8N9T8|KRI1_HUMAN","Protein KRI1 homolog OS=Homo sapiens OX=9606 GN=KRI1 PE=1 SV=3",-1.16152567485125,6.03138973225116,-0.546037882628473,0.587453746573719,0.740123750043002,-5.66099021730512
4007,"Q92600|CNOT9_HUMAN","CCR4-NOT transcription complex subunit 9 OS=Homo sapiens OX=9606 GN=CNOT9 PE=1 SV=1",1.16776276665446,5.43876667676171,0.578511031226246,0.565500653149711,0.725748305457629,-5.64416046698994
4008,"P02747|C1QC_HUMAN","Complement C1q subcomponent subunit C OS=Homo sapiens OX=9606 GN=C1QC PE=1 SV=3",0.344367441130637,4.57563453411979,0.178619094026558,0.858954314129807,0.92673252278484,-5.78409880761488
4010,"Q9UHA4|LTOR3_HUMAN","Ragulator complex protein LAMTOR3 OS=Homo sapiens OX=9606 GN=LAMTOR3 PE=1 SV=1",-0.809508857328664,13.7683826090987,-1.25179663455951,0.216434140046651,0.475088669077635,-5.08386250542448
4015,"Q16611|BAK_HUMAN","Bcl-2 homologous antagonist/killer OS=Homo sapiens OX=9606 GN=BAK1 PE=1 SV=1",-3.65894102447851,7.09601117711415,-1.76652088934984,0.0833763560570412,0.375605864510613,-4.39786786280143
4016,"Q86WC4|OSTM1_HUMAN","Osteopetrosis-associated transmembrane protein 1 OS=Homo sapiens OX=9606 GN=OSTM1 PE=1 SV=1",-1.3405987103891,11.6975000579392,-1.39127843297636,0.170264485716658,0.441216901957586,-4.91906529816135
4017,"Q9BZL1|UBL5_HUMAN","Ubiquitin-like protein 5 OS=Homo sapiens OX=9606 GN=UBL5 PE=1 SV=1",-0.891709211283295,9.15919433575346,-0.473082769840884,0.638200784774077,0.775820146774471,-5.6952966289996
4019,"Q5VZM2|RRAGB_HUMAN","Ras-related GTP-binding protein B OS=Homo sapiens OX=9606 GN=RRAGB PE=1 SV=1",-2.59727332767422,8.62354556572304,-1.4090280003755,0.164979338243479,0.437260090371993,-4.89694401939367
4019,"Q7L523|RRAGA_HUMAN","Ras-related GTP-binding protein A OS=Homo sapiens OX=9606 GN=RRAGA PE=1 SV=1",-2.59727332767422,8.62354556572304,-1.4090280003755,0.164979338243479,0.437260090371993,-4.89694401939367
4021,"P23511|NFYA_HUMAN","Nuclear transcription factor Y subunit alpha OS=Homo sapiens OX=9606 GN=NFYA PE=1 SV=2",-1.21489501532388,7.83800617901627,-0.606605425129133,0.54684112727288,0.712846469480719,-5.62882739794973
4023,"Q92562|FIG4_HUMAN","Polyphosphoinositide phosphatase OS=Homo sapiens OX=9606 GN=FIG4 PE=1 SV=1",1.53103502749695,6.61338802603897,0.724665587710038,0.472014877320075,0.662442567137249,-5.55659553142209
4024,"Q7KZN9|COX15_HUMAN","Cytochrome c oxidase assembly protein COX15 homolog OS=Homo sapiens OX=9606 GN=COX15 PE=1 SV=1",-4.30231382203665,8.23089316426876,-2.24074756008172,0.0294877440878492,0.326488217338006,-3.58788423513956
4026,"O95786|DDX58_HUMAN","Antiviral innate immune response receptor RIG-I OS=Homo sapiens OX=9606 GN=DDX58 PE=1 SV=2",0.363772210071274,6.52180367304374,0.167071025872328,0.867984032670777,0.929720773119383,-5.78595003246448
4028,"Q06265|EXOS9_HUMAN","Exosome complex component RRP45 OS=Homo sapiens OX=9606 GN=EXOSC9 PE=1 SV=3",-2.43207395289398,6.19940746429432,-1.18039616371778,0.243394856223458,0.48986058212824,-5.16193515780191
4029,"Q9BXV9|GON7_HUMAN","EKC/KEOPS complex subunit GON7 OS=Homo sapiens OX=9606 GN=GON7 PE=1 SV=2",-0.72785327657059,11.8228339078336,-0.780155129689695,0.438955512102222,0.637248318053059,-5.51831900689995
4031,"Q9Y3C0|WASC3_HUMAN","WASH complex subunit 3 OS=Homo sapiens OX=9606 GN=WASHC3 PE=1 SV=1",-3.27099526588025,9.95092028589515,-1.92358363957685,0.0600755531991615,0.367824847682046,-4.1475298726485
4032,"Q06033|ITIH3_HUMAN","Inter-alpha-trypsin inhibitor heavy chain H3 OS=Homo sapiens OX=9606 GN=ITIH3 PE=1 SV=2",1.31085184095849,10.0775409821137,0.835443014771228,0.407419331782682,0.617042336182254,-5.47744985146118
4033,"Q53TN4|CYBR1_HUMAN","Cytochrome b reductase 1 OS=Homo sapiens OX=9606 GN=CYBRD1 PE=1 SV=1",-1.55991763771959,6.06924585139352,-0.777873802894879,0.440287115053091,0.638174867723274,-5.51994690532127
4034,"Q9HCN4|GPN1_HUMAN","GPN-loop GTPase 1 OS=Homo sapiens OX=9606 GN=GPN1 PE=1 SV=1",0.155650063598987,4.98043610328758,0.077866606395564,0.938243100177032,0.966980864432275,-5.79608509221477
4037,"Q969X6|UTP4_HUMAN","U3 small nucleolar RNA-associated protein 4 homolog OS=Homo sapiens OX=9606 GN=UTP4 PE=1 SV=1",-2.34680484206083,5.51127770608615,-1.18521300305889,0.2415027738327,0.488182548193727,-5.15680360847474
4040,"Q9NRL2|BAZ1A_HUMAN","Bromodomain adjacent to zinc finger domain protein 1A OS=Homo sapiens OX=9606 GN=BAZ1A PE=1 SV=2",4.09554621613666,4.35139051200575,2.19086602600565,0.0331217236937571,0.338294979861489,-3.68052284446952
4041,"Q6P161|RM54_HUMAN","39S ribosomal protein L54, mitochondrial OS=Homo sapiens OX=9606 GN=MRPL54 PE=1 SV=1",1.41906273195533,5.70245922893837,0.684638407603439,0.496714887584499,0.677438575309194,-5.58249245931809
4042,"Q6NXE6|ARMC6_HUMAN","Armadillo repeat-containing protein 6 OS=Homo sapiens OX=9606 GN=ARMC6 PE=1 SV=2",-0.886644152870428,9.28172582188955,-0.517102989384015,0.607350824150532,0.752765467515494,-5.67517760667837
4043,"Q6UX53|MET7B_HUMAN","Methyltransferase-like protein 7B OS=Homo sapiens OX=9606 GN=METTL7B PE=1 SV=2",-3.75941190305636,10.5978801630449,-2.66600124041548,0.0102947823606606,0.270363583093689,-2.73298386204291
4045,"Q9NX14|NDUBB_HUMAN","NADH dehydrogenase [ubiquinone] 1 beta subcomplex subunit 11, mitochondrial OS=Homo sapiens OX=9606 GN=NDUFB11 PE=1 SV=1",-2.12510600195191,9.81707314875643,-1.23792418569025,0.221491445426385,0.476862311775177,-5.09936730793923
4049,"Q14671|PUM1_HUMAN","Pumilio homolog 1 OS=Homo sapiens OX=9606 GN=PUM1 PE=1 SV=3",-2.87743973255999,7.35240139126678,-1.42344459376746,0.160780982414874,0.434318020718166,-4.87878743543324
4049,"Q8TB72|PUM2_HUMAN","Pumilio homolog 2 OS=Homo sapiens OX=9606 GN=PUM2 PE=1 SV=2",-2.68683718613697,5.99923008415448,-1.31011078144581,0.196110086807882,0.463294862139304,-5.01692659390408
4051,"Q5SRD1|TI23B_HUMAN","Mitochondrial import inner membrane translocase subunit Tim23B OS=Homo sapiens OX=9606 GN=TIMM23B PE=1 SV=3",-0.968481048457138,11.4922738001907,-0.959214544807138,0.34203900132265,0.570331287078358,-5.37615459465752
4051,"O14925|TIM23_HUMAN","Mitochondrial import inner membrane translocase subunit Tim23 OS=Homo sapiens OX=9606 GN=TIMM23 PE=1 SV=1",-0.968481048457138,11.4922738001907,-0.959214544807138,0.34203900132265,0.570331287078358,-5.37615459465752
4052,"O43299|AP5Z1_HUMAN","AP-5 complex subunit zeta-1 OS=Homo sapiens OX=9606 GN=AP5Z1 PE=1 SV=2",-2.84822646285573,8.18157296926093,-1.53583376383949,0.130846238359366,0.411764075527387,-4.73147972378716
4053,"Q8TDX7|NEK7_HUMAN","Serine/threonine-protein kinase Nek7 OS=Homo sapiens OX=9606 GN=NEK7 PE=1 SV=1",-1.24128713045805,4.94300367430011,-0.638451555737478,0.526076240758614,0.698892772654951,-5.61058199964243
4053,"Q9HC98|NEK6_HUMAN","Serine/threonine-protein kinase Nek6 OS=Homo sapiens OX=9606 GN=NEK6 PE=1 SV=2",-1.24128713045805,4.94300367430011,-0.638451555737478,0.526076240758614,0.698892772654951,-5.61058199964243
4054,"P50750|CDK9_HUMAN","Cyclin-dependent kinase 9 OS=Homo sapiens OX=9606 GN=CDK9 PE=1 SV=3",-1.00528288116873,6.45137757071663,-0.48731479558065,0.62815243893224,0.767939981402542,-5.68898566183501
4055,"O14548|COX7R_HUMAN","Cytochrome c oxidase subunit 7A-related protein, mitochondrial OS=Homo sapiens OX=9606 GN=COX7A2L PE=1 SV=2",2.45071173496598,8.04568392588149,1.17225516428801,0.246617036331222,0.4928907542824,-5.17056333033563
4056,"Q8N3U4|STAG2_HUMAN","Cohesin subunit SA-2 OS=Homo sapiens OX=9606 GN=STAG2 PE=1 SV=3",-3.26598962423123,6.7361626551653,-1.59834971073471,0.116228939410443,0.396042754779098,-4.64517315346988
4057,"Q9Y6M7|S4A7_HUMAN","Sodium bicarbonate cotransporter 3 OS=Homo sapiens OX=9606 GN=SLC4A7 PE=1 SV=2",0.432299596175627,8.31489546231063,0.217390246239313,0.828783678866684,0.911069756222258,-5.77698034798808
4058,"Q9Y6A5|TACC3_HUMAN","Transforming acidic coiled-coil-containing protein 3 OS=Homo sapiens OX=9606 GN=TACC3 PE=1 SV=1",-2.79912655876927,6.06390192575407,-1.33957336185076,0.186405490132824,0.454356788908926,-4.98203278173724
4062,"P02746|C1QB_HUMAN","Complement C1q subcomponent subunit B OS=Homo sapiens OX=9606 GN=C1QB PE=1 SV=3",-0.157249955763164,4.67293780499671,-0.0801594127099743,0.936428560883611,0.966826665895156,-5.79591698688546
4063,"Q53ET0|CRTC2_HUMAN","CREB-regulated transcription coactivator 2 OS=Homo sapiens OX=9606 GN=CRTC2 PE=1 SV=2",-3.72868000112306,6.93223937265886,-1.78794283152958,0.0798099121293526,0.375605864510613,-4.36480975706167
4064,"Q9NWY4|HPF1_HUMAN","Histone PARylation factor 1 OS=Homo sapiens OX=9606 GN=HPF1 PE=1 SV=2",-0.0772666872531271,3.95226774089549,-0.0433311407823559,0.965609129486132,0.980174056256604,-5.79802717069463
4065,"P08697|A2AP_HUMAN","Alpha-2-antiplasmin OS=Homo sapiens OX=9606 GN=SERPINF2 PE=1 SV=3",-3.357137104716,9.34809557393408,-1.90656407269106,0.062297671413225,0.370211424743563,-4.17553908641857
4067,"Q8NBF6|AVL9_HUMAN","Late secretory pathway protein AVL9 homolog OS=Homo sapiens OX=9606 GN=AVL9 PE=1 SV=1",-5.27552469813576,7.42332818606246,-2.69532993380935,0.00953688236806353,0.262840292678687,-2.66995167421733
4068,"Q8N6L1|KTAP2_HUMAN","Keratinocyte-associated protein 2 OS=Homo sapiens OX=9606 GN=KRTCAP2 PE=1 SV=2",-4.0385167038552,8.25422701249012,-2.1321536937208,0.0379000961355015,0.345281189093879,-3.78739433875042
4070,"Q8NI37|PPTC7_HUMAN","Protein phosphatase PTC7 homolog OS=Homo sapiens OX=9606 GN=PPTC7 PE=1 SV=1",1.26880149168688,3.93949472522551,0.695107254438843,0.490186969917067,0.673010927457063,-5.57585835734907
4073,"Q8NEW0|ZNT7_HUMAN","Zinc transporter 7 OS=Homo sapiens OX=9606 GN=SLC30A7 PE=2 SV=1",0.142578418486791,4.91606597020606,0.0739980454927492,0.94130544413884,0.968977664413476,-5.79635767355303
4076,"Q9UNL2|SSRG_HUMAN","Translocon-associated protein subunit gamma OS=Homo sapiens OX=9606 GN=SSR3 PE=1 SV=1",-0.358721669565737,14.4389314522972,-0.582919642807165,0.562551835014591,0.723905214642319,-5.64180175312518
4078,"Q92604|LGAT1_HUMAN","Acyl-CoA:lysophosphatidylglycerol acyltransferase 1 OS=Homo sapiens OX=9606 GN=LPGAT1 PE=1 SV=1",-2.47542223300247,7.05617901212559,-1.20611298658248,0.233416667009213,0.485615495628163,-5.13431064858281
4080,"O00767|ACOD_HUMAN","Acyl-CoA desaturase OS=Homo sapiens OX=9606 GN=SCD PE=1 SV=2",-1.18045068034193,10.3662370374611,-0.793646381912704,0.431129574399875,0.632482894615447,-5.50859710656097
4082,"O95302|FKBP9_HUMAN","Peptidyl-prolyl cis-trans isomerase FKBP9 OS=Homo sapiens OX=9606 GN=FKBP9 PE=1 SV=2",4.02483635738753,5.77258102365885,1.95330983674995,0.0563566898040089,0.366768875860716,-4.09810276955221
4082,"Q75LS8|FKB9L_HUMAN","Putative FK506-binding protein 9-like protein OS=Homo sapiens OX=9606 GN=FKBP9P1 PE=5 SV=1",3.91535906628365,5.58802089515409,1.93745017511905,0.0583154800874623,0.366887115993354,-4.12455330573983
4085,"Q9UBU8|MO4L1_HUMAN","Mortality factor 4-like protein 1 OS=Homo sapiens OX=9606 GN=MORF4L1 PE=1 SV=2",2.01019675769469,3.30871578278476,1.1919753364544,0.238864518955232,0.487715274924449,-5.14956629297201
4087,"Q7Z7H8|RM10_HUMAN","39S ribosomal protein L10, mitochondrial OS=Homo sapiens OX=9606 GN=MRPL10 PE=1 SV=3",-2.66106510569317,7.47623780321042,-1.33553653687702,0.187713146981747,0.454713455596392,-4.98685623870391
4088,"O75884|RBBP9_HUMAN","Serine hydrolase RBBP9 OS=Homo sapiens OX=9606 GN=RBBP9 PE=1 SV=2",-0.782194005487164,7.36986954463758,-0.392111549346456,0.696632359378629,0.814439623193201,-5.72767202189126
4092,"Q96HD1|CREL1_HUMAN","Protein disulfide isomerase CRELD1 OS=Homo sapiens OX=9606 GN=CRELD1 PE=1 SV=3",0.121402187353491,4.06601046522331,0.0676971505360273,0.946295111394781,0.972023144473485,-5.79677191572796
4093,"Q5JSP0|FGD3_HUMAN","FYVE, RhoGEF and PH domain-containing protein 3 OS=Homo sapiens OX=9606 GN=FGD3 PE=1 SV=1",-1.23068376560123,5.34593572191462,-0.605601622964491,0.547502380687492,0.713492512442066,-5.62938757246348
4094,"Q8NBM4|UBAC2_HUMAN","Ubiquitin-associated domain-containing protein 2 OS=Homo sapiens OX=9606 GN=UBAC2 PE=1 SV=1",0.946125352268482,6.48383507635732,0.452422632640641,0.652909848574019,0.786376598939681,-5.70412832243242
4095,"Q96B26|EXOS8_HUMAN","Exosome complex component RRP43 OS=Homo sapiens OX=9606 GN=EXOSC8 PE=1 SV=1",-3.38745998151365,8.59701637622565,-1.85397846173925,0.0696105756689491,0.374885133083069,-4.2607343861629
4096,"Q86U90|YRDC_HUMAN","YrdC domain-containing protein, mitochondrial OS=Homo sapiens OX=9606 GN=YRDC PE=1 SV=1",3.44416180696791,5.03380212912501,1.733408527151,0.0891499748078389,0.379156265527792,-4.44828167946564
4097,"Q15102|PA1B3_HUMAN","Platelet-activating factor acetylhydrolase IB subunit gamma OS=Homo sapiens OX=9606 GN=PAFAH1B3 PE=1 SV=1",0.524029916299711,5.46647406679108,0.258678939094764,0.796938623147933,0.888284196801107,-5.76787055533571
4099,"P28715|ERCC5_HUMAN","DNA repair protein complementing XP-G cells OS=Homo sapiens OX=9606 GN=ERCC5 PE=1 SV=3",-1.10006053590061,6.21123325235702,-0.534955348649742,0.59503792346251,0.744164959708206,-5.66651434747242
4101,"Q9H4I3|TRABD_HUMAN","TraB domain-containing protein OS=Homo sapiens OX=9606 GN=TRABD PE=1 SV=1",-3.07257557840822,5.81239505917124,-1.50166502753005,0.139435879014658,0.41688853907435,-4.77733873848424
4102,"Q86WB0|NIPA_HUMAN","Nuclear-interacting partner of ALK OS=Homo sapiens OX=9606 GN=ZC3HC1 PE=1 SV=1",-1.71711227856647,6.74968892123157,-0.852043287718444,0.398228817036982,0.610816066587706,-5.46464889587333
4105,"Q01831|XPC_HUMAN","DNA repair protein complementing XP-C cells OS=Homo sapiens OX=9606 GN=XPC PE=1 SV=4",1.62327251103346,8.11811225618953,0.811349956018632,0.420987605995046,0.626204001696752,-5.49559382398666
4106,"O75438|NDUB1_HUMAN","NADH dehydrogenase [ubiquinone] 1 beta subcomplex subunit 1 OS=Homo sapiens OX=9606 GN=NDUFB1 PE=1 SV=1",-1.27275771381325,10.0955233328103,-0.802553817293064,0.426008574503837,0.627588108541716,-5.50208945845822
4108,"Q8NHV1|GIMA7_HUMAN","GTPase IMAP family member 7 OS=Homo sapiens OX=9606 GN=GIMAP7 PE=1 SV=1",2.88773855985257,4.88258081638203,1.484332706084,0.143960856932683,0.420080901632158,-4.80024364471641
4110,"Q02083|NAAA_HUMAN","N-acylethanolamine-hydrolyzing acid amidase OS=Homo sapiens OX=9606 GN=NAAA PE=1 SV=3",1.05563778147185,6.75878623515774,0.500129345370268,0.619165151128847,0.7614918063712,-5.68314488369841
4111,"O43716|GATC_HUMAN","Glutamyl-tRNA(Gln) amidotransferase subunit C, mitochondrial OS=Homo sapiens OX=9606 GN=GATC PE=1 SV=1",0.378834814061065,6.23544572067162,0.177743190006452,0.859638555282939,0.92706048543039,-5.78424354936239
4112,"Q96FN4|CPNE2_HUMAN","Copine-2 OS=Homo sapiens OX=9606 GN=CPNE2 PE=1 SV=3",-3.420768657909,9.238070324107,-1.93157824329845,0.0590553432824054,0.366887115993354,-4.13430007523832
4113,"Q15041|AR6P1_HUMAN","ADP-ribosylation factor-like protein 6-interacting protein 1 OS=Homo sapiens OX=9606 GN=ARL6IP1 PE=1 SV=2",1.60327519135934,7.99675141386041,0.79360827331084,0.431151562245403,0.632482894615447,-5.50862479637641
4115,"Q96QD8|S38A2_HUMAN","Sodium-coupled neutral amino acid transporter 2 OS=Homo sapiens OX=9606 GN=SLC38A2 PE=1 SV=2",2.20786581144502,8.42495604935432,1.12423119255279,0.266251705247685,0.50713114253025,-5.22031412561009
4117,"Q8WUY1|THEM6_HUMAN","Protein THEM6 OS=Homo sapiens OX=9606 GN=THEM6 PE=1 SV=2",2.63027625929803,3.61875553358643,1.48515885219082,0.143742572490476,0.420050187165385,-4.79915735875014
4118,"Q9BQD3|KXDL1_HUMAN","KxDL motif-containing protein 1 OS=Homo sapiens OX=9606 GN=KXD1 PE=1 SV=2",-1.38762192752386,11.0001718267244,-0.913422331622365,0.368176789965765,0.589692616174991,-5.41258951718083
4119,"Q5VU43|MYOME_HUMAN","Myomegalin OS=Homo sapiens OX=9606 GN=PDE4DIP PE=1 SV=3",-2.47902949860582,8.9177900413183,-1.3548070527402,0.181533217693919,0.449605272344859,-4.9637094362566
4123,"Q14978|NOLC1_HUMAN","Nucleolar and coiled-body phosphoprotein 1 OS=Homo sapiens OX=9606 GN=NOLC1 PE=1 SV=2",0.837759153237719,6.03158132201132,0.398779863231836,0.691743374382202,0.812106597825385,-5.72523304654705
4127,"P49736|MCM2_HUMAN","DNA replication licensing factor MCM2 OS=Homo sapiens OX=9606 GN=MCM2 PE=1 SV=4",-0.284022719126127,7.1199857263905,-0.137699203583995,0.891027907915013,0.943376892672065,-5.79010174410548
4128,"Q969E2|SCAM4_HUMAN","Secretory carrier-associated membrane protein 4 OS=Homo sapiens OX=9606 GN=SCAMP4 PE=1 SV=1",-2.37533531849891,7.83103321730336,-1.16974703244229,0.247615922907758,0.494267057291943,-5.17321022131079
4129,"Q9NWZ3|IRAK4_HUMAN","Interleukin-1 receptor-associated kinase 4 OS=Homo sapiens OX=9606 GN=IRAK4 PE=1 SV=1",-0.257411443118357,4.98370266487305,-0.12556123063692,0.900579781918308,0.949057284248141,-5.79158396402724
4130,"Q9H089|LSG1_HUMAN","Large subunit GTPase 1 homolog OS=Homo sapiens OX=9606 GN=LSG1 PE=1 SV=2",-1.19671210658215,6.69340278246882,-0.563032636607776,0.57591395682372,0.731699531575151,-5.6523019809861
4131,"O60547|GMDS_HUMAN","GDP-mannose 4,6 dehydratase OS=Homo sapiens OX=9606 GN=GMDS PE=1 SV=1",-1.67013995632896,7.73792120574408,-0.855970296311656,0.396073639038146,0.609849204117461,-5.46158496605136
4132,"A5D8V6|VP37C_HUMAN","Vacuolar protein sorting-associated protein 37C OS=Homo sapiens OX=9606 GN=VPS37C PE=1 SV=2",-2.97663543424099,9.18026231809883,-1.66703353930048,0.101723415897026,0.387024448867313,-4.5468108596348
4134,"Q5MNZ9|WIPI1_HUMAN","WD repeat domain phosphoinositide-interacting protein 1 OS=Homo sapiens OX=9606 GN=WIPI1 PE=1 SV=3",0.162633412014303,4.53335131415847,0.0849967059128168,0.932601428164351,0.964938852545957,-5.79554632568419
4136,"O00421|CCRL2_HUMAN","C-C chemokine receptor-like 2 OS=Homo sapiens OX=9606 GN=CCRL2 PE=1 SV=2",-5.45257766889128,7.24468412882928,-2.80888301107557,0.00706107706980436,0.229110742269469,-2.4212661437319
4137,"Q5VTL8|PR38B_HUMAN","Pre-mRNA-splicing factor 38B OS=Homo sapiens OX=9606 GN=PRPF38B PE=1 SV=1",2.58137845962381,3.59430663374933,1.44857362504922,0.153662354252153,0.426707775476482,-4.84673536412685
4138,"Q96A35|RM24_HUMAN","39S ribosomal protein L24, mitochondrial OS=Homo sapiens OX=9606 GN=MRPL24 PE=1 SV=1",0.800900489911615,5.45807695790485,0.387113873755097,0.700305030758457,0.817623683241169,-5.72947316704112
4140,"Q9H1A4|APC1_HUMAN","Anaphase-promoting complex subunit 1 OS=Homo sapiens OX=9606 GN=ANAPC1 PE=1 SV=1",-0.623855289926254,6.06128052948979,-0.308798946845981,0.758749906240185,0.860662587878977,-5.75469583789868
4143,"Q7L5Y9|MAEA_HUMAN","E3 ubiquitin-protein transferase MAEA OS=Homo sapiens OX=9606 GN=MAEA PE=1 SV=1",-2.05584116181768,8.81602381787237,-1.10813760194277,0.273073243892152,0.511474411569663,-5.23654601385359
4144,"O75608|LYPA1_HUMAN","Acyl-protein thioesterase 1 OS=Homo sapiens OX=9606 GN=LYPLA1 PE=1 SV=1",-0.590716911577569,12.5422629292009,-0.778029551505535,0.440196129264543,0.638174867723274,-5.51983591464571
4149,"O43759|SNG1_HUMAN","Synaptogyrin-1 OS=Homo sapiens OX=9606 GN=SYNGR1 PE=1 SV=2",-1.83456570723779,9.76946633213216,-1.12993776203266,0.263862132375454,0.50615957398564,-5.21450531400833
4150,"Q14624|ITIH4_HUMAN","Inter-alpha-trypsin inhibitor heavy chain H4 OS=Homo sapiens OX=9606 GN=ITIH4 PE=1 SV=4",1.4534440404585,4.7854034838424,0.697771835126007,0.488727171722319,0.672077882697327,-5.57395976184846
4153,"Q92879|CELF1_HUMAN","CUGBP Elav-like family member 1 OS=Homo sapiens OX=9606 GN=CELF1 PE=1 SV=2",-0.224341957760206,9.03832813366654,-0.122477803408103,0.903008680471085,0.950686479293318,-5.79193873922659
4155,"P05067|A4_HUMAN","Amyloid-beta precursor protein OS=Homo sapiens OX=9606 GN=APP PE=1 SV=3",4.08070221499374,4.34396851143429,2.27087922947252,0.0274678354490892,0.321614610405292,-3.53111580324469
4156,"P31321|KAP1_HUMAN","cAMP-dependent protein kinase type I-beta regulatory subunit OS=Homo sapiens OX=9606 GN=PRKAR1B PE=1 SV=4",-0.78026359127385,7.63577870889358,-0.298249555391276,0.768018522529409,0.867065734347094,-5.75686329865886
4158,"Q9Y3D3|RT16_HUMAN","28S ribosomal protein S16, mitochondrial OS=Homo sapiens OX=9606 GN=MRPS16 PE=1 SV=1",1.70673931193988,4.05245190778054,0.922706486211592,0.360565284311421,0.58380896665941,-5.40743449035198
4160,"Q12986|NFX1_HUMAN","Transcriptional repressor NF-X1 OS=Homo sapiens OX=9606 GN=NFX1 PE=1 SV=2",-0.358707832613074,5.50371232170244,-0.185578511467199,0.853521656642869,0.92474113001149,-5.78292352545646
4161,"Q9Y3E7|CHMP3_HUMAN","Charged multivesicular body protein 3 OS=Homo sapiens OX=9606 GN=CHMP3 PE=1 SV=3",-0.49404868605283,10.3574320543681,-0.364151656573615,0.717271142618658,0.829784263029428,-5.7374535560731
4162,"Q9NRR3|C42S2_HUMAN","CDC42 small effector protein 2 OS=Homo sapiens OX=9606 GN=CDC42SE2 PE=1 SV=1",-0.868054771901155,11.2219553998252,-0.773270080791308,0.442981548015744,0.640672104534523,-5.52321786541857
4164,"Q9NRW4|DUS22_HUMAN","Dual specificity protein phosphatase 22 OS=Homo sapiens OX=9606 GN=DUSP22 PE=1 SV=1",-0.532060810780202,6.52722539721247,-0.256795018188788,0.798384537039886,0.888284196801107,-5.76832053081193
4166,"P05090|APOD_HUMAN","Apolipoprotein D OS=Homo sapiens OX=9606 GN=APOD PE=1 SV=1",1.13884774972773,5.31136406011117,0.58143570674432,0.563543551310492,0.724315749177646,-5.64259766502295
4167,"P19388|RPAB1_HUMAN","DNA-directed RNA polymerases I, II, and III subunit RPABC1 OS=Homo sapiens OX=9606 GN=POLR2E PE=1 SV=4",-0.0236017725875151,6.72646744669257,-0.0106139926476679,0.991575826836263,0.994577803023704,-5.79884607164523
4169,"Q9Y3Q3|TMED3_HUMAN","Transmembrane emp24 domain-containing protein 3 OS=Homo sapiens OX=9606 GN=TMED3 PE=1 SV=1",-2.80755340401112,7.9036558377026,-1.38550670690148,0.172010962075946,0.441624863794215,-4.92620308418681
4173,"Q9BVP2|GNL3_HUMAN","Guanine nucleotide-binding protein-like 3 OS=Homo sapiens OX=9606 GN=GNL3 PE=1 SV=2",-0.135861451183818,5.34171124828548,-0.0661735412951318,0.947501988356007,0.97256698375818,-5.79686655278231
4174,"O00124|UBXN8_HUMAN","UBX domain-containing protein 8 OS=Homo sapiens OX=9606 GN=UBXN8 PE=1 SV=2",1.04131108624909,3.88796604996236,0.58355777065937,0.562125640389906,0.72378927747663,-5.64145887740116
4177,"P56589|PEX3_HUMAN","Peroxisomal biogenesis factor 3 OS=Homo sapiens OX=9606 GN=PEX3 PE=1 SV=1",-1.70253870821541,8.29041782463708,-0.854545292510095,0.396854854079489,0.609849204117461,-5.46269836004268
4178,"Q96GA3|LTV1_HUMAN","Protein LTV1 homolog OS=Homo sapiens OX=9606 GN=LTV1 PE=1 SV=1",-3.49462404576585,6.71901841963245,-1.69035922163153,0.0971483454174111,0.386522542993734,-4.51257194125193
4179,"Q9BSV6|SEN34_HUMAN","tRNA-splicing endonuclease subunit Sen34 OS=Homo sapiens OX=9606 GN=TSEN34 PE=1 SV=1",0.171586150054782,4.28350026778319,0.0961765528906584,0.923762532011454,0.961257604584038,-5.79460660948137
4180,"P12429|ANXA3_HUMAN","Annexin A3 OS=Homo sapiens OX=9606 GN=ANXA3 PE=1 SV=3",5.64858885685212,6.07045892577511,2.89233528941434,0.00563643032045627,0.216750940983975,-2.23392736895876
4183,"Q8N6N3|CA052_HUMAN","UPF0690 protein C1orf52 OS=Homo sapiens OX=9606 GN=C1orf52 PE=1 SV=1",-1.04387585348126,6.12665621402745,-0.526633713702522,0.600762818111033,0.746964624019693,-5.67058875426041
4184,"P42330|AK1C3_HUMAN","Aldo-keto reductase family 1 member C3 OS=Homo sapiens OX=9606 GN=AKR1C3 PE=1 SV=4",7.34768529486388,5.97746005136936,3.78817048327428,0.000406439878440376,0.0889841931813121,-0.0116395521200436
4185,"P33992|MCM5_HUMAN","DNA replication licensing factor MCM5 OS=Homo sapiens OX=9606 GN=MCM5 PE=1 SV=5",-0.1475898235675,8.98535463002253,-0.0797698795022461,0.936736815853974,0.966826665895156,-5.79594589079595
4189,"Q9BU61|NDUF3_HUMAN","NADH dehydrogenase [ubiquinone] 1 alpha subcomplex assembly factor 3 OS=Homo sapiens OX=9606 GN=NDUFAF3 PE=1 SV=1",-0.396874252810818,7.526737676492,-0.195638837596469,0.845681068662959,0.920482275140603,-5.78114529955907
4193,"P51397|DAP1_HUMAN","Death-associated protein 1 OS=Homo sapiens OX=9606 GN=DAP PE=1 SV=3",-3.15681114230123,10.3753441514513,-1.97761051394056,0.0537251376024582,0.366768875860716,-4.05888968122948
4194,"Q9C0B1|FTO_HUMAN","Alpha-ketoglutarate-dependent dioxygenase FTO OS=Homo sapiens OX=9606 GN=FTO PE=1 SV=3",1.3421036308293,3.88293428348378,0.740773971418882,0.462274804910291,0.655991065155828,-5.54576785160124
4195,"Q01650|LAT1_HUMAN","Large neutral amino acids transporter small subunit 1 OS=Homo sapiens OX=9606 GN=SLC7A5 PE=1 SV=2",-0.142005139045642,9.1737518692435,-0.0781634300835726,0.938008173485977,0.966980864432275,-5.79606360432504
4196,"Q96D46|NMD3_HUMAN","60S ribosomal export protein NMD3 OS=Homo sapiens OX=9606 GN=NMD3 PE=1 SV=1",-0.732618357484085,7.75756480890777,-0.364543577163109,0.716980325999605,0.829670678151611,-5.73732141421226
4197,"Q9BVC4|LST8_HUMAN","Target of rapamycin complex subunit LST8 OS=Homo sapiens OX=9606 GN=MLST8 PE=1 SV=1",-0.324425966537071,5.57824587954121,-0.159953497598232,0.873558333081683,0.932445041036632,-5.78702948142367
4198,"Q9Y4W2|LAS1L_HUMAN","Ribosomal biogenesis protein LAS1L OS=Homo sapiens OX=9606 GN=LAS1L PE=1 SV=2",1.89326636958405,4.6529130775173,0.988248265560872,0.327761354721364,0.557717752018232,-5.35044664890472
4199,"P22415|USF1_HUMAN","Upstream stimulatory factor 1 OS=Homo sapiens OX=9606 GN=USF1 PE=1 SV=1",0.0729172747913589,7.03386762926887,0.0351993687164697,0.972060086854861,0.983427478182654,-5.79832348541399
4200,"P02656|APOC3_HUMAN","Apolipoprotein C-III OS=Homo sapiens OX=9606 GN=APOC3 PE=1 SV=1",-0.055777464811877,10.9019341657252,-0.0461539364377454,0.963370317686711,0.979196285888604,-5.79790996317446
4201,"P51948|MAT1_HUMAN","CDK-activating kinase assembly factor MAT1 OS=Homo sapiens OX=9606 GN=MNAT1 PE=1 SV=1",2.34246153981901,3.47484817384692,1.35569673713291,0.181251701748726,0.449424916195603,-4.96263339527898
4202,"O95456|PSMG1_HUMAN","Proteasome assembly chaperone 1 OS=Homo sapiens OX=9606 GN=PSMG1 PE=1 SV=1",4.70434955620473,4.65579218203979,2.43186532344583,0.0186231140433098,0.292736321841369,-3.21773921549285
4203,"Q5TAQ9|DCAF8_HUMAN","DDB1- and CUL4-associated factor 8 OS=Homo sapiens OX=9606 GN=DCAF8 PE=1 SV=1",-5.54685693083433,7.78864577131099,-2.69355986497154,0.00958112977723564,0.262840292678687,-2.6737699907846
4205,"Q9UM00|TMCO1_HUMAN","Calcium load-activated calcium channel OS=Homo sapiens OX=9606 GN=TMCO1 PE=1 SV=2",-2.58395189059071,11.1398357846119,-2.00989278848768,0.0498213809389821,0.358801880609411,-4.00225508397612
4206,"Q9NVG8|TBC13_HUMAN","TBC1 domain family member 13 OS=Homo sapiens OX=9606 GN=TBC1D13 PE=1 SV=3",-4.25984441480812,6.78570343347635,-2.15711253859636,0.0357994995018554,0.338634890255269,-3.74225150675652
4208,"Q9H6U8|ALG9_HUMAN","Alpha-1,2-mannosyltransferase ALG9 OS=Homo sapiens OX=9606 GN=ALG9 PE=1 SV=2",-0.852632784723099,9.68467053537336,-0.544812869809776,0.588289798267216,0.740866713782719,-5.66160632694753
4212,"Q9UKZ1|CNO11_HUMAN","CCR4-NOT transcription complex subunit 11 OS=Homo sapiens OX=9606 GN=CNOT11 PE=1 SV=1",-2.79117102216887,8.73483468428498,-1.5137739251122,0.136342041745073,0.41400500238329,-4.76119372081976
4213,"Q99755|PI51A_HUMAN","Phosphatidylinositol 4-phosphate 5-kinase type-1 alpha OS=Homo sapiens OX=9606 GN=PIP5K1A PE=1 SV=1",0.0787205085537979,5.9538650721857,0.0389412619766429,0.969091372339897,0.982319731858775,-5.79819475564675
4216,"P18887|XRCC1_HUMAN","DNA repair protein XRCC1 OS=Homo sapiens OX=9606 GN=XRCC1 PE=1 SV=2",0.173849525440714,10.5272697543291,0.132183116525691,0.895366814034731,0.945546308112328,-5.79079226751349
4217,"Q9NXE4|NSMA3_HUMAN","Sphingomyelin phosphodiesterase 4 OS=Homo sapiens OX=9606 GN=SMPD4 PE=1 SV=3",-1.67155559182185,5.16710862616533,-0.865703732452281,0.390763198356011,0.607587399032252,-5.45393192918262
4218,"Q9Y2Q9|RT28_HUMAN","28S ribosomal protein S28, mitochondrial OS=Homo sapiens OX=9606 GN=MRPS28 PE=1 SV=1",-0.615286381402935,7.29081332100308,-0.293831683039724,0.770095611212029,0.868272721856076,-5.75887302172649
4219,"Q9Y2V7|COG6_HUMAN","Conserved oligomeric Golgi complex subunit 6 OS=Homo sapiens OX=9606 GN=COG6 PE=1 SV=2",-3.98747153572892,8.0680559154525,-2.09324032312823,0.0413906047728119,0.348345476869979,-3.85691716347598
4220,"Q9NRX2|RM17_HUMAN","39S ribosomal protein L17, mitochondrial OS=Homo sapiens OX=9606 GN=MRPL17 PE=1 SV=1",-2.14230287001481,6.20533560208251,-1.01753364190921,0.313769212119594,0.544701328738046,-5.32377209941778
4221,"O00559|RCAS1_HUMAN","Receptor-binding cancer antigen expressed on SiSo cells OS=Homo sapiens OX=9606 GN=EBAG9 PE=1 SV=1",-1.75125206078643,9.26766980411239,-1.02663928529618,0.309502365681309,0.542763309849103,-5.31532644104129
4224,"P09001|RM03_HUMAN","39S ribosomal protein L3, mitochondrial OS=Homo sapiens OX=9606 GN=MRPL3 PE=1 SV=1",1.69180793263669,4.09032342419062,0.906913715259222,0.368776846346948,0.590015556172476,-5.42060330010515
4226,"Q5F1R6|DJC21_HUMAN","DnaJ homolog subfamily C member 21 OS=Homo sapiens OX=9606 GN=DNAJC21 PE=1 SV=2",-2.6901389270708,6.08418614260583,-1.32367478726619,0.191595898126581,0.457965239928968,-5.00095144496906
4230,"Q9NUL5|SHFL_HUMAN","Shiftless antiviral inhibitor of ribosomal frameshifting protein OS=Homo sapiens OX=9606 GN=SHFL PE=1 SV=2",-1.01464135948811,6.03642224922611,-0.507833370635782,0.613790023878949,0.757911018591352,-5.67956126879794
4231,"Q9H0S4|DDX47_HUMAN","Probable ATP-dependent RNA helicase DDX47 OS=Homo sapiens OX=9606 GN=DDX47 PE=1 SV=1",-0.730587374060406,5.16135721328204,-0.37754078311785,0.707360192103785,0.821850646719989,-5.73285917267162
4232,"Q9H490|PIGU_HUMAN","Phosphatidylinositol glycan anchor biosynthesis class U protein OS=Homo sapiens OX=9606 GN=PIGU PE=1 SV=3",-1.00502910067801,5.41516821051725,-0.494203864549765,0.623313721269026,0.764500973514383,-5.68586431869671
4235,"Q86UV5|UBP48_HUMAN","Ubiquitin carboxyl-terminal hydrolase 48 OS=Homo sapiens OX=9606 GN=USP48 PE=1 SV=1",1.62276291957553,12.5388658334351,0.443662274845969,0.666380012731753,0.795261489286688,-5.70172575434061
4236,"O15541|R113A_HUMAN","E3 ubiquitin-protein ligase RNF113A OS=Homo sapiens OX=9606 GN=RNF113A PE=1 SV=1",-1.94982405124133,8.92609213562392,-1.06661129793733,0.291240379602872,0.527753549596012,-5.27740275715523
4238,"O14732|IMPA2_HUMAN","Inositol monophosphatase 2 OS=Homo sapiens OX=9606 GN=IMPA2 PE=1 SV=1",-0.863124929389279,5.05564909238418,-0.442505189442827,0.660020763427955,0.791179913187922,-5.70822895446371
4240,"Q9H9B1|EHMT1_HUMAN","Histone-lysine N-methyltransferase EHMT1 OS=Homo sapiens OX=9606 GN=EHMT1 PE=1 SV=4",1.41834703798273,3.49914270999511,0.825161102073833,0.413176567020736,0.621413538560967,-5.48525599253499
4241,"Q6P582|MZT2A_HUMAN","Mitotic-spindle organizing protein 2A OS=Homo sapiens OX=9606 GN=MZT2A PE=1 SV=2",-0.978820419867933,9.46060912399479,-0.579541249955845,0.564810879206381,0.725434656459477,-5.64361085511746
4241,"Q6NZ67|MZT2B_HUMAN","Mitotic-spindle organizing protein 2B OS=Homo sapiens OX=9606 GN=MZT2B PE=1 SV=1",-0.978820419867933,9.46060912399479,-0.579541249955845,0.564810879206381,0.725434656459477,-5.64361085511746
4243,"Q13610|PWP1_HUMAN","Periodic tryptophan protein 1 homolog OS=Homo sapiens OX=9606 GN=PWP1 PE=1 SV=1",-3.11849780782416,9.35890653186367,-1.76866018246647,0.083014318273261,0.375605864510613,-4.39458213117318
4245,"Q9Y4Z0|LSM4_HUMAN","U6 snRNA-associated Sm-like protein LSm4 OS=Homo sapiens OX=9606 GN=LSM4 PE=1 SV=1",-1.8190653672154,10.4396198498194,-1.24136198406985,0.220230112309877,0.476862311775177,-5.09554004278692
4248,"Q15269|PWP2_HUMAN","Periodic tryptophan protein 2 homolog OS=Homo sapiens OX=9606 GN=PWP2 PE=2 SV=2",-1.08991643995673,5.48043768741571,-0.532818313699438,0.596505653740053,0.744164959708206,-5.66756669563007
4249,"Q9BXY0|MAK16_HUMAN","Protein MAK16 homolog OS=Homo sapiens OX=9606 GN=MAK16 PE=1 SV=2",-1.88047685828318,6.16220221496181,-0.937536195281227,0.3529629253444,0.580691990810602,-5.3948693376196
4250,"Q96BP3|PPWD1_HUMAN","Peptidylprolyl isomerase domain and WD repeat-containing protein 1 OS=Homo sapiens OX=9606 GN=PPWD1 PE=1 SV=1",-2.11508010239681,8.3093389644169,-1.12863546906575,0.264406109239092,0.50615957398564,-5.21583339010591
4252,"Q6NUK4|REEP3_HUMAN","Receptor expression-enhancing protein 3 OS=Homo sapiens OX=9606 GN=REEP3 PE=1 SV=1",-4.34772926930262,7.4108294460296,-2.1952681852701,0.0327858312496324,0.336275309591754,-3.67241492656774
4254,"Q9BYC8|RM32_HUMAN","39S ribosomal protein L32, mitochondrial OS=Homo sapiens OX=9606 GN=MRPL32 PE=1 SV=1",-1.30059760721178,9.83358987904899,-0.80602189847233,0.424024657214765,0.627577835583832,-5.49953662369412
4255,"Q9NW13|RBM28_HUMAN","RNA-binding protein 28 OS=Homo sapiens OX=9606 GN=RBM28 PE=1 SV=3",-1.21036693301819,6.99456207835262,-0.573087884269166,0.569138531539696,0.728174620641625,-5.64703777204933
4256,"P52298|NCBP2_HUMAN","Nuclear cap-binding protein subunit 2 OS=Homo sapiens OX=9606 GN=NCBP2 PE=1 SV=1",-1.11615156576832,8.11524085058998,-0.559831794242796,0.578078950746677,0.733360170433644,-5.65395842900733
4259,"Q8TER5|ARH40_HUMAN","Rho guanine nucleotide exchange factor 40 OS=Homo sapiens OX=9606 GN=ARHGEF40 PE=1 SV=3",-0.777662181621599,5.92210446557716,-0.393373707236565,0.695705983154587,0.813798389312006,-5.72721351450643
4261,"Q9NXC5|MIO_HUMAN","GATOR complex protein MIOS OS=Homo sapiens OX=9606 GN=MIOS PE=1 SV=2",-3.74973057205935,8.00238604558323,-1.95081206992584,0.0566613899184883,0.366768875860716,-4.10228061840305
4262,"O15432|COPT2_HUMAN","Probable low affinity copper uptake protein 2 OS=Homo sapiens OX=9606 GN=SLC31A2 PE=1 SV=1",1.34330049019806,4.71595509941913,0.690618513000391,0.492980119649207,0.674608823049034,-5.57871494644791
4265,"Q9Y2X9|ZN281_HUMAN","Zinc finger protein 281 OS=Homo sapiens OX=9606 GN=ZNF281 PE=1 SV=1",-2.40302957637386,5.67647151407624,-1.20075113062861,0.235472047398367,0.485873725118869,-5.14011640202608
4269,"Q96ST2|IWS1_HUMAN","Protein IWS1 homolog OS=Homo sapiens OX=9606 GN=IWS1 PE=1 SV=2",-3.07166190345487,7.47154704351037,-1.49065442704908,0.142297178178366,0.419472878120819,-4.79191735210943
4270,"P62699|YPEL5_HUMAN","Protein yippee-like 5 OS=Homo sapiens OX=9606 GN=YPEL5 PE=1 SV=1",-0.722551138128575,8.86500972968468,-0.407032876258851,0.685710838451948,0.808241087473192,-5.72215790418712
4271,"Q9UNQ2|DIM1_HUMAN","Probable dimethyladenosine transferase OS=Homo sapiens OX=9606 GN=DIMT1 PE=1 SV=1",2.90703359145426,4.91003581438256,1.4640063463728,0.149414364033267,0.423261066143431,-4.8267973133883
4274,"O15116|LSM1_HUMAN","U6 snRNA-associated Sm-like protein LSm1 OS=Homo sapiens OX=9606 GN=LSM1 PE=1 SV=1",-4.36323379548711,6.92742911706824,-2.14166688753505,0.0370870322960343,0.34261629261681,-3.77023849333226
4275,"Q13588|GRAP_HUMAN","GRB2-related adapter protein OS=Homo sapiens OX=9606 GN=GRAP PE=1 SV=1",4.07012944041845,4.33868212414664,2.18763488055271,0.0333701924810357,0.338634890255269,-3.68646560688375
4278,"O60476|MA1A2_HUMAN","Mannosyl-oligosaccharide 1,2-alpha-mannosidase IB OS=Homo sapiens OX=9606 GN=MAN1A2 PE=1 SV=1",0.268212285233323,4.63611259493721,0.143345669625883,0.886589926518285,0.94075950074261,-5.78936568823951
4279,"O95139|NDUB6_HUMAN","NADH dehydrogenase [ubiquinone] 1 beta subcomplex subunit 6 OS=Homo sapiens OX=9606 GN=NDUFB6 PE=1 SV=3",-0.706576433300004,12.2815114662564,-0.854390988381739,0.396939504056238,0.609849204117461,-5.46281881419405
4281,"Q9BRT3|MIEN1_HUMAN","Migration and invasion enhancer 1 OS=Homo sapiens OX=9606 GN=MIEN1 PE=1 SV=1",-1.83394762899727,9.82820451707105,-1.13276404742309,0.262684309738315,0.505306530613186,-5.21161808988078
4282,"O60427|FADS1_HUMAN","Acyl-CoA (8-3)-desaturase OS=Homo sapiens OX=9606 GN=FADS1 PE=1 SV=3",-1.11613121350576,4.94939710772903,-0.57697108828601,0.566532485161438,0.726177410463378,-5.6449802147881
4283,"Q96B36|AKTS1_HUMAN","Proline-rich AKT1 substrate 1 OS=Homo sapiens OX=9606 GN=AKT1S1 PE=1 SV=1",1.15768598723904,6.75162229405581,0.581493576299524,0.563504860755926,0.724315749177646,-5.64256666403879
4285,"Q8WTV0|SCRB1_HUMAN","Scavenger receptor class B member 1 OS=Homo sapiens OX=9606 GN=SCARB1 PE=1 SV=1",0.175764190170453,10.6683572973169,0.135868919165425,0.892467227893413,0.943740817711007,-5.79033399226627
4291,"Q8N128|F177A_HUMAN","Protein FAM177A1 OS=Homo sapiens OX=9606 GN=FAM177A1 PE=1 SV=1",0.647404453831955,4.20102694114275,0.33653448092915,0.737867915976365,0.845486961190386,-5.74640908813076
4294,"P52758|RIDA_HUMAN","2-iminobutanoate/2-iminopropanoate deaminase OS=Homo sapiens OX=9606 GN=RIDA PE=1 SV=1",-1.10286577015698,9.26736529630651,-0.64396700437086,0.522522568612512,0.69610414568948,-5.60732888180801
4295,"Q9P032|NDUF4_HUMAN","NADH dehydrogenase [ubiquinone] 1 alpha subcomplex assembly factor 4 OS=Homo sapiens OX=9606 GN=NDUFAF4 PE=1 SV=1",-2.52132766046108,9.98323455091373,-1.59519923721913,0.116932559438808,0.397183386043333,-4.64959640010602
4300,"Q96EX1|SIM12_HUMAN","Small integral membrane protein 12 OS=Homo sapiens OX=9606 GN=SMIM12 PE=1 SV=3",-1.26704752236197,9.26037832081087,-0.628178282462508,0.533583266808022,0.704479204107211,-5.61572986142247
4303,"Q587I9|SFT2C_HUMAN","Vesicle transport protein SFT2C OS=Homo sapiens OX=9606 GN=SFT2D3 PE=2 SV=1",1.77006175370265,4.11133855085419,0.964592379514198,0.339363906311393,0.567406966026075,-5.37144831091068
4305,"Q9UBU9|NXF1_HUMAN","Nuclear RNA export factor 1 OS=Homo sapiens OX=9606 GN=NXF1 PE=1 SV=1",0.719446154870291,4.28609612425127,0.38542097264983,0.701550746763365,0.818223048581814,-5.73007807822909
4306,"Q9HCE6|ARGAL_HUMAN","Rho guanine nucleotide exchange factor 10-like protein OS=Homo sapiens OX=9606 GN=ARHGEF10L PE=1 SV=4",-0.258121756901597,4.61132711043989,-0.134783818400181,0.893320714464852,0.943842045671238,-5.79047021652133
4309,"Q9NZC3|GDE1_HUMAN","Glycerophosphodiester phosphodiesterase 1 OS=Homo sapiens OX=9606 GN=GDE1 PE=1 SV=1",0.347868402859008,4.90201137667789,0.175528174103558,0.861369370924504,0.927654432729867,-5.78460640676743
4314,"Q9GZP9|DERL2_HUMAN","Derlin-2 OS=Homo sapiens OX=9606 GN=DERL2 PE=1 SV=1",2.1710723557084,4.51692117047803,1.09483543372354,0.278803812196858,0.51581100478173,-5.2497949788644
4316,"P25815|S100P_HUMAN","Protein S100-P OS=Homo sapiens OX=9606 GN=S100P PE=1 SV=2",1.44262020752211,6.55498623157465,0.685559104808608,0.496138872510022,0.676867318308731,-5.58191296956934
4318,"Q9NRX1|PNO1_HUMAN","RNA-binding protein PNO1 OS=Homo sapiens OX=9606 GN=PNO1 PE=1 SV=1",2.74669506828565,3.67696493808025,1.58474991856687,0.119290981217815,0.400662094185313,-4.66421125697894
4320,"Q9BTC0|DIDO1_HUMAN","Death-inducer obliterator 1 OS=Homo sapiens OX=9606 GN=DIDO1 PE=1 SV=5",-2.6505510313971,5.89515348090511,-1.32302356991056,0.191810812966467,0.457965239928968,-5.00172190813894
4321,"Q8NBJ9|SIDT2_HUMAN","SID1 transmembrane family member 2 OS=Homo sapiens OX=9606 GN=SIDT2 PE=1 SV=2",-2.46484604070963,5.82849100938301,-1.20140075487168,0.235222324334641,0.485873725118869,-5.13941428975085
4322,"Q9H1I8|ASCC2_HUMAN","Activating signal cointegrator 1 complex subunit 2 OS=Homo sapiens OX=9606 GN=ASCC2 PE=1 SV=3",1.28571290495299,4.02287585076495,0.707272975809953,0.482661041712699,0.668890490565271,-5.56802512597527
4323,"O43447|PPIH_HUMAN","Peptidyl-prolyl cis-trans isomerase H OS=Homo sapiens OX=9606 GN=PPIH PE=1 SV=1",-3.83194692214055,9.82343047915462,-2.27517492084144,0.0271901098955654,0.321614610405292,-3.52297346763318
4324,"Q8N6R0|EFNMT_HUMAN","eEF1A lysine and N-terminal methyltransferase OS=Homo sapiens OX=9606 GN=EEF1AKNMT PE=1 SV=1",-0.7717790974739,4.59133150145596,-0.396683911980252,0.693278642117743,0.812106597825385,-5.7260040550653
4325,"Q9NYH9|UTP6_HUMAN","U3 small nucleolar RNA-associated protein 6 homolog OS=Homo sapiens OX=9606 GN=UTP6 PE=2 SV=2",-1.90479793522622,5.57181644918962,-0.947984160796321,0.34767000622063,0.57549456565423,-5.3859010507797
4328,"P62854|RS26_HUMAN","40S ribosomal protein S26 OS=Homo sapiens OX=9606 GN=RPS26 PE=1 SV=3",-2.31590918591404,9.75626026726978,-1.15297805933738,0.257751598296157,0.501168664675302,-5.18872609987273
4329,"Q16637|SMN_HUMAN","Survival motor neuron protein OS=Homo sapiens OX=9606 GN=SMN1 PE=1 SV=1",1.58225395996144,4.70603327902815,0.772404246960867,0.443489379626438,0.640976093305727,-5.52383092978316
4330,"Q8N442|GUF1_HUMAN","Translation factor GUF1, mitochondrial OS=Homo sapiens OX=9606 GN=GUF1 PE=1 SV=1",-2.58219435324343,5.2862101316051,-1.32244389423763,0.192002271197669,0.457965239928968,-5.002407433962
4335,"Q9H4I9|EMRE_HUMAN","Essential MCU regulator, mitochondrial OS=Homo sapiens OX=9606 GN=SMDT1 PE=1 SV=1",3.00799661341223,3.80761571064353,1.65096112983449,0.104977525616516,0.387142333108459,-4.5701577781328
4337,"Q9BV38|WDR18_HUMAN","WD repeat-containing protein 18 OS=Homo sapiens OX=9606 GN=WDR18 PE=1 SV=2",-1.380086107988,6.81265048634315,-0.647561959898437,0.520213150848403,0.695299714122933,-5.60519371352375
4338,"Q13670|PM2PB_HUMAN","Putative postmeiotic segregation increased 2-like protein 11 OS=Homo sapiens OX=9606 GN=PMS2P11 PE=5 SV=1",-3.67693735738196,8.04682808459543,-1.89338106760197,0.0640666638957937,0.370880539515032,-4.19708858886488
4341,"Q96G23|CERS2_HUMAN","Ceramide synthase 2 OS=Homo sapiens OX=9606 GN=CERS2 PE=1 SV=1",-1.35845650279712,6.85712168876396,-0.642365344421519,0.523553227661343,0.697261518719049,-5.60827640369348
4342,"Q8TDD1|DDX54_HUMAN","ATP-dependent RNA helicase DDX54 OS=Homo sapiens OX=9606 GN=DDX54 PE=1 SV=2",0.0870927034235995,4.78031679007571,0.0437215828649721,0.965299445545376,0.980174056256604,-5.79801139946944
4345,"Q04721|NOTC2_HUMAN","Neurogenic locus notch homolog protein 2 OS=Homo sapiens OX=9606 GN=NOTCH2 PE=1 SV=3",-1.10513658328917,5.30760983999429,-0.545929048422904,0.587528001253082,0.740123750043002,-5.66104500982035
4346,"P43378|PTN9_HUMAN","Tyrosine-protein phosphatase non-receptor type 9 OS=Homo sapiens OX=9606 GN=PTPN9 PE=1 SV=1",-0.886017901382884,4.91625273954294,-0.455668064054303,0.650589833775759,0.784956823383752,-5.70276684859223
4347,"Q86X10|RLGPB_HUMAN","Ral GTPase-activating protein subunit beta OS=Homo sapiens OX=9606 GN=RALGAPB PE=1 SV=1",1.16218521017841,4.1975095568529,0.611980783871844,0.543307061160834,0.711037226502495,-5.62581213062285
4349,"O60783|RT14_HUMAN","28S ribosomal protein S14, mitochondrial OS=Homo sapiens OX=9606 GN=MRPS14 PE=1 SV=1",1.26245716202587,5.74590125405191,0.594295696395684,0.554978163327892,0.718452344290121,-5.63563379945865
4351,"P51617|IRAK1_HUMAN","Interleukin-1 receptor-associated kinase 1 OS=Homo sapiens OX=9606 GN=IRAK1 PE=1 SV=2",0.181403367130855,4.69035042175169,0.0962487314326272,0.923705497219855,0.961257604584038,-5.79460016589868
4352,"O15382|BCAT2_HUMAN","Branched-chain-amino-acid aminotransferase, mitochondrial OS=Homo sapiens OX=9606 GN=BCAT2 PE=1 SV=2",-1.864591868176,8.62091279859462,-0.979388053022464,0.332075622928124,0.560214426830518,-5.35836990287426
4353,"O95376|ARI2_HUMAN","E3 ubiquitin-protein ligase ARIH2 OS=Homo sapiens OX=9606 GN=ARIH2 PE=1 SV=1",-1.73309689088313,6.22374516508533,-0.856487661778216,0.395790245992287,0.609849204117461,-5.46118028978306
4354,"Q13042|CDC16_HUMAN","Cell division cycle protein 16 homolog OS=Homo sapiens OX=9606 GN=CDC16 PE=1 SV=2",-1.11272696286923,5.54701522191859,-0.540918980205209,0.59095107000912,0.74195748395166,-5.6635556521228
4358,"Q15642|CIP4_HUMAN","Cdc42-interacting protein 4 OS=Homo sapiens OX=9606 GN=TRIP10 PE=1 SV=3",-0.749951834217363,4.5901167275965,-0.397822829295266,0.692444232746513,0.812106597825385,-5.72558559795557
4360,"Q6UWJ1|TMCO3_HUMAN","Transmembrane and coiled-coil domain-containing protein 3 OS=Homo sapiens OX=9606 GN=TMCO3 PE=1 SV=1",1.65119515760032,4.32042728379254,0.875890895579056,0.385253167881957,0.602500143089175,-5.44583245386492
4365,"Q9Y5B0|CTDP1_HUMAN","RNA polymerase II subunit A C-terminal domain phosphatase OS=Homo sapiens OX=9606 GN=CTDP1 PE=1 SV=3",-0.435596072609821,6.32825267705629,-0.210601387385488,0.834049188741207,0.913593554401927,-5.77832727918377
4372,"P61513|RL37A_HUMAN","60S ribosomal protein L37a OS=Homo sapiens OX=9606 GN=RPL37A PE=1 SV=2",-2.75323160753282,9.14394210423085,-1.55759003752733,0.125600839050194,0.407261051876768,-4.70179509237745
4373,"O15397|IPO8_HUMAN","Importin-8 OS=Homo sapiens OX=9606 GN=IPO8 PE=1 SV=2",-1.14326357813707,4.96324626173282,-0.594889188325531,0.554584455750296,0.718409715026612,-5.63530879311445
4374,"P46100|ATRX_HUMAN","Transcriptional regulator ATRX OS=Homo sapiens OX=9606 GN=ATRX PE=1 SV=5",8.27165316696906,8.40704417949324,4.51306569334664,3.86446257756513e-05,0.0237774861736757,2.00318406393996
4376,"Q5BJD5|TM41B_HUMAN","Transmembrane protein 41B OS=Homo sapiens OX=9606 GN=TMEM41B PE=1 SV=1",1.69608629131035,3.15166054959259,1.02220859519589,0.311573602924203,0.544251696552947,-5.31944497166168
4388,"Q9NPA8|ENY2_HUMAN","Transcription and mRNA export factor ENY2 OS=Homo sapiens OX=9606 GN=ENY2 PE=1 SV=1",0.531088329942571,10.4508000336183,0.396392111803769,0.693492486532219,0.812106597825385,-5.72611107553963
4389,"Q69YN4|VIR_HUMAN","Protein virilizer homolog OS=Homo sapiens OX=9606 GN=VIRMA PE=1 SV=2",0.590863516039611,5.96883934096622,0.2842690049252,0.777371258111105,0.874187469630425,-5.76143361939734
4390,"Q9NUQ2|PLCE_HUMAN","1-acyl-sn-glycerol-3-phosphate acyltransferase epsilon OS=Homo sapiens OX=9606 GN=AGPAT5 PE=1 SV=3",-3.34254037514312,6.50699738080898,-1.6240129349109,0.110624209054086,0.392573148240718,-4.60885191695858
4391,"P62861|RS30_HUMAN","40S ribosomal protein S30 OS=Homo sapiens OX=9606 GN=FAU PE=1 SV=1",-0.3096517914665,12.2457409458797,-0.371955085214104,0.711488768738173,0.82551877396414,-5.73479591060697
4392,"Q9BVT8|TMUB1_HUMAN","Transmembrane and ubiquitin-like domain-containing protein 1 OS=Homo sapiens OX=9606 GN=TMUB1 PE=1 SV=1",1.06423657198341,8.65549173819121,0.554616866483072,0.581614659713773,0.736335784652328,-5.65663721842219
4393,"Q8TEQ0|SNX29_HUMAN","Sorting nexin-29 OS=Homo sapiens OX=9606 GN=SNX29 PE=1 SV=3",-2.68478956884199,7.25019387540282,-1.23671020986372,0.221938126402106,0.476862311775177,-5.10071644270887
4394,"Q92581|SL9A6_HUMAN","Sodium/hydrogen exchanger 6 OS=Homo sapiens OX=9606 GN=SLC9A6 PE=1 SV=2",7.32804978209361,6.94326801031814,3.82575260504971,0.000361304090322394,0.0889841931813121,0.0888329498484781
4395,"Q96DC8|ECHD3_HUMAN","Enoyl-CoA hydratase domain-containing protein 3, mitochondrial OS=Homo sapiens OX=9606 GN=ECHDC3 PE=1 SV=2",-3.31328060100262,5.76652918981778,-1.68996280171188,0.097224659504154,0.386522542993734,-4.51315734117238
4398,"#CONTAM#LYSC_HUMAN|",">sp|LYSC_HUMAN|",-1.24406290108562,10.4943789819823,-0.850354239650613,0.399158015921112,0.611256512199516,-5.46596252609418
4398,"P61626|LYSC_HUMAN","Lysozyme C OS=Homo sapiens OX=9606 GN=LYZ PE=1 SV=1",-1.24406290108562,10.4943789819823,-0.850354239650613,0.399158015921112,0.611256512199516,-5.46596252609418
4405,"Q96S59|RANB9_HUMAN","Ran-binding protein 9 OS=Homo sapiens OX=9606 GN=RANBP9 PE=1 SV=1",0.336986387832905,7.19439982488623,0.142440835190406,0.887538457897139,0.941169624745846,-5.78940959792772
4406,"Q6P4R8|NFRKB_HUMAN","Nuclear factor related to kappa-B-binding protein OS=Homo sapiens OX=9606 GN=NFRKB PE=1 SV=2",-0.768988870590457,4.61486328976167,-0.409205241161017,0.684126354248471,0.806827001026332,-5.72133806495968
4413,"P16455|MGMT_HUMAN","Methylated-DNA--protein-cysteine methyltransferase OS=Homo sapiens OX=9606 GN=MGMT PE=1 SV=1",-1.67057511665097,6.45362418856432,-0.824258478529121,0.413684339824643,0.621681246205421,-5.48593679393751
4414,"P23921|RIR1_HUMAN","Ribonucleoside-diphosphate reductase large subunit OS=Homo sapiens OX=9606 GN=RRM1 PE=1 SV=1",-1.90367221798901,8.80510333564206,-1.04197089838389,0.302407657399305,0.537544275864138,-5.3009437738447
4415,"Q9NQH7|XPP3_HUMAN","Xaa-Pro aminopeptidase 3 OS=Homo sapiens OX=9606 GN=XPNPEP3 PE=1 SV=1",1.0348211899924,4.22469497160096,0.541277591430756,0.590705739515377,0.74195748395166,-5.66337670443791
4418,"Q69YW2|STUM_HUMAN","Protein stum homolog OS=Homo sapiens OX=9606 GN=STUM PE=1 SV=1",-4.3347402732875,7.53871457235962,-2.27101149586679,0.0274592466791774,0.321614610405292,-3.53086527949001
4421,"Q6P1Q9|MET2B_HUMAN","tRNA N(3)-methylcytidine methyltransferase METTL2B OS=Homo sapiens OX=9606 GN=METTL2B PE=1 SV=3",-2.41098643153362,5.67190951714066,-1.20471545807026,0.233951120252151,0.485615495628163,-5.13582621559505
4423,"Q9Y3D7|TIM16_HUMAN","Mitochondrial import inner membrane translocase subunit TIM16 OS=Homo sapiens OX=9606 GN=PAM16 PE=1 SV=2",-1.48792234451649,6.18092815217757,-0.750523392226829,0.456436283529957,0.652425059377509,-5.5391016127824
4425,"Q9Y375|CIA30_HUMAN","Complex I intermediate-associated protein 30, mitochondrial OS=Homo sapiens OX=9606 GN=NDUFAF1 PE=1 SV=2",-1.06289798085671,5.13067381516394,-0.55873871179514,0.578819194914708,0.733469422896235,-5.65452196936376
4426,"Q9Y237|PIN4_HUMAN","Peptidyl-prolyl cis-trans isomerase NIMA-interacting 4 OS=Homo sapiens OX=9606 GN=PIN4 PE=1 SV=1",0.0854898575971355,11.2937598722634,0.0804678675158535,0.93618447382346,0.966826665895156,-5.79589399924363
4430,"Q9BW83|IFT27_HUMAN","Intraflagellar transport protein 27 homolog OS=Homo sapiens OX=9606 GN=IFT27 PE=1 SV=1",0.0106429204494649,8.16222542299117,0.00528224730762857,0.995806290882859,0.997195464969187,-5.79888545907701
4431,"Q92504|S39A7_HUMAN","Zinc transporter SLC39A7 OS=Homo sapiens OX=9606 GN=SLC39A7 PE=1 SV=2",-0.957918558904248,5.6118024543987,-0.490806979151593,0.625697537265649,0.766025950256723,-5.68740882016133
4439,"Q9UHA3|RLP24_HUMAN","Probable ribosome biogenesis protein RLP24 OS=Homo sapiens OX=9606 GN=RSL24D1 PE=1 SV=1",-4.84378206468431,8.48255507096578,-2.5655589445584,0.0133275093024745,0.284166250325533,-2.94501354314048
4446,"Q9BPY3|F118B_HUMAN","Protein FAM118B OS=Homo sapiens OX=9606 GN=FAM118B PE=1 SV=1",-3.5412112515244,7.64414981876746,-1.81989128271694,0.0747288657697595,0.375605864510613,-4.31486490626508
4449,"Q6PJG2|MDEAS_HUMAN","Mitotic deacetylase-associated SANT domain protein OS=Homo sapiens OX=9606 GN=MIDEAS PE=1 SV=2",-2.19354836861948,5.65135693263965,-1.10994092395589,0.272302805442548,0.511245843750777,-5.23473822694022
4450,"Q9NXJ5|PGPI_HUMAN","Pyroglutamyl-peptidase 1 OS=Homo sapiens OX=9606 GN=PGPEP1 PE=1 SV=1",-2.12970134979369,8.58322905193238,-1.13507756521802,0.261722964195507,0.504358302814339,-5.20924961272164
4451,"Q9BQG2|NUD12_HUMAN","Peroxisomal NADH pyrophosphatase NUDT12 OS=Homo sapiens OX=9606 GN=NUDT12 PE=1 SV=1",0.976689548600074,3.45878453796135,0.572343383932842,0.569638844005446,0.728238201582504,-5.64743068868988
4452,"Q9NRG0|CHRC1_HUMAN","Chromatin accessibility complex protein 1 OS=Homo sapiens OX=9606 GN=CHRAC1 PE=1 SV=1",0.94584831896586,9.09284552170741,0.546752220166116,0.58696648417731,0.739849179792705,-5.66063031688404
4453,"Q9UQN3|CHM2B_HUMAN","Charged multivesicular body protein 2b OS=Homo sapiens OX=9606 GN=CHMP2B PE=1 SV=1",-0.983981186593713,10.7148216494495,-0.785402717645967,0.435901573028059,0.636318882669586,-5.51455683741738
4454,"Q13015|AF1Q_HUMAN","Protein AF1q OS=Homo sapiens OX=9606 GN=MLLT11 PE=1 SV=1",7.46251757933012,6.03487619360248,3.83177254702714,0.000354538066895466,0.0889841931813121,0.104972798790016
4456,"P25311|ZA2G_HUMAN","Zinc-alpha-2-glycoprotein OS=Homo sapiens OX=9606 GN=AZGP1 PE=1 SV=2",3.23494493979951,7.90846289411658,1.65276276094784,0.104608572820259,0.387142333108459,-4.56755069572642
4460,"Q9UK45|LSM7_HUMAN","U6 snRNA-associated Sm-like protein LSm7 OS=Homo sapiens OX=9606 GN=LSM7 PE=1 SV=1",1.7797016141571,4.61982082771732,0.882020206047645,0.381961631746299,0.600185606687819,-5.44091508552119
4461,"Q8N5B7|CERS5_HUMAN","Ceramide synthase 5 OS=Homo sapiens OX=9606 GN=CERS5 PE=1 SV=1",-2.68131784359053,6.00936912503245,-1.33562530847149,0.187684316214298,0.454713455596392,-4.9867503135249
4464,"Q9BPW8|NIPS1_HUMAN","Protein NipSnap homolog 1 OS=Homo sapiens OX=9606 GN=NIPSNAP1 PE=1 SV=1",1.66760132267963,4.22864011743133,0.87182238096738,0.387447854477965,0.603780731689771,-5.44907819045254
4469,"O94901|SUN1_HUMAN","SUN domain-containing protein 1 OS=Homo sapiens OX=9606 GN=SUN1 PE=1 SV=3",-0.249267581240163,5.54661252393178,-0.123594458820352,0.902128951717948,0.949992517126945,-5.79181127636608
4477,"P36954|RPB9_HUMAN","DNA-directed RNA polymerase II subunit RPB9 OS=Homo sapiens OX=9606 GN=POLR2I PE=1 SV=1",-0.947682106676302,8.99209897896682,-0.534078796371437,0.595639740138726,0.744164959708206,-5.66694649468892
4478,"Q9Y5J7|TIM9_HUMAN","Mitochondrial import inner membrane translocase subunit Tim9 OS=Homo sapiens OX=9606 GN=TIMM9 PE=1 SV=1",-2.03349731714455,7.72617374486234,-1.04163779382919,0.302560607961047,0.53759428155455,-5.30125842294245
4479,"Q5T653|RM02_HUMAN","39S ribosomal protein L2, mitochondrial OS=Homo sapiens OX=9606 GN=MRPL2 PE=1 SV=2",-0.648844797811205,5.37809147159195,-0.328791932615387,0.743678010398036,0.849273104898865,-5.74879372550316
4481,"P40337|VHL_HUMAN","von Hippel-Lindau disease tumor suppressor OS=Homo sapiens OX=9606 GN=VHL PE=1 SV=2",-0.840490949594292,7.39820004926141,-0.419999243934484,0.676274744931529,0.80109306856914,-5.71720023245365
4484,"Q7Z4R8|CF120_HUMAN","UPF0669 protein C6orf120 OS=Homo sapiens OX=9606 GN=C6orf120 PE=1 SV=1",0.165490124893312,4.50875905653012,0.0862113917538708,0.931640650737925,0.964938852545957,-5.79544983984415
4488,"Q9NX74|DUS2L_HUMAN","tRNA-dihydrouridine(20) synthase [NAD(P)+]-like OS=Homo sapiens OX=9606 GN=DUS2 PE=1 SV=1",-1.17320148989659,6.70526792974503,-0.593228498973187,0.555686469000226,0.718721207802995,-5.63621741130682
4490,"Q9NRP0|OSTC_HUMAN","Oligosaccharyltransferase complex subunit OSTC OS=Homo sapiens OX=9606 GN=OSTC PE=1 SV=1",-0.828291355046909,9.98862068103,-0.563316218150602,0.575722337512225,0.731671911379508,-5.65215477727005
4492,"Q9NV56|MRGBP_HUMAN","MRG/MORF4L-binding protein OS=Homo sapiens OX=9606 GN=MRGBP PE=1 SV=1",-0.587091312334945,4.96233546700361,-0.299612273259213,0.765707559783048,0.865364067170189,-5.75728422577046
4493,"Q9BSD7|NTPCR_HUMAN","Cancer-related nucleoside-triphosphatase OS=Homo sapiens OX=9606 GN=NTPCR PE=1 SV=1",-1.28097151100462,5.24871942729233,-0.633720140280996,0.529134859278602,0.700794538411112,-5.61335077116988
4494,"Q9Y4P8|WIPI2_HUMAN","WD repeat domain phosphoinositide-interacting protein 2 OS=Homo sapiens OX=9606 GN=WIPI2 PE=1 SV=1",1.18456208314065,7.32189920938742,0.594848213643603,0.55461163279858,0.718409715026612,-5.63533124181848
4497,"Q9NUD5|ZCHC3_HUMAN","Zinc finger CCHC domain-containing protein 3 OS=Homo sapiens OX=9606 GN=ZCCHC3 PE=1 SV=2",5.39020659082189,4.99872069934837,2.83606209565929,0.00656409125631344,0.224377309848746,-2.36067108705897
4498,"Q99622|C10_HUMAN","Protein C10 OS=Homo sapiens OX=9606 GN=C12orf57 PE=1 SV=1",0.0800166064204078,4.21731305292243,0.043684828880693,0.965328597191004,0.980174056256604,-5.79801289011373
4499,"Q9NV31|IMP3_HUMAN","U3 small nucleolar ribonucleoprotein protein IMP3 OS=Homo sapiens OX=9606 GN=IMP3 PE=1 SV=1",1.57387759651702,5.06595766430457,0.670667248776609,0.507409609657266,0.685727389015953,-5.58929189967958
4500,"O95905|ECD_HUMAN","Protein ecdysoneless homolog OS=Homo sapiens OX=9606 GN=ECD PE=1 SV=1",-0.391705776031489,7.41994810751186,-0.194699907759966,0.846412177665487,0.920537440036954,-5.7813152258993
4503,"Q9HBU6|EKI1_HUMAN","Ethanolamine kinase 1 OS=Homo sapiens OX=9606 GN=ETNK1 PE=1 SV=1",-0.50047494854418,6.08878737349034,-0.244613930298275,0.8077505381464,0.894569701156222,-5.77115082044678
4504,"Q9HD34|LYRM4_HUMAN","LYR motif-containing protein 4 OS=Homo sapiens OX=9606 GN=LYRM4 PE=1 SV=1",-3.87112851271372,8.21353474174731,-2.0299374855245,0.0476686308816095,0.354698763841406,-3.96775076753653
4505,"Q15722|LT4R1_HUMAN","Leukotriene B4 receptor 1 OS=Homo sapiens OX=9606 GN=LTB4R PE=1 SV=2",-0.349975588075003,8.32581875604541,-0.176187105433912,0.860854409259702,0.927607265275008,-5.78449893740064
4506,"Q9UHI6|DDX20_HUMAN","Probable ATP-dependent RNA helicase DDX20 OS=Homo sapiens OX=9606 GN=DDX20 PE=1 SV=2",0.028370692834268,4.70212347354865,0.0145341516981237,0.988461330663399,0.992609687845012,-5.79880038465085
4508,"Q96B01|R51A1_HUMAN","RAD51-associated protein 1 OS=Homo sapiens OX=9606 GN=RAD51AP1 PE=1 SV=1",1.84304550539744,4.01074726859829,1.03636842608018,0.304987177594145,0.539397364677836,-5.30622307525825
4510,"Q9BZI7|REN3B_HUMAN","Regulator of nonsense transcripts 3B OS=Homo sapiens OX=9606 GN=UPF3B PE=1 SV=1",-1.39572117569239,6.60490651019755,-0.661549364129761,0.511279402123662,0.688580483097752,-5.59677509244241
4519,"Q6ZT21|TMPPE_HUMAN","Transmembrane protein with metallophosphoesterase domain OS=Homo sapiens OX=9606 GN=TMPPE PE=1 SV=2",-2.84567033627273,8.30054122875594,-1.5347799329478,0.131104694463943,0.411764075527387,-4.73290803175516
4520,"Q7Z7N9|T179B_HUMAN","Transmembrane protein 179B OS=Homo sapiens OX=9606 GN=TMEM179B PE=1 SV=1",0.825533349097245,9.57598399267372,0.390717383350923,0.698895974935497,0.816421199904309,-5.72722477985861
4524,"Q7Z2H8|S36A1_HUMAN","Proton-coupled amino acid transporter 1 OS=Homo sapiens OX=9606 GN=SLC36A1 PE=1 SV=1",-0.141553522427126,6.08171995097803,-0.0691316318398182,0.945158950165009,0.971850380963775,-5.79668084630613
4527,"Q13425|SNTB2_HUMAN","Beta-2-syntrophin OS=Homo sapiens OX=9606 GN=SNTB2 PE=1 SV=1",-0.457607858733048,4.49226220693184,-0.238384866495545,0.812551132246315,0.898269437008439,-5.77254514669683
4530,"Q9Y4Y9|LSM5_HUMAN","U6 snRNA-associated Sm-like protein LSm5 OS=Homo sapiens OX=9606 GN=LSM5 PE=1 SV=3",-0.21474116874721,10.2866404345486,-0.138927017646945,0.890062572394817,0.942586550111748,-5.78994420433622
4531,"Q7Z333|SETX_HUMAN","Probable helicase senataxin OS=Homo sapiens OX=9606 GN=SETX PE=1 SV=4",1.6829955987035,3.14511520328917,1.0098862737231,0.317383383104572,0.546351011603274,-5.33080960096152
4533,"Q86WA8|LONP2_HUMAN","Lon protease homolog 2, peroxisomal OS=Homo sapiens OX=9606 GN=LONP2 PE=1 SV=1",-1.71088252290959,5.38813409357676,-0.845116229781681,0.402048147427473,0.612963317157567,-5.47002023870848
4535,"O95772|STR3N_HUMAN","STARD3 N-terminal-like protein OS=Homo sapiens OX=9606 GN=STARD3NL PE=1 SV=1",1.70442200848979,4.7866036455267,0.8204699155266,0.416001411620645,0.623065987298432,-5.48860701283058
4538,"Q9UNX4|WDR3_HUMAN","WD repeat-containing protein 3 OS=Homo sapiens OX=9606 GN=WDR3 PE=1 SV=1",-0.0350982057597129,4.39529585138556,-0.0193346559898875,0.984650632416497,0.990168170398751,-5.79872494002717
4540,"O14492|SH2B2_HUMAN","SH2B adapter protein 2 OS=Homo sapiens OX=9606 GN=SH2B2 PE=1 SV=2",-2.33783581595682,5.52681554264792,-1.18763157100902,0.240556777715467,0.488182548193727,-5.15421960952653
4542,"Q13503|MED21_HUMAN","Mediator of RNA polymerase II transcription subunit 21 OS=Homo sapiens OX=9606 GN=MED21 PE=1 SV=1",1.99363230375115,3.300433555813,1.18298463184192,0.242376761368329,0.488570616963882,-5.15918001516995
4545,"O94842|TOX4_HUMAN","TOX high mobility group box family member 4 OS=Homo sapiens OX=9606 GN=TOX4 PE=1 SV=1",-2.43378532727154,7.22480008185631,-1.20092543498236,0.235405023828071,0.485873725118869,-5.13992804931806
4545,"O94900|TOX_HUMAN","Thymocyte selection-associated high mobility group box protein TOX OS=Homo sapiens OX=9606 GN=TOX PE=1 SV=3",-2.43378532727154,7.22480008185631,-1.20092543498236,0.235405023828071,0.485873725118869,-5.13992804931806
4545,"O15405|TOX3_HUMAN","TOX high mobility group box family member 3 OS=Homo sapiens OX=9606 GN=TOX3 PE=1 SV=2",-2.43378532727154,7.22480008185631,-1.20092543498236,0.235405023828071,0.485873725118869,-5.13992804931806
4546,"O76080|ZFAN5_HUMAN","AN1-type zinc finger protein 5 OS=Homo sapiens OX=9606 GN=ZFAND5 PE=1 SV=1",1.45886077428282,6.15178517573127,0.719903876862353,0.474916243943216,0.663681221132552,-5.55975169165314
4547,"Q13595|TRA2A_HUMAN","Transformer-2 protein homolog alpha OS=Homo sapiens OX=9606 GN=TRA2A PE=1 SV=1",-4.93934939620362,7.87270039746873,-2.60048749419286,0.0121910127393503,0.284166250325533,-2.87196185343283
4550,"O95169|NDUB8_HUMAN","NADH dehydrogenase [ubiquinone] 1 beta subcomplex subunit 8, mitochondrial OS=Homo sapiens OX=9606 GN=NDUFB8 PE=1 SV=1",-1.80967327852406,11.4988537378502,-1.41396911721,0.166709194007462,0.438676892435621,-4.89141939508853
4553,"P25105|PTAFR_HUMAN","Platelet-activating factor receptor OS=Homo sapiens OX=9606 GN=PTAFR PE=1 SV=1",-0.0645687166976403,7.16492447580968,-0.0317918645771779,0.974763854337144,0.984593790016435,-5.79842940787386
4554,"P07996|TSP1_HUMAN","Thrombospondin-1 OS=Homo sapiens OX=9606 GN=THBS1 PE=1 SV=2",0.763144069281652,3.86603175498594,0.419724076475571,0.676474457948911,0.80109306856914,-5.71730704471865
4555,"P01034|CYTC_HUMAN","Cystatin-C OS=Homo sapiens OX=9606 GN=CST3 PE=1 SV=1",-0.224648276122846,10.6803106380146,-0.17767890132641,0.859688780777566,0.92706048543039,-5.78425414497474
4557,"Q9UL12|SARDH_HUMAN","Sarcosine dehydrogenase, mitochondrial OS=Homo sapiens OX=9606 GN=SARDH PE=1 SV=1",0.0167947414127099,4.91273259611134,0.00870634439365184,0.993087870281954,0.995862504611031,-5.79886323294673
4559,"Q8WWQ0|PHIP_HUMAN","PH-interacting protein OS=Homo sapiens OX=9606 GN=PHIP PE=1 SV=2",2.20023254997452,4.28378087861013,1.19511469898148,0.237646872718611,0.486707123537355,-5.14619326840797
4564,"Q8IYL3|CA174_HUMAN","UPF0688 protein C1orf174 OS=Homo sapiens OX=9606 GN=C1orf174 PE=1 SV=2",0.236072192732454,10.0121184845551,0.16095050784322,0.872777099094636,0.932445041036632,-5.78688110093694
4567,"Q9P0P8|MRES1_HUMAN","Mitochondrial transcription rescue factor 1 OS=Homo sapiens OX=9606 GN=MTRES1 PE=1 SV=1",-3.17024421268884,8.77021792461096,-1.74291448808903,0.0874594722110415,0.377971753709499,-4.43389417774921
4569,"P20292|AL5AP_HUMAN","Arachidonate 5-lipoxygenase-activating protein OS=Homo sapiens OX=9606 GN=ALOX5AP PE=1 SV=2",0.884819205720691,4.13213889790607,0.465509875297474,0.643575730751926,0.77976422388248,-5.69857920333351
4572,"O95260|ATE1_HUMAN","Arginyl-tRNA--protein transferase 1 OS=Homo sapiens OX=9606 GN=ATE1 PE=1 SV=2",-1.60292460675171,7.23301825811705,-0.803459634905202,0.425489863593966,0.627588108541716,-5.50142372396333
4574,"P51790|CLCN3_HUMAN","H(+)/Cl(-) exchange transporter 3 OS=Homo sapiens OX=9606 GN=CLCN3 PE=1 SV=2",-2.65913024539609,8.05228325429178,-1.33370370378942,0.188309157435298,0.455133300265898,-4.98904177960075
4581,"Q9NQW6|ANLN_HUMAN","Anillin OS=Homo sapiens OX=9606 GN=ANLN PE=1 SV=2",1.6194450159459,3.999814318607,0.90776512477843,0.368331115897484,0.589692616174991,-5.41989894401398
4583,"Q9H8H0|NOL11_HUMAN","Nucleolar protein 11 OS=Homo sapiens OX=9606 GN=NOL11 PE=1 SV=1",0.585346381957468,5.45982433262399,0.294918234304187,0.769270225410583,0.867706219175115,-5.75857673620941
4588,"P18146|EGR1_HUMAN","Early growth response protein 1 OS=Homo sapiens OX=9606 GN=EGR1 PE=1 SV=1",5.61713126815575,5.11218303801529,3.07622328999516,0.0033868592163634,0.180088921541693,-1.8080886805309
4594,"Q13571|LAPM5_HUMAN","Lysosomal-associated transmembrane protein 5 OS=Homo sapiens OX=9606 GN=LAPTM5 PE=1 SV=1",-2.06954448638206,11.3963333502476,-1.57212509707126,0.125379250562573,0.407261051876768,-4.68525039543566
4601,"Q9Y221|NIP7_HUMAN","60S ribosome subunit biogenesis protein NIP7 homolog OS=Homo sapiens OX=9606 GN=NIP7 PE=1 SV=1",-2.27259805060339,7.35534294061607,-1.10065616112634,0.276285955497129,0.513236153042642,-5.24401620845364
4602,"Q6P1X6|CH082_HUMAN","UPF0598 protein C8orf82 OS=Homo sapiens OX=9606 GN=C8orf82 PE=1 SV=2",-0.243559517512476,4.53266408192365,-0.127129433926488,0.899344832294119,0.948219875811694,-5.79140014705259
4608,"Q9Y584|TIM22_HUMAN","Mitochondrial import inner membrane translocase subunit Tim22 OS=Homo sapiens OX=9606 GN=TIMM22 PE=1 SV=2",-2.37146105644389,5.74147738963677,-1.1921817510692,0.23878431911712,0.487715274924449,-5.14934477107877
4609,"Q96RD7|PANX1_HUMAN","Pannexin-1 OS=Homo sapiens OX=9606 GN=PANX1 PE=1 SV=4",-2.12915472563769,6.69959107803577,-1.05166367043068,0.297980253089242,0.533638648671669,-5.29174601917344
4610,"Q96EI5|TCAL4_HUMAN","Transcription elongation factor A protein-like 4 OS=Homo sapiens OX=9606 GN=TCEAL4 PE=1 SV=2",-1.33816138696026,5.76043995805027,-0.650913434039763,0.518065038466749,0.69481312346252,-5.60319264468052
4615,"Q6PML9|ZNT9_HUMAN","Zinc transporter 9 OS=Homo sapiens OX=9606 GN=SLC30A9 PE=1 SV=1",0.843477429259511,4.4164749652935,0.450846905181437,0.654037516113814,0.787074485024364,-5.70478586912234
4619,"Q8N5D0|WDTC1_HUMAN","WD and tetratricopeptide repeats protein 1 OS=Homo sapiens OX=9606 GN=WDTC1 PE=1 SV=2",1.28865262497738,4.1593613693379,0.724294935970646,0.472240358137367,0.662442567137249,-5.55684193705421
4622,"O75607|NPM3_HUMAN","Nucleoplasmin-3 OS=Homo sapiens OX=9606 GN=NPM3 PE=1 SV=3",0.433822264987814,4.54377834872756,0.226430674362332,0.821784151923189,0.905918695247805,-5.7751204993793
4630,"Q68E01|INT3_HUMAN","Integrator complex subunit 3 OS=Homo sapiens OX=9606 GN=INTS3 PE=1 SV=1",3.38359789718424,5.27905936861185,1.64210920287672,0.106805779491259,0.38869023294754,-4.58293043737053
4631,"P16035|TIMP2_HUMAN","Metalloproteinase inhibitor 2 OS=Homo sapiens OX=9606 GN=TIMP2 PE=1 SV=2",-1.72356189191049,9.07782306802746,-0.86605575376307,0.391112442834118,0.607808379582291,-5.45313129795247
4634,"Q9H3H3|CK068_HUMAN","UPF0696 protein C11orf68 OS=Homo sapiens OX=9606 GN=C11orf68 PE=1 SV=3",-0.379812022546677,9.123946452072,-0.206177999846196,0.837484159604462,0.916733572991338,-5.7791819461236
4637,"Q9NRF9|DPOE3_HUMAN","DNA polymerase epsilon subunit 3 OS=Homo sapiens OX=9606 GN=POLE3 PE=1 SV=1",-0.955987224379848,7.00239571170202,-0.397636175167226,0.69340941026529,0.812106597825385,-5.72501055200879
4638,"Q9Y5B6|PAXB1_HUMAN","PAX3- and PAX7-binding protein 1 OS=Homo sapiens OX=9606 GN=PAXBP1 PE=1 SV=2",-4.9958559288444,8.01111810336873,-2.38822050206269,0.0207246155493482,0.29753639723681,-3.3043508204634
4645,"Q15118|PDK1_HUMAN","[Pyruvate dehydrogenase (acetyl-transferring)] kinase isozyme 1, mitochondrial OS=Homo sapiens OX=9606 GN=PDK1 PE=1 SV=1",1.12514764519036,3.68636077264336,0.638088270110896,0.526310756078256,0.698988003480533,-5.6107953075429
4646,"Q9C0B5|ZDHC5_HUMAN","Palmitoyltransferase ZDHHC5 OS=Homo sapiens OX=9606 GN=ZDHHC5 PE=1 SV=2",-1.35862464469182,5.30280825914693,-0.667885149398433,0.507260058252958,0.685727389015953,-5.59290367641334
4648,"Q96A25|T106A_HUMAN","Transmembrane protein 106A OS=Homo sapiens OX=9606 GN=TMEM106A PE=1 SV=1",-2.16221033080547,7.58375844507144,-1.06353783431966,0.292617510332799,0.528286176558071,-5.28036769509912
4649,"Q8IUR0|TPPC5_HUMAN","Trafficking protein particle complex subunit 5 OS=Homo sapiens OX=9606 GN=TRAPPC5 PE=1 SV=1",2.09621347260132,3.35172414023808,1.23559260649093,0.222349934493008,0.477160522103331,-5.10195738051832
4650,"Q13541|4EBP1_HUMAN","Eukaryotic translation initiation factor 4E-binding protein 1 OS=Homo sapiens OX=9606 GN=EIF4EBP1 PE=1 SV=3",-0.69870479231591,11.3795667540397,-0.629387195115264,0.531944040312075,0.703433522144338,-5.61586860718287
4654,"Q8N5G0|SIM20_HUMAN","Small integral membrane protein 20 OS=Homo sapiens OX=9606 GN=SMIM20 PE=1 SV=3",-1.43832332719867,10.2042612869383,-0.948957509233238,0.347179570679513,0.57549456565423,-5.38506068359355
4655,"P20585|MSH3_HUMAN","DNA mismatch repair protein Msh3 OS=Homo sapiens OX=9606 GN=MSH3 PE=1 SV=4",6.06353658871757,5.3353856982962,3.26972106117479,0.00194621071783151,0.158937088200598,-1.3417910374423
4659,"Q53LP3|SWAHC_HUMAN","Ankyrin repeat domain-containing protein SOWAHC OS=Homo sapiens OX=9606 GN=SOWAHC PE=1 SV=1",0.436665301749206,6.84912242323499,0.213041366756972,0.832155819213822,0.912680191839555,-5.77784808880306
4666,"Q9NVA4|T184C_HUMAN","Transmembrane protein 184C OS=Homo sapiens OX=9606 GN=TMEM184C PE=1 SV=2",-2.28688035870475,10.5534363094439,-1.58929800787696,0.118259795404455,0.399486226515285,-4.6578606769326
4670,"Q9NPF5|DMAP1_HUMAN","DNA methyltransferase 1-associated protein 1 OS=Homo sapiens OX=9606 GN=DMAP1 PE=1 SV=1",-1.44073023753278,4.92280806398843,-0.75670671068123,0.452755585076056,0.648924560706347,-5.5348296462178
4671,"P14635|CCNB1_HUMAN","G2/mitotic-specific cyclin-B1 OS=Homo sapiens OX=9606 GN=CCNB1 PE=1 SV=1",4.62874648542222,4.61799064664853,2.53937191747753,0.0142419451749101,0.284531131458015,-2.9992994271793
4675,"Q69YN2|C19L1_HUMAN","CWF19-like protein 1 OS=Homo sapiens OX=9606 GN=CWF19L1 PE=1 SV=2",-0.549263919795577,5.52926161204102,-0.26861636393424,0.78932361410988,0.882788056601208,-5.76544272675711
4676,"P29323|EPHB2_HUMAN","Ephrin type-B receptor 2 OS=Homo sapiens OX=9606 GN=EPHB2 PE=1 SV=5",-0.905044633180416,4.8753769401225,-0.478038035228471,0.634694278683265,0.773084914674441,-5.69312030919743
4680,"Q07817|B2CL1_HUMAN","Bcl-2-like protein 1 OS=Homo sapiens OX=9606 GN=BCL2L1 PE=1 SV=1",-2.85701079986516,9.02084639569333,-1.58317276266503,0.119650259084429,0.400726023232222,-4.66640966117295
4683,"P20962|PTMS_HUMAN","Parathymosin OS=Homo sapiens OX=9606 GN=PTMS PE=1 SV=2",-0.837012972342956,13.2285082247899,-1.16701077955119,0.248708984441546,0.495037213642393,-5.17609176127045
4684,"Q9NVA1|UQCC1_HUMAN","Ubiquinol-cytochrome-c reductase complex assembly factor 1 OS=Homo sapiens OX=9606 GN=UQCC1 PE=1 SV=3",-0.676470018286264,7.03598944005672,-0.313148975882545,0.755462318381867,0.858516149147942,-5.75344303985325
4688,"Q5TC12|ATPF1_HUMAN","ATP synthase mitochondrial F1 complex assembly factor 1 OS=Homo sapiens OX=9606 GN=ATPAF1 PE=1 SV=1",-0.426985494648859,4.85192988051071,-0.212250032547499,0.832769767571854,0.912815942073341,-5.7780041034659
4692,"Q9HAF1|EAF6_HUMAN","Chromatin modification-related protein MEAF6 OS=Homo sapiens OX=9606 GN=MEAF6 PE=1 SV=1",-2.86193825603576,5.72940072455995,-1.47709354122672,0.145884803562727,0.421420367594079,-4.80973881333705
4694,"A9UHW6|MI4GD_HUMAN","MIF4G domain-containing protein OS=Homo sapiens OX=9606 GN=MIF4GD PE=1 SV=1",2.66714368002342,8.42058058907102,1.43582857604699,0.157241358069477,0.431087542460369,-4.86305573039409
4696,"Q9BSF4|TIM29_HUMAN","Mitochondrial import inner membrane translocase subunit Tim29 OS=Homo sapiens OX=9606 GN=TIMM29 PE=1 SV=2",-0.518295333096764,5.34133863244745,-0.262594892498993,0.7939354207216,0.88606595395161,-5.76692473481646
4699,"P17568|NDUB7_HUMAN","NADH dehydrogenase [ubiquinone] 1 beta subcomplex subunit 7 OS=Homo sapiens OX=9606 GN=NDUFB7 PE=1 SV=4",1.99090080254833,6.32100382397309,0.996148643014862,0.323946189799766,0.553226106053764,-5.34332405937433
4702,"#CONTAM#ANT3_HUMAN|",">sp|ANT3_HUMAN|",-2.1350934899975,5.77943131928179,-1.05367734856994,0.297066081248945,0.533438361428424,-5.28982499740414
4702,"P01008|ANT3_HUMAN","Antithrombin-III OS=Homo sapiens OX=9606 GN=SERPINC1 PE=1 SV=1",-2.1350934899975,5.77943131928179,-1.05367734856994,0.297066081248945,0.533438361428424,-5.28982499740414
4706,"O75976|CBPD_HUMAN","Carboxypeptidase D OS=Homo sapiens OX=9606 GN=CPD PE=1 SV=2",-0.934828693725677,6.22940693112925,-0.453737697773797,0.651969348528292,0.786123175843044,-5.703577808673
4713,"P62312|LSM6_HUMAN","U6 snRNA-associated Sm-like protein LSm6 OS=Homo sapiens OX=9606 GN=LSM6 PE=1 SV=1",-4.7816891474009,7.02439788110602,-2.43340534655516,0.0185525990309433,0.292736321841369,-3.21466102060243
4714,"P08637|FCG3A_HUMAN","Low affinity immunoglobulin gamma Fc region receptor III-A OS=Homo sapiens OX=9606 GN=FCGR3A PE=1 SV=2",2.47835880804503,9.56123973817173,1.49903395532306,0.140115428109247,0.417059468717294,-4.78083126101718
4716,"Q9Y2U5|M3K2_HUMAN","Mitogen-activated protein kinase kinase kinase 2 OS=Homo sapiens OX=9606 GN=MAP3K2 PE=1 SV=2",-0.0997487208252981,6.5414578121171,-0.0456922266148755,0.963736488479636,0.979196285888604,-5.79792963997862
4716,"Q99759|M3K3_HUMAN","Mitogen-activated protein kinase kinase kinase 3 OS=Homo sapiens OX=9606 GN=MAP3K3 PE=1 SV=2",-0.0997487208252981,6.5414578121171,-0.0456922266148755,0.963736488479636,0.979196285888604,-5.79792963997862
4719,"Q8IWS0|PHF6_HUMAN","PHD finger protein 6 OS=Homo sapiens OX=9606 GN=PHF6 PE=1 SV=1",7.02629548515231,5.81676514651357,3.66013920171248,0.000604529908043264,0.0997134966538136,-0.350081672458159
4720,"Q9H792|PEAK1_HUMAN","Inactive tyrosine-protein kinase PEAK1 OS=Homo sapiens OX=9606 GN=PEAK1 PE=1 SV=4",0.9280857931369,3.49578278085051,0.540405636797422,0.59130233873392,0.74195748395166,-5.66381160766889
4721,"Q9NXV2|KCTD5_HUMAN","BTB/POZ domain-containing protein KCTD5 OS=Homo sapiens OX=9606 GN=KCTD5 PE=1 SV=1",0.489852196172942,3.95688037009896,0.276552057338613,0.783257336147339,0.877827048344155,-5.76343843530775
4723,"O14734|ACOT8_HUMAN","Acyl-coenzyme A thioesterase 8 OS=Homo sapiens OX=9606 GN=ACOT8 PE=1 SV=1",2.16213100317074,3.38468290552279,1.26467913068138,0.211814862170244,0.471709726663518,-5.06931967499505
4730,"Q8IWT0|ARCH_HUMAN","Protein archease OS=Homo sapiens OX=9606 GN=ZBTB8OS PE=1 SV=2",-2.47500402008434,5.93360317836093,-1.225795656495,0.225984001174516,0.481599749163108,-5.11279052959331
4733,"Q99612|KLF6_HUMAN","Krueppel-like factor 6 OS=Homo sapiens OX=9606 GN=KLF6 PE=1 SV=3",4.16072424487745,4.38397952637614,2.3115790342302,0.0249349650478692,0.31600086074823,-3.45348124435476
4734,"P49914|MTHFS_HUMAN","5-formyltetrahydrofolate cyclo-ligase OS=Homo sapiens OX=9606 GN=MTHFS PE=1 SV=2",-1.80205562296033,5.60623340733862,-0.871774247059552,0.387473866354894,0.603780731689771,-5.44911650270945
4736,"Q9ULH7|MRTFB_HUMAN","Myocardin-related transcription factor B OS=Homo sapiens OX=9606 GN=MRTFB PE=1 SV=3",0.0358180155089256,7.19409699970145,0.0173531123284385,0.986223567084841,0.99151841816863,-5.79875867388763
4737,"Q6YHK3|CD109_HUMAN","CD109 antigen OS=Homo sapiens OX=9606 GN=CD109 PE=1 SV=2",-3.3457714678413,6.16982215914683,-1.6722367096872,0.100687845701479,0.387024448867313,-4.53920977048049
4744,"P25445|TNR6_HUMAN","Tumor necrosis factor receptor superfamily member 6 OS=Homo sapiens OX=9606 GN=FAS PE=1 SV=1",-1.97394292640896,6.51215322453275,-0.976016846556367,0.333727034014709,0.561250423858395,-5.361366633816
4745,"Q14118|DAG1_HUMAN","Dystroglycan OS=Homo sapiens OX=9606 GN=DAG1 PE=1 SV=2",-5.30159203758433,7.4192869751106,-2.7096767111715,0.00918511364742114,0.261211106020863,-2.63893670773021
4748,"Q9NX70|MED29_HUMAN","Mediator of RNA polymerase II transcription subunit 29 OS=Homo sapiens OX=9606 GN=MED29 PE=1 SV=1",1.6756944818106,4.76570756186374,0.886816849102608,0.379398189673143,0.599048746344749,-5.4370437564815
4751,"Q15399|TLR1_HUMAN","Toll-like receptor 1 OS=Homo sapiens OX=9606 GN=TLR1 PE=1 SV=3",-0.671442544949827,5.17748551892493,-0.345262827903353,0.731336530807014,0.841310480284672,-5.74365461332181
4753,"Q8IX05|CD302_HUMAN","CD302 antigen OS=Homo sapiens OX=9606 GN=CD302 PE=1 SV=1",-0.243807355389601,5.25464701640693,-0.119154241189259,0.90562778666415,0.951583039073553,-5.79231127264409
4754,"Q13017|RHG05_HUMAN","Rho GTPase-activating protein 5 OS=Homo sapiens OX=9606 GN=ARHGAP5 PE=1 SV=2",-4.99043277366358,7.01926944870032,-2.55051437493926,0.0138461033437108,0.284531131458015,-2.97625193959991
4763,"Q9UEE9|CFDP1_HUMAN","Craniofacial development protein 1 OS=Homo sapiens OX=9606 GN=CFDP1 PE=1 SV=1",-0.11050358290894,10.4472554692919,-0.0832425890252088,0.933989056338949,0.965600303805054,-5.79568324466189
4768,"A0A0B4J2F0|PIOS1_HUMAN","Protein PIGBOS1 OS=Homo sapiens OX=9606 GN=PIGBOS1 PE=1 SV=1",0.185093674643062,11.1336321962853,0.1624185797701,0.871626984976811,0.931922875180849,-5.78666093804061
4774,"P09486|SPRC_HUMAN","SPARC OS=Homo sapiens OX=9606 GN=SPARC PE=1 SV=1",1.28563606451249,3.94364131765625,0.69390460343581,0.490934466770531,0.673402333923742,-5.57662548959823
4777,"Q96MK3|FA20A_HUMAN","Pseudokinase FAM20A OS=Homo sapiens OX=9606 GN=FAM20A PE=1 SV=4",-3.6416956445755,6.66726605201892,-1.78060930682741,0.0810161907490615,0.375605864510613,-4.37616581259972
4782,"Q8N7R7|CCYL1_HUMAN","Cyclin-Y-like protein 1 OS=Homo sapiens OX=9606 GN=CCNYL1 PE=1 SV=2",-3.02163350723783,7.84631679804151,-1.54805026464729,0.127879715116954,0.409500321939568,-4.71485761476048
4783,"P19484|TFEB_HUMAN","Transcription factor EB OS=Homo sapiens OX=9606 GN=TFEB PE=1 SV=3",1.56694230718854,3.08708855753169,0.956615403724877,0.343336858532692,0.571608755199191,-5.37842010945875
4784,"Q8N697|S15A4_HUMAN","Solute carrier family 15 member 4 OS=Homo sapiens OX=9606 GN=SLC15A4 PE=1 SV=1",-1.308522828613,6.84249279657897,-0.616818719925966,0.540136371736053,0.709691077811831,-5.62307594937802
4788,"Q15003|CND2_HUMAN","Condensin complex subunit 2 OS=Homo sapiens OX=9606 GN=NCAPH PE=1 SV=3",-0.858258270270166,7.55188932029041,-0.427417654943038,0.670899438278231,0.798047655065799,-5.71429443540341
4798,"Q8TAF3|WDR48_HUMAN","WD repeat-containing protein 48 OS=Homo sapiens OX=9606 GN=WDR48 PE=1 SV=1",1.94970543540439,3.27847012163961,1.15176125483125,0.254864446458217,0.499863921172832,-5.19203442226691
4799,"Q96EL3|RM53_HUMAN","39S ribosomal protein L53, mitochondrial OS=Homo sapiens OX=9606 GN=MRPL53 PE=1 SV=1",-2.49059795203193,7.56259934360292,-1.23200080037841,0.223677238191397,0.47834054860494,-5.10593845551051
4800,"Q9NRW3|ABC3C_HUMAN","DNA dC->dU-editing enzyme APOBEC-3C OS=Homo sapiens OX=9606 GN=APOBEC3C PE=1 SV=2",-1.34136384148041,6.86820957031534,-0.633956751005515,0.528981681442546,0.700794538411112,-5.61321278993695
4801,"P27449|VATL_HUMAN","V-type proton ATPase 16 kDa proteolipid subunit OS=Homo sapiens OX=9606 GN=ATP6V0C PE=1 SV=1",-0.564065365548272,11.084783785086,-0.415305907145853,0.679991905099359,0.803335155794226,-5.7187664959207
4805,"Q01167|FOXK2_HUMAN","Forkhead box protein K2 OS=Homo sapiens OX=9606 GN=FOXK2 PE=1 SV=3",-0.258774749250706,4.14232817080905,-0.142694021363282,0.887101921619626,0.941070930151657,-5.78945214348412
4807,"Q9NRA8|4ET_HUMAN","Eukaryotic translation initiation factor 4E transporter OS=Homo sapiens OX=9606 GN=EIF4ENIF1 PE=1 SV=2",-2.50719465692538,5.97197282987953,-1.2198914192183,0.228195094324767,0.483785108757567,-5.11928023437717
4813,"Q6UWF3|SCIMP_HUMAN","SLP adapter and CSK-interacting membrane protein OS=Homo sapiens OX=9606 GN=SCIMP PE=1 SV=1",1.80566315660817,4.09313737876965,0.966187381020803,0.338573169866109,0.566965257625711,-5.37004762458315
4819,"P19256|LFA3_HUMAN","Lymphocyte function-associated antigen 3 OS=Homo sapiens OX=9606 GN=CD58 PE=1 SV=1",-0.537575679272052,11.8113254956865,-0.573367051678814,0.568950983687738,0.728174620641625,-5.6468903091703
4820,"Q08722|CD47_HUMAN","Leukocyte surface antigen CD47 OS=Homo sapiens OX=9606 GN=CD47 PE=1 SV=1",-1.57412845729371,5.75256622735471,-0.739055456589358,0.463308384792621,0.656620340013761,-5.54693407653634
4822,"Q8WUR7|CO040_HUMAN","UPF0235 protein C15orf40 OS=Homo sapiens OX=9606 GN=C15orf40 PE=1 SV=2",-3.4439013497074,8.68783017245605,-1.88750425863831,0.0648689210085508,0.37142069218209,-4.20665391679035
4827,"Q9Y279|VSIG4_HUMAN","V-set and immunoglobulin domain-containing protein 4 OS=Homo sapiens OX=9606 GN=VSIG4 PE=1 SV=1",-1.08482705571999,5.5288229423253,-0.540436630872542,0.591281127419173,0.74195748395166,-5.66379616067739
4830,"Q96EY4|TMA16_HUMAN","Translation machinery-associated protein 16 OS=Homo sapiens OX=9606 GN=TMA16 PE=1 SV=2",1.54909788649005,6.41939065724054,0.746019708932905,0.459128030398977,0.653581581608344,-5.54219161322486
4837,"Q8WV93|AFG1L_HUMAN","AFG1-like ATPase OS=Homo sapiens OX=9606 GN=AFG1L PE=1 SV=2",-0.557692734045089,3.93223930443354,-0.310871477606652,0.757183001108541,0.85933786186416,-5.75410113053023
4840,"Q96NB3|ZN830_HUMAN","Zinc finger protein 830 OS=Homo sapiens OX=9606 GN=ZNF830 PE=1 SV=2",-2.49355675419256,6.17345451908624,-1.18304330650602,0.242353719294006,0.488570616963882,-5.15911749655636
4842,"Q13542|4EBP2_HUMAN","Eukaryotic translation initiation factor 4E-binding protein 2 OS=Homo sapiens OX=9606 GN=EIF4EBP2 PE=1 SV=1",3.1877197332341,6.19476578495089,1.56056627715662,0.12489657797693,0.406908650201837,-4.69770504525671
4843,"Q9GZU1|MCLN1_HUMAN","Mucolipin-1 OS=Homo sapiens OX=9606 GN=MCOLN1 PE=1 SV=1",2.41000019595493,3.50861750191488,1.38702901489512,0.171548989190823,0.441624863794215,-4.92432312303349
4846,"P06493|CDK1_HUMAN","Cyclin-dependent kinase 1 OS=Homo sapiens OX=9606 GN=CDK1 PE=1 SV=3",2.82178479309181,6.19979401877927,1.35528952906497,0.18138050999588,0.449485533114072,-4.96312597957074
4848,"Q969Z0|FAKD4_HUMAN","FAST kinase domain-containing protein 4 OS=Homo sapiens OX=9606 GN=TBRG4 PE=1 SV=1",1.2388899104001,4.01626607907654,0.671015323638769,0.50528064108319,0.683834338034699,-5.59097765826929
4850,"Q9BU89|DOHH_HUMAN","Deoxyhypusine hydroxylase OS=Homo sapiens OX=9606 GN=DOHH PE=1 SV=1",-1.31598045956252,7.72278487633921,-0.661121377505515,0.511551528016327,0.688708452989729,-5.59703530386018
4854,"Q9NRP2|COXM2_HUMAN","COX assembly mitochondrial protein 2 homolog OS=Homo sapiens OX=9606 GN=CMC2 PE=1 SV=1",-0.775284310141252,8.86019797241708,-0.413764335726362,0.680805692774686,0.804011548884171,-5.71960340039898
4855,"O14735|CDIPT_HUMAN","CDP-diacylglycerol--inositol 3-phosphatidyltransferase OS=Homo sapiens OX=9606 GN=CDIPT PE=1 SV=1",-1.7863030424497,9.45397623565565,-1.0710728125153,0.289249301088991,0.525652632822904,-5.27308429390751
4866,"Q8IVS2|FABD_HUMAN","Malonyl-CoA-acyl carrier protein transacylase, mitochondrial OS=Homo sapiens OX=9606 GN=MCAT PE=1 SV=2",-2.26647062863808,6.00001342746258,-1.09941603814552,0.276821049071418,0.513687315101507,-5.24524982962625
4867,"Q8NC44|RETR2_HUMAN","Reticulophagy regulator 2 OS=Homo sapiens OX=9606 GN=RETREG2 PE=1 SV=3",-3.423224343643,6.83024056063233,-1.66610801865158,0.10190853114412,0.387024448867313,-4.54816071640044
4870,"Q9ULX6|AKP8L_HUMAN","A-kinase anchor protein 8-like OS=Homo sapiens OX=9606 GN=AKAP8L PE=1 SV=4",-1.18380554085349,8.08362779115338,-0.592416619085706,0.556225623113087,0.719202569423016,-5.63666070728581
4871,"Q9NYL4|FKB11_HUMAN","Peptidyl-prolyl cis-trans isomerase FKBP11 OS=Homo sapiens OX=9606 GN=FKBP11 PE=1 SV=1",2.5400830691217,3.57365893849827,1.44736141944874,0.153999991204899,0.427369820953287,-4.84829329057917
4874,"O75896|TUSC2_HUMAN","Tumor suppressor candidate 2 OS=Homo sapiens OX=9606 GN=TUSC2 PE=1 SV=3",-0.917749919134422,5.60293184902515,-0.442608978009943,0.65994618038812,0.791179913187922,-5.70818650687161
4885,"Q9P2X0|DPM3_HUMAN","Dolichol-phosphate mannosyltransferase subunit 3 OS=Homo sapiens OX=9606 GN=DPM3 PE=1 SV=2",1.19992488583824,10.0223861444931,0.75907152689648,0.451352475446254,0.647991703915672,-5.5331867896897
4886,"Q5T280|CI114_HUMAN","Putative methyltransferase C9orf114 OS=Homo sapiens OX=9606 GN=SPOUT1 PE=1 SV=3",1.24515948722308,3.65019367575624,0.718669749893194,0.475669854424347,0.664069752028182,-5.56056637693216
4890,"Q9NYR9|KBRS2_HUMAN","NF-kappa-B inhibitor-interacting Ras-like protein 2 OS=Homo sapiens OX=9606 GN=NKIRAS2 PE=1 SV=1",-2.90308175473979,5.60423959119969,-1.46234911330439,0.149866061265088,0.423261066143431,-4.82894757527811
4891,"Q96EL2|RT24_HUMAN","28S ribosomal protein S24, mitochondrial OS=Homo sapiens OX=9606 GN=MRPS24 PE=1 SV=1",2.04285424021318,3.32504452404401,1.20833164096379,0.232570025031964,0.485557760931822,-5.13190121439382
4892,"Q12830|BPTF_HUMAN","Nucleosome-remodeling factor subunit BPTF OS=Homo sapiens OX=9606 GN=BPTF PE=1 SV=3",3.10997469294366,3.85860475040925,1.67974749177997,0.0992082750432248,0.386522542993734,-4.52820064385557
4897,"Q9BYN0|SRXN1_HUMAN","Sulfiredoxin-1 OS=Homo sapiens OX=9606 GN=SRXN1 PE=1 SV=2",-1.65843317598818,5.66163799917867,-0.787041163238407,0.434950637838583,0.635674379766127,-5.51337715129086
4903,"Q8N511|TM199_HUMAN","Transmembrane protein 199 OS=Homo sapiens OX=9606 GN=TMEM199 PE=1 SV=1",-4.98155723403583,7.39232725012885,-2.55955602200086,0.0135322757990069,0.284531131458015,-2.95749439635338
4905,"Q9H2K0|IF3M_HUMAN","Translation initiation factor IF-3, mitochondrial OS=Homo sapiens OX=9606 GN=MTIF3 PE=1 SV=4",1.5820684119035,3.09465160988917,0.966978542900315,0.338181396565907,0.566890215656691,-5.36935202355584
4910,"Q9BV20|MTNA_HUMAN","Methylthioribose-1-phosphate isomerase OS=Homo sapiens OX=9606 GN=MRI1 PE=1 SV=1",1.42862043515629,3.95297913860864,0.795358458624458,0.430142434079112,0.631863391397932,-5.50735177229172
4913,"Q03154|ACY1_HUMAN","Aminoacylase-1 OS=Homo sapiens OX=9606 GN=ACY1 PE=1 SV=1",5.03740484228603,5.86905098582027,2.59464347439759,0.0123747838081314,0.284166250325533,-2.88423539464171
4914,"Q8NAC3|I17RC_HUMAN","Interleukin-17 receptor C OS=Homo sapiens OX=9606 GN=IL17RC PE=1 SV=2",11.0375283007147,7.82238155429479,6.07361282823473,1.64807378750834e-07,0.000216831190422211,6.67025759078065
4915,"Q15054|DPOD3_HUMAN","DNA polymerase delta subunit 3 OS=Homo sapiens OX=9606 GN=POLD3 PE=1 SV=2",2.53224776514797,4.54434133843466,1.33196925800154,0.188874496991105,0.455874921005855,-4.99110744188036
4917,"Q8TDY2|RBCC1_HUMAN","RB1-inducible coiled-coil protein 1 OS=Homo sapiens OX=9606 GN=RB1CC1 PE=1 SV=3",3.35471251286861,5.08016670121528,1.67356041429135,0.100425778239129,0.387024448867313,-4.53727268279898
4920,"Q969Q5|RAB24_HUMAN","Ras-related protein Rab-24 OS=Homo sapiens OX=9606 GN=RAB24 PE=1 SV=1",-4.15545326958409,6.31790555991288,-2.08194063313748,0.0424553585779326,0.348410947264029,-3.8769076938686
4923,"Q15388|TOM20_HUMAN","Mitochondrial import receptor subunit TOM20 homolog OS=Homo sapiens OX=9606 GN=TOMM20 PE=1 SV=1",0.828598471644293,4.82825389731684,0.429903096554956,0.669102367263861,0.797185033417828,-5.71330959764958
4927,"Q9NPE3|NOP10_HUMAN","H/ACA ribonucleoprotein complex subunit 3 OS=Homo sapiens OX=9606 GN=NOP10 PE=1 SV=1",-1.2249439032987,5.24076574957678,-0.608376238104424,0.54567560032988,0.712510971129601,-5.62783696498169
4928,"Q96IY1|NSL1_HUMAN","Kinetochore-associated protein NSL1 homolog OS=Homo sapiens OX=9606 GN=NSL1 PE=1 SV=3",-1.71715745794208,6.99115012967203,-0.832013622911895,0.409334082050914,0.618813758645958,-5.48006390972572
4934,"Q16626|MEA1_HUMAN","Male-enhanced antigen 1 OS=Homo sapiens OX=9606 GN=MEA1 PE=1 SV=2",-3.00639403643439,9.16356107437419,-1.68110986136032,0.0989418219372651,0.386522542993734,-4.52619904244162
4935,"Q92982|NINJ1_HUMAN","Ninjurin-1 OS=Homo sapiens OX=9606 GN=NINJ1 PE=1 SV=2",-1.62983277539183,5.55395798495741,-0.78330149700756,0.437122903072034,0.636473408901708,-5.51606622001935
4939,"Q11201|SIA4A_HUMAN","CMP-N-acetylneuraminate-beta-galactosamide-alpha-2,3-sialyltransferase 1 OS=Homo sapiens OX=9606 GN=ST3GAL1 PE=2 SV=1",-0.240481148059856,4.25801731360238,-0.13016697044544,0.896953509181059,0.946161832976444,-5.79103761722872
4941,"Q96EK6|GNA1_HUMAN","Glucosamine 6-phosphate N-acetyltransferase OS=Homo sapiens OX=9606 GN=GNPNAT1 PE=1 SV=1",-0.924764806602176,7.96590556915105,-0.465354498127269,0.643686214058432,0.77976422388248,-5.69864600435784
4944,"Q14653|IRF3_HUMAN","Interferon regulatory factor 3 OS=Homo sapiens OX=9606 GN=IRF3 PE=1 SV=1",2.87840118362386,3.74281799574935,1.57402335721171,0.121751759073274,0.403709862405354,-4.67912433581676
4945,"P05452|TETN_HUMAN","Tetranectin OS=Homo sapiens OX=9606 GN=CLEC3B PE=1 SV=3",-1.68768389464151,6.49583152487464,-0.805384677844916,0.424388761626638,0.627577835583832,-5.50000648072673
4947,"P30260|CDC27_HUMAN","Cell division cycle protein 27 homolog OS=Homo sapiens OX=9606 GN=CDC27 PE=1 SV=2",-2.61955212498261,7.09485312096669,-1.28399172588977,0.205028023418469,0.467051180058524,-5.04725805626417
4951,"P60059|SC61G_HUMAN","Protein transport protein Sec61 subunit gamma OS=Homo sapiens OX=9606 GN=SEC61G PE=1 SV=1",-1.44495144790382,12.0369350362333,-1.624699177423,0.110477408076401,0.392573148240718,-4.60787359368748
4952,"P33076|C2TA_HUMAN","MHC class II transactivator OS=Homo sapiens OX=9606 GN=CIITA PE=1 SV=3",0.525679164217657,8.36101077785579,0.154308815534781,0.879676644085839,0.93688607964335,-5.78726382858923
4958,"P42766|RL35_HUMAN","60S ribosomal protein L35 OS=Homo sapiens OX=9606 GN=RPL35 PE=1 SV=2",-1.8202108836365,8.59275595596741,-0.931323669831169,0.356134940980158,0.581311975177357,-5.40015666794
4965,"Q6RFH5|WDR74_HUMAN","WD repeat-containing protein 74 OS=Homo sapiens OX=9606 GN=WDR74 PE=1 SV=1",1.26009820026337,6.30105937054529,0.618354009159242,0.53913216972105,0.70861497658355,-5.62220320920969
4967,"Q8N543|OGFD1_HUMAN","Prolyl 3-hydroxylase OGFOD1 OS=Homo sapiens OX=9606 GN=OGFOD1 PE=1 SV=1",2.47111230599074,3.53917355693279,1.41533275453892,0.163132941288964,0.435365136457156,-4.88902450390358
4974,"Q9BQC6|RT63_HUMAN","Ribosomal protein 63, mitochondrial OS=Homo sapiens OX=9606 GN=MRPL57 PE=1 SV=1",0.251303798125838,6.19995205708784,0.118332928752379,0.906275179369083,0.951670495220349,-5.79240175421699
4975,"P02745|C1QA_HUMAN","Complement C1q subcomponent subunit A OS=Homo sapiens OX=9606 GN=C1QA PE=1 SV=2",0.743261017930823,4.54841822580836,0.38578357400074,0.701283858004518,0.818223048581814,-5.72994873438183
4976,"Q8IWP9|CC28A_HUMAN","Coiled-coil domain-containing protein 28A OS=Homo sapiens OX=9606 GN=CCDC28A PE=1 SV=1",1.18378606548328,6.30131745469062,0.577816098340188,0.565966174721513,0.726129375789561,-5.64453066272883
4978,"Q9NQ92|COPRS_HUMAN","Coordinator of PRMT5 and differentiation stimulator OS=Homo sapiens OX=9606 GN=COPRS PE=1 SV=3",-0.718623634482422,7.33690643865808,-0.337082876913696,0.73745697330153,0.845486961190386,-5.74623809240073
4986,"P00846|ATP6_HUMAN","ATP synthase subunit a OS=Homo sapiens OX=9606 GN=MT-ATP6 PE=1 SV=1",-1.33219665180013,6.74830355708162,-0.627559291823435,0.533131455990381,0.704138969932711,-5.61692569312172
4992,"Q9HD33|RM47_HUMAN","39S ribosomal protein L47, mitochondrial OS=Homo sapiens OX=9606 GN=MRPL47 PE=1 SV=2",-2.35149236373505,8.98604848293983,-1.29195321706463,0.202278080166297,0.466326987205939,-5.03807271270518
4993,"Q9UM01|YLAT1_HUMAN","Y+L amino acid transporter 1 OS=Homo sapiens OX=9606 GN=SLC7A7 PE=1 SV=2",-2.72546814048735,6.5006727409844,-1.31746916206036,0.193651306214255,0.459230781081388,-5.00827911595277
4999,"Q02952|AKA12_HUMAN","A-kinase anchor protein 12 OS=Homo sapiens OX=9606 GN=AKAP12 PE=1 SV=4",4.89206783769102,4.74965132278293,2.47473432371973,0.0167478982562986,0.292499164066587,-3.13149587696023
5005,"Q9NR33|DPOE4_HUMAN","DNA polymerase epsilon subunit 4 OS=Homo sapiens OX=9606 GN=POLE4 PE=1 SV=2",-1.73457382066667,5.28680664616074,-0.903300420245652,0.370672324769561,0.591510078837532,-5.42358541833454
5008,"P49406|RM19_HUMAN","39S ribosomal protein L19, mitochondrial OS=Homo sapiens OX=9606 GN=MRPL19 PE=1 SV=2",-1.41451593376987,5.96843760724302,-0.674257443054738,0.503234859694854,0.682226169564286,-5.58897344927352
5012,"P01730|CD4_HUMAN","T-cell surface glycoprotein CD4 OS=Homo sapiens OX=9606 GN=CD4 PE=1 SV=1",4.00752647165155,4.30738063976319,2.15598706268253,0.0358919741104333,0.338634890255269,-3.74429636589396
5017,"P12074|CX6A1_HUMAN","Cytochrome c oxidase subunit 6A1, mitochondrial OS=Homo sapiens OX=9606 GN=COX6A1 PE=1 SV=4",2.82269812171333,3.71496646479409,1.57057639395387,0.122551150572865,0.404516019980971,-4.68389733815072
5021,"P53805|RCAN1_HUMAN","Calcipressin-1 OS=Homo sapiens OX=9606 GN=RCAN1 PE=1 SV=4",-2.3499124296645,5.59471067223438,-1.17360332351186,0.246081322722599,0.492345400602551,-5.16913837940133
5022,"P03891|NU2M_HUMAN","NADH-ubiquinone oxidoreductase chain 2 OS=Homo sapiens OX=9606 GN=MT-ND2 PE=1 SV=2",-3.72801316120161,6.16879907389467,-1.88151594553024,0.0656951648225113,0.371812187766828,-4.21637457387462
5026,"A8MWD9|RUXGL_HUMAN","Putative small nuclear ribonucleoprotein G-like protein 15 OS=Homo sapiens OX=9606 GN=SNRPGP15 PE=5 SV=2",-0.104964889483375,12.5263074897299,-0.135872673736065,0.892464274956035,0.943740817711007,-5.79033351902027
5026,"P62308|RUXG_HUMAN","Small nuclear ribonucleoprotein G OS=Homo sapiens OX=9606 GN=SNRPG PE=1 SV=1",-0.104964889483375,12.5263074897299,-0.135872673736065,0.892464274956035,0.943740817711007,-5.79033351902027
5029,"Q9Y5J6|T10B_HUMAN","Mitochondrial import inner membrane translocase subunit Tim10 B OS=Homo sapiens OX=9606 GN=TIMM10B PE=1 SV=1",2.42786435616937,6.33823874697188,1.17658437375113,0.244899736930908,0.491511261398611,-5.16598205170671
5033,"O14610|GBGT2_HUMAN","Guanine nucleotide-binding protein G(I)/G(S)/G(O) subunit gamma-T2 OS=Homo sapiens OX=9606 GN=GNGT2 PE=2 SV=1",-0.240323652561237,6.08274983377935,-0.114126821533707,0.909591604556946,0.952624290032613,-5.79285532514872
5037,"Q8N2U9|S66A2_HUMAN","Solute carrier family 66 member 2 OS=Homo sapiens OX=9606 GN=SLC66A2 PE=1 SV=1",-0.038753217557427,4.93015757360845,-0.0204659870377907,0.983752617375415,0.990168170398751,-5.79870404608714
5044,"Q9UBX3|DIC_HUMAN","Mitochondrial dicarboxylate carrier OS=Homo sapiens OX=9606 GN=SLC25A10 PE=1 SV=2",3.13684204588877,3.87203842688181,1.77892531225537,0.0812953301219363,0.375605864510613,-4.37876776678115
5047,"O43715|TRIA1_HUMAN","TP53-regulated inhibitor of apoptosis 1 OS=Homo sapiens OX=9606 GN=TRIAP1 PE=1 SV=1",1.53740006816175,4.55505719898549,0.758626449029139,0.451616358480906,0.648154500492257,-5.5334963707494
5048,"Q7Z3Q1|S46A3_HUMAN","Solute carrier family 46 member 3 OS=Homo sapiens OX=9606 GN=SLC46A3 PE=1 SV=1",0.0721958415009807,6.3517642572091,0.0336504891828309,0.973289044119427,0.983565441816606,-5.79837296816198
5050,"Q8IXU6|S35F2_HUMAN","Solute carrier family 35 member F2 OS=Homo sapiens OX=9606 GN=SLC35F2 PE=1 SV=1",2.5054498725539,3.55634234021437,1.43105445562007,0.158598638468979,0.432605659205759,-4.86913518518071
5052,"Q9Y287|ITM2B_HUMAN","Integral membrane protein 2B OS=Homo sapiens OX=9606 GN=ITM2B PE=1 SV=1",2.51574575145856,4.60881569872602,1.31910787429837,0.1931069232157,0.45893566311809,-5.00634720749463
5053,"Q9BRT6|LLPH_HUMAN","Protein LLP homolog OS=Homo sapiens OX=9606 GN=LLPH PE=1 SV=1",-0.149448251451458,6.2636714119082,-0.0694356992047831,0.944918132459842,0.971850380963775,-5.7966612970712
5054,"Q76L83|ASXL2_HUMAN","Putative Polycomb group protein ASXL2 OS=Homo sapiens OX=9606 GN=ASXL2 PE=1 SV=1",2.33280893366758,3.47002187077121,1.33687951484235,0.187277341438886,0.454663597208345,-4.98525305729111
5056,"P29622|KAIN_HUMAN","Kallistatin OS=Homo sapiens OX=9606 GN=SERPINA4 PE=1 SV=3",-3.7205339578908,6.38105118040276,-1.8427679505233,0.0712601503729355,0.374885133083069,-4.2786322434407
5060,"Q6UX04|CWC27_HUMAN","Spliceosome-associated protein CWC27 homolog OS=Homo sapiens OX=9606 GN=CWC27 PE=1 SV=1",-0.646022872821022,4.83259831313474,-0.334696457083454,0.739245808554247,0.846790345064665,-5.74698018314074
5064,"Q8TE02|ELP5_HUMAN","Elongator complex protein 5 OS=Homo sapiens OX=9606 GN=ELP5 PE=1 SV=2",-0.243276072502854,7.76102708495456,-0.121263676416851,0.903965338919548,0.951228613419617,-5.79207601631709
5073,"Q96GX2|A7L3B_HUMAN","Ataxin-7-like protein 3B OS=Homo sapiens OX=9606 GN=ATXN7L3B PE=1 SV=2",-0.191399515269542,4.53680568641829,-0.0991816460832241,0.921388281305301,0.960178884002403,-5.79433424902394
5079,"Q9Y3C4|TPRKB_HUMAN","EKC/KEOPS complex subunit TPRKB OS=Homo sapiens OX=9606 GN=TPRKB PE=1 SV=1",-2.52052720975398,8.79863062298089,-1.32170825524128,0.192245450148961,0.457965239928968,-5.00327700159366
5095,"Q01638|ILRL1_HUMAN","Interleukin-1 receptor-like 1 OS=Homo sapiens OX=9606 GN=IL1RL1 PE=1 SV=4",-5.09479786811822,8.58120897132138,-2.42972194228604,0.0193630047707324,0.295105535928087,-3.23895146683085
5098,"Q96CB8|INT12_HUMAN","Integrator complex subunit 12 OS=Homo sapiens OX=9606 GN=INTS12 PE=1 SV=1",-0.106177466817861,5.57572743946909,-0.0525656861956696,0.958286173253687,0.976884863480149,-5.79761626496194
5107,"Q96MU7|YTDC1_HUMAN","YTH domain-containing protein 1 OS=Homo sapiens OX=9606 GN=YTHDC1 PE=1 SV=3",2.35928606536293,3.48326043661889,1.36043232076171,0.179758871524467,0.447785690951924,-4.95689491088869
5109,"P22466|GALA_HUMAN","Galanin peptides OS=Homo sapiens OX=9606 GN=GAL PE=1 SV=3",2.04874826149157,3.3279915346832,1.20176744838371,0.235081448402474,0.485873725118869,-5.1390178108511
5113,"Q969E4|TCAL3_HUMAN","Transcription elongation factor A protein-like 3 OS=Homo sapiens OX=9606 GN=TCEAL3 PE=1 SV=1",0.147257474701521,4.73510563380557,0.0779189161692246,0.938201698220214,0.966980864432275,-5.79608131129802
5113,"Q6IPX3|TCAL6_HUMAN","Transcription elongation factor A protein-like 6 OS=Homo sapiens OX=9606 GN=TCEAL6 PE=2 SV=1",0.147257474701521,4.73510563380557,0.0779189161692246,0.938201698220214,0.966980864432275,-5.79608131129802
5113,"Q5H9L2|TCAL5_HUMAN","Transcription elongation factor A protein-like 5 OS=Homo sapiens OX=9606 GN=TCEAL5 PE=1 SV=1",0.147257474701521,4.73510563380557,0.0779189161692246,0.938201698220214,0.966980864432275,-5.79608131129802
5118,"Q9H9F9|ARP5_HUMAN","Actin-related protein 5 OS=Homo sapiens OX=9606 GN=ACTR5 PE=1 SV=2",0.656036549368507,3.63820508855307,0.374460473124007,0.709635865727771,0.823605948178256,-5.73393076201452
5122,"Q8IWA0|WDR75_HUMAN","WD repeat-containing protein 75 OS=Homo sapiens OX=9606 GN=WDR75 PE=1 SV=1",2.19976636699023,5.9063036783056,1.06168716484655,0.293448911343067,0.529043307306232,-5.28214908756895
5123,"Q7L266|ASGL1_HUMAN","Isoaspartyl peptidase/L-asparaginase OS=Homo sapiens OX=9606 GN=ASRGL1 PE=1 SV=2",2.98619864686659,7.7215847073701,1.43743267645538,0.156787353697522,0.430665262994406,-4.861008885247
5125,"Q13889|TF2H3_HUMAN","General transcription factor IIH subunit 3 OS=Homo sapiens OX=9606 GN=GTF2H3 PE=1 SV=2",-1.31731588862043,5.36232375663478,-0.652855017737576,0.516822753931462,0.69366020604014,-5.60202874144262
5128,"O14730|RIOK3_HUMAN","Serine/threonine-protein kinase RIO3 OS=Homo sapiens OX=9606 GN=RIOK3 PE=1 SV=2",0.473807764969423,6.82174602226714,0.228699352007102,0.820029901795321,0.904216279322183,-5.77464190743097
5133,"P06400|RB_HUMAN","Retinoblastoma-associated protein OS=Homo sapiens OX=9606 GN=RB1 PE=1 SV=2",3.51558975584069,4.06141228185776,1.95180468043267,0.0565401336729293,0.366768875860716,-4.10062088593469
5138,"Q9UI14|PRAF1_HUMAN","Prenylated Rab acceptor protein 1 OS=Homo sapiens OX=9606 GN=RABAC1 PE=1 SV=1",-0.0987623261073978,8.24576583090179,-0.0463794813685027,0.963214349032816,0.979196285888604,-5.79789784850131
5143,"Q96T88|UHRF1_HUMAN","E3 ubiquitin-protein ligase UHRF1 OS=Homo sapiens OX=9606 GN=UHRF1 PE=1 SV=1",1.51657600880791,3.64417367950418,0.864922897366522,0.391187561690762,0.607808379582291,-5.45454896144045
5145,"Q9H6H4|REEP4_HUMAN","Receptor expression-enhancing protein 4 OS=Homo sapiens OX=9606 GN=REEP4 PE=1 SV=1",1.11021934336396,3.80580370631151,0.611590239160434,0.543563432366691,0.711156653463955,-5.62603208553812
5151,"Q96LB3|IFT74_HUMAN","Intraflagellar transport protein 74 homolog OS=Homo sapiens OX=9606 GN=IFT74 PE=1 SV=1",2.57926921376127,3.59325201081806,1.46569526001402,0.148955133544025,0.423261066143431,-4.82460366428529
5158,"Q96E16|SMI19_HUMAN","Small integral membrane protein 19 OS=Homo sapiens OX=9606 GN=SMIM19 PE=1 SV=2",3.61362808178761,4.11043144483122,1.99425380494295,0.0515587970988999,0.361051998927573,-4.02897643913295
5159,"P14621|ACYP2_HUMAN","Acylphosphatase-2 OS=Homo sapiens OX=9606 GN=ACYP2 PE=1 SV=2",-2.21607183147092,5.87013394111225,-1.10479467305776,0.274505511898005,0.512259635937915,-5.23988984817954
5161,"Q96NC0|ZMAT2_HUMAN","Zinc finger matrin-type protein 2 OS=Homo sapiens OX=9606 GN=ZMAT2 PE=1 SV=1",4.60057294102366,4.60390387444925,2.36032305795323,0.0221770792818638,0.305165113313059,-3.35907432606122
5162,"Q16581|C3AR_HUMAN","C3a anaphylatoxin chemotactic receptor OS=Homo sapiens OX=9606 GN=C3AR1 PE=1 SV=2",2.46833227623359,3.53778354205421,1.41359111539687,0.163641382469411,0.436140739044401,-4.89121544776895
5177,"O95149|SPN1_HUMAN","Snurportin-1 OS=Homo sapiens OX=9606 GN=SNUPN PE=1 SV=1",-1.34442209566424,4.74265809672858,-0.706230690130649,0.483303275281895,0.668890490565271,-5.56870143988954
5190,"Q5JVG2|ZN484_HUMAN","Zinc finger protein 484 OS=Homo sapiens OX=9606 GN=ZNF484 PE=1 SV=1",4.29083617673064,4.44903549230274,2.24142604209931,0.0294408503997547,0.326488217338006,-3.58661263707285
5193,"Q6P9B9|INT5_HUMAN","Integrator complex subunit 5 OS=Homo sapiens OX=9606 GN=INTS5 PE=1 SV=1",3.38496146953919,3.99609813870702,1.766939338013,0.0833054375257994,0.375605864510613,-4.39722544198471
5195,"Q96FH0|BORC8_HUMAN","BLOC-1-related complex subunit 8 OS=Homo sapiens OX=9606 GN=BORCS8 PE=1 SV=1",-0.101072338348789,4.55816838436729,-0.052212474185424,0.958566206293784,0.976939103290897,-5.7976334371122
5198,"Q9H5V9|CX056_HUMAN","UPF0428 protein CXorf56 OS=Homo sapiens OX=9606 GN=CXorf56 PE=1 SV=1",-1.71303343689493,5.67032640654561,-0.849114434632604,0.399840926577426,0.611546473994664,-5.46692515707521
5204,"Q4KMG0|CDON_HUMAN","Cell adhesion molecule-related/down-regulated by oncogenes OS=Homo sapiens OX=9606 GN=CDON PE=1 SV=2",7.77158913654395,6.18941197220939,3.73240029523314,0.000483546571591543,0.0889841931813121,-0.159805982835677
5218,"Q969E8|TSR2_HUMAN","Pre-rRNA-processing protein TSR2 homolog OS=Homo sapiens OX=9606 GN=TSR2 PE=1 SV=1",2.59750971790541,4.97465304324623,1.3219734622473,0.192157754241495,0.457965239928968,-5.00296356332971
5219,"O75324|SNN_HUMAN","Stannin OS=Homo sapiens OX=9606 GN=SNN PE=1 SV=1",0.971279858119252,3.99195901329247,0.526174053465125,0.60107978870791,0.747143044722935,-5.67081197211649
5226,"Q9BWE0|REPI1_HUMAN","Replication initiator 1 OS=Homo sapiens OX=9606 GN=REPIN1 PE=1 SV=1",1.24391197991908,3.89567468336876,0.685827151282645,0.495971243816725,0.676867318308731,-5.5817441168541
5233,"Q4ZIN3|MBRL_HUMAN","Membralin OS=Homo sapiens OX=9606 GN=TMEM259 PE=1 SV=1",2.15337574741663,4.33400371556711,1.16530063632679,0.249393904590769,0.495152235165204,-5.17788947857166
5236,"Q96G25|MED8_HUMAN","Mediator of RNA polymerase II transcription subunit 8 OS=Homo sapiens OX=9606 GN=MED8 PE=1 SV=2",1.23144962833002,6.44652896725985,0.589234759230707,0.558341166363809,0.720639917149813,-5.63839227622132
5241,"Q9NQS7|INCE_HUMAN","Inner centromere protein OS=Homo sapiens OX=9606 GN=INCENP PE=1 SV=3",1.26674250791907,2.93698865789696,0.782785692243278,0.437423023456088,0.636480054738302,-5.51643613932892
5255,"Q96A57|TM230_HUMAN","Transmembrane protein 230 OS=Homo sapiens OX=9606 GN=TMEM230 PE=1 SV=1",-0.761684152308518,4.45749075317944,-0.403386041036906,0.688373975495616,0.809877378585727,-5.72352445863642
5257,"Q5VWQ0|RSBN1_HUMAN","Lysine-specific demethylase 9 OS=Homo sapiens OX=9606 GN=RSBN1 PE=1 SV=2",1.71100315075948,3.15911897931716,1.02503414846728,0.3102516422422,0.543556944414283,-5.3168204554877
5264,"Q8WXG9|AGRV1_HUMAN","Adhesion G-protein coupled receptor V1 OS=Homo sapiens OX=9606 GN=ADGRV1 PE=1 SV=2",3.78789464999122,4.19756472893303,2.07095337289171,0.0435134729502296,0.351618251400823,-3.89625976310156
5268,"Q9Y3Q0|NALD2_HUMAN","N-acetylated-alpha-linked acidic dipeptidase 2 OS=Homo sapiens OX=9606 GN=NAALAD2 PE=1 SV=1",3.96447733424373,4.28585607105929,2.13986791812067,0.0372396017486244,0.34261629261681,-3.7734874925988
5269,"Q9BQ95|ECSIT_HUMAN","Evolutionarily conserved signaling intermediate in Toll pathway, mitochondrial OS=Homo sapiens OX=9606 GN=ECSIT PE=1 SV=1",1.08350712059369,3.79220989362563,0.615211539657669,0.541188627977617,0.709964104575279,-5.62398726989518
5277,"Q9NQS1|AVEN_HUMAN","Cell death regulator Aven OS=Homo sapiens OX=9606 GN=AVEN PE=1 SV=1",0.68019341292281,3.80428855064864,0.378828917132776,0.706409340090377,0.821054367827633,-5.73240846482283
5281,"Q92527|ANKR7_HUMAN","Ankyrin repeat domain-containing protein 7 OS=Homo sapiens OX=9606 GN=ANKRD7 PE=2 SV=3",0.170933171172484,10.1632910198868,0.0576713595134094,0.954949567194802,0.975444308545446,-5.79726063189463
5287,"Q9BUW7|CI016_HUMAN","UPF0184 protein C9orf16 OS=Homo sapiens OX=9606 GN=C9orf16 PE=1 SV=1",-1.47299167305999,5.81686328856705,-0.719524505646784,0.475147832268487,0.663789073493471,-5.56000227178835
5288,"Q01668|CAC1D_HUMAN","Voltage-dependent L-type calcium channel subunit alpha-1D OS=Homo sapiens OX=9606 GN=CACNA1D PE=1 SV=2",-0.871948356213098,14.6611718616211,-1.28557236249466,0.204479846800584,0.467051180058524,-5.04543864445454
5298,"Q14CZ8|HECAM_HUMAN","Hepatocyte cell adhesion molecule OS=Homo sapiens OX=9606 GN=HEPACAM PE=1 SV=1",4.81313288778819,4.71018384783152,2.47359068596334,0.016795622527347,0.292499164066587,-3.13381156757936
5308,"Q9P0P0|RN181_HUMAN","E3 ubiquitin-protein ligase RNF181 OS=Homo sapiens OX=9606 GN=RNF181 PE=1 SV=1",2.78171325957393,9.2671606770999,1.55651241343188,0.125856619467838,0.407261051876768,-4.70327426770222
5323,"Q96RL6|SIG11_HUMAN","Sialic acid-binding Ig-like lectin 11 OS=Homo sapiens OX=9606 GN=SIGLEC11 PE=1 SV=2",1.19294833614661,3.99919175169779,0.647646655728474,0.520158807237005,0.695299714122933,-5.60514326900356
5323,"O15389|SIGL5_HUMAN","Sialic acid-binding Ig-like lectin 5 OS=Homo sapiens OX=9606 GN=SIGLEC5 PE=1 SV=1",1.19294833614661,3.99919175169779,0.647646655728474,0.520158807237005,0.695299714122933,-5.60514326900356
5324,"O60729|CC14B_HUMAN","Dual specificity protein phosphatase CDC14B OS=Homo sapiens OX=9606 GN=CDC14B PE=1 SV=1",4.83236427185231,4.71979953986357,2.60392784033694,0.0120839956352076,0.284166250325533,-2.86472693620828
5329,"Q92622|RUBIC_HUMAN","Run domain Beclin-1-interacting and cysteine-rich domain-containing protein OS=Homo sapiens OX=9606 GN=RUBCN PE=1 SV=4",0.305032823394983,4.45044675401341,0.160808334878478,0.872888494722087,0.932445041036632,-5.78690231619183
5330,"O95409|ZIC2_HUMAN","Zinc finger protein ZIC 2 OS=Homo sapiens OX=9606 GN=ZIC2 PE=1 SV=2",6.95452561350363,5.78088021068923,3.45292997239864,0.00113356549402233,0.1351918445385,-0.884405557093674
5331,"Q93091|RNAS6_HUMAN","Ribonuclease K6 OS=Homo sapiens OX=9606 GN=RNASE6 PE=1 SV=2",2.1404773058511,10.2287967988708,0.948674959629036,0.355058985747821,0.581214391911143,-5.37833086453497
5344,"Q9Y5V0|ZN706_HUMAN","Zinc finger protein 706 OS=Homo sapiens OX=9606 GN=ZNF706 PE=1 SV=1",-4.36038306480643,9.44059896821752,-2.34040880042926,0.0232690028763783,0.311240979467582,-3.39783078754992
5348,"Q9Y388|RBMX2_HUMAN","RNA-binding motif protein, X-linked 2 OS=Homo sapiens OX=9606 GN=RBMX2 PE=1 SV=2",0.484897497773337,6.13347810038028,0.212351670618716,0.832915405699612,0.912815942073341,-5.77787977765436
5368,"Q3KR37|ASTRB_HUMAN","Protein Aster-B OS=Homo sapiens OX=9606 GN=GRAMD1B PE=1 SV=1",3.50279899615025,4.05501690201255,1.94647046042494,0.0571943792647502,0.366768875860716,-4.10953177795748
5369,"O60603|TLR2_HUMAN","Toll-like receptor 2 OS=Homo sapiens OX=9606 GN=TLR2 PE=1 SV=1",3.57010356468138,6.76515125409802,1.70829119485083,0.0937475505882616,0.385701893955712,-4.48596497904514
5400,"Q96B49|TOM6_HUMAN","Mitochondrial import receptor subunit TOM6 homolog OS=Homo sapiens OX=9606 GN=TOMM6 PE=1 SV=1",4.41405107319479,4.51064294053481,2.31538951031481,0.0247088353522818,0.31600086074823,-3.44615698480971
5405,"P55157|MTP_HUMAN","Microsomal triglyceride transfer protein large subunit OS=Homo sapiens OX=9606 GN=MTTP PE=1 SV=1",5.65026863127741,5.12875171957613,2.75838666968128,0.00807790775202673,0.243297543272581,-2.5327558037076
5407,"Q86W50|MET16_HUMAN","RNA N6-adenosine-methyltransferase METTL16 OS=Homo sapiens OX=9606 GN=METTL16 PE=1 SV=2",2.26542793968469,3.43633137377977,1.30555794197469,0.197643160353599,0.464106161503158,-5.02225452849579
5415,"O75356|ENTP5_HUMAN","Ectonucleoside triphosphate diphosphohydrolase 5 OS=Homo sapiens OX=9606 GN=ENTPD5 PE=1 SV=1",-0.383109009801622,4.5050534271285,-0.200937771470869,0.84155757391177,0.919013303965008,-5.78017100586474
