"Protein Group","Accession","Description","logFC","AveExpr","t","P.Value","adj.P.Val","B"
911,"Q86UL3|GPAT4_HUMAN","Glycerol-3-phosphate acyltransferase 4 OS=Homo sapiens GN=GPAT4 PE=1 SV=1",3.3840200394577,5.12460850772857,1.94156127591327,0.0726462060458408,0.267321294349265,-4.61703250309425
1028,"O75907|DGAT1_HUMAN","Diacylglycerol O-acyltransferase 1 OS=Homo sapiens GN=DGAT1 PE=1 SV=2",3.72137599335995,5.29328648467969,2.54841820366003,0.0232254928579967,0.199690280655636,-3.59132314010045
831,"Q3KQZ1|S2535_HUMAN","Solute carrier family 25 member 35 OS=Homo sapiens GN=SLC25A35 PE=2 SV=1",2.40922140058111,4.63720918829027,1.84237806756706,0.0867540850503059,0.285254481324324,-4.77103779529436
983,"Q9BZW5|TM6S1_HUMAN","Transmembrane 6 superfamily member 1 OS=Homo sapiens GN=TM6SF1 PE=1 SV=2",2.21976113837832,4.54247905718888,1.77819954606843,0.0971456783138951,0.298303550915567,-4.86812927250314
928,"Q9NZC3|GDE1_HUMAN","Glycerophosphodiester phosphodiesterase 1 OS=Homo sapiens GN=GDE1 PE=1 SV=1",2.30761838982714,4.58640768291329,1.82056584341002,0.0901688357901919,0.290204320691264,-4.80426933436239
1224,"P49069|CAMLG_HUMAN","Calcium signal-modulating cyclophilin ligand OS=Homo sapiens GN=CAMLG PE=1 SV=1",1.7163256941836,4.29076133509152,1.42223192755375,0.176912756495475,0.383822576004355,-5.3648050920747
1124,"Q2M2I8|AAK1_HUMAN","AP2-associated protein kinase 1 OS=Homo sapiens GN=AAK1 PE=1 SV=3",2.21170892401043,4.53845295000493,1.8081396953713,0.0921673881443754,0.291399071127831,-4.82309439711121
1035,"Q6NXT6|TAPT1_HUMAN","Transmembrane anterior posterior transformation protein 1 homolog OS=Homo sapiens GN=TAPT1 PE=1 SV=1",2.21119331616429,4.53819514608186,1.80839957320612,0.0921251898278447,0.291399071127831,-4.82270149264732
729,"Q7L1W4|LRC8D_HUMAN","Volume-regulated anion channel subunit LRRC8D OS=Homo sapiens GN=LRRC8D PE=1 SV=1",2.13822601457053,4.50171149528498,1.79247490586041,0.0947430026138189,0.295672685123463,-4.84671419120652
775,"Q8NG11|TSN14_HUMAN","Tetraspanin-14 OS=Homo sapiens GN=TSPAN14 PE=1 SV=1",2.96810137620395,4.91664917610169,2.35623659582182,0.0336053679773178,0.219297055032067,-3.92914760814216
1057,"Q96BI3|APH1A_HUMAN","Gamma-secretase subunit APH-1A OS=Homo sapiens GN=APH1A PE=1 SV=1",2.08749893819573,4.47634795709758,1.78265756908532,0.0963896086165992,0.298297646721565,-4.86145290883565
945,"Q96ES6|MFSD3_HUMAN","Major facilitator superfamily domain-containing protein 3 OS=Homo sapiens GN=MFSD3 PE=2 SV=1",2.05815182731896,4.4616744016592,1.77891773653466,0.0970235206161922,0.298303550915567,-4.8670544023678
1158,"Q9BUM1|G6PC3_HUMAN","Glucose-6-phosphatase 3 OS=Homo sapiens GN=G6PC3 PE=1 SV=2",2.02078560415178,4.44299129007561,1.76111411474975,0.100092234769081,0.300757029970096,-4.89362062936843
776,"Q9H0V9|LMA2L_HUMAN","VIP36-like protein OS=Homo sapiens GN=LMAN2L PE=1 SV=1",3.04781875620087,4.95650786610015,2.44983113929932,0.0280932639615033,0.211509141876418,-3.76585639531523
720,"Q9H2F3|3BHS7_HUMAN","3 beta-hydroxysteroid dehydrogenase type 7 OS=Homo sapiens GN=HSD3B7 PE=1 SV=2",3.66633109308261,5.26576403454102,3.09038347390288,0.00800460582699061,0.156019597785729,-2.59838957678707
1195,"Q8N6S5|AR6P6_HUMAN","ADP-ribosylation factor-like protein 6-interacting protein 6 OS=Homo sapiens GN=ARL6IP6 PE=1 SV=1",2.01820744088768,4.44170220844356,1.76888277487758,0.0987427799681736,0.300556790533263,-4.88204876158724
1243,"Q8N5M9|JAGN1_HUMAN","Protein jagunal homolog 1 OS=Homo sapiens GN=JAGN1 PE=1 SV=1",2.83549598608924,4.85034648104434,2.40103588528199,0.0308496718200439,0.215103924126844,-3.85129770820726
955,"Q9NRM0|GTR9_HUMAN","Solute carrier family 2, facilitated glucose transporter member 9 OS=Homo sapiens GN=SLC2A9 PE=1 SV=2",1.87807343505829,4.37163520552886,1.73634569418215,0.104504099421487,0.305536985413874,-4.93030159957667
766,"O95674|CDS2_HUMAN","Phosphatidate cytidylyltransferase 2 OS=Homo sapiens GN=CDS2 PE=1 SV=1",3.38902927342284,5.12711312471114,2.97985267632719,0.00996457347892742,0.169636669968539,-2.80431283180036
902,"Q9NPH3|IL1AP_HUMAN","Interleukin-1 receptor accessory protein OS=Homo sapiens GN=IL1RAP PE=1 SV=2",2.69205928154506,4.77862812877225,2.35378693434267,0.0337625961975685,0.219297055032067,-3.93338746793801
869,"P02751|FINC_HUMAN","Fibronectin OS=Homo sapiens GN=FN1 PE=1 SV=4",1.74283868168364,4.30401782884154,1.69432296510912,0.11238184342558,0.315293505166211,-4.99177918828166
1151,"Q9BX74|TM2D1_HUMAN","TM2 domain-containing protein 1 OS=Homo sapiens GN=TM2D1 PE=1 SV=1",2.09856275283358,4.48187986441651,2.08516644292289,0.0558948741852596,0.243950430045695,-4.38624738843568
992,"P03905|NU4M_HUMAN","NADH-ubiquinone oxidoreductase chain 4 OS=Homo sapiens GN=MT-ND4 PE=1 SV=1",1.70455093706032,4.28487395652988,1.67876359836849,0.115427920304744,0.319006018553658,-5.01429543769435
1076,"Q9GZM5|YIPF3_HUMAN","Protein YIPF3 OS=Homo sapiens GN=YIPF3 PE=1 SV=1",1.56685553898816,4.2160262574938,1.50520672756112,0.154553962988676,0.361048483024857,-5.25589769667871
199,"Q9BY15|AGRE3_HUMAN","Adhesion G protein-coupled receptor E3 OS=Homo sapiens GN=ADGRE3 PE=2 SV=2",1.67428459511713,4.26974078555828,1.57155002906353,0.138434352246921,0.342540234624341,-5.16567486300139
1204,"Q9NY35|CLDN1_HUMAN","Claudin domain-containing protein 1 OS=Homo sapiens GN=CLDND1 PE=1 SV=1",1.68008111315395,4.27263904457669,1.58302834028062,0.135796203350595,0.342540234624341,-5.14979146632403
1038,"O95477|ABCA1_HUMAN","ATP-binding cassette sub-family A member 1 OS=Homo sapiens GN=ABCA1 PE=1 SV=3",1.67976736673793,4.27248217136868,1.67081817429468,0.117011013014549,0.320985766565838,-5.02574118497143
1236,"Q969S0|S35B4_HUMAN","UDP-xylose and UDP-N-acetylglucosamine transporter OS=Homo sapiens GN=SLC35B4 PE=1 SV=1",1.43919067294872,4.15219382447408,1.44050152803822,0.171771803964102,0.377551911210363,-5.34121162781453
1214,"Q02127|PYRD_HUMAN","Dihydroorotate dehydrogenase (quinone), mitochondrial OS=Homo sapiens GN=DHODH PE=1 SV=3",1.61116818782252,4.23818258191098,1.566048176643,0.139714344816107,0.342690882110769,-5.17325996824049
1178,"O60637|TSN3_HUMAN","Tetraspanin-3 OS=Homo sapiens GN=TSPAN3 PE=2 SV=1",2.69844695128513,4.78182196364228,2.28537765518407,0.0384451576653147,0.22719452216045,-4.05104415577012
897,"Q8N697|S15A4_HUMAN","Solute carrier family 15 member 4 OS=Homo sapiens GN=SLC15A4 PE=2 SV=1",3.60079093397268,5.23299395498606,3.95716090248948,0.00143840355755859,0.0726393796567086,-0.966946612341752
1217,"Q96MH6|TMM68_HUMAN","Transmembrane protein 68 OS=Homo sapiens GN=TMEM68 PE=2 SV=2",2.22409163494142,4.54464430547043,2.24073936785939,0.0418237543651802,0.231618365759798,-4.12700691448498
826,"Q9BXP2|S12A9_HUMAN","Solute carrier family 12 member 9 OS=Homo sapiens GN=SLC12A9 PE=1 SV=1",4.84074265981543,5.85296981790743,5.56495487123633,7.03568148772085e-05,0.0144180777617838,1.91374910007389
1169,"Q9H2W1|M4A6A_HUMAN","Membrane-spanning 4-domains subfamily A member 6A OS=Homo sapiens GN=MS4A6A PE=2 SV=1",1.38439523959138,4.12479610779541,1.55272601929388,0.142855624118814,0.348053943850882,-5.19155022601081
1165,"Q5JTH9|RRP12_HUMAN","RRP12-like protein OS=Homo sapiens GN=RRP12 PE=1 SV=2",1.35865503809112,4.11192600704528,1.5368438797062,0.146678924150645,0.351854385797983,-5.21321293585402
1147,"Q9H5K3|SG196_HUMAN","Protein O-mannose kinase OS=Homo sapiens GN=POMK PE=1 SV=1",1.35447661802578,4.10983679701261,1.53573497209518,0.146949086417879,0.351854385797983,-5.21471963282642
1059,"Q9H6U8|ALG9_HUMAN","Alpha-1,2-mannosyltransferase ALG9 OS=Homo sapiens GN=ALG9 PE=1 SV=2",2.29864654148454,4.58192175874199,2.57527007489645,0.0220469753759865,0.194398330497786,-3.54337584624957
963,"Q8TB61|S35B2_HUMAN","Adenosine 3'-phospho 5'-phosphosulfate transporter 1 OS=Homo sapiens GN=SLC35B2 PE=1 SV=1",1.1882457910905,4.02672138354497,1.40689155294741,0.181327117954637,0.389857131216964,-5.38444385567964
510,"Q9Y673|ALG5_HUMAN","Dolichyl-phosphate beta-glucosyltransferase OS=Homo sapiens GN=ALG5 PE=1 SV=1",6.40295719827163,7.95810071469128,3.48679734134668,0.00364221145075297,0.113743332925765,-1.85295393646331
1068,"Q96KR6|F210B_HUMAN","Protein FAM210B OS=Homo sapiens GN=FAM210B PE=1 SV=2",0.977252280737034,3.92122462836823,1.24154392444095,0.234857383169317,0.44712454188208,-5.58575361695202
735,"Q9Y487|VPP2_HUMAN","V-type proton ATPase 116 kDa subunit a isoform 2 OS=Homo sapiens GN=ATP6V0A2 PE=1 SV=2",3.20926428602859,5.03723063101401,3.12261794860422,0.0075086455934157,0.151674640986997,-2.53811679821779
378,"P07947|YES_HUMAN","Tyrosine-protein kinase Yes OS=Homo sapiens GN=YES1 PE=1 SV=3",3.50996332763672,9.09623217487546,1.23174441672266,0.239088717601701,0.450049387308801,-5.59666106560792
1106,"Q5W0Z9|ZDH20_HUMAN","Probable palmitoyltransferase ZDHHC20 OS=Homo sapiens GN=ZDHHC20 PE=1 SV=1",0.878016796890666,3.87160688644505,1.2361051506858,0.23681104260505,0.448240244939283,-5.59204114551371
1101,"Q9H330|TM245_HUMAN","Transmembrane protein 245 OS=Homo sapiens GN=TMEM245 PE=1 SV=2",0.841048793678429,3.85312288483893,1.15998504195699,0.265506126600136,0.478859264046674,-5.67770388577692
956,"Q01650|LAT1_HUMAN","Large neutral amino acids transporter small subunit 1 OS=Homo sapiens GN=SLC7A5 PE=1 SV=2",1.8210073058562,4.34310214092782,2.30529925777982,0.0370217888008265,0.222330850582261,-4.01693256972219
940,"Q92504|S39A7_HUMAN","Zinc transporter SLC39A7 OS=Homo sapiens GN=SLC39A7 PE=1 SV=2",0.820201672187541,3.84269932409349,1.17109478911094,0.261158959949688,0.474873329793949,-5.66547656522177
384,"Q93050|VPP1_HUMAN","V-type proton ATPase 116 kDa subunit a isoform 1 OS=Homo sapiens GN=ATP6V0A1 PE=1 SV=3",2.9848040022406,14.8249708031341,2.56507430709101,0.0239201577467954,0.199690280655636,-3.59237100701094
1199,"P78383|S35B1_HUMAN","Solute carrier family 35 member B1 OS=Homo sapiens GN=SLC35B1 PE=1 SV=1",7.60948165215042,9.54703030678445,5.13632953015716,0.000152519417160587,0.0188276747183791,1.17815154711359
818,"Q5T2E6|CJ076_HUMAN","UPF0668 protein C10orf76 OS=Homo sapiens GN=C10orf76 PE=2 SV=1",2.13670445367427,5.72217167615338,1.34666343888527,0.199542056566839,0.410539305269922,-5.46000120349234
847,"Q9P0J0|NDUAD_HUMAN","NADH dehydrogenase [ubiquinone] 1 alpha subcomplex subunit 13 OS=Homo sapiens GN=NDUFA13 PE=1 SV=3",6.54241675819095,7.42025036914874,7.17332623988837,4.83097030666052e-06,0.00268360400534992,4.41944783443198
41,"P30501|1C02_HUMAN","HLA class I histocompatibility antigen, Cw-2 alpha chain OS=Homo sapiens GN=HLA-C PE=1 SV=1",2.37709026993109,5.85503041275089,1.426753173844,0.175628793011119,0.382595272618339,-5.35898696612549
42,"P30499|1C01_HUMAN","HLA class I histocompatibility antigen, Cw-1 alpha chain OS=Homo sapiens GN=HLA-C PE=1 SV=1",-1.38889324131924,11.3368254553199,-0.53744488787396,0.600664253270703,0.759201348559444,-6.19448229525046
206,"P38570|ITAE_HUMAN","Integrin alpha-E OS=Homo sapiens GN=ITGAE PE=1 SV=3",1.71949642671763,13.7377651539799,1.6724440727478,0.11871337338478,0.322987909164541,-5.02603033670027
937,"Q99797|MIPEP_HUMAN","Mitochondrial intermediate peptidase OS=Homo sapiens GN=MIPEP PE=1 SV=2",2.77241643695663,6.15418591746679,1.80395643563021,0.0928490289642235,0.291399071127831,-4.82941427214372
816,"Q10472|GALT1_HUMAN","Polypeptide N-acetylgalactosaminyltransferase 1 OS=Homo sapiens GN=GALNT1 PE=1 SV=1",1.65769396461456,4.85909429150947,1.21142215993495,0.245837915562964,0.456732314699754,-5.62029880816676
722,"Q15526|SURF1_HUMAN","Surfeit locus protein 1 OS=Homo sapiens GN=SURF1 PE=1 SV=1",0.211951922386929,9.90698883321944,0.114952130863614,0.910119796466267,0.9676010467694,-6.33737274889824
638,"Q15399|TLR1_HUMAN","Toll-like receptor 1 OS=Homo sapiens GN=TLR1 PE=1 SV=3",2.91428439360232,5.43632529229134,1.95826361881759,0.07048613913431,0.265366123105485,-4.59064876789356
484,"O75746|CMC1_HUMAN","Calcium-binding mitochondrial carrier protein Aralar1 OS=Homo sapiens GN=SLC25A12 PE=1 SV=2",2.52439100419707,5.25419087619943,1.81924974555793,0.0903786633295924,0.290204320691264,-4.80626684814624
669,"Q6ZS81|WDFY4_HUMAN","WD repeat- and FYVE domain-containing protein 4 OS=Homo sapiens GN=WDFY4 PE=1 SV=3",0.487100223816393,5.38190877398774,0.334539513682604,0.742944652795897,0.860700218202546,-6.28632222872436
978,"Q8WVQ1|CANT1_HUMAN","Soluble calcium-activated nucleotidase 1 OS=Homo sapiens GN=CANT1 PE=1 SV=1",-1.36168018618996,6.72530017926474,-0.63120035362249,0.538105862134182,0.715114369415163,-6.14020533886635
827,"Q8TBP6|S2540_HUMAN","Solute carrier family 25 member 40 OS=Homo sapiens GN=SLC25A40 PE=1 SV=1",2.66031114930932,6.15195195922306,1.6108436396105,0.129581387985599,0.337192778778184,-5.11097462353467
299,"Q9BZZ2|SN_HUMAN","Sialoadhesin OS=Homo sapiens GN=SIGLEC1 PE=1 SV=2",2.99090728472193,10.9747881661467,2.18313517806992,0.0465960568471809,0.241868959091472,-4.22402870415822
750,"O95497|VNN1_HUMAN","Pantetheinase OS=Homo sapiens GN=VNN1 PE=1 SV=2",1.37323979514653,6.83399766635216,1.00433382582142,0.332306342532465,0.547763125450398,-5.83873308921687
773,"Q5SWX8|ODR4_HUMAN","Protein odr-4 homolog OS=Homo sapiens GN=ODR4 PE=1 SV=1",2.94924088524149,5.48829154207121,2.3508722569142,0.0339505791768816,0.219297055032067,-3.93842982856571
415,"P05538|DQB2_HUMAN","HLA class II histocompatibility antigen, DQ beta 2 chain OS=Homo sapiens GN=HLA-DQB2 PE=1 SV=2",2.90794661165969,9.96262197092267,2.59674781287012,0.0211460201538869,0.194398330497786,-3.50490632750344
905,"Q8NE01|CNNM3_HUMAN","Metal transporter CNNM3 OS=Homo sapiens GN=CNNM3 PE=1 SV=1",1.28041545833432,4.62245676798555,1.07941316855645,0.298697265359685,0.5154478088079,-5.76349077227985
1220,"Q86UB9|TM135_HUMAN","Transmembrane protein 135 OS=Homo sapiens GN=TMEM135 PE=2 SV=2",1.37411920885798,4.76334672430994,1.06246027480487,0.30605810892565,0.519130624452515,-5.78088255901923
901,"O94766|B3GA3_HUMAN","Galactosylgalactosylxylosylprotein 3-beta-glucuronosyltransferase 3 OS=Homo sapiens GN=B3GAT3 PE=1 SV=2",2.76923888476971,6.07430959297624,1.92486957610186,0.0748647611200515,0.270927523141294,-4.64327305934885
231,"Q9Y625|GPC6_HUMAN","Glypican-6 OS=Homo sapiens GN=GPC6 PE=1 SV=1",2.0800646790503,11.1816029048135,4.92601669542627,0.00022492957217476,0.0249896754686158,0.807573293381665
469,"O95470|SGPL1_HUMAN","Sphingosine-1-phosphate lyase 1 OS=Homo sapiens GN=SGPL1 PE=1 SV=3",3.38248404596928,10.4116725291095,1.96568638564897,0.0695450564847245,0.264604649844277,-4.57888333275247
378,"P12931|SRC_HUMAN","Proto-oncogene tyrosine-protein kinase Src OS=Homo sapiens GN=SRC PE=1 SV=3",1.61474801931818,13.3587792299688,1.52706745030249,0.151096711929987,0.357529630815941,-5.22737025091135
491,"Q5VW32|BROX_HUMAN","BRO1 domain-containing protein BROX OS=Homo sapiens GN=BROX PE=1 SV=1",2.11742968745936,10.4726445313466,2.97214136016485,0.0101177844930126,0.169636669968539,-2.81863058811538
1187,"Q9UGQ3|GTR6_HUMAN","Solute carrier family 2, facilitated glucose transporter member 6 OS=Homo sapiens GN=SLC2A6 PE=1 SV=2",1.41160341493434,4.86843572997843,1.10930345295258,0.286040272824135,0.506843290442766,-5.73226456022615
540,"P12821|ACE_HUMAN","Angiotensin-converting enzyme OS=Homo sapiens GN=ACE PE=1 SV=1",0.712731218486917,5.8626092162073,0.443730192657403,0.664036432239212,0.805397899801054,-6.24266407430163
390,"Q9NR97|TLR8_HUMAN","Toll-like receptor 8 OS=Homo sapiens GN=TLR8 PE=1 SV=1",5.07651716610417,8.23554708297103,4.16616537730889,0.000956308408103438,0.0592469570722579,-0.576550423405407
463,"P28288|ABCD3_HUMAN","ATP-binding cassette sub-family D member 3 OS=Homo sapiens GN=ABCD3 PE=1 SV=1",4.32226158525227,10.0429470210881,2.88943533627825,0.0119141277424807,0.170982733144671,-2.97173142458036
173,"Q13488|VPP3_HUMAN","V-type proton ATPase 116 kDa subunit a isoform 3 OS=Homo sapiens GN=TCIRG1 PE=1 SV=3",2.05591507423076,14.3550755613429,4.81800088193263,0.000275197617063547,0.0277949593234182,0.61493186807217
445,"Q9UHW9|S12A6_HUMAN","Solute carrier family 12 member 6 OS=Homo sapiens GN=SLC12A6 PE=1 SV=2",2.48572748834413,9.57710917830538,3.47556681020653,0.00372432919351966,0.113743332925765,-1.87414787797315
486,"P34810|CD68_HUMAN","Macrosialin OS=Homo sapiens GN=CD68 PE=1 SV=2",2.11996722945748,12.6069647128587,6.01333256581318,3.21711575004668e-05,0.00893553899575466,2.65331886084574
1034,"Q6ZMZ3|SYNE3_HUMAN","Nesprin-3 OS=Homo sapiens GN=SYNE3 PE=1 SV=2",0.367337429674493,5.02243603226553,0.30537350901341,0.764586698134871,0.877537005813886,-6.29594703915362
805,"P56134|ATPK_HUMAN","ATP synthase subunit f, mitochondrial OS=Homo sapiens GN=ATP5J2 PE=1 SV=3",1.38814913006259,13.8775529727209,1.9381343675814,0.0730967629493691,0.267321294349265,-4.62243021610294
1085,"Q9NUQ2|PLCE_HUMAN","1-acyl-sn-glycerol-3-phosphate acyltransferase epsilon OS=Homo sapiens GN=AGPAT5 PE=1 SV=3",1.91796912069207,5.04672653860911,1.4540729652603,0.168033703931507,0.374119128392593,-5.32354274980582
779,"Q96K19|RN170_HUMAN","E3 ubiquitin-protein ligase RNF170 OS=Homo sapiens GN=RNF170 PE=1 SV=2",1.20050099927508,5.70738306805145,0.876093880609256,0.395801371550648,0.597796315112497,-5.95631597473033
525,"Q92544|TM9S4_HUMAN","Transmembrane 9 superfamily member 4 OS=Homo sapiens GN=TM9SF4 PE=1 SV=2",1.58714995969017,10.9622850373115,2.66410907644504,0.0185451730592907,0.190251117045409,-3.38360605799255
876,"Q9NRK6|ABCBA_HUMAN","ATP-binding cassette sub-family B member 10, mitochondrial OS=Homo sapiens GN=ABCB10 PE=1 SV=2",3.25592755744077,5.72424702713009,2.43752892550671,0.0287651776584363,0.212152383401298,-3.78745938238605
705,"Q9UNQ0|ABCG2_HUMAN","ATP-binding cassette sub-family G member 2 OS=Homo sapiens GN=ABCG2 PE=1 SV=3",-0.378079713835689,8.29579737274824,-0.257696407672512,0.800400374740909,0.904623414381638,-6.30981431330163
489,"P33897|ABCD1_HUMAN","ATP-binding cassette sub-family D member 1 OS=Homo sapiens GN=ABCD1 PE=1 SV=2",1.90557729733565,9.43390742811469,1.59104622413997,0.133979045298468,0.33984182494657,-5.13864957597391
253,"O75955|FLOT1_HUMAN","Flotillin-1 OS=Homo sapiens GN=FLOT1 PE=1 SV=3",1.92655065663379,11.3274057980406,2.32754698110665,0.0354910633821801,0.220652598771888,-3.97868945691521
1083,"P17152|TMM11_HUMAN","Transmembrane protein 11, mitochondrial OS=Homo sapiens GN=TMEM11 PE=1 SV=1",0.83142599787241,5.23800732234918,0.564279946922348,0.581515341311542,0.742601774939222,-6.18070278105089
861,"Q6PJF5|RHDF2_HUMAN","Inactive rhomboid protein 2 OS=Homo sapiens GN=RHBDF2 PE=1 SV=2",2.93487824607692,9.81032096147168,2.80530594573028,0.0140619616760205,0.178178396332367,-3.12649693623297
549,"Q8NCG7|DGLB_HUMAN","Sn1-specific diacylglycerol lipase beta OS=Homo sapiens GN=DAGLB PE=1 SV=2",3.35371708987928,8.37847303108612,1.97110063604309,0.068865851594666,0.262920828596818,-4.57028605628942
475,"P07099|HYEP_HUMAN","Epoxide hydrolase 1 OS=Homo sapiens GN=EPHX1 PE=1 SV=1",1.99050831782831,10.9388387590484,2.74228266644492,0.0159146991018342,0.184179486480602,-3.24169987732675
231,"O75487|GPC4_HUMAN","Glypican-4 OS=Homo sapiens GN=GPC4 PE=1 SV=4",1.94518221861447,13.1371267259137,6.48207717723608,1.4625746104896e-05,0.00541640130751314,3.39261611491049
270,"P20020|AT2B1_HUMAN","Plasma membrane calcium-transporting ATPase 1 OS=Homo sapiens GN=ATP2B1 PE=1 SV=3",0.275359655438804,7.92789541861756,0.236049475207077,0.816821670777182,0.914363732223678,-6.31534293802779
159,"Q9Y5S8|NOX1_HUMAN","NADPH oxidase 1 OS=Homo sapiens GN=NOX1 PE=1 SV=2",1.77702895553752,8.06479030750521,1.29770267071341,0.215419488925686,0.42626933566601,-5.51956093523008
232,"P55160|NCKPL_HUMAN","Nck-associated protein 1-like OS=Homo sapiens GN=NCKAP1L PE=1 SV=3",2.6685340199751,12.996113080082,3.17397943066406,0.006780701280134,0.145709628187895,-2.44190763319029
915,"Q9HAS3|S28A3_HUMAN","Solute carrier family 28 member 3 OS=Homo sapiens GN=SLC28A3 PE=1 SV=1",0.490011397977137,5.26826279378656,0.384395608611144,0.706476121734247,0.837668058961311,-6.26787478885949
860,"Q6UWV6|ENPP7_HUMAN","Ectonucleotide pyrophosphatase/phosphodiesterase family member 7 OS=Homo sapiens GN=ENPP7 PE=1 SV=3",5.74688164367814,7.11675477814081,5.43045456772879,8.94519423881396e-05,0.0144180777617838,1.68585888890903
113,"O75923|DYSF_HUMAN","Dysferlin OS=Homo sapiens GN=DYSF PE=1 SV=1",1.1714105709759,13.8067332183098,2.12577034129166,0.0518496266551163,0.243950430045695,-4.31945732300564
965,"Q7Z7N9|T179B_HUMAN","Transmembrane protein 179B OS=Homo sapiens GN=TMEM179B PE=1 SV=1",1.83021326349659,13.4163464856291,2.66388740061985,0.0185532011787325,0.190251117045409,-3.38400678216441
798,"Q92820|GGH_HUMAN","Gamma-glutamyl hydrolase OS=Homo sapiens GN=GGH PE=1 SV=2",1.33056740099318,8.72608832653318,1.70760493674595,0.109837476562797,0.310507471911623,-4.97245245201778
1138,"Q15722|LT4R1_HUMAN","Leukotriene B4 receptor 1 OS=Homo sapiens GN=LTB4R PE=1 SV=2",1.78236590103858,4.91092192006234,1.59290578935337,0.133560589957326,0.33984182494657,-5.13605997979171
204,"Q9UIQ6|LCAP_HUMAN","Leucyl-cystinyl aminopeptidase OS=Homo sapiens GN=LNPEP PE=1 SV=3",2.62620622225751,12.1949663584713,3.38181358357438,0.00448665586401261,0.123494020299375,-2.05099538248257
565,"Q6PCB7|S27A1_HUMAN","Long-chain fatty acid transport protein 1 OS=Homo sapiens GN=SLC27A1 PE=2 SV=1",0.863028129632464,7.99406062928887,0.495383864671676,0.62803424336436,0.779604518857882,-6.21786376611084
330,"Q99467|CD180_HUMAN","CD180 antigen OS=Homo sapiens GN=CD180 PE=1 SV=2",1.65940312126622,13.1748725493161,4.02785869155472,0.00125239442401946,0.0726046597724097,-0.834555443534943
368,"Q9BZH6|WDR11_HUMAN","WD repeat-containing protein 11 OS=Homo sapiens GN=WDR11 PE=1 SV=1",2.56365660681873,11.3712794059553,2.79124067367104,0.0144562595780576,0.179017577619097,-3.15226513547409
88,"Q5TFQ8|SIRBL_HUMAN","Signal-regulatory protein beta-1 isoform 3 OS=Homo sapiens GN=SIRPB1 PE=1 SV=1",-0.723147940763432,8.55405414062431,-0.354401215499765,0.728333472165879,0.85180089228022,-6.27927402800708
784,"Q8N6G5|CGAT2_HUMAN","Chondroitin sulfate N-acetylgalactosaminyltransferase 2 OS=Homo sapiens GN=CSGALNACT2 PE=1 SV=1",2.07477018145853,9.08864935012823,2.5340876006957,0.0238790324602664,0.199690280655636,-3.61684294397527
858,"P07333|CSF1R_HUMAN","Macrophage colony-stimulating factor 1 receptor OS=Homo sapiens GN=CSF1R PE=1 SV=2",1.09885994144403,4.65575091785525,0.975764638313846,0.345784460930558,0.55919437568246,-5.86614014275263
736,"P11169|GTR3_HUMAN","Solute carrier family 2, facilitated glucose transporter member 3 OS=Homo sapiens GN=SLC2A3 PE=1 SV=1",1.00708491224059,11.9203424473446,1.91146325244519,0.0766908930843439,0.272215917625259,-4.66425604061233
629,"O43155|FLRT2_HUMAN","Leucine-rich repeat transmembrane protein FLRT2 OS=Homo sapiens GN=FLRT2 PE=1 SV=1",3.23958709249123,8.33635753623696,3.05469342718161,0.00859168061304163,0.159089286018154,-2.66501552203007
1049,"Q86YN1|DOPP1_HUMAN","Dolichyldiphosphatase 1 OS=Homo sapiens GN=DOLPP1 PE=2 SV=1",1.14742262299269,4.44606296298795,1.08741593214675,0.29526842524591,0.513714145568874,-5.75520037207109
618,"Q6Y288|B3GLT_HUMAN","Beta-1,3-glucosyltransferase OS=Homo sapiens GN=B3GLCT PE=1 SV=2",1.44040435497643,10.7693051148076,2.3596628017852,0.0333866255856331,0.219297055032067,-3.92321454022441
597,"Q8IWA5|CTL2_HUMAN","Choline transporter-like protein 2 OS=Homo sapiens GN=SLC44A2 PE=1 SV=3",1.31546311872598,12.027518216436,2.61685786591528,0.0203347238352857,0.193624947385759,-3.46879406786561
526,"Q6IAN0|DRS7B_HUMAN","Dehydrogenase/reductase SDR family member 7B OS=Homo sapiens GN=DHRS7B PE=1 SV=2",1.32540250846146,11.0913970765246,1.94623384971918,0.0720359360035377,0.267321294349265,-4.60966416948699
649,"Q9H813|TM206_HUMAN","Transmembrane protein 206 OS=Homo sapiens GN=TMEM206 PE=1 SV=1",1.35789873970076,12.2278279823166,4.30391258437492,0.000732263512137653,0.0542363174656622,-0.32112135301677
575,"Q13190|STX5_HUMAN","Syntaxin-5 OS=Homo sapiens GN=STX5 PE=1 SV=2",1.79996381012984,11.9041897901351,3.49024113269529,0.0036173972064804,0.113743332925765,-1.84645465615299
953,"Q9NX47|MARH5_HUMAN","E3 ubiquitin-protein ligase MARCH5 OS=Homo sapiens GN=MARCH5 PE=1 SV=1",0.236326007724784,8.44956716515002,0.205106951435576,0.840448574411019,0.930018536662103,-6.32241024726508
1007,"P11049|CD37_HUMAN","Leukocyte antigen CD37 OS=Homo sapiens GN=CD37 PE=1 SV=2",0.0322884383915492,6.16160096529702,0.0250367617610562,0.980379943067703,0.991121335524107,-6.34390970673639
648,"Q6P1A2|MBOA5_HUMAN","Lysophospholipid acyltransferase 5 OS=Homo sapiens GN=LPCAT3 PE=1 SV=1",1.43487933695623,11.7001254875325,2.52198846944296,0.0244445348057304,0.199690280655636,-3.63835055461095
530,"O43464|HTRA2_HUMAN","Serine protease HTRA2, mitochondrial OS=Homo sapiens GN=HTRA2 PE=1 SV=2",1.9382378512672,12.8461357664867,3.60363860612443,0.00288880458488846,0.111880582641026,-1.63242690774484
860,"Q9Y6X5|ENPP4_HUMAN","Bis(5'-adenosyl)-triphosphatase ENPP4 OS=Homo sapiens GN=ENPP4 PE=1 SV=3",5.18012799415079,7.72868291268352,4.16423919444624,0.000959896694240002,0.0592469570722579,-0.580133647106158
1018,"P03915|NU5M_HUMAN","NADH-ubiquinone oxidoreductase chain 5 OS=Homo sapiens GN=MT-ND5 PE=1 SV=2",1.93976374844737,6.28930472726438,1.38688831881725,0.18721912018043,0.394687746718135,-5.40981371098187
1159,"Q9P0S9|TM14C_HUMAN","Transmembrane protein 14C OS=Homo sapiens GN=TMEM14C PE=1 SV=1",1.56881740264455,10.5776153697223,2.45383520898513,0.0278778244998617,0.211509141876418,-3.75881638292817
661,"Q9HBH0|RHOF_HUMAN","Rho-related GTP-binding protein RhoF OS=Homo sapiens GN=RHOF PE=1 SV=1",0.384326157927308,9.85522712206456,0.471027806764625,0.644895363256706,0.790815395781678,-6.22988675665345
1118,"Q9NP80|PLPL8_HUMAN","Calcium-independent phospholipase A2-gamma OS=Homo sapiens GN=PNPLA8 PE=1 SV=1",1.1536994298343,4.51297686985078,1.04667808265857,0.313029834722004,0.526933555115373,-5.79686389007749
740,"Q9H3K2|GHITM_HUMAN","Growth hormone-inducible transmembrane protein OS=Homo sapiens GN=GHITM PE=1 SV=2",0.829245470296629,13.8048007709285,2.16491079423842,0.0482087896390137,0.242852599955098,-4.25447770445164
1125,"Q9NW15|ANO10_HUMAN","Anoctamin-10 OS=Homo sapiens GN=ANO10 PE=1 SV=2",1.34940918584955,5.040250548065,1.17295860446637,0.260435041077738,0.474761890525505,-5.66341594809014
856,"Q9UKM7|MA1B1_HUMAN","Endoplasmic reticulum mannosyl-oligosaccharide 1,2-alpha-mannosidase OS=Homo sapiens GN=MAN1B1 PE=1 SV=2",3.54738296871274,7.48983629361275,2.86090237481975,0.0126038330885873,0.170982733144671,-3.02433835960556
90,"P22897|MRC1_HUMAN","Macrophage mannose receptor 1 OS=Homo sapiens GN=MRC1 PE=1 SV=1",1.27326279304034,15.9614811671381,5.34769907814683,0.000103820541939037,0.0144180777617838,1.54429204870328
433,"O00478|BT3A3_HUMAN","Butyrophilin subfamily 3 member A3 OS=Homo sapiens GN=BTN3A3 PE=1 SV=1",3.10963490049517,6.25545374038598,2.60279763978921,0.0208987215805031,0.194398330497786,-3.49405174476206
1096,"Q9BUB7|TMM70_HUMAN","Transmembrane protein 70, mitochondrial OS=Homo sapiens GN=TMEM70 PE=1 SV=2",0.8084439028643,4.29343113758974,0.840267101327739,0.414915959093055,0.609750834063999,-5.98661727700948
736,"Q8TDB8|GTR14_HUMAN","Solute carrier family 2, facilitated glucose transporter member 14 OS=Homo sapiens GN=SLC2A14 PE=2 SV=1",0.745533358361655,11.6513429389899,1.38047945541073,0.189139746279597,0.397189112721172,-5.41788444926059
760,"Q9UIW2|PLXA1_HUMAN","Plexin-A1 OS=Homo sapiens GN=PLXNA1 PE=1 SV=3",1.84757727980244,7.19817509428565,1.07200887773456,0.301895887407242,0.517602362514576,-5.77111530254139
717,"Q9H2D1|MFTC_HUMAN","Mitochondrial folate transporter/carrier OS=Homo sapiens GN=SLC25A32 PE=1 SV=2",1.00543456685792,11.3581278264717,2.07368913655031,0.0570901096416567,0.243950430045695,-4.40500888754644
305,"Q9Y4W6|AFG32_HUMAN","AFG3-like protein 2 OS=Homo sapiens GN=AFG3L2 PE=1 SV=2",1.51513190907336,12.5671353454621,3.71563879028061,0.00231447861314034,0.105523597876617,-1.42115608606423
1055,"Q95460|HMR1_HUMAN","Major histocompatibility complex class I-related gene protein OS=Homo sapiens GN=MR1 PE=1 SV=1",1.14144460384037,4.77146841039251,0.948271844462453,0.35911564928014,0.571600983309792,-5.89186510961739
370,"Q9HCU5|PREB_HUMAN","Prolactin regulatory element-binding protein OS=Homo sapiens GN=PREB PE=1 SV=2",1.53230474804069,11.9841636316157,3.00786074510961,0.00942711216449619,0.163648775230551,-2.75225290491344
149,"Q92523|CPT1B_HUMAN","Carnitine O-palmitoyltransferase 1, muscle isoform OS=Homo sapiens GN=CPT1B PE=1 SV=2",0.729432094489961,7.21996241271708,0.347296073942238,0.733548109534398,0.854268291082512,-6.28184125488405
373,"P11117|PPAL_HUMAN","Lysosomal acid phosphatase OS=Homo sapiens GN=ACP2 PE=1 SV=3",1.34002863492494,13.4791536539322,5.39862233598687,9.47167669273706e-05,0.0144180777617838,1.63152536604281
658,"Q86SF2|GALT7_HUMAN","N-acetylgalactosaminyltransferase 7 OS=Homo sapiens GN=GALNT7 PE=1 SV=1",1.50343375056986,9.96254260424601,2.32675157343011,0.0355447435593419,0.220652598771888,-3.98005939706365
579,"O00400|ACATN_HUMAN","Acetyl-coenzyme A transporter 1 OS=Homo sapiens GN=SLC33A1 PE=1 SV=1",1.99255070045311,9.26151795666969,1.71780521425059,0.107917878076063,0.310507471911623,-4.95754419424155
975,"Q8N9A8|NEPR1_HUMAN","Nuclear envelope phosphatase-regulatory subunit 1 OS=Homo sapiens GN=CNEP1R1 PE=1 SV=1",0.836623873060197,4.83697178995986,0.759055172498812,0.460442489354573,0.650002040245147,-6.05105337308618
632,"Q8WTV0|SCRB1_HUMAN","Scavenger receptor class B member 1 OS=Homo sapiens GN=SCARB1 PE=1 SV=1",1.02740582959584,11.3121481609587,1.49336658187587,0.157591526064786,0.361744184830532,-5.27171026788601
809,"Q9BT22|ALG1_HUMAN","Chitobiosyldiphosphodolichol beta-mannosyltransferase OS=Homo sapiens GN=ALG1 PE=1 SV=2",2.67104461887617,6.32902840140093,2.08247893051143,0.0561726593827966,0.243950430045695,-4.39064527585515
1123,"Q8N5B7|CERS5_HUMAN","Ceramide synthase 5 OS=Homo sapiens GN=CERS5 PE=2 SV=1",1.37548849904747,4.89655896732333,0.984915604041922,0.341425739278663,0.558650951897784,-5.8574359057257
521,"O75044|SRGP2_HUMAN","SLIT-ROBO Rho GTPase-activating protein 2 OS=Homo sapiens GN=SRGAP2 PE=1 SV=2",2.70964075493275,9.9468986808291,2.57729877758817,0.0219603162316348,0.194398330497786,-3.53974660824422
1016,"O60830|TI17B_HUMAN","Mitochondrial import inner membrane translocase subunit Tim17-B OS=Homo sapiens GN=TIMM17B PE=1 SV=1",1.53780676254108,4.76399620194593,1.39865834962676,0.183733492968313,0.391800212452584,-5.39491874764658
1213,"Q68DH5|LMBD2_HUMAN","LMBR1 domain-containing protein 2 OS=Homo sapiens GN=LMBRD2 PE=2 SV=1",0.473604632867335,4.90340419061052,0.372514124033087,0.715103521506764,0.843747178041261,-6.27249877541146
615,"Q13443|ADAM9_HUMAN","Disintegrin and metalloproteinase domain-containing protein 9 OS=Homo sapiens GN=ADAM9 PE=1 SV=1",2.12605900833468,8.9568655370733,2.26752269093654,0.039764538480878,0.228790411266469,-4.08150788989483
620,"P00813|ADA_HUMAN","Adenosine deaminase OS=Homo sapiens GN=ADA PE=1 SV=3",-0.730078685730684,7.75828275237234,-0.530675493533522,0.603982310857278,0.760798579776004,-6.19940738226205
316,"Q9UH99|SUN2_HUMAN","SUN domain-containing protein 2 OS=Homo sapiens GN=SUN2 PE=1 SV=3",1.20717763614483,11.9009519889017,2.93835886850163,0.0108168100113219,0.169636669968539,-2.88127165904994
589,"Q9NUM4|T106B_HUMAN","Transmembrane protein 106B OS=Homo sapiens GN=TMEM106B PE=1 SV=2",1.12429856575881,10.9319605049337,2.61345491546285,0.0204698619773888,0.193624947385759,-3.47491102773976
452,"P28068|DMB_HUMAN","HLA class II histocompatibility antigen, DM beta chain OS=Homo sapiens GN=HLA-DMB PE=1 SV=1",1.04005749317342,14.8227505057074,3.25412549598918,0.00578261944487457,0.13144729342042,-2.29141979983713
289,"P24557|THAS_HUMAN","Thromboxane-A synthase OS=Homo sapiens GN=TBXAS1 PE=1 SV=3",1.65662020260964,14.1438811629561,2.56996459360807,0.0222751680113456,0.194863871343346,-3.55286262782039
480,"Q8WXF7|ATLA1_HUMAN","Atlastin-1 OS=Homo sapiens GN=ATL1 PE=1 SV=1",2.75718301663258,6.66207443652406,2.06022487712299,0.0585222925954063,0.245351951220741,-4.42695084641534
920,"O43759|SNG1_HUMAN","Synaptogyrin-1 OS=Homo sapiens GN=SYNGR1 PE=1 SV=2",-1.68018274619631,10.1400180111694,-1.16064811610354,0.265245126619955,0.478859264046674,-5.67697678391087
791,"Q9NRZ7|PLCC_HUMAN","1-acyl-sn-glycerol-3-phosphate acyltransferase gamma OS=Homo sapiens GN=AGPAT3 PE=1 SV=1",0.548466156628685,11.1774261920895,0.915675843759347,0.375380706150305,0.583003605758748,-5.92152947230461
840,"Q86TM6|SYVN1_HUMAN","E3 ubiquitin-protein ligase synoviolin OS=Homo sapiens GN=SYVN1 PE=1 SV=2",1.62033614802074,6.13650603806844,0.902154204069654,0.382274101974893,0.585823326935076,-5.93356625394541
783,"P29323|EPHB2_HUMAN","Ephrin type-B receptor 2 OS=Homo sapiens GN=EPHB2 PE=1 SV=5",2.98179701087904,7.70903778023931,2.86025917379853,0.0126198236593076,0.170982733144671,-3.02552290305238
1137,"Q8IUX1|T126B_HUMAN","Complex I assembly factor TMEM126B, mitochondrial OS=Homo sapiens GN=TMEM126B PE=1 SV=2",1.20160630924465,5.21874200779039,0.981204890813026,0.34318847395754,0.55919437568246,-5.86097396093553
505,"O15270|SPTC2_HUMAN","Serine palmitoyltransferase 2 OS=Homo sapiens GN=SPTLC2 PE=1 SV=1",1.33748386299186,8.56561118307081,0.902970916494745,0.381855306147546,0.585823326935076,-5.93284372647624
749,"Q9H936|GHC1_HUMAN","Mitochondrial glutamate carrier 1 OS=Homo sapiens GN=SLC25A22 PE=1 SV=1",1.1835401879333,10.0575740302883,1.58226615894554,0.135970037030585,0.342540234624341,-5.15084861146267
913,"Q6Y1H2|HACD2_HUMAN","Very-long-chain (3R)-3-hydroxyacyl-CoA dehydratase 2 OS=Homo sapiens GN=HACD2 PE=1 SV=1",1.33538724935324,11.1200669526236,1.84917574902649,0.0857138059987467,0.285254481324324,-4.7606331816607
1234,"Q9GZP9|DERL2_HUMAN","Derlin-2 OS=Homo sapiens GN=DERL2 PE=1 SV=1",2.33223453901596,5.48725654222182,1.49202261958291,0.157939468820438,0.361795360535066,-5.27349950044455
676,"P53985|MOT1_HUMAN","Monocarboxylate transporter 1 OS=Homo sapiens GN=SLC16A1 PE=1 SV=3",1.33189181976081,10.7563566978017,2.92317676769627,0.0111462438413171,0.169636669968539,-2.90937694797203
680,"Q9NZC2|TREM2_HUMAN","Triggering receptor expressed on myeloid cells 2 OS=Homo sapiens GN=TREM2 PE=1 SV=1",1.7150707016328,10.4734834367436,1.44620624067345,0.170192167321291,0.375911526628139,-5.33379930810461
1207,"P33908|MA1A1_HUMAN","Mannosyl-oligosaccharide 1,2-alpha-mannosidase IA OS=Homo sapiens GN=MAN1A1 PE=1 SV=3",1.36480217855722,4.90830348528903,0.969987942823317,0.348556166369361,0.561481765457201,-5.87159850788123
900,"Q8N8V2|GBP7_HUMAN","Guanylate-binding protein 7 OS=Homo sapiens GN=GBP7 PE=2 SV=2",0.735015332729529,8.2346563960164,0.453932681105059,0.656852981582005,0.799303025780512,-6.23797510011257
760,"P51805|PLXA3_HUMAN","Plexin-A3 OS=Homo sapiens GN=PLXNA3 PE=1 SV=2",1.70477643005684,7.12677466941285,1.00281392057381,0.333013781220739,0.548116016201839,-5.840208356969
714,"P51159|RB27A_HUMAN","Ras-related protein Rab-27A OS=Homo sapiens GN=RAB27A PE=1 SV=3",-0.0722518450599221,9.04186780887104,-0.0666264480034444,0.947823708910508,0.981390624976304,-6.34192923157434
308,"Q8IY17|PLPL6_HUMAN","Neuropathy target esterase OS=Homo sapiens GN=PNPLA6 PE=1 SV=2",2.22234319328845,11.7242799628845,1.72725484619588,0.107801848592049,0.310507471911623,-4.94647361341471
790,"Q8NEW0|ZNT7_HUMAN","Zinc transporter 7 OS=Homo sapiens GN=SLC30A7 PE=2 SV=1",1.00225310811518,11.5226435910898,1.49689690180192,0.156680618992566,0.36106709915159,-5.26700482923023
724,"O95070|YIF1A_HUMAN","Protein YIF1A OS=Homo sapiens GN=YIF1A PE=1 SV=2",0.900528329139384,11.7357742763114,2.49904177340608,0.0255525524800957,0.20423658852796,-3.67904227498748
307,"Q93084|AT2A3_HUMAN","Sarcoplasmic/endoplasmic reticulum calcium ATPase 3 OS=Homo sapiens GN=ATP2A3 PE=1 SV=2",-0.351507077479585,8.86768581842404,-0.194478930339085,0.848602103119231,0.933912213743399,-6.32461040661048
328,"Q9NTJ5|SAC1_HUMAN","Phosphatidylinositide phosphatase SAC1 OS=Homo sapiens GN=SACM1L PE=1 SV=2",1.38600367738111,13.7024973651308,2.92940713943572,0.0110098744809012,0.169636669968539,-2.89784676481483
699,"O15162|PLS1_HUMAN","Phospholipid scramblase 1 OS=Homo sapiens GN=PLSCR1 PE=1 SV=1",1.5258430731622,7.39294631887637,1.34054278535065,0.201473608035611,0.411608464553577,-5.46753939171223
1082,"Q9Y2R0|COA3_HUMAN","Cytochrome c oxidase assembly factor 3 homolog, mitochondrial OS=Homo sapiens GN=COA3 PE=1 SV=1",2.45488632161663,6.52288266244927,1.48565753386355,0.159596126942736,0.36350423590797,-5.2819577397838
675,"O95498|VNN2_HUMAN","Vascular non-inflammatory molecule 2 OS=Homo sapiens GN=VNN2 PE=1 SV=3",1.78799851108307,9.25971374162458,1.14199235803675,0.272663537283134,0.487877354012231,-5.69730378546275
614,"Q96G23|CERS2_HUMAN","Ceramide synthase 2 OS=Homo sapiens GN=CERS2 PE=1 SV=1",1.4029070285897,11.0220185207263,2.1117316249106,0.0532165491335794,0.243950430045695,-4.34262240639787
587,"Q9UK41|VPS28_HUMAN","Vacuolar protein sorting-associated protein 28 homolog OS=Homo sapiens GN=VPS28 PE=1 SV=1",0.3994025294074,14.3271951603824,0.780799418381275,0.447956616262372,0.639976793654189,-6.03438566907803
1094,"Q5SGD2|PPM1L_HUMAN","Protein phosphatase 1L OS=Homo sapiens GN=PPM1L PE=1 SV=1",1.83946679509181,4.92337885998081,1.53732364583869,0.146562169824411,0.351854385797983,-5.21256083104498
971,"Q8TEB9|RHBL4_HUMAN","Rhomboid-related protein 4 OS=Homo sapiens GN=RHBDD1 PE=1 SV=1",0.823934842825447,5.95306466954039,0.708897738721984,0.490055772468038,0.679082284745485,-6.08784518087743
461,"Q10471|GALT2_HUMAN","Polypeptide N-acetylgalactosaminyltransferase 2 OS=Homo sapiens GN=GALNT2 PE=1 SV=1",1.62006356057707,11.6797642379895,2.68471357182125,0.0178134981171457,0.190251117045409,-3.3463166197848
718,"Q8N1S5|S39AB_HUMAN","Zinc transporter ZIP11 OS=Homo sapiens GN=SLC39A11 PE=2 SV=3",1.48881910167032,11.0643785448623,3.50239823836622,0.0035311516059643,0.113743332925765,-1.82351040246976
478,"O15127|SCAM2_HUMAN","Secretory carrier-associated membrane protein 2 OS=Homo sapiens GN=SCAMP2 PE=1 SV=2",1.04364737534494,13.2231530320579,3.69109572020994,0.00242955527280725,0.105523597876617,-1.46743141553523
556,"P48060|GLIP1_HUMAN","Glioma pathogenesis-related protein 1 OS=Homo sapiens GN=GLIPR1 PE=1 SV=3",1.07413727393679,11.9214203640478,3.36181481039925,0.00466854082139851,0.123494020299375,-2.08869196593476
404,"Q99572|P2RX7_HUMAN","P2X purinoceptor 7 OS=Homo sapiens GN=P2RX7 PE=1 SV=4",1.64560754441757,12.046359614538,2.85582006059319,0.0127307277237623,0.170982733144671,-3.03369649551255
1031,"Q9H3U5|MFSD1_HUMAN","Major facilitator superfamily domain-containing protein 1 OS=Homo sapiens GN=MFSD1 PE=2 SV=2",0.564606248748172,11.2192782326382,1.54754010958238,0.144094594853748,0.350304365169616,-5.19864071144129
227,"Q6P179|ERAP2_HUMAN","Endoplasmic reticulum aminopeptidase 2 OS=Homo sapiens GN=ERAP2 PE=1 SV=2",0.552875531236797,10.7695439971584,0.240112375583049,0.814088467379076,0.91358816894763,-6.31414217414928
1163,"Q5VV42|CDKAL_HUMAN","Threonylcarbamoyladenosine tRNA methylthiotransferase OS=Homo sapiens GN=CDKAL1 PE=1 SV=1",-0.255437357816609,8.55632138192811,-0.24513807727713,0.809915706923931,0.911668034845479,-6.31308022499769
881,"P13498|CY24A_HUMAN","Cytochrome b-245 light chain OS=Homo sapiens GN=CYBA PE=1 SV=3",-1.03139828736164,9.18031371770576,-0.459264437966993,0.653112860704862,0.796496584240507,-6.23548353791439
178,"Q969V3|NCLN_HUMAN","Nicalin OS=Homo sapiens GN=NCLN PE=1 SV=2",0.77928059162233,14.2976385473062,1.95472019847383,0.0709394586519615,0.265366123105485,-4.59625658508724
914,"Q5BJH7|YIF1B_HUMAN","Protein YIF1B OS=Homo sapiens GN=YIF1B PE=1 SV=1",0.545440147256972,11.5144007177636,1.24512579226381,0.233577675092803,0.44712454188208,-5.58160079960316
653,"Q8WWB7|GLMP_HUMAN","Glycosylated lysosomal membrane protein OS=Homo sapiens GN=GLMP PE=1 SV=1",2.43188321751227,9.37181543783159,2.32700114074555,0.0355278925928798,0.220652598771888,-3.97962958535909
286,"P04440|DPB1_HUMAN","HLA class II histocompatibility antigen, DP beta 1 chain OS=Homo sapiens GN=HLA-DPB1 PE=1 SV=1",1.19227265294451,15.7907412779733,3.52322668159194,0.00338817245953142,0.113743332925765,-1.78419841143724
284,"P33527|MRP1_HUMAN","Multidrug resistance-associated protein 1 OS=Homo sapiens GN=ABCC1 PE=1 SV=3",1.31688511107811,12.0755454663803,3.26879611905713,0.0056164694268338,0.13144729342042,-2.2638328777553
770,"Q9NXH8|TOR4A_HUMAN","Torsin-4A OS=Homo sapiens GN=TOR4A PE=1 SV=2",1.07997564346891,6.69999704662892,0.632795513016311,0.53709350357812,0.714623811347654,-6.13918769743755
400,"Q4KMQ2|ANO6_HUMAN","Anoctamin-6 OS=Homo sapiens GN=ANO6 PE=1 SV=2",1.16551301130338,12.9295659943489,4.32572272328736,0.000702076105695847,0.0542363174656622,-0.280834675693986
66,"O60486|PLXC1_HUMAN","Plexin-C1 OS=Homo sapiens GN=PLXNC1 PE=1 SV=1",0.846477567433773,16.0568188482951,4.00580220360542,0.00130763263995117,0.0726046597724097,-0.875825497389449
1186,"P03891|NU2M_HUMAN","NADH-ubiquinone oxidoreductase chain 2 OS=Homo sapiens GN=MT-ND2 PE=1 SV=2",1.234748627316,4.74368355118796,0.96644845914904,0.350262164402626,0.562898087388401,-5.87492901785626
608,"P57088|TMM33_HUMAN","Transmembrane protein 33 OS=Homo sapiens GN=TMEM33 PE=1 SV=2",1.19927172642072,14.3563847813638,2.31537687434026,0.0363208417266704,0.220652598771888,-3.99962867665217
288,"Q70E73|RAPH1_HUMAN","Ras-associated and pleckstrin homology domains-containing protein 1 OS=Homo sapiens GN=RAPH1 PE=1 SV=3",1.37880932137501,5.28085660106698,0.80029889049619,0.43694317944049,0.631259664873971,-6.01907321495476
336,"Q14254|FLOT2_HUMAN","Flotillin-2 OS=Homo sapiens GN=FLOT2 PE=1 SV=2",1.08174708164016,12.5849156781077,1.94029017632064,0.0728130304831482,0.267321294349265,-4.61903523032042
590,"O15260|SURF4_HUMAN","Surfeit locus protein 4 OS=Homo sapiens GN=SURF4 PE=1 SV=3",0.957501128053181,13.8700754573234,3.1427252634191,0.00721484888657211,0.148438835425585,-2.50047622429415
681,"Q16563|SYPL1_HUMAN","Synaptophysin-like protein 1 OS=Homo sapiens GN=SYPL1 PE=1 SV=1",1.06278819207853,14.3937603980398,4.40868105324113,0.000598455302545197,0.051144910855978,-0.128019292996425
806,"P58335|ANTR2_HUMAN","Anthrax toxin receptor 2 OS=Homo sapiens GN=ANTXR2 PE=1 SV=5",0.96273076717531,8.30570502633327,0.687040041200855,0.503309628028433,0.687092458974992,-6.10314845886395
512,"Q14699|RFTN1_HUMAN","Raftlin OS=Homo sapiens GN=RFTN1 PE=1 SV=4",1.21271092731326,11.7265341280742,3.64091235701353,0.00268320908768852,0.110409085052665,-1.56209163849797
580,"Q99829|CPNE1_HUMAN","Copine-1 OS=Homo sapiens GN=CPNE1 PE=1 SV=1",0.210456816596867,12.4237611872739,0.329957350012837,0.746330400197297,0.86372195272833,-6.28789154093276
557,"O00481|BT3A1_HUMAN","Butyrophilin subfamily 3 member A1 OS=Homo sapiens GN=BTN3A1 PE=1 SV=3",2.99676643300336,7.52126157061203,1.98405083739966,0.0672657355858503,0.260391053086689,-4.54967004847646
298,"P55899|FCGRN_HUMAN","IgG receptor FcRn large subunit p51 OS=Homo sapiens GN=FCGRT PE=1 SV=1",0.899931555392881,16.1700785574185,3.57958207551868,0.00302987378763513,0.112206325935421,-1.67782903775297
949,"Q8IX05|CD302_HUMAN","CD302 antigen OS=Homo sapiens GN=CD302 PE=1 SV=1",2.56835725757534,9.18973019607246,2.00537538193946,0.064704701051559,0.255903155075806,-4.51556337110494
144,"P23634|AT2B4_HUMAN","Plasma membrane calcium-transporting ATPase 4 OS=Homo sapiens GN=ATP2B4 PE=1 SV=2",1.10711342186408,11.322090895901,1.66001186724968,0.119194457927508,0.322987909164541,-5.04125101963928
1143,"Q96HV5|TM41A_HUMAN","Transmembrane protein 41A OS=Homo sapiens GN=TMEM41A PE=1 SV=1",1.47407328982499,7.25164133614194,1.09340157477853,0.292723026159807,0.510542044055801,-5.74896602665363
891,"Q5J8M3|EMC4_HUMAN","ER membrane protein complex subunit 4 OS=Homo sapiens GN=EMC4 PE=1 SV=2",1.32035008237887,9.740572899607,1.84193682728059,0.0868219992201992,0.285254481324324,-4.77171237676729
497,"Q8IY34|S15A3_HUMAN","Solute carrier family 15 member 3 OS=Homo sapiens GN=SLC15A3 PE=2 SV=2",0.570904081619899,13.465106546534,1.86318201424725,0.0836055577986978,0.284925689307832,-4.7391237125651
1026,"Q5VT66|MARC1_HUMAN","Mitochondrial amidoxime-reducing component 1 OS=Homo sapiens GN=MARC1 PE=1 SV=1",1.58356784718,5.22320270776501,1.26630133966714,0.226124060493294,0.439202502111975,-5.55685660929842
417,"O60462|NRP2_HUMAN","Neuropilin-2 OS=Homo sapiens GN=NRP2 PE=1 SV=2",0.637723307573111,11.0061110308064,0.843187198893885,0.413335634692729,0.609039642100294,-5.98419007414707
877,"Q13564|ULA1_HUMAN","NEDD8-activating enzyme E1 regulatory subunit OS=Homo sapiens GN=NAE1 PE=1 SV=1",2.91996697623189,5.70440281236604,2.13261824013488,0.0511947422133429,0.243950430045695,-4.30813030550306
9,"Q13349|ITAD_HUMAN","Integrin alpha-D OS=Homo sapiens GN=ITGAD PE=1 SV=2",1.53360866380843,15.5044682118416,2.35148242086804,0.0339111445733041,0.219297055032067,-3.9373744628547
721,"Q6RW13|ATRAP_HUMAN","Type-1 angiotensin II receptor-associated protein OS=Homo sapiens GN=AGTRAP PE=1 SV=1",0.791102551152752,11.6370493016582,2.31794476124579,0.0361442472485819,0.220652598771888,-3.99521435328071
667,"Q06136|KDSR_HUMAN","3-ketodihydrosphingosine reductase OS=Homo sapiens GN=KDSR PE=1 SV=1",1.22394043303462,11.454489483359,2.52880452890496,0.024124395169056,0.199690280655636,-3.62623858000149
504,"Q96D96|HVCN1_HUMAN","Voltage-gated hydrogen channel 1 OS=Homo sapiens GN=HVCN1 PE=1 SV=1",1.11565249752858,13.5753112616634,3.2731395818109,0.00556819890936679,0.13144729342042,-2.25566323344388
966,"Q8IUN9|CLC10_HUMAN","C-type lectin domain family 10 member A OS=Homo sapiens GN=CLEC10A PE=2 SV=1",1.22022623166168,5.02347195122618,0.883260054112572,0.392049907191201,0.596048135783192,-5.95011932783822
383,"Q9ULC5|ACSL5_HUMAN","Long-chain-fatty-acid--CoA ligase 5 OS=Homo sapiens GN=ACSL5 PE=1 SV=1",1.69821775439407,11.9119011758069,1.84562837308229,0.0862552736555559,0.285254481324324,-4.76606567363241
219,"Q8N2K0|ABD12_HUMAN","Monoacylglycerol lipase ABHD12 OS=Homo sapiens GN=ABHD12 PE=1 SV=2",1.02045186612826,14.6915143848545,3.59815341054894,0.00292037524445522,0.111880582641026,-1.6427787583098
748,"O75340|PDCD6_HUMAN","Programmed cell death protein 6 OS=Homo sapiens GN=PDCD6 PE=1 SV=1",0.879364605568451,12.3057495508925,2.18740029860829,0.0462259602826234,0.241868959091472,-4.21688522117684
335,"Q16799|RTN1_HUMAN","Reticulon-1 OS=Homo sapiens GN=RTN1 PE=1 SV=1",-0.0197947687043811,12.3539165712881,-0.0420174023067908,0.967079758974538,0.991121335524107,-6.34331812964694
440,"Q13724|MOGS_HUMAN","Mannosyl-oligosaccharide glucosidase OS=Homo sapiens GN=MOGS PE=1 SV=5",2.79035732316437,11.0164208704206,2.42559283907003,0.029431732797914,0.212435651075582,-3.80838013660394
606,"P05106|ITB3_HUMAN","Integrin beta-3 OS=Homo sapiens GN=ITGB3 PE=1 SV=2",0.201863980902722,6.16788725128774,0.147914192425114,0.88452526565237,0.955012215879284,-6.33287642838479
592,"P49810|PSN2_HUMAN","Presenilin-2 OS=Homo sapiens GN=PSEN2 PE=1 SV=1",0.675885251667117,10.0816372955347,1.36677545409973,0.193300682657913,0.400666153792801,-5.43504755809548
688,"P01137|TGFB1_HUMAN","Transforming growth factor beta-1 OS=Homo sapiens GN=TGFB1 PE=1 SV=2",0.316959473503207,10.644073196845,0.700727659894718,0.494985346748575,0.680604851779291,-6.09361748934585
28,"P04264|K2C1_HUMAN","Keratin, type II cytoskeletal 1 OS=Homo sapiens GN=KRT1 PE=1 SV=6",0.692331216548347,18.5142346240025,2.02997105210633,0.0618618080416476,0.252678193875994,-4.47598318157433
344,"O75844|FACE1_HUMAN","CAAX prenyl protease 1 homolog OS=Homo sapiens GN=ZMPSTE24 PE=1 SV=2",0.860614557767057,13.8813551217126,2.42533087214743,0.0294465258916648,0.212435651075582,-3.80883885581595
473,"Q9NV96|CC50A_HUMAN","Cell cycle control protein 50A OS=Homo sapiens GN=TMEM30A PE=1 SV=1",0.498703316623141,10.5737755465806,0.763888603014474,0.457648502701629,0.648529957272335,-6.04738567967797
849,"Q969M3|YIPF5_HUMAN","Protein YIPF5 OS=Homo sapiens GN=YIPF5 PE=1 SV=1",0.769168364100116,10.8616795535325,1.9122970421333,0.0765761545756499,0.272215917625259,-4.6629534594509
625,"Q8TCT8|SPP2A_HUMAN","Signal peptide peptidase-like 2A OS=Homo sapiens GN=SPPL2A PE=1 SV=2",0.908493955876562,13.2149710925312,2.65676990719221,0.0188127633510469,0.190251117045409,-3.39686784021935
1033,"Q04900|MUC24_HUMAN","Sialomucin core protein 24 OS=Homo sapiens GN=CD164 PE=1 SV=2",0.994121701885605,6.39629401930669,0.687827310721966,0.50282862412035,0.687092458974992,-6.1026050153953
835,"Q9Y5U9|IR3IP_HUMAN","Immediate early response 3-interacting protein 1 OS=Homo sapiens GN=IER3IP1 PE=1 SV=1",-0.726606510068294,11.262942531901,-0.579874752450908,0.571238239709483,0.735394767459137,-6.17165039747858
381,"Q8TC12|RDH11_HUMAN","Retinol dehydrogenase 11 OS=Homo sapiens GN=RDH11 PE=1 SV=2",0.94659262421194,15.8306491899119,1.60830333213494,0.130138633960774,0.337813136286027,-5.11453870686725
535,"Q99805|TM9S2_HUMAN","Transmembrane 9 superfamily member 2 OS=Homo sapiens GN=TM9SF2 PE=1 SV=1",2.90052404584935,10.3536532020947,2.45369353276656,0.0278854203960107,0.211509141876418,-3.75906555307748
906,"P27448|MARK3_HUMAN","MAP/microtubule affinity-regulating kinase 3 OS=Homo sapiens GN=MARK3 PE=1 SV=4",2.82821689512527,6.97644326762369,1.47992047651733,0.161101800016411,0.366020654025014,-5.28955918252693
906,"Q7KZI7|MARK2_HUMAN","Serine/threonine-protein kinase MARK2 OS=Homo sapiens GN=MARK2 PE=1 SV=2",2.79341896076419,6.93773433573619,1.47376765739524,0.162729802131671,0.368213462664535,-5.29768797040525
588,"Q96N66|MBOA7_HUMAN","Lysophospholipid acyltransferase 7 OS=Homo sapiens GN=MBOAT7 PE=1 SV=2",1.07245290488828,10.9404619961497,2.26664347795443,0.0398305956595155,0.228790411266469,-4.08300527963174
894,"Q8N357|S35F6_HUMAN","Solute carrier family 35 member F6 OS=Homo sapiens GN=SLC35F6 PE=1 SV=1",0.821410929336938,9.81331877731358,1.25873629732766,0.22876499456256,0.442013754711311,-5.56573440059587
600,"O43772|MCAT_HUMAN","Mitochondrial carnitine/acylcarnitine carrier protein OS=Homo sapiens GN=SLC25A20 PE=1 SV=1",0.884235946933122,14.1540426410808,2.5230710482579,0.0243934166241394,0.199690280655636,-3.63642759353182
1020,"Q8NBN3|TM87A_HUMAN","Transmembrane protein 87A OS=Homo sapiens GN=TMEM87A PE=1 SV=3",1.474608225183,6.12887616966466,1.05858604204193,0.307758874732028,0.521219679614761,-5.78482444005911
302,"Q6ZMC9|SIG15_HUMAN","Sialic acid-binding Ig-like lectin 15 OS=Homo sapiens GN=SIGLEC15 PE=1 SV=1",1.08716286349886,13.7820564893133,1.7234491523124,0.106868451140358,0.3100022172766,-4.94927091431265
623,"O95870|ABHGA_HUMAN","Protein ABHD16A OS=Homo sapiens GN=ABHD16A PE=1 SV=3",2.64129180976699,9.05451220640128,2.1112757716798,0.0532614893759223,0.243950430045695,-4.3433733286938
151,"Q14108|SCRB2_HUMAN","Lysosome membrane protein 2 OS=Homo sapiens GN=SCARB2 PE=1 SV=2",0.817554353481267,16.629444301649,2.46583474872881,0.027241602720709,0.210534855286724,-3.7376931295415
842,"Q9H9S3|S61A2_HUMAN","Protein transport protein Sec61 subunit alpha isoform 2 OS=Homo sapiens GN=SEC61A2 PE=2 SV=3",2.07211593563762,9.83230975799523,1.10004463107845,0.289917250291508,0.508316481202276,-5.74201343067112
122,"P16615|AT2A2_HUMAN","Sarcoplasmic/endoplasmic reticulum calcium ATPase 2 OS=Homo sapiens GN=ATP2A2 PE=1 SV=1",0.515760602525093,15.7223535515719,2.01298734108116,0.0638123374309716,0.255903155075806,-4.50334136377707
143,"Q13423|NNTM_HUMAN","NAD(P) transhydrogenase, mitochondrial OS=Homo sapiens GN=NNT PE=1 SV=3",1.63709587989064,14.2407755322578,3.77572364559723,0.00205550879288519,0.0992900116911063,-1.3079395559981
852,"Q86WA9|S2611_HUMAN","Sodium-independent sulfate anion transporter OS=Homo sapiens GN=SLC26A11 PE=2 SV=2",0.377597584285397,10.3197782161753,0.785253286463352,0.445425705330383,0.638539301447814,-6.03091851538793
477,"Q8NF37|PCAT1_HUMAN","Lysophosphatidylcholine acyltransferase 1 OS=Homo sapiens GN=LPCAT1 PE=1 SV=2",0.805038868186513,11.590156755425,2.0602350727272,0.0585211956836372,0.245351951220741,-4.42693425900668
1228,"P32246|CCR1_HUMAN","C-C chemokine receptor type 1 OS=Homo sapiens GN=CCR1 PE=1 SV=1",1.21459541149169,9.52425074400136,1.93806816209325,0.0731054923097096,0.267321294349265,-4.6225344436338
558,"Q9UIA0|CYH4_HUMAN","Cytohesin-4 OS=Homo sapiens GN=CYTH4 PE=2 SV=1",0.554002121930186,12.3959930544936,1.17486613324231,0.259695740469997,0.474542709970669,-5.66130423801842
422,"Q92643|GPI8_HUMAN","GPI-anchor transamidase OS=Homo sapiens GN=PIGK PE=1 SV=2",1.112822711623,11.8591856262024,2.08842579493699,0.0555596852918244,0.243950430045695,-4.38090988138816
610,"Q9NZJ7|MTCH1_HUMAN","Mitochondrial carrier homolog 1 OS=Homo sapiens GN=MTCH1 PE=1 SV=1",0.93961861886174,12.0819091226072,2.25436396617289,0.0407640332055006,0.229892593356909,-4.10389172693751
848,"Q8ND76|CCNY_HUMAN","Cyclin-Y OS=Homo sapiens GN=CCNY PE=1 SV=2",0.834197527748788,10.1080920767833,1.47047919611324,0.163605543623744,0.369442599524349,-5.30202249834769
887,"Q8IXK2|GLT12_HUMAN","Polypeptide N-acetylgalactosaminyltransferase 12 OS=Homo sapiens GN=GALNT12 PE=1 SV=3",2.58467966395275,6.73571717459851,1.59813438032131,0.132390015974277,0.33984182494657,-5.12876770427447
605,"P47985|UCRI_HUMAN","Cytochrome b-c1 complex subunit Rieske, mitochondrial OS=Homo sapiens GN=UQCRFS1 PE=1 SV=2",0.937132179375579,13.5785141342002,4.22056767846034,0.000860438001123752,0.0592469570722579,-0.475473677604167
159,"P04839|CY24B_HUMAN","Cytochrome b-245 heavy chain OS=Homo sapiens GN=CYBB PE=1 SV=2",1.05815784924878,15.5079659175571,3.37913818150252,0.00451057039154461,0.123494020299375,-2.05603906062483
828,"Q5SRD1|TI23B_HUMAN","Putative mitochondrial import inner membrane translocase subunit Tim23B OS=Homo sapiens GN=TIMM23B PE=5 SV=2",1.02456628055639,10.6469358119477,1.8134131913583,0.0913144542053782,0.291399071127831,-4.81511480301494
828,"O14925|TIM23_HUMAN","Mitochondrial import inner membrane translocase subunit Tim23 OS=Homo sapiens GN=TIMM23 PE=1 SV=1",1.02456628055639,10.6469358119477,1.8134131913583,0.0913144542053782,0.291399071127831,-4.81511480301494
394,"Q96LZ7|RMD2_HUMAN","Regulator of microtubule dynamics protein 2 OS=Homo sapiens GN=RMDN2 PE=1 SV=2",1.09582581381873,11.9155055395293,2.58720142456962,0.0215420020326346,0.194398330497786,-3.52201795707318
467,"Q7Z4W1|DCXR_HUMAN","L-xylulose reductase OS=Homo sapiens GN=DCXR PE=1 SV=2",1.01924653242756,12.4813297648903,2.37593009711899,0.0323663602565624,0.216620640030366,-3.89499740360747
566,"Q9H0U3|MAGT1_HUMAN","Magnesium transporter protein 1 OS=Homo sapiens GN=MAGT1 PE=1 SV=1",1.15910278505164,13.615996647182,3.46702499104274,0.00378803178960692,0.113743332925765,-1.89026679428201
842,"P61619|S61A1_HUMAN","Protein transport protein Sec61 subunit alpha isoform 1 OS=Homo sapiens GN=SEC61A1 PE=1 SV=2",2.38848607300375,12.0207432018388,1.81704735579013,0.0927130001220528,0.291399071127831,-4.81453783733343
164,"P12236|ADT3_HUMAN","ADP/ATP translocase 3 OS=Homo sapiens GN=SLC25A6 PE=1 SV=4",0.568749373589403,14.6027516807999,2.10476481869021,0.0539072184874501,0.243950430045695,-4.35408994417154
280,"P46977|STT3A_HUMAN","Dolichyl-diphosphooligosaccharide--protein glycosyltransferase subunit STT3A OS=Homo sapiens GN=STT3A PE=1 SV=2",1.19424230270889,13.3427712647811,2.68570868224858,0.0177788797069604,0.190251117045409,-3.34451358505512
513,"P35610|SOAT1_HUMAN","Sterol O-acyltransferase 1 OS=Homo sapiens GN=SOAT1 PE=1 SV=3",0.75206480534213,12.4913597042925,2.32103614798731,0.0359327277723994,0.220652598771888,-3.98989737520754
144,"Q16720|AT2B3_HUMAN","Plasma membrane calcium-transporting ATPase 3 OS=Homo sapiens GN=ATP2B3 PE=1 SV=3",0.174549187384555,4.90558944760314,0.159833095571178,0.875301688796949,0.94892753211426,-6.33097385619723
144,"Q01814|AT2B2_HUMAN","Plasma membrane calcium-transporting ATPase 2 OS=Homo sapiens GN=ATP2B2 PE=1 SV=2",0.174549187384555,4.90558944760314,0.159833095571178,0.875301688796949,0.94892753211426,-6.33097385619723
311,"Q96S52|PIGS_HUMAN","GPI transamidase component PIG-S OS=Homo sapiens GN=PIGS PE=1 SV=3",0.902363562505412,12.9444624872151,2.61107156810588,0.0205650259149591,0.193624947385759,-3.47919371662445
375,"O15533|TPSN_HUMAN","Tapasin OS=Homo sapiens GN=TAPBP PE=1 SV=1",0.829660955309784,15.5328699285982,3.5234227876597,0.00338685434912421,0.113743332925765,-1.78382826776818
616,"Q9UHQ9|NB5R1_HUMAN","NADH-cytochrome b5 reductase 1 OS=Homo sapiens GN=CYB5R1 PE=1 SV=1",0.548424896596041,12.7406239953507,1.62059900642917,0.127460503316562,0.335484925100477,-5.09725248248926
499,"Q13505|MTX1_HUMAN","Metaxin-1 OS=Homo sapiens GN=MTX1 PE=1 SV=2",1.01013766355444,12.0475929158794,1.97423148717107,0.0684758571879122,0.262537479743663,-4.5653086714721
768,"Q8WWI5|CTL1_HUMAN","Choline transporter-like protein 1 OS=Homo sapiens GN=SLC44A1 PE=1 SV=1",0.779819694994373,10.3731283046345,1.19067585348262,0.253630362510703,0.468078625829554,-5.64369499930434
364,"Q15286|RAB35_HUMAN","Ras-related protein Rab-35 OS=Homo sapiens GN=RAB35 PE=1 SV=1",0.641393194948229,13.6248326855482,2.68153452728391,0.017924531301868,0.190251117045409,-3.35207541944124
184,"P26010|ITB7_HUMAN","Integrin beta-7 OS=Homo sapiens GN=ITGB7 PE=1 SV=1",0.286359736123403,14.7407875439355,0.589737966508642,0.564788170891951,0.732596047424867,-6.16580386014413
880,"Q9UBG0|MRC2_HUMAN","C-type mannose receptor 2 OS=Homo sapiens GN=MRC2 PE=1 SV=2",0.373696609513548,10.0382064553516,0.616919334906599,0.547216396270379,0.720328692246909,-6.1492079797746
86,"P13762|DRB4_HUMAN","HLA class II histocompatibility antigen, DR beta 4 chain OS=Homo sapiens GN=HLA-DRB4 PE=1 SV=2",0.298284683404068,12.6164187150357,0.0987027398676538,0.923123815232464,0.973056943539108,-6.33909094509518
1070,"Q96ER9|CCD51_HUMAN","Coiled-coil domain-containing protein 51 OS=Homo sapiens GN=CCDC51 PE=1 SV=2",0.262351402058411,6.03114103177272,0.168513604491788,0.868595919094751,0.947016747904091,-6.32949582293445
711,"Q9H061|T126A_HUMAN","Transmembrane protein 126A OS=Homo sapiens GN=TMEM126A PE=1 SV=1",0.766200402080786,11.855125907236,1.83051963575103,0.0885959216147536,0.288651228486778,-4.78913382585573
174,"O14672|ADA10_HUMAN","Disintegrin and metalloproteinase domain-containing protein 10 OS=Homo sapiens GN=ADAM10 PE=1 SV=1",0.459884730803715,15.5660635128527,1.56719046878927,0.139447764969154,0.342690882110769,-5.17168666177133
358,"O75558|STX11_HUMAN","Syntaxin-11 OS=Homo sapiens GN=STX11 PE=1 SV=1",1.12026006937371,14.3261726309277,3.03722624812381,0.00889434362329321,0.161993701073422,-2.69757866500538
501,"Q9H9B4|SFXN1_HUMAN","Sideroflexin-1 OS=Homo sapiens GN=SFXN1 PE=1 SV=4",1.26942886096136,11.0975588197268,2.09284529881035,0.0551081532674238,0.243950430045695,-4.37366578984252
290,"A1L0T0|ILVBL_HUMAN","Acetolactate synthase-like protein OS=Homo sapiens GN=ILVBL PE=1 SV=2",2.3949365915059,11.2706603178745,2.0506094716428,0.0595652511065176,0.247853910034985,-4.44257542305457
1077,"P54852|EMP3_HUMAN","Epithelial membrane protein 3 OS=Homo sapiens GN=EMP3 PE=1 SV=1",2.29650121266439,6.5415304075368,1.54154861925103,0.14553739659479,0.351854385797983,-5.2068120392155
873,"Q8NBJ9|SIDT2_HUMAN","SID1 transmembrane family member 2 OS=Homo sapiens GN=SIDT2 PE=1 SV=2",3.52086836284668,5.87505059046437,2.96451215441681,0.0102716492555059,0.169636669968539,-2.83278903820425
982,"Q96QD8|S38A2_HUMAN","Sodium-coupled neutral amino acid transporter 2 OS=Homo sapiens GN=SLC38A2 PE=1 SV=2",-2.46682791553038,6.61089149077079,-1.84393200964096,0.086515286335919,0.285254481324324,-4.76866131744319
645,"Q9NZ01|TECR_HUMAN","Very-long-chain enoyl-CoA reductase OS=Homo sapiens GN=TECR PE=1 SV=1",0.405499368242477,13.112271787538,0.663041450566325,0.518101005699828,0.697709354342435,-6.1194352581037
482,"Q3T906|GNPTA_HUMAN","N-acetylglucosamine-1-phosphotransferase subunits alpha/beta OS=Homo sapiens GN=GNPTAB PE=1 SV=1",0.658984294840462,11.2348583613417,1.59526108880587,0.133032191242853,0.33984182494657,-5.13277707507619
294,"O94973|AP2A2_HUMAN","AP-2 complex subunit alpha-2 OS=Homo sapiens GN=AP2A2 PE=1 SV=2",3.44045278462744,10.0089657470607,2.63782248121473,0.0195210067230895,0.191927774065066,-3.43105479404942
149,"P50416|CPT1A_HUMAN","Carnitine O-palmitoyltransferase 1, liver isoform OS=Homo sapiens GN=CPT1A PE=1 SV=2",0.86375333432866,14.8516756043115,2.00888763093001,0.0642915439305731,0.255903155075806,-4.50992706407231
356,"Q9H3U1|UN45A_HUMAN","Protein unc-45 homolog A OS=Homo sapiens GN=UNC45A PE=1 SV=1",0.916915505520572,11.4942790183897,2.12915796110198,0.0515246932827774,0.243950430045695,-4.31385613924275
719,"Q99735|MGST2_HUMAN","Microsomal glutathione S-transferase 2 OS=Homo sapiens GN=MGST2 PE=1 SV=1",0.497663355137146,13.6425662934342,1.40018587879727,0.18328505791426,0.391595575659122,-5.3929787716737
283,"P49257|LMAN1_HUMAN","Protein ERGIC-53 OS=Homo sapiens GN=LMAN1 PE=1 SV=2",0.76382840760264,14.0752030627992,2.74633903682307,0.0157886027108306,0.184179486480602,-3.23430560215338
593,"P28067|DMA_HUMAN","HLA class II histocompatibility antigen, DM alpha chain OS=Homo sapiens GN=HLA-DMA PE=1 SV=1",0.833295967313495,13.3897728813822,2.58635796027907,0.021577330678257,0.194398330497786,-3.52352886580352
4,"Q9NZM1|MYOF_HUMAN","Myoferlin OS=Homo sapiens GN=MYOF PE=1 SV=1",0.699615063687421,17.9995879460103,2.39886565878918,0.0309780628805536,0.215103924126844,-3.85508239621902
209,"P61421|VA0D1_HUMAN","V-type proton ATPase subunit d 1 OS=Homo sapiens GN=ATP6V0D1 PE=1 SV=1",0.813266786372058,16.0978888411986,2.20186198582355,0.0449914105078127,0.239978779416358,-4.19261542446927
31,"Q07954|LRP1_HUMAN","Prolow-density lipoprotein receptor-related protein 1 OS=Homo sapiens GN=LRP1 PE=1 SV=2",0.584122423000792,17.2285625709982,2.06904831210489,0.0575800606930122,0.245101331149182,-4.41258005921797
117,"Q9Y4D7|PLXD1_HUMAN","Plexin-D1 OS=Homo sapiens GN=PLXND1 PE=1 SV=3",0.896565176717786,14.7678952581382,3.36872664523016,0.00460485817461252,0.123494020299375,-2.07566492070954
807,"P37268|FDFT_HUMAN","Squalene synthase OS=Homo sapiens GN=FDFT1 PE=1 SV=1",1.02710589316802,9.88084090472138,1.89733975624317,0.0786581916281563,0.276405304863838,-4.68627101458974
713,"Q9BQA9|CQ062_HUMAN","Uncharacterized protein C17orf62 OS=Homo sapiens GN=C17orf62 PE=1 SV=1",0.570714179748547,11.8493388532925,0.689550438521939,0.501776773965767,0.687092458974992,-6.10141353449908
641,"P10301|RRAS_HUMAN","Ras-related protein R-Ras OS=Homo sapiens GN=RRAS PE=1 SV=1",0.76288503408365,12.1679903726389,2.38370549284963,0.0318892186643643,0.216030011805541,-3.88148282978172
389,"P11279|LAMP1_HUMAN","Lysosome-associated membrane glycoprotein 1 OS=Homo sapiens GN=LAMP1 PE=1 SV=3",0.614765518782651,17.3491007263206,2.75301804623577,0.0155830969085405,0.184178943248814,-3.22212424002601
678,"P26572|MGAT1_HUMAN","Alpha-1,3-mannosyl-glycoprotein 2-beta-N-acetylglucosaminyltransferase OS=Homo sapiens GN=MGAT1 PE=1 SV=2",1.22176681002437,10.9139085491956,2.27498806529182,0.0392077872253278,0.228790411266469,-4.0687833298975
787,"P01909|DQA1_HUMAN","HLA class II histocompatibility antigen, DQ alpha 1 chain OS=Homo sapiens GN=HLA-DQA1 PE=1 SV=1",0.567984549582949,11.8811570302182,1.36260128281512,0.194582814774433,0.402572639132952,-5.44024965636782
425,"Q9H553|ALG2_HUMAN","Alpha-1,3/1,6-mannosyltransferase ALG2 OS=Homo sapiens GN=ALG2 PE=1 SV=1",4.76428641369242,11.3197425742083,2.89262936891032,0.0127736875346604,0.170982733144671,-3.00934653662646
73,"Q5JPE7|NOMO2_HUMAN","Nodal modulator 2 OS=Homo sapiens GN=NOMO2 PE=1 SV=1",0.656010599877051,15.456385081615,2.14471175287233,0.0500569265434001,0.242852599955098,-4.28808318130221
73,"P69849|NOMO3_HUMAN","Nodal modulator 3 OS=Homo sapiens GN=NOMO3 PE=3 SV=2",0.656010599877051,15.456385081615,2.14471175287233,0.0500569265434001,0.242852599955098,-4.28808318130221
85,"Q95IE3|2B1C_HUMAN","HLA class II histocompatibility antigen, DRB1-12 beta chain OS=Homo sapiens GN=HLA-DRB1 PE=1 SV=1",0.18928715608378,7.91256975296966,0.0693401286954175,0.945702155186029,0.981390624976304,-6.34173757989716
73,"Q15155|NOMO1_HUMAN","Nodal modulator 1 OS=Homo sapiens GN=NOMO1 PE=1 SV=5",0.655726959510575,15.4526264485585,2.15138982130051,0.0494387380149838,0.242852599955098,-4.27698955401004
585,"O75509|TNR21_HUMAN","Tumor necrosis factor receptor superfamily member 21 OS=Homo sapiens GN=TNFRSF21 PE=1 SV=1",0.875401176289881,12.3347670272152,1.29103965791372,0.217656412841124,0.42723723439309,-5.52753429219201
672,"Q9BQ51|PD1L2_HUMAN","Programmed cell death 1 ligand 2 OS=Homo sapiens GN=PDCD1LG2 PE=1 SV=2",0.469866750476431,13.0321671989629,1.6753989948234,0.116096009339451,0.320056244109504,-5.01914663331117
94,"P33121|ACSL1_HUMAN","Long-chain-fatty-acid--CoA ligase 1 OS=Homo sapiens GN=ACSL1 PE=1 SV=1",0.658699295352136,16.700892968135,2.24117622092623,0.0417893783608774,0.231618365759798,-4.12626673356935
212,"P07948|LYN_HUMAN","Tyrosine-protein kinase Lyn OS=Homo sapiens GN=LYN PE=1 SV=3",0.922800424600442,14.7045906302864,2.67669178938,0.0180949635607486,0.190251117045409,-3.36084417822528
797,"Q969P0|IGSF8_HUMAN","Immunoglobulin superfamily member 8 OS=Homo sapiens GN=IGSF8 PE=1 SV=1",0.505414040026835,9.89170069558024,0.873153764755015,0.397347455665903,0.597796315112497,-5.95884528385783
424,"P15260|INGR1_HUMAN","Interferon gamma receptor 1 OS=Homo sapiens GN=IFNGR1 PE=1 SV=1",0.623966440361531,13.2344844916249,1.3120948269164,0.210650477139616,0.422172549595265,-5.50222974117174
1157,"P20273|CD22_HUMAN","B-cell receptor CD22 OS=Homo sapiens GN=CD22 PE=1 SV=2",0.798695357993228,5.63101296085468,0.550259743452223,0.590836071963009,0.750193001086746,-6.18864007917945
568,"O94886|CSCL1_HUMAN","CSC1-like protein 1 OS=Homo sapiens GN=TMEM63A PE=1 SV=3",-0.0786786320109965,12.2240414453501,-0.118297563847162,0.907516885197662,0.9676010467694,-6.33696769992356
519,"Q6P4Q7|CNNM4_HUMAN","Metal transporter CNNM4 OS=Homo sapiens GN=CNNM4 PE=1 SV=3",1.43174337791009,10.362515505962,2.37701816283443,0.0322991848058757,0.216620640030366,-3.89310727475061
824,"Q9P035|HACD3_HUMAN","Very-long-chain (3R)-3-hydroxyacyl-CoA dehydratase 3 OS=Homo sapiens GN=HACD3 PE=1 SV=2",0.822360954424258,12.7579012309865,2.47602584820076,0.0267121914414657,0.208994680925834,-3.71972364749834
346,"P61018|RAB4B_HUMAN","Ras-related protein Rab-4B OS=Homo sapiens GN=RAB4B PE=1 SV=1",0.936698203517947,13.2820969262886,1.45087481221893,0.168908443811625,0.375061389384272,-5.32771736357448
333,"P18433|PTPRA_HUMAN","Receptor-type tyrosine-protein phosphatase alpha OS=Homo sapiens GN=PTPRA PE=1 SV=2",0.949033847622124,12.7406385877834,2.86771376443047,0.012435710232295,0.170982733144671,-3.01179056515974
303,"P32418|NAC1_HUMAN","Sodium/calcium exchanger 1 OS=Homo sapiens GN=SLC8A1 PE=1 SV=3",0.654101662003908,14.4120582828114,3.3287497250067,0.00498560793158937,0.128814195627809,-2.15098880423335
313,"Q7Z2K6|ERMP1_HUMAN","Endoplasmic reticulum metallopeptidase 1 OS=Homo sapiens GN=ERMP1 PE=1 SV=2",0.868364843326267,13.942357984102,2.65611713302178,0.0188367442619217,0.190251117045409,-3.39804686723078
380,"Q8TCJ2|STT3B_HUMAN","Dolichyl-diphosphooligosaccharide--protein glycosyltransferase subunit STT3B OS=Homo sapiens GN=STT3B PE=1 SV=1",0.942557716356635,13.1224813786166,2.58469567206436,0.0216471195709413,0.194398330497786,-3.52650607769325
651,"Q9BUR5|MIC26_HUMAN","MICOS complex subunit MIC26 OS=Homo sapiens GN=APOO PE=1 SV=1",0.232937332992623,13.0583663985261,0.560300567853336,0.58415309297549,0.744259273274965,-6.18297501899716
190,"P09769|FGR_HUMAN","Tyrosine-protein kinase Fgr OS=Homo sapiens GN=FGR PE=1 SV=2",0.589535600435573,15.0894517010612,2.08566472592518,0.0558435105446855,0.243950430045695,-4.38543167454515
1120,"P03928|ATP8_HUMAN","ATP synthase protein 8 OS=Homo sapiens GN=MT-ATP8 PE=1 SV=1",0.578522997544384,10.9778514346605,0.929369707020934,0.368486897475352,0.578024162137225,-5.90917835782417
498,"Q15363|TMED2_HUMAN","Transmembrane emp24 domain-containing protein 2 OS=Homo sapiens GN=TMED2 PE=1 SV=1",0.971120358921622,13.3498395299103,2.38646069397804,0.0317217534976769,0.216030011805541,-3.87668974596562
1099,"Q10469|MGAT2_HUMAN","Alpha-1,6-mannosyl-glycoprotein 2-beta-N-acetylglucosaminyltransferase OS=Homo sapiens GN=MGAT2 PE=1 SV=1",2.73484435253998,5.50989925363614,2.13966634209223,0.05052873655565,0.243019161529555,-4.29645354468702
262,"Q9UJS0|CMC2_HUMAN","Calcium-binding mitochondrial carrier protein Aralar2 OS=Homo sapiens GN=SLC25A13 PE=1 SV=2",1.22106626274683,13.0946648883816,2.32579866283209,0.0356091543230051,0.220652598771888,-3.98170034862979
788,"Q658P3|STEA3_HUMAN","Metalloreductase STEAP3 OS=Homo sapiens GN=STEAP3 PE=1 SV=2",0.435149203672623,10.6896944841072,1.06605543740384,0.304486049805538,0.519130624452515,-5.77721373185039
291,"P20336|RAB3A_HUMAN","Ras-related protein Rab-3A OS=Homo sapiens GN=RAB3A PE=1 SV=1",0.569798199738385,12.4602837638621,1.61077624816957,0.129596144498906,0.337192778778184,-5.11106922364705
1012,"O60427|FADS1_HUMAN","Fatty acid desaturase 1 OS=Homo sapiens GN=FADS1 PE=1 SV=3",0.138727826845517,5.78055744085988,0.108145280763934,0.915419136847922,0.971375989530126,-6.33816108540391
415,"P01920|DQB1_HUMAN","HLA class II histocompatibility antigen, DQ beta 1 chain OS=Homo sapiens GN=HLA-DQB1 PE=1 SV=2",0.674665084507765,14.4714413614718,1.70904421588524,0.109564815380217,0.310507471911623,-4.97035231496205
707,"Q96RD7|PANX1_HUMAN","Pannexin-1 OS=Homo sapiens GN=PANX1 PE=1 SV=4",0.963438961050638,10.0623229256294,1.74332614233383,0.103243674467205,0.305536985413874,-4.91999689369235
733,"Q7LGA3|HS2ST_HUMAN","Heparan sulfate 2-O-sulfotransferase 1 OS=Homo sapiens GN=HS2ST1 PE=1 SV=1",1.88336091588782,9.6569369158472,1.77251014848676,0.0981182226523246,0.3003012269056,-4.87663475468399
837,"Q9H2V7|SPNS1_HUMAN","Protein spinster homolog 1 OS=Homo sapiens GN=SPNS1 PE=1 SV=1",1.3392899872632,6.14165030324601,0.959737332080721,0.353512987160011,0.565926410280652,-5.88121479388291
867,"Q9P003|CNIH4_HUMAN","Protein cornichon homolog 4 OS=Homo sapiens GN=CNIH4 PE=1 SV=1",0.676729127515465,13.1970198915445,2.68639071368472,0.0177551905782932,0.190251117045409,-3.34327770516999
371,"P28845|DHI1_HUMAN","Corticosteroid 11-beta-dehydrogenase isozyme 1 OS=Homo sapiens GN=HSD11B1 PE=1 SV=3",0.872682298100012,15.1183627147414,2.87712842030881,0.0122069484514067,0.170982733144671,-2.99443613032428
331,"P51648|AL3A2_HUMAN","Fatty aldehyde dehydrogenase OS=Homo sapiens GN=ALDH3A2 PE=1 SV=1",0.567417424947042,13.7563763362864,1.46778134221986,0.164326942372074,0.370318930984532,-5.30557332073067
315,"Q9BX59|TPSNR_HUMAN","Tapasin-related protein OS=Homo sapiens GN=TAPBPL PE=1 SV=2",1.46302412599547,12.3983137021833,2.72099133332883,0.0165928135047314,0.190047585605738,-3.28046294263504
216,"Q9UGP8|SEC63_HUMAN","Translocation protein SEC63 homolog OS=Homo sapiens GN=SEC63 PE=1 SV=2",0.987106605040374,13.4967878376837,2.54594667173184,0.0233369646639851,0.199690280655636,-3.59572790460136
244,"P28907|CD38_HUMAN","ADP-ribosyl cyclase/cyclic ADP-ribose hydrolase 1 OS=Homo sapiens GN=CD38 PE=1 SV=2",0.314819271529899,15.0291318681149,0.827795368994356,0.421710067426206,0.617285750870244,-5.99689837419692
225,"P23469|PTPRE_HUMAN","Receptor-type tyrosine-protein phosphatase epsilon OS=Homo sapiens GN=PTPRE PE=1 SV=1",0.994159326594616,14.2041898266137,3.25284038758244,0.00579740538037854,0.13144729342042,-2.29383580361143
668,"Q9HD45|TM9S3_HUMAN","Transmembrane 9 superfamily member 3 OS=Homo sapiens GN=TM9SF3 PE=1 SV=2",0.975818221846808,11.9799948978824,2.78401475706817,0.0146630059075948,0.179017577619097,-3.16549074159542
402,"Q9HD20|AT131_HUMAN","Manganese-transporting ATPase 13A1 OS=Homo sapiens GN=ATP13A1 PE=1 SV=2",3.35456273417221,10.5155781389428,2.40679549051374,0.0305113829708299,0.215103924126844,-3.84124697778823
495,"Q9Y6C9|MTCH2_HUMAN","Mitochondrial carrier homolog 2 OS=Homo sapiens GN=MTCH2 PE=1 SV=1",1.6345482097369,12.1812310431918,2.10424353490063,0.0539592293112371,0.243950430045695,-4.35494723052255
753,"Q96J02|ITCH_HUMAN","E3 ubiquitin-protein ligase Itchy homolog OS=Homo sapiens GN=ITCH PE=1 SV=2",1.39690385264878,7.5658405323814,0.943368531007602,0.361530498755084,0.572362234322321,-5.89638561867537
846,"Q3ZAQ7|VMA21_HUMAN","Vacuolar ATPase assembly integral membrane protein VMA21 OS=Homo sapiens GN=VMA21 PE=1 SV=1",0.444807413681898,13.4037371524932,1.68691007638849,0.113824199905198,0.316939062893921,-5.00252333750714
841,"Q96ND0|F210A_HUMAN","Protein FAM210A OS=Homo sapiens GN=FAM210A PE=1 SV=2",3.67445365727943,7.78807484796369,3.10934250972052,0.00770909750910663,0.152942988082455,-2.56295023035591
67,"P04844|RPN2_HUMAN","Dolichyl-diphosphooligosaccharide--protein glycosyltransferase subunit 2 OS=Homo sapiens GN=RPN2 PE=1 SV=3",0.708481085581909,17.2546650840792,2.64395141484695,0.0192891320457353,0.191341300917964,-3.42000441355667
230,"Q9BRQ8|AIFM2_HUMAN","Apoptosis-inducing factor 2 OS=Homo sapiens GN=AIFM2 PE=1 SV=1",-0.543838012763704,12.7514481558001,-0.753132651050221,0.463880437803076,0.650667109526469,-6.0555183316818
764,"O95169|NDUB8_HUMAN","NADH dehydrogenase [ubiquinone] 1 beta subcomplex subunit 8, mitochondrial OS=Homo sapiens GN=NDUFB8 PE=1 SV=1",0.489223524813644,10.2060850362548,0.902127209565968,0.382287949620099,0.585823326935076,-5.93359012549477
532,"P06213|INSR_HUMAN","Insulin receptor OS=Homo sapiens GN=INSR PE=1 SV=4",0.33597472464385,7.92536954506118,0.222554888290169,0.827104551632632,0.923530810918446,-6.31854614031176
547,"O15431|COPT1_HUMAN","High affinity copper uptake protein 1 OS=Homo sapiens GN=SLC31A1 PE=1 SV=1",0.625654987001539,15.8753836675825,3.01609601395661,0.00927459939777065,0.163556824300368,-2.73692921229346
200,"Q03518|TAP1_HUMAN","Antigen peptide transporter 1 OS=Homo sapiens GN=TAP1 PE=1 SV=2",0.864674757743442,14.9356219684316,2.64996981184826,0.0190640354371728,0.19081210243873,-3.40914577516871
288,"Q7Z5R6|AB1IP_HUMAN","Amyloid beta A4 precursor protein-binding family B member 1-interacting protein OS=Homo sapiens GN=APBB1IP PE=1 SV=1",0.526722640000456,13.6505738081099,2.08985514963892,0.0554132782599,0.243950430045695,-4.37856784470608
450,"Q9Y666|S12A7_HUMAN","Solute carrier family 12 member 7 OS=Homo sapiens GN=SLC12A7 PE=1 SV=3",0.269957521502581,11.8647399349012,0.812175849863688,0.430320529365831,0.624949160948286,-6.00957822939361
595,"Q8NBZ7|UXS1_HUMAN","UDP-glucuronic acid decarboxylase 1 OS=Homo sapiens GN=UXS1 PE=1 SV=1",1.86666483656107,12.6868917522418,1.24729160034148,0.234878808523168,0.44712454188208,-5.57796268577688
297,"Q53EU6|GPAT3_HUMAN","Glycerol-3-phosphate acyltransferase 3 OS=Homo sapiens GN=GPAT3 PE=1 SV=2",0.474919368906365,14.0022783647472,1.03425551637594,0.318598587379556,0.530679206264898,-5.80930016923962
1117,"Q96T83|SL9A7_HUMAN","Sodium/hydrogen exchanger 7 OS=Homo sapiens GN=SLC9A7 PE=1 SV=1",0.541444953107917,7.10324874732304,0.354361476395068,0.728362599159504,0.85180089228022,-6.27928852847077
933,"P08637|FCG3A_HUMAN","Low affinity immunoglobulin gamma Fc region receptor III-A OS=Homo sapiens GN=FCGR3A PE=1 SV=2",0.579442468722968,14.6144607828548,2.82675274260109,0.0134808936233917,0.176203209595155,-3.08714460704821
804,"Q12912|LRMP_HUMAN","Lymphoid-restricted membrane protein OS=Homo sapiens GN=LRMP PE=1 SV=3",-3.66688417417772,10.9474903289213,-2.07788318573795,0.0584470601136115,0.245351951220741,-4.4088576797012
423,"Q8NET5|NFAM1_HUMAN","NFAT activation molecule 1 OS=Homo sapiens GN=NFAM1 PE=1 SV=1",0.710922570633862,13.3893810791003,2.00469406519096,0.0647851273602737,0.255903155075806,-4.51665610773628
665,"Q15629|TRAM1_HUMAN","Translocating chain-associated membrane protein 1 OS=Homo sapiens GN=TRAM1 PE=1 SV=3",0.695676773807168,13.0701944430616,2.22860396157832,0.0427893609860644,0.23418216776117,-4.14754247502059
179,"Q92637|FCGRB_HUMAN","High affinity immunoglobulin gamma Fc receptor IB OS=Homo sapiens GN=FCGR1B PE=2 SV=1",0.580089888536055,16.3733292005939,1.84052355164169,0.087039846236675,0.285254481324324,-4.77387238853755
419,"Q9P2W9|STX18_HUMAN","Syntaxin-18 OS=Homo sapiens GN=STX18 PE=1 SV=1",0.388171881478479,12.8677914330283,1.49631366019057,0.156830803138661,0.36106709915159,-5.26778275852353
691,"Q9NVV0|TM38B_HUMAN","Trimeric intracellular cation channel type B OS=Homo sapiens GN=TMEM38B PE=1 SV=1",0.649365604174902,11.4314305767871,1.3962148417043,0.184452705647063,0.392400597565195,-5.39801874024959
838,"Q04941|PLP2_HUMAN","Proteolipid protein 2 OS=Homo sapiens GN=PLP2 PE=1 SV=1",0.524187791179408,13.6426615104553,2.01983103635188,0.0630196761301722,0.254599491565896,-4.49233186055233
135,"P05141|ADT2_HUMAN","ADP/ATP translocase 2 OS=Homo sapiens GN=SLC25A5 PE=1 SV=7",0.569571327137087,17.0477402124989,1.90455929395467,0.0776469401964825,0.273859525581879,-4.67502924134101
248,"Q14344|GNA13_HUMAN","Guanine nucleotide-binding protein subunit alpha-13 OS=Homo sapiens GN=GNA13 PE=1 SV=2",0.618138632376825,15.8023353402212,2.76537939373619,0.0152096084032434,0.181697579957026,-3.19955874431968
171,"P21964|COMT_HUMAN","Catechol O-methyltransferase OS=Homo sapiens GN=COMT PE=1 SV=2",0.631813000009819,15.3411010578633,2.21366316912817,0.0440068891298167,0.237338125355468,-4.17275561241389
468,"O15118|NPC1_HUMAN","Niemann-Pick C1 protein OS=Homo sapiens GN=NPC1 PE=1 SV=2",0.529520888059066,13.4349099977599,1.94962851672722,0.0715954937145073,0.266921454754421,-4.60430482324317
1176,"Q96AA3|RFT1_HUMAN","Protein RFT1 homolog OS=Homo sapiens GN=RFT1 PE=1 SV=1",2.24803378359148,5.46777635745566,1.50031350055654,0.155803277181454,0.36106709915159,-5.2624434166045
9,"P20702|ITAX_HUMAN","Integrin alpha-X OS=Homo sapiens GN=ITGAX PE=1 SV=3",0.533135214348103,19.9991353483294,2.80345870518245,0.0141131403035538,0.178178396332367,-3.12988298961338
447,"P20333|TNR1B_HUMAN","Tumor necrosis factor receptor superfamily member 1B OS=Homo sapiens GN=TNFRSF1B PE=1 SV=3",0.341330486969699,11.9029895302352,0.41073423890242,0.68750120743245,0.826638356555684,-6.2571186002637
453,"Q14318|FKBP8_HUMAN","Peptidyl-prolyl cis-trans isomerase FKBP8 OS=Homo sapiens GN=FKBP8 PE=1 SV=2",0.335575850289706,15.1555738895087,0.554653701363073,0.587906732226791,0.747509359575954,-6.18617304078207
548,"Q8NE86|MCU_HUMAN","Calcium uniporter protein, mitochondrial OS=Homo sapiens GN=MCU PE=1 SV=1",1.40935184193715,10.7869583667472,1.68025430748277,0.115132992851288,0.318984426578007,-5.0121440557351
793,"Q08334|I10R2_HUMAN","Interleukin-10 receptor subunit beta OS=Homo sapiens GN=IL10RB PE=1 SV=2",0.31592685545294,11.9474513570762,0.679046995186805,0.508208447696509,0.690243991920319,-6.10863308533883
210,"Q53GQ0|DHB12_HUMAN","Very-long-chain 3-oxoacyl-CoA reductase OS=Homo sapiens GN=HSD17B12 PE=1 SV=2",0.441416597130171,16.8953411558925,1.70995632035975,0.109392331101585,0.310507471911623,-4.96902082204112
808,"O15258|RER1_HUMAN","Protein RER1 OS=Homo sapiens GN=RER1 PE=1 SV=1",0.509645483770948,13.8091767560486,1.90589580704291,0.0774610260563144,0.273859525581879,-4.67294543286813
397,"O75477|ERLN1_HUMAN","Erlin-1 OS=Homo sapiens GN=ERLIN1 PE=1 SV=1",1.57532182080194,12.2394701669515,2.25531001445794,0.0406913938858761,0.229892593356909,-4.10228436340524
634,"Q8N2F6|ARM10_HUMAN","Armadillo repeat-containing protein 10 OS=Homo sapiens GN=ARMC10 PE=1 SV=1",0.621357425683115,12.20523761258,1.86606320821357,0.0831776931321397,0.284925689307832,-4.73468722338969
324,"Q14956|GPNMB_HUMAN","Transmembrane glycoprotein NMB OS=Homo sapiens GN=GPNMB PE=1 SV=2",0.704676324695352,16.2274291894758,2.43627728141634,0.0288343923434708,0.212152383401298,-3.78965500518385
738,"P15151|PVR_HUMAN","Poliovirus receptor OS=Homo sapiens GN=PVR PE=1 SV=2",0.375657330055883,11.5151914061634,0.480673002200514,0.638193242641569,0.786366253625124,-6.22519558676616
132,"P45880|VDAC2_HUMAN","Voltage-dependent anion-selective channel protein 2 OS=Homo sapiens GN=VDAC2 PE=1 SV=2",0.441102917488983,17.2138633644547,1.93405746522711,0.0736360802192545,0.267987119502269,-4.62884477519209
170,"P39656|OST48_HUMAN","Dolichyl-diphosphooligosaccharide--protein glycosyltransferase 48 kDa subunit OS=Homo sapiens GN=DDOST PE=1 SV=4",0.575416201056232,17.0250555799394,2.23972150854741,0.0419039527612236,0.231618365759798,-4.12873127021617
1168,"Q9Y282|ERGI3_HUMAN","Endoplasmic reticulum-Golgi intermediate compartment protein 3 OS=Homo sapiens GN=ERGIC3 PE=1 SV=1",2.10874777116619,5.41754582907865,1.38790162896771,0.186916916518247,0.394687746718135,-5.40853507395665
8,"Q13740|CD166_HUMAN","CD166 antigen OS=Homo sapiens GN=ALCAM PE=1 SV=2",-0.160670745882786,20.6819034122121,-0.378668598751441,0.710629488033146,0.840798041751677,-6.27012134579398
777,"Q9NX62|IMPA3_HUMAN","Inositol monophosphatase 3 OS=Homo sapiens GN=IMPAD1 PE=1 SV=1",0.665920224910787,11.6524521307098,1.91489507621252,0.0762196316857254,0.272215917625259,-4.65889262967497
366,"P12318|FCG2A_HUMAN","Low affinity immunoglobulin gamma Fc region receptor II-a OS=Homo sapiens GN=FCGR2A PE=1 SV=4",0.61258421236689,15.3657294987187,1.33749498897702,0.20244105910894,0.411608464553577,-5.47128326698561
146,"O95782|AP2A1_HUMAN","AP-2 complex subunit alpha-1 OS=Homo sapiens GN=AP2A1 PE=1 SV=3",0.769238255991612,14.0375203474539,1.61956416489941,0.127684056011615,0.335484925100477,-5.09871076039894
326,"O14828|SCAM3_HUMAN","Secretory carrier-associated membrane protein 3 OS=Homo sapiens GN=SCAMP3 PE=1 SV=3",0.50477693444453,15.8737877026861,2.04694374078511,0.0599673464479771,0.248595977252621,-4.4485220800605
295,"Q03519|TAP2_HUMAN","Antigen peptide transporter 2 OS=Homo sapiens GN=TAP2 PE=1 SV=1",0.663524762151862,13.2429409280043,1.29181552386851,0.217394987034949,0.42723723439309,-5.52660748941638
240,"O95202|LETM1_HUMAN","LETM1 and EF-hand domain-containing protein 1, mitochondrial OS=Homo sapiens GN=LETM1 PE=1 SV=1",0.725311678994185,15.1426237125928,3.27224145143109,0.00557814607168584,0.13144729342042,-2.25735260937654
187,"O60641|AP180_HUMAN","Clathrin coat assembly protein AP180 OS=Homo sapiens GN=SNAP91 PE=1 SV=2",0.407637901470505,11.6725351629155,1.30637795658412,0.212534591986857,0.423924473424413,-5.50913179614363
156,"P51148|RAB5C_HUMAN","Ras-related protein Rab-5C OS=Homo sapiens GN=RAB5C PE=1 SV=2",0.376120318964869,17.5413513822352,1.65652204412614,0.119907115345667,0.323164706056038,-5.04624566841538
291,"P20337|RAB3B_HUMAN","Ras-related protein Rab-3B OS=Homo sapiens GN=RAB3B PE=1 SV=2",0.474948356964209,12.0411731718514,1.22718942100679,0.240041209011739,0.450049387308801,-5.60230063889849
291,"Q96E17|RAB3C_HUMAN","Ras-related protein Rab-3C OS=Homo sapiens GN=RAB3C PE=2 SV=1",0.474948356964209,12.0411731718514,1.22718942100679,0.240041209011739,0.450049387308801,-5.60230063889849
291,"O95716|RAB3D_HUMAN","Ras-related protein Rab-3D OS=Homo sapiens GN=RAB3D PE=1 SV=1",0.594927159598507,13.0859149019098,1.74022267715791,0.103802387587948,0.305536985413874,-4.92458152258591
76,"P15144|AMPN_HUMAN","Aminopeptidase N OS=Homo sapiens GN=ANPEP PE=1 SV=4",0.504235755060048,17.2129227013276,0.869259679111279,0.399401408788625,0.598832611557574,-5.9621835763987
969,"Q7Z2H8|S36A1_HUMAN","Proton-coupled amino acid transporter 1 OS=Homo sapiens GN=SLC36A1 PE=1 SV=1",0.499438793644218,10.8570071176645,1.31211117621557,0.210645108173456,0.422172549595265,-5.50220996901205
996,"Q92968|PEX13_HUMAN","Peroxisomal membrane protein PEX13 OS=Homo sapiens GN=PEX13 PE=1 SV=2",0.91404174217435,5.82085221611059,0.74484997771444,0.468714960705028,0.654198896159907,-6.06170863183114
712,"Q9H7M9|GI24_HUMAN","Platelet receptor Gi24 OS=Homo sapiens GN=C10orf54 PE=1 SV=3",0.571789611975104,12.4333637267041,1.38343068331726,0.188253320115317,0.396116361075979,-5.41417142734946
682,"O14735|CDIPT_HUMAN","CDP-diacylglycerol--inositol 3-phosphatidyltransferase OS=Homo sapiens GN=CDIPT PE=1 SV=1",0.516592840889484,12.1718313090512,1.40497285409236,0.181885577809378,0.390105940050616,-5.38688905512985
1050,"Q8IYB5|SMAP1_HUMAN","Stromal membrane-associated protein 1 OS=Homo sapiens GN=SMAP1 PE=1 SV=2",0.23794081657581,11.2999177103166,0.539554598094177,0.598003979178272,0.756699795976151,-6.19457201101556
109,"P08473|NEP_HUMAN","Neprilysin OS=Homo sapiens GN=MME PE=1 SV=2",0.394681805617415,15.5189617873694,0.931012650885804,0.367665711666809,0.578024162137225,-5.9076856677771
248,"Q03113|GNA12_HUMAN","Guanine nucleotide-binding protein subunit alpha-12 OS=Homo sapiens GN=GNA12 PE=1 SV=4",0.511283217430746,15.1679639546164,2.41842105976719,0.0298392869757051,0.212509280961592,-3.82093148423905
950,"Q86XS8|GOLI_HUMAN","E3 ubiquitin-protein ligase RNF130 OS=Homo sapiens GN=RNF130 PE=1 SV=1",1.40756588422684,9.66142101895274,1.39245085916897,0.185565105023291,0.392691107963573,-5.40278605066284
273,"P13612|ITA4_HUMAN","Integrin alpha-4 OS=Homo sapiens GN=ITGA4 PE=1 SV=3",0.635040818415392,13.6550599455643,1.82625231951668,0.0892672226392721,0.289142519977351,-4.79562867454031
839,"O14495|PLPP3_HUMAN","Phospholipid phosphatase 3 OS=Homo sapiens GN=PLPP3 PE=1 SV=1",0.674044241259084,10.7061663172119,1.49771416430839,0.156470378296134,0.36106709915159,-5.26591439820457
203,"Q02978|M2OM_HUMAN","Mitochondrial 2-oxoglutarate/malate carrier protein OS=Homo sapiens GN=SLC25A11 PE=1 SV=3",0.592522201390636,15.4268726846283,2.08641457373103,0.0557662974444311,0.243950430045695,-4.38420395070232
187,"Q13492|PICAL_HUMAN","Phosphatidylinositol-binding clathrin assembly protein OS=Homo sapiens GN=PICALM PE=1 SV=2",0.388611543273203,14.4389822294947,1.53780667670955,0.146444700704151,0.351854385797983,-5.21190414476933
98,"Q9BTV4|TMM43_HUMAN","Transmembrane protein 43 OS=Homo sapiens GN=TMEM43 PE=1 SV=1",0.698482732231243,16.3415673526377,2.89949092532576,0.0116800027669915,0.170982733144671,-2.95316459134449
641,"P62070|RRAS2_HUMAN","Ras-related protein R-Ras2 OS=Homo sapiens GN=RRAS2 PE=1 SV=1",0.305630485667029,9.51567441505346,0.214933129454378,0.832927051648988,0.92630826264467,-6.3202726141406
418,"P51571|SSRD_HUMAN","Translocon-associated protein subunit delta OS=Homo sapiens GN=SSR4 PE=1 SV=1",0.366550211469706,15.7997175099121,0.995819668407051,0.336283156911143,0.551862019687267,-5.84697237226065
644,"Q8WY22|BRI3B_HUMAN","BRI3-binding protein OS=Homo sapiens GN=BRI3BP PE=1 SV=1",0.912814683194433,12.1218273391657,2.50247320454429,0.0253838499365396,0.20423658852796,-3.6729655979553
868,"Q9Y5Y5|PEX16_HUMAN","Peroxisomal membrane protein PEX16 OS=Homo sapiens GN=PEX16 PE=1 SV=2",0.59898890039341,8.75405791452819,0.419513802328413,0.681223698301333,0.820867167909741,-6.25337869436345
800,"O43760|SNG2_HUMAN","Synaptogyrin-2 OS=Homo sapiens GN=SYNGR2 PE=1 SV=1",0.549703861572031,14.026394527969,2.78602321753654,0.014605252294352,0.179017577619097,-3.16181552031082
339,"Q9NPL8|TIDC1_HUMAN","Complex I assembly factor TIMMDC1, mitochondrial OS=Homo sapiens GN=TIMMDC1 PE=1 SV=2",0.415169197493173,11.6573230727943,1.04306458465992,0.314642302082062,0.527723620191792,-5.80049441001525
61,"P04843|RPN1_HUMAN","Dolichyl-diphosphooligosaccharide--protein glycosyltransferase subunit 1 OS=Homo sapiens GN=RPN1 PE=1 SV=1",0.49971587547255,18.2916988685365,2.15984741819984,0.0486660095965558,0.242852599955098,-4.26291593236556
218,"Q8NHP6|MSPD2_HUMAN","Motile sperm domain-containing protein 2 OS=Homo sapiens GN=MOSPD2 PE=1 SV=1",0.289201916726478,15.3887486280441,1.10640358591869,0.287250341683361,0.508176957978049,-5.73532523781387
238,"O95573|ACSL3_HUMAN","Long-chain-fatty-acid--CoA ligase 3 OS=Homo sapiens GN=ACSL3 PE=1 SV=3",1.51247183831555,12.2728404000979,2.06075755497832,0.0584650088659053,0.245351951220741,-4.4260841667583
205,"Q96JJ7|TMX3_HUMAN","Protein disulfide-isomerase TMX3 OS=Homo sapiens GN=TMX3 PE=1 SV=2",0.327088103957193,14.7398170645213,1.43302346376004,0.173860904657201,0.3802351674688,-5.35089559889639
133,"O60449|LY75_HUMAN","Lymphocyte antigen 75 OS=Homo sapiens GN=LY75 PE=1 SV=3",0.649811954193554,13.8732353906383,1.59122989136353,0.133937664902791,0.33984182494657,-5.13839389619799
181,"Q15029|U5S1_HUMAN","116 kDa U5 small nuclear ribonucleoprotein component OS=Homo sapiens GN=EFTUD2 PE=1 SV=1",1.08634030634378,14.2796384845089,2.53326835841541,0.0239169229505675,0.199690280655636,-3.61830035959203
17,"P08575|PTPRC_HUMAN","Receptor-type tyrosine-protein phosphatase C OS=Homo sapiens GN=PTPRC PE=1 SV=2",0.503133753624155,19.8060714368747,2.44780093176216,0.0282031062200469,0.211509141876418,-3.76942429680583
511,"P20645|MPRD_HUMAN","Cation-dependent mannose-6-phosphate receptor OS=Homo sapiens GN=M6PR PE=1 SV=1",0.945421385644766,15.7373875835852,2.47763540116823,0.0266294832247914,0.208994680925834,-3.71688312963827
609,"Q9BV23|ABHD6_HUMAN","Monoacylglycerol lipase ABHD6 OS=Homo sapiens GN=ABHD6 PE=1 SV=1",0.597577377295957,11.6385222847726,1.19850689663098,0.250666805433417,0.463379069611524,-5.6349020242706
1191,"O75204|TM127_HUMAN","Transmembrane protein 127 OS=Homo sapiens GN=TMEM127 PE=1 SV=1",3.55196073594892,5.88936978236678,3.16617836032593,0.0068865690355394,0.145709628187895,-2.4565331034145
407,"P43003|EAA1_HUMAN","Excitatory amino acid transporter 1 OS=Homo sapiens GN=SLC1A3 PE=1 SV=1",0.352525205621102,14.3671749019204,1.35395553558854,0.197260450876239,0.406598072214289,-5.45098612362212
4,"A0AVI2|FR1L5_HUMAN","Fer-1-like protein 5 OS=Homo sapiens GN=FER1L5 PE=2 SV=2",0.824925412502417,10.9853804973518,1.98921002071823,0.0666377761340057,0.258862130366715,-4.54143646658349
319,"O94905|ERLN2_HUMAN","Erlin-2 OS=Homo sapiens GN=ERLIN2 PE=1 SV=1",1.04166535395225,13.7606088252823,2.38483979266323,0.0318201727717953,0.216030011805541,-3.8795098118823
927,"Q8TED4|SPX2_HUMAN","Sugar phosphate exchanger 2 OS=Homo sapiens GN=SLC37A2 PE=2 SV=2",0.38363090425451,9.23843069701073,0.614874948938725,0.548527514075115,0.721200080636039,-6.15048081732024
583,"P13473|LAMP2_HUMAN","Lysosome-associated membrane glycoprotein 2 OS=Homo sapiens GN=LAMP2 PE=1 SV=2",0.724077755046434,14.1192701513954,1.604862903436,0.130896620742552,0.338988684487121,-5.11935960418086
222,"P49961|ENTP1_HUMAN","Ectonucleoside triphosphate diphosphohydrolase 1 OS=Homo sapiens GN=ENTPD1 PE=1 SV=1",0.105215124939928,17.0055999247192,0.348239462037372,0.732854940597659,0.854268291082512,-6.28150332996968
817,"Q7KZN9|COX15_HUMAN","Cytochrome c oxidase assembly protein COX15 homolog OS=Homo sapiens GN=COX15 PE=1 SV=1",2.42894715154774,8.81812500911188,1.43307930159972,0.173845227855179,0.3802351674688,-5.35082342690828
815,"Q9HC07|TM165_HUMAN","Transmembrane protein 165 OS=Homo sapiens GN=TMEM165 PE=1 SV=1",0.557217643262621,12.0211871653735,1.69096993483088,0.113032265055241,0.316129525737953,-4.99664280894781
228,"Q9UKJ0|PILRB_HUMAN","Paired immunoglobulin-like type 2 receptor beta OS=Homo sapiens GN=PILRB PE=1 SV=1",-2.1051198004281,9.50864148148256,-1.40657669178138,0.181418665021755,0.389857131216964,-5.38484528646259
456,"O96005|CLPT1_HUMAN","Cleft lip and palate transmembrane protein 1 OS=Homo sapiens GN=CLPTM1 PE=1 SV=1",0.308337295775264,13.9137260518223,1.09967131166558,0.29007439161318,0.508316481202276,-5.74240507868517
177,"Q5K4L6|S27A3_HUMAN","Long-chain fatty acid transport protein 3 OS=Homo sapiens GN=SLC27A3 PE=2 SV=3",1.05655164377476,13.1625330721952,1.95568956029275,0.0708151827951503,0.265366123105485,-4.59472303146501
942,"O75356|ENTP5_HUMAN","Ectonucleoside triphosphate diphosphohydrolase 5 OS=Homo sapiens GN=ENTPD5 PE=1 SV=1",3.10490164309383,6.53700854708549,2.17122677383559,0.0476440683715649,0.242852599955098,-4.24393878036771
428,"Q96F46|I17RA_HUMAN","Interleukin-17 receptor A OS=Homo sapiens GN=IL17RA PE=1 SV=2",1.3518010599236,13.5194041128469,1.91676936674873,0.0759633597185048,0.272215917625259,-4.6559610944175
599,"Q9Y6M7|S4A7_HUMAN","Sodium bicarbonate cotransporter 3 OS=Homo sapiens GN=SLC4A7 PE=1 SV=2",0.648903619953092,10.4397599479889,1.29850667276636,0.215150814254959,0.42626933566601,-5.51859665984946
94,"Q9UKU0|ACSL6_HUMAN","Long-chain-fatty-acid--CoA ligase 6 OS=Homo sapiens GN=ACSL6 PE=2 SV=4",0.44531858051362,11.1179799743711,0.694229321646751,0.49892717325335,0.685176872045082,-6.09816424438369
51,"P21796|VDAC1_HUMAN","Voltage-dependent anion-selective channel protein 1 OS=Homo sapiens GN=VDAC1 PE=1 SV=2",0.506142722179245,18.7992022706078,2.20986319192301,0.0443216829841944,0.237881110122898,-4.17915581038024
466,"Q6P1M0|S27A4_HUMAN","Long-chain fatty acid transport protein 4 OS=Homo sapiens GN=SLC27A4 PE=1 SV=1",2.8529920009317,9.46433087061804,2.22538724723992,0.0430487950501463,0.234447114219179,-4.15297733195592
952,"P49795|RGS19_HUMAN","Regulator of G-protein signaling 19 OS=Homo sapiens GN=RGS19 PE=1 SV=1",0.53790892653786,11.6753959652493,1.84859722220217,0.085801903282347,0.285254481324324,-4.76151956588057
1131,"O76095|JTB_HUMAN","Protein JTB OS=Homo sapiens GN=JTB PE=1 SV=1",1.18093084411791,7.23893408279742,0.889833540930362,0.38862983555677,0.592274001788164,-5.94439565378401
673,"Q15438|CYH1_HUMAN","Cytohesin-1 OS=Homo sapiens GN=CYTH1 PE=1 SV=1",0.440123916989517,12.1961811042494,1.3197671504619,0.20814300581217,0.41978934198321,-5.49293025821635
47,"Q14789|GOGB1_HUMAN","Golgin subfamily B member 1 OS=Homo sapiens GN=GOLGB1 PE=1 SV=2",0.149430788603432,15.3909721771668,0.371063236513991,0.716159845988217,0.843747178041261,-6.27305368402453
774,"Q9Y3D6|FIS1_HUMAN","Mitochondrial fission 1 protein OS=Homo sapiens GN=FIS1 PE=1 SV=2",0.251076120925195,13.7131465547561,0.942074255052267,0.362169802635996,0.572362234322321,-5.89757542453364
179,"A6NKC4|FCGRC_HUMAN","Putative high affinity immunoglobulin gamma Fc receptor IC OS=Homo sapiens GN=FCGR1C PE=5 SV=2",0.456116279866809,17.4554883255687,1.99245345674669,0.0662457408910798,0.258242168877157,-4.53625431504965
1108,"Q969E2|SCAM4_HUMAN","Secretory carrier-associated membrane protein 4 OS=Homo sapiens GN=SCAMP4 PE=2 SV=1",0.477415240470945,11.4495719935535,1.61179176392678,0.129373933281314,0.337192778778184,-5.10964341950168
714,"O00194|RB27B_HUMAN","Ras-related protein Rab-27B OS=Homo sapiens GN=RAB27B PE=1 SV=4",1.095533237411,5.76929885754039,0.708640367045192,0.49021061419071,0.679082284745485,-6.08802796663612
1074,"Q9BVK8|TM147_HUMAN","Transmembrane protein 147 OS=Homo sapiens GN=TMEM147 PE=1 SV=1",3.04913823914573,7.53579545344551,2.27330908448397,0.0393323587689742,0.228790411266469,-4.07164671103819
100,"P14384|CBPM_HUMAN","Carboxypeptidase M OS=Homo sapiens GN=CPM PE=1 SV=2",0.520564208942968,18.7641632054833,2.57626379958987,0.0220044857967593,0.194398330497786,-3.54159824405729
591,"Q9P0I2|EMC3_HUMAN","ER membrane protein complex subunit 3 OS=Homo sapiens GN=EMC3 PE=1 SV=3",0.555555388970394,12.8329312929351,2.14750645174433,0.0497973520521444,0.242852599955098,-4.2834426483253
980,"O75427|LRCH4_HUMAN","Leucine-rich repeat and calponin homology domain-containing protein 4 OS=Homo sapiens GN=LRCH4 PE=1 SV=2",1.91876454447938,10.5210070585941,1.6455422510121,0.122173494799883,0.325503004131104,-5.06191466583163
1011,"Q96EU7|C1GLC_HUMAN","C1GALT1-specific chaperone 1 OS=Homo sapiens GN=C1GALT1C1 PE=1 SV=1",1.49024940077464,4.75031014042785,1.39410817314916,0.185074629274673,0.392400597565195,-5.40068814762788
794,"O95476|CNEP1_HUMAN","CTD nuclear envelope phosphatase 1 OS=Homo sapiens GN=CTDNEP1 PE=1 SV=2",0.499280042761356,9.90893006145142,0.894406183966643,0.386262696635355,0.590285909163521,-5.94039190337823
1100,"Q08722|CD47_HUMAN","Leukocyte surface antigen CD47 OS=Homo sapiens GN=CD47 PE=1 SV=1",0.315075623041635,13.294504710621,0.924024372507985,0.371167396200884,0.579167102779751,-5.9140187811659
1010,"Q9UKV5|AMFR_HUMAN","E3 ubiquitin-protein ligase AMFR OS=Homo sapiens GN=AMFR PE=1 SV=2",0.923248643028311,5.68815967135357,0.61219971386227,0.550245810423348,0.721750998087768,-6.15214038667632
626,"O14523|C2C2L_HUMAN","C2 domain-containing protein 2-like OS=Homo sapiens GN=C2CD2L PE=1 SV=3",0.952551611264521,10.4726271049314,1.46624995756619,0.164737612147851,0.370492888858832,-5.30758677788102
442,"P06858|LIPL_HUMAN","Lipoprotein lipase OS=Homo sapiens GN=LPL PE=1 SV=1",-0.138221738285345,12.0272717178168,-0.371880286183476,0.715564915318445,0.843747178041261,-6.27274145497319
220,"Q8TCT9|HM13_HUMAN","Minor histocompatibility antigen H13 OS=Homo sapiens GN=HM13 PE=1 SV=1",0.384711784439428,18.5681836767258,2.02124295466136,0.0628572698151092,0.254599491565896,-4.49005802949812
1171,"P20292|AL5AP_HUMAN","Arachidonate 5-lipoxygenase-activating protein OS=Homo sapiens GN=ALOX5AP PE=1 SV=2",2.10520920120468,9.60265789794342,2.03870027804855,0.0608807074413451,0.250283104451774,-4.46187460629827
69,"P20039|2B1B_HUMAN","HLA class II histocompatibility antigen, DRB1-11 beta chain OS=Homo sapiens GN=HLA-DRB1 PE=1 SV=1",0.320018353589319,12.0118158185333,0.110127944588854,0.914253586035174,0.971066667385352,-6.3378340720093
551,"O95249|GOSR1_HUMAN","Golgi SNAP receptor complex member 1 OS=Homo sapiens GN=GOSR1 PE=1 SV=1",0.392772799776552,12.3118752989527,1.57233726048651,0.138252026933915,0.342540234624341,-5.16458805061971
859,"P67812|SC11A_HUMAN","Signal peptidase complex catalytic subunit SEC11A OS=Homo sapiens GN=SEC11A PE=1 SV=1",0.767919248025571,12.6705275270071,1.91311974250065,0.076463094248632,0.272215917625259,-4.66166788560384
630,"Q8IWT6|LRC8A_HUMAN","Volume-regulated anion channel subunit LRRC8A OS=Homo sapiens GN=LRRC8A PE=1 SV=1",5.46893676304513,7.00138372573365,4.7646544683779,0.000304184204146295,0.0281623875672112,0.519235930685657
31,"Q9NZR2|LRP1B_HUMAN","Low-density lipoprotein receptor-related protein 1B OS=Homo sapiens GN=LRP1B PE=1 SV=2",4.45707922680791,10.9866992753398,1.83359000936436,0.0903301926956282,0.290204320691264,-4.79031364089728
84,"P20701|ITAL_HUMAN","Integrin alpha-L OS=Homo sapiens GN=ITGAL PE=1 SV=3",0.319363524988884,17.997736793603,0.969657791711952,0.348715047853707,0.561481765457201,-5.87190961453313
657,"Q9H1E5|TMX4_HUMAN","Thioredoxin-related transmembrane protein 4 OS=Homo sapiens GN=TMX4 PE=1 SV=1",0.445873136573592,13.3600356573354,1.08001396903978,0.298438827538254,0.5154478088079,-5.76287016427611
1181,"P00846|ATP6_HUMAN","ATP synthase subunit a OS=Homo sapiens GN=MT-ATP6 PE=1 SV=1",0.788576860042935,12.5147782099513,2.52286312391159,0.0244032266116506,0.199690280655636,-3.63679694719757
147,"Q9H223|EHD4_HUMAN","EH domain-containing protein 4 OS=Homo sapiens GN=EHD4 PE=1 SV=1",0.49001424230358,16.0497801822978,2.15959749196907,0.0486886820157018,0.242852599955098,-4.26333219501488
414,"Q9HDC9|APMAP_HUMAN","Adipocyte plasma membrane-associated protein OS=Homo sapiens GN=APMAP PE=1 SV=2",1.02097891041976,15.0121513682867,2.92531935479297,0.0110991608184398,0.169636669968539,-2.90541235116878
1135,"Q9C0B5|ZDHC5_HUMAN","Palmitoyltransferase ZDHHC5 OS=Homo sapiens GN=ZDHHC5 PE=1 SV=2",-1.39352073740283,5.66221342181082,-1.07618766089488,0.300087571812752,0.516895026796848,-5.76681765337878
217,"P51572|BAP31_HUMAN","B-cell receptor-associated protein 31 OS=Homo sapiens GN=BCAP31 PE=1 SV=3",0.420874007966731,18.027095548171,2.17824232464588,0.0470240280501872,0.241868959091472,-4.23221546548402
224,"Q9BWM7|SFXN3_HUMAN","Sideroflexin-3 OS=Homo sapiens GN=SFXN3 PE=1 SV=2",0.889873314354427,14.8173865588832,2.82888653692682,0.0134243833402273,0.176203209595155,-3.08322541329583
366,"P31995|FCG2C_HUMAN","Low affinity immunoglobulin gamma Fc region receptor II-c OS=Homo sapiens GN=FCGR2C PE=1 SV=1",1.04740948398977,14.8672035819085,1.51226253071463,0.152767387094913,0.36034939928333,-5.24643242092635
322,"P61020|RAB5B_HUMAN","Ras-related protein Rab-5B OS=Homo sapiens GN=RAB5B PE=1 SV=1",0.470330120420151,14.1712525506464,2.07662181719581,0.0567824801275812,0.243950430045695,-4.4002199635752
179,"P12314|FCGR1_HUMAN","High affinity immunoglobulin gamma Fc receptor I OS=Homo sapiens GN=FCGR1A PE=1 SV=2",0.49138013660453,17.7984926726486,2.24007328142653,0.0418762198378884,0.231618365759798,-4.12813537153084
1064,"Q6PK18|OGFD3_HUMAN","2-oxoglutarate and iron-dependent oxygenase domain-containing protein 3 OS=Homo sapiens GN=OGFOD3 PE=1 SV=2",0.0567219222341162,5.43559674789049,0.0358552154281252,0.9719053675778,0.991121335524107,-6.34356744016992
515,"Q9H1C4|UN93B_HUMAN","Protein unc-93 homolog B1 OS=Homo sapiens GN=UNC93B1 PE=1 SV=2",0.847941691277663,12.6496522952166,2.03718345980905,0.0610501541912069,0.250283104451774,-4.46432843687386
13,"P30453|1A34_HUMAN","HLA class I histocompatibility antigen, A-34 alpha chain OS=Homo sapiens GN=HLA-A PE=1 SV=1",0.0438299646909917,6.63809429471496,0.0217761339599553,0.982934668679669,0.991121335524107,-6.3439890150921
13,"P30450|1A26_HUMAN","HLA class I histocompatibility antigen, A-26 alpha chain OS=Homo sapiens GN=HLA-A PE=1 SV=2",0.0438299646909917,6.63809429471496,0.0217761339599553,0.982934668679669,0.991121335524107,-6.3439890150921
13,"P18462|1A25_HUMAN","HLA class I histocompatibility antigen, A-25 alpha chain OS=Homo sapiens GN=HLA-A PE=1 SV=1",0.0438299646909917,6.63809429471496,0.0217761339599553,0.982934668679669,0.991121335524107,-6.3439890150921
13,"P30457|1A66_HUMAN","HLA class I histocompatibility antigen, A-66 alpha chain OS=Homo sapiens GN=HLA-A PE=1 SV=1",0.0438299646909917,6.63809429471496,0.0217761339599553,0.982934668679669,0.991121335524107,-6.3439890150921
13,"P30456|1A43_HUMAN","HLA class I histocompatibility antigen, A-43 alpha chain OS=Homo sapiens GN=HLA-A PE=1 SV=1",0.0438299646909917,6.63809429471496,0.0217761339599553,0.982934668679669,0.991121335524107,-6.3439890150921
741,"O75915|PRAF3_HUMAN","PRA1 family protein 3 OS=Homo sapiens GN=ARL6IP5 PE=1 SV=1",0.559555089813514,15.3537977682608,2.36211620687458,0.03323082090501,0.219297055032067,-3.91896389487481
904,"Q9UGH3|S23A2_HUMAN","Solute carrier family 23 member 2 OS=Homo sapiens GN=SLC23A2 PE=1 SV=1",0.493524449383491,10.7898916805253,0.943245363291548,0.361591303258564,0.572362234322321,-5.89649890629704
255,"Q9Y5K8|VATD_HUMAN","V-type proton ATPase subunit D OS=Homo sapiens GN=ATP6V1D PE=1 SV=1",0.390083686131847,15.0807602197874,1.50552850223829,0.15447210578651,0.361048483024857,-5.2554667240733
1078,"Q86VR2|F134C_HUMAN","Protein FAM134C OS=Homo sapiens GN=FAM134C PE=1 SV=1",0.489694877897659,11.7199832222394,1.63347335923673,0.12470744355141,0.330668185645862,-5.07905801620281
137,"P30511|HLAF_HUMAN","HLA class I histocompatibility antigen, alpha chain F OS=Homo sapiens GN=HLA-F PE=2 SV=3",0.682409517944793,14.270798161318,1.02109818443831,0.324574879128322,0.537122124364803,-5.82233376448685
747,"Q14728|MFS10_HUMAN","Major facilitator superfamily domain-containing protein 10 OS=Homo sapiens GN=MFSD10 PE=1 SV=1",0.725334988366289,11.9406085234287,2.10343734711124,0.0540397577430636,0.243950430045695,-4.35627285183393
195,"Q7L5N7|PCAT2_HUMAN","Lysophosphatidylcholine acyltransferase 2 OS=Homo sapiens GN=LPCAT2 PE=1 SV=1",0.633557373669758,14.4563777376622,2.20004840672894,0.0451445228605029,0.239978779416358,-4.19566308000227
1086,"P60602|ROMO1_HUMAN","Reactive oxygen species modulator 1 OS=Homo sapiens GN=ROMO1 PE=1 SV=1",0.360298838824079,6.0361717221564,0.229954808704367,0.821461599004326,0.918152753011877,-6.3168127879203
65,"P26038|MOES_HUMAN","Moesin OS=Homo sapiens GN=MSN PE=1 SV=3",0.390694053963038,18.4392498147099,1.64182264823979,0.12294965226821,0.326787233660243,-5.06720715323315
60,"P08195|4F2_HUMAN","4F2 cell-surface antigen heavy chain OS=Homo sapiens GN=SLC3A2 PE=1 SV=3",0.243264519871065,19.1495967213119,0.928674366340698,0.368834828120806,0.578024162137225,-5.90980940826616
796,"Q6P4E1|CASC4_HUMAN","Protein CASC4 OS=Homo sapiens GN=CASC4 PE=1 SV=1",0.37816930173119,7.97272274821211,0.285168328006468,0.779701472032545,0.890286059021745,-6.30210723714729
895,"Q9UPI3|FLVC2_HUMAN","Feline leukemia virus subgroup C receptor-related protein 2 OS=Homo sapiens GN=FLVCR2 PE=1 SV=1",3.16790871974585,7.7866882357738,2.44480013622439,0.0283662125468823,0.211509141876418,-3.77469589024878
398,"Q8TB96|TIP_HUMAN","T-cell immunomodulatory protein OS=Homo sapiens GN=ITFG1 PE=1 SV=1",0.780582105006319,12.690380928228,1.85105359242267,0.0854284090244124,0.285254481324324,-4.75775493157313
746,"Q8IWB1|IPRI_HUMAN","Inositol 1,4,5-trisphosphate receptor-interacting protein OS=Homo sapiens GN=ITPRIP PE=1 SV=1",2.27962013483343,9.67965688534285,2.03925437379001,0.0608189161333572,0.250283104451774,-4.46097798029377
172,"P35241|RADI_HUMAN","Radixin OS=Homo sapiens GN=RDX PE=1 SV=1",0.418390487891617,13.5409878643858,1.61794807235921,0.128033850803422,0.335484925100477,-5.10098687242117
119,"Q9H0U4|RAB1B_HUMAN","Ras-related protein Rab-1B OS=Homo sapiens GN=RAB1B PE=1 SV=1",0.299311385868677,18.179592465535,1.40215605154318,0.18270800584346,0.391114825610953,-5.39047430438901
662,"Q6UW68|TM205_HUMAN","Transmembrane protein 205 OS=Homo sapiens GN=TMEM205 PE=1 SV=1",0.768263473055756,12.4395349665374,1.99357200399505,0.0661110310666267,0.258242168877157,-4.53446611497677
320,"Q92896|GSLG1_HUMAN","Golgi apparatus protein 1 OS=Homo sapiens GN=GLG1 PE=1 SV=2",0.251498454506036,12.6467252788005,0.797971800563777,0.438248377405376,0.631509659270263,-6.02091869900142
1122,"P36941|TNR3_HUMAN","Tumor necrosis factor receptor superfamily member 3 OS=Homo sapiens GN=LTBR PE=1 SV=1",0.0923600117450585,5.06176757262768,0.0671011993382555,0.947452518508972,0.981390624976304,-6.34189625435689
763,"P21730|C5AR1_HUMAN","C5a anaphylatoxin chemotactic receptor 1 OS=Homo sapiens GN=C5AR1 PE=1 SV=2",0.645891996705936,15.0913387377094,2.05269080418993,0.0593380543441212,0.247836760813228,-4.43919656573618
74,"O15031|PLXB2_HUMAN","Plexin-B2 OS=Homo sapiens GN=PLXNB2 PE=1 SV=3",0.425559370556709,16.1510774614186,1.08037208135692,0.298284862308766,0.5154478088079,-5.76250010740774
875,"Q8TB36|GDAP1_HUMAN","Ganglioside-induced differentiation-associated protein 1 OS=Homo sapiens GN=GDAP1 PE=1 SV=3",0.632325476959075,11.0908111752481,1.63099901505439,0.125232531824792,0.331269863946057,-5.08256232120479
408,"Q9BVK6|TMED9_HUMAN","Transmembrane emp24 domain-containing protein 9 OS=Homo sapiens GN=TMED9 PE=1 SV=2",0.230802415680069,15.0066239971628,0.883012143425265,0.392179286460408,0.596048135783192,-5.95033444945967
1014,"Q9NUN5|LMBD1_HUMAN","Probable lysosomal cobalamin transporter OS=Homo sapiens GN=LMBRD1 PE=1 SV=1",0.305124149873619,12.6570189177324,1.21247995479718,0.245445644307137,0.456732314699754,-5.61909718787353
252,"Q9NZQ7|PD1L1_HUMAN","Programmed cell death 1 ligand 1 OS=Homo sapiens GN=CD274 PE=1 SV=1",0.354351392316399,17.3091007289425,1.91428158292936,0.0763036844380215,0.272215917625259,-4.65985182661339
872,"Q16706|MA2A1_HUMAN","Alpha-mannosidase 2 OS=Homo sapiens GN=MAN2A1 PE=1 SV=2",0.23943810190104,8.34961033099192,0.120135322865666,0.906087485600679,0.967015558599764,-6.33674025862108
654,"Q8IW52|SLIK4_HUMAN","SLIT and NTRK-like protein 4 OS=Homo sapiens GN=SLITRK4 PE=2 SV=1",0.235792001121665,10.4843335544266,0.374106934634624,0.71394456679885,0.843747178041261,-6.27188714377227
338,"Q16850|CP51A_HUMAN","Lanosterol 14-alpha demethylase OS=Homo sapiens GN=CYP51A1 PE=1 SV=3",1.00888881694017,12.2229762721031,2.02684932823625,0.062216175192385,0.253194764244468,-4.48102092205437
772,"Q9HA72|CAHM2_HUMAN","Calcium homeostasis modulator protein 2 OS=Homo sapiens GN=CALHM2 PE=2 SV=1",0.198198574305117,11.5213976190691,0.646084423310549,0.528701260288523,0.708548974886067,-6.13061597782972
101,"O60313|OPA1_HUMAN","Dynamin-like 120 kDa protein, mitochondrial OS=Homo sapiens GN=OPA1 PE=1 SV=3",0.56478416168131,14.5125859027688,2.28998166061794,0.0381116964470606,0.226428314185478,-4.04317207783856
893,"Q9NY25|CLC5A_HUMAN","C-type lectin domain family 5 member A OS=Homo sapiens GN=CLEC5A PE=1 SV=1",1.37872399221897,9.44671053698364,0.749595229224105,0.465941419032802,0.651965889855722,-6.05816983529827
186,"Q9NP72|RAB18_HUMAN","Ras-related protein Rab-18 OS=Homo sapiens GN=RAB18 PE=1 SV=1",0.209097900167855,17.2927479672684,1.06252771982171,0.306028562315197,0.519130624452515,-5.78081382848026
191,"P84095|RHOG_HUMAN","Rho-related GTP-binding protein RhoG OS=Homo sapiens GN=RHOG PE=1 SV=1",0.525477659949889,16.0145401791772,2.43041870087386,0.0291604839377746,0.212435651075582,-3.79992639521877
355,"P43405|KSYK_HUMAN","Tyrosine-protein kinase SYK OS=Homo sapiens GN=SYK PE=1 SV=1",-0.335839822738137,13.3800093394824,-0.397791921586142,0.696813529560119,0.833777462185783,-6.26247863638383
374,"Q14534|ERG1_HUMAN","Squalene monooxygenase OS=Homo sapiens GN=SQLE PE=1 SV=3",1.25782657409351,10.4523418237722,1.72480468013887,0.106617745735387,0.3100022172766,-4.94728131335301
64,"Q9NZ08|ERAP1_HUMAN","Endoplasmic reticulum aminopeptidase 1 OS=Homo sapiens GN=ERAP1 PE=1 SV=3",0.683091441605203,16.8467225063701,2.67371225972231,0.0182006034157522,0.190251117045409,-3.366236927933
437,"P04004|VTNC_HUMAN","Vitronectin OS=Homo sapiens GN=VTN PE=1 SV=1",-0.0170660188299436,14.1053608416141,-0.0524338860397639,0.958925756689899,0.987044079719424,-6.34280700532423
677,"Q9BVV7|TIM21_HUMAN","Mitochondrial import inner membrane translocase subunit Tim21 OS=Homo sapiens GN=TIMM21 PE=1 SV=1",0.838499632154521,9.18442644032048,0.554439041334559,0.588049667209166,0.747509359575954,-6.18629399983289
769,"O00421|CCRL2_HUMAN","C-C chemokine receptor-like 2 OS=Homo sapiens GN=CCRL2 PE=1 SV=2",0.577754550130855,13.6391171987816,2.33503300148077,0.0349895927567351,0.220652598771888,-3.96578663646283
617,"P04921|GLPC_HUMAN","Glycophorin-C OS=Homo sapiens GN=GYPC PE=1 SV=1",-0.89192551129833,10.4090921620165,-1.09678043613986,0.291293402568103,0.509648772052224,-5.74543412437278
432,"Q969X5|ERGI1_HUMAN","Endoplasmic reticulum-Golgi intermediate compartment protein 1 OS=Homo sapiens GN=ERGIC1 PE=1 SV=1",0.53137348649237,13.6827716852285,1.50467763851395,0.154688638991748,0.361048483024857,-5.2566061957596
142,"Q6NUK1|SCMC1_HUMAN","Calcium-binding mitochondrial carrier protein SCaMC-1 OS=Homo sapiens GN=SLC25A24 PE=1 SV=2",0.918059511744666,16.6819456396119,2.89728939804187,0.0117308715402587,0.170982733144671,-2.95723071365124
946,"Q6NUT3|MFS12_HUMAN","Major facilitator superfamily domain-containing protein 12 OS=Homo sapiens GN=MFSD12 PE=1 SV=2",0.668708146085324,11.0703610467303,1.65215057533977,0.120805034689475,0.323408177204837,-5.05249234332524
613,"P21854|CD72_HUMAN","B-cell differentiation antigen CD72 OS=Homo sapiens GN=CD72 PE=2 SV=1",-0.139116956982509,9.88657263908917,-0.178526347038624,0.860874038732066,0.940867086591046,-6.32769430849482
572,"P49768|PSN1_HUMAN","Presenilin-1 OS=Homo sapiens GN=PSEN1 PE=1 SV=1",0.290273606506835,11.1779301783457,0.581623531419595,0.570091786976666,0.734770273005888,-6.17062062700617
236,"P60953|CDC42_HUMAN","Cell division control protein 42 homolog OS=Homo sapiens GN=CDC42 PE=1 SV=2",0.284094547276975,17.048036201584,1.23860299287631,0.235912215711029,0.448031575478552,-5.58915622548644
427,"Q6UW02|CP20A_HUMAN","Cytochrome P450 20A1 OS=Homo sapiens GN=CYP20A1 PE=1 SV=1",1.85730719773097,10.7206040613182,1.66093373932501,0.119006818187657,0.322987909164541,-5.03993047666903
266,"Q8N766|EMC1_HUMAN","ER membrane protein complex subunit 1 OS=Homo sapiens GN=EMC1 PE=1 SV=1",0.782727567875636,13.2677031159055,1.97574919227406,0.0682875296975961,0.262537479743663,-4.56289428972192
258,"Q9UBV2|SE1L1_HUMAN","Protein sel-1 homolog 1 OS=Homo sapiens GN=SEL1L PE=1 SV=3",0.561371504170296,14.1126211521139,1.8958642866505,0.078866320109664,0.276405304863838,-4.68856549893848
215,"Q00325|MPCP_HUMAN","Phosphate carrier protein, mitochondrial OS=Homo sapiens GN=SLC25A3 PE=1 SV=2",0.515215366019071,17.5382280324751,1.71152295858977,0.109096626471334,0.310507471911623,-4.96673277602146
446,"P21926|CD9_HUMAN","CD9 antigen OS=Homo sapiens GN=CD9 PE=1 SV=4",0.180108558462305,17.1921767435219,0.591181054872532,0.563847730754015,0.732596047424867,-6.1649405953316
990,"O95772|MENTO_HUMAN","MLN64 N-terminal domain homolog OS=Homo sapiens GN=STARD3NL PE=1 SV=1",0.961346566988304,8.50318875085781,1.22671136050297,0.240215379544661,0.450049387308801,-5.60284907744196
758,"Q9NRX5|SERC1_HUMAN","Serine incorporator 1 OS=Homo sapiens GN=SERINC1 PE=1 SV=1",1.13337052469959,9.58353054186895,1.0732076754882,0.301376300976313,0.51751015515407,-5.76988384573315
208,"P49755|TMEDA_HUMAN","Transmembrane emp24 domain-containing protein 10 OS=Homo sapiens GN=TMED10 PE=1 SV=2",0.380688406953183,17.0356250997752,1.7649978042902,0.0994155921971921,0.300757029970096,-4.88783960820327
265,"Q14165|MLEC_HUMAN","Malectin OS=Homo sapiens GN=MLEC PE=1 SV=1",0.3777842955101,15.3775241090435,1.48633344632834,0.159419515836531,0.36350423590797,-5.28106078414202
1080,"P48509|CD151_HUMAN","CD151 antigen OS=Homo sapiens GN=CD151 PE=1 SV=3",0.381053037221992,9.72126958030074,0.706032133499561,0.49178144513452,0.679114785209314,-6.08987686070201
1133,"Q86XT9|TM219_HUMAN","Insulin-like growth factor-binding protein 3 receptor OS=Homo sapiens GN=TMEM219 PE=1 SV=1",-1.66505481687337,5.80416962730764,-1.2437270403521,0.234076758408443,0.44712454188208,-5.58322364281647
628,"Q15392|DHC24_HUMAN","Delta(24)-sterol reductase OS=Homo sapiens GN=DHCR24 PE=1 SV=2",1.09297243382633,12.2569027067929,2.07434109676089,0.0570215883465299,0.243950430045695,-4.40394456692603
637,"P19634|SL9A1_HUMAN","Sodium/hydrogen exchanger 1 OS=Homo sapiens GN=SLC9A1 PE=1 SV=2",0.928966487450841,9.5063947143084,1.10242409777983,0.28891715636859,0.508316481202276,-5.7395145325777
131,"Q9Y5S1|TRPV2_HUMAN","Transient receptor potential cation channel subfamily V member 2 OS=Homo sapiens GN=TRPV2 PE=1 SV=1",-0.175255596045842,15.7534122619269,-0.355643918735951,0.727422846093721,0.85180089228022,-6.27881977073812
1002,"Q969R2|OSBP2_HUMAN","Oxysterol-binding protein 2 OS=Homo sapiens GN=OSBP2 PE=1 SV=2",2.41618064703732,8.61547502120884,1.8795541055637,0.0812003310433036,0.281039151990998,-4.71386056420974
169,"P78536|ADA17_HUMAN","Disintegrin and metalloproteinase domain-containing protein 17 OS=Homo sapiens GN=ADAM17 PE=1 SV=1",0.293739565562758,16.0900102223104,0.702138129003598,0.494132216357534,0.680273720412913,-6.09262540866314
97,"P05362|ICAM1_HUMAN","Intercellular adhesion molecule 1 OS=Homo sapiens GN=ICAM1 PE=1 SV=2",0.429604021046504,18.3234712698583,1.73953827032813,0.10392595866073,0.305536985413874,-4.92559187733484
369,"P00403|COX2_HUMAN","Cytochrome c oxidase subunit 2 OS=Homo sapiens GN=MT-CO2 PE=1 SV=1",0.721309321815813,15.045807129284,2.51015769552126,0.025009916210263,0.202817641675929,-3.65934655095473
527,"Q9H0X4|ITFG3_HUMAN","Protein ITFG3 OS=Homo sapiens GN=ITFG3 PE=1 SV=1",0.598380837648026,10.6982182850776,0.920327196398237,0.37302924261795,0.580441860712244,-5.91735233518019
162,"Q9Y277|VDAC3_HUMAN","Voltage-dependent anion-selective channel protein 3 OS=Homo sapiens GN=VDAC3 PE=1 SV=1",0.481585696483183,16.9748270663178,1.828801992379,0.0888655834637471,0.288683225813518,-4.79174916862168
689,"Q5R3K3|FA26F_HUMAN","Protein FAM26F OS=Homo sapiens GN=FAM26F PE=2 SV=1",0.219355419429601,15.4247820059793,1.29590275810308,0.21602194113906,0.426288413153634,-5.5217179666286
271,"P27105|STOM_HUMAN","Erythrocyte band 7 integral membrane protein OS=Homo sapiens GN=STOM PE=1 SV=3",0.044493678199709,15.5155434408804,0.18733001746139,0.854096755548591,0.936724082344012,-6.32602486174874
695,"P61077|UB2D3_HUMAN","Ubiquitin-conjugating enzyme E2 D3 OS=Homo sapiens GN=UBE2D3 PE=1 SV=1",0.298666660090246,15.0708664585715,1.34228745769879,0.20092148917787,0.411608464553577,-5.46539332703298
533,"Q14964|RB39A_HUMAN","Ras-related protein Rab-39A OS=Homo sapiens GN=RAB39A PE=1 SV=2",1.53786738616534,8.24959320338668,0.970707920487137,0.348209862405114,0.561481765457201,-5.87091974204264
429,"P20338|RAB4A_HUMAN","Ras-related protein Rab-4A OS=Homo sapiens GN=RAB4A PE=1 SV=3",0.0338467087154992,11.0889890027613,0.0506336232975016,0.960334684136245,0.987044079719424,-6.34290339763867
58,"P13747|HLAE_HUMAN","HLA class I histocompatibility antigen, alpha chain E OS=Homo sapiens GN=HLA-E PE=1 SV=3",0.228106862065589,15.1307572958023,0.690205355691534,0.501377331800698,0.687092458974992,-6.10095995407124
922,"Q9NS69|TOM22_HUMAN","Mitochondrial import receptor subunit TOM22 homolog OS=Homo sapiens GN=TOMM22 PE=1 SV=3",1.3654839247383,11.9293302537711,1.46356144315861,0.165460662327464,0.371367264334976,-5.31111794202922
245,"P07477|TRY1_HUMAN","Trypsin-1 OS=Homo sapiens GN=PRSS1 PE=1 SV=1",0.188812956782691,18.7359791886529,0.389132709839199,0.703047974059867,0.836280834240377,-6.26599161734394
245,"P07478|TRY2_HUMAN","Trypsin-2 OS=Homo sapiens GN=PRSS2 PE=1 SV=1",0.188812956782691,18.7359791886529,0.389132709839199,0.703047974059867,0.836280834240377,-6.26599161734394
1071,"Q99643|C560_HUMAN","Succinate dehydrogenase cytochrome b560 subunit, mitochondrial OS=Homo sapiens GN=SDHC PE=1 SV=1",-0.146959915407534,8.34341560853099,-0.07499022976146,0.941286301256526,0.981021651684803,-6.34131401822731
168,"P20036|DPA1_HUMAN","HLA class II histocompatibility antigen, DP alpha 1 chain OS=Homo sapiens GN=HLA-DPA1 PE=1 SV=1",0.34829034616839,16.0023718395704,0.875231494783974,0.396254445595352,0.597796315112497,-5.95705865066524
563,"O60499|STX10_HUMAN","Syntaxin-10 OS=Homo sapiens GN=STX10 PE=1 SV=1",0.31471484904031,12.327840550818,0.708924217512817,0.490039843772985,0.679082284745485,-6.08782637210385
671,"P01042|KNG1_HUMAN","Kininogen-1 OS=Homo sapiens GN=KNG1 PE=1 SV=2",0.00743809815930785,7.2684691976788,0.00314213879254445,0.997537391784534,0.999033031348185,-6.34423027547414
962,"Q9H7F0|AT133_HUMAN","Probable cation-transporting ATPase 13A3 OS=Homo sapiens GN=ATP13A3 PE=1 SV=4",2.19616159080278,6.45632825477371,1.44980067153133,0.16920308566308,0.375061389384272,-5.32911795830212
938,"Q96GC9|VMP1_HUMAN","Vacuole membrane protein 1 OS=Homo sapiens GN=VMP1 PE=1 SV=1",0.490779616721223,12.5721476601999,1.66388381459374,0.118408079080328,0.322987909164541,-5.03570137710439
621,"O15269|SPTC1_HUMAN","Serine palmitoyltransferase 1 OS=Homo sapiens GN=SPTLC1 PE=1 SV=1",0.845261741756875,11.875737884038,2.15090692883578,0.0494832001256152,0.242852599955098,-4.27779229513089
54,"P13637|AT1A3_HUMAN","Sodium/potassium-transporting ATPase subunit alpha-3 OS=Homo sapiens GN=ATP1A3 PE=1 SV=3",0.39945371949702,15.8653870558316,2.09889354533131,0.0544957121138432,0.243950430045695,-4.3637395092599
229,"P62834|RAP1A_HUMAN","Ras-related protein Rap-1A OS=Homo sapiens GN=RAP1A PE=1 SV=1",0.168378091167108,14.210129585962,0.843581186946527,0.413122716076537,0.609039642100294,-5.98386200856173
413,"Q3ZCQ8|TIM50_HUMAN","Mitochondrial import inner membrane translocase subunit TIM50 OS=Homo sapiens GN=TIMM50 PE=1 SV=2",0.857282086653587,13.4608745438544,1.80534807952683,0.0926217709764254,0.291399071127831,-4.82731282785865
659,"P08174|DAF_HUMAN","Complement decay-accelerating factor OS=Homo sapiens GN=CD55 PE=1 SV=4",0.0365689490793475,13.3779860073324,0.0952774144743904,0.925448368654574,0.973056943539108,-6.33952015933852
601,"Q14739|LBR_HUMAN","Lamin-B receptor OS=Homo sapiens GN=LBR PE=1 SV=2",1.15590663218363,12.5507566150541,2.31224549206013,0.0365372910392646,0.220652598771888,-4.00500887927011
30,"P13760|2B14_HUMAN","HLA class II histocompatibility antigen, DRB1-4 beta chain OS=Homo sapiens GN=HLA-DRB1 PE=1 SV=1",-0.0492292617955528,13.9888282091054,-0.0141958753557803,0.988924165237188,0.993844564400427,-6.34412894296756
936,"Q86WV6|STING_HUMAN","Stimulator of interferon genes protein OS=Homo sapiens GN=TMEM173 PE=1 SV=1",0.944141202420357,5.97461137417906,0.629135768825301,0.539417716175405,0.715146876695555,-6.14151885723893
393,"Q07812|BAX_HUMAN","Apoptosis regulator BAX OS=Homo sapiens GN=BAX PE=1 SV=1",0.0157778416740602,14.2524022056689,0.0215747644626159,0.983092449817791,0.991121335524107,-6.34399355081575
189,"Q99523|SORT_HUMAN","Sortilin OS=Homo sapiens GN=SORT1 PE=1 SV=3",0.203331998430476,14.7662307554323,0.752192639958771,0.464427558824924,0.650667109526469,-6.05622404485562
518,"P53680|AP2S1_HUMAN","AP-2 complex subunit sigma OS=Homo sapiens GN=AP2S1 PE=1 SV=2",0.381220987128309,13.8405748953856,1.56598523833987,0.139729045541114,0.342690882110769,-5.17334663165486
539,"Q6NUQ4|TM214_HUMAN","Transmembrane protein 214 OS=Homo sapiens GN=TMEM214 PE=1 SV=2",0.605064988204337,10.1453886492426,0.877366248289824,0.39513353892711,0.597796315112497,-5.95521903563206
1155,"P15291|B4GT1_HUMAN","Beta-1,4-galactosyltransferase 1 OS=Homo sapiens GN=B4GALT1 PE=1 SV=5",3.64065452295253,7.00639345288909,3.2599922143166,0.00571559602706197,0.13144729342042,-2.28038925441567
1160,"Q8NE00|TM104_HUMAN","Transmembrane protein 104 OS=Homo sapiens GN=TMEM104 PE=1 SV=2",2.08376838050746,6.22689958919415,1.36983761097112,0.192364500813377,0.399470954025536,-5.43122367041888
44,"P05556|ITB1_HUMAN","Integrin beta-1 OS=Homo sapiens GN=ITGB1 PE=1 SV=2",0.0165527686786362,19.9858032985905,0.0505613826093247,0.960391224281456,0.987044079719424,-6.3429071954097
761,"Q8IY95|TM192_HUMAN","Transmembrane protein 192 OS=Homo sapiens GN=TMEM192 PE=1 SV=1",0.493615236041586,13.0672232081873,1.57287130932319,0.1381284564317,0.342540234624341,-5.1638505561404
343,"Q13303|KCAB2_HUMAN","Voltage-gated potassium channel subunit beta-2 OS=Homo sapiens GN=KCNAB2 PE=1 SV=2",0.67870043209227,15.0416336405632,1.80510272939289,0.0926618010972966,0.291399071127831,-4.8276833889911
1161,"Q6ZT21|TMPPE_HUMAN","Transmembrane protein with metallophosphoesterase domain OS=Homo sapiens GN=TMPPE PE=2 SV=2",3.80902129947001,8.46755105218333,2.86839970614584,0.01241890180356,0.170982733144671,-3.01052656726073
54,"P05023|AT1A1_HUMAN","Sodium/potassium-transporting ATPase subunit alpha-1 OS=Homo sapiens GN=ATP1A1 PE=1 SV=1",0.37074811546551,17.5309603939103,2.15213532189156,0.0493701693360065,0.242852599955098,-4.27575009303633
1097,"O14569|C56D2_HUMAN","Cytochrome b561 domain-containing protein 2 OS=Homo sapiens GN=CYB561D2 PE=1 SV=1",0.457970590104328,10.2680168683821,0.978904991033802,0.344284252282543,0.55919437568246,-5.86316103590512
256,"P61006|RAB8A_HUMAN","Ras-related protein Rab-8A OS=Homo sapiens GN=RAB8A PE=1 SV=1",0.332190596457867,15.0773643848102,1.47845696369914,0.161487795265589,0.366148858245039,-5.29149491091272
301,"Q9H4M9|EHD1_HUMAN","EH domain-containing protein 1 OS=Homo sapiens GN=EHD1 PE=1 SV=2",0.49408323021528,13.1365735201537,1.3030467840324,0.213638664711211,0.424602068862533,-5.51314279794144
89,"P79483|DRB3_HUMAN","HLA class II histocompatibility antigen, DR beta 3 chain OS=Homo sapiens GN=HLA-DRB3 PE=1 SV=1",-0.00573298846953918,7.33957628646582,-0.00238114135210924,0.998133811698007,0.999033031348185,-6.34423245946025
237,"P05026|AT1B1_HUMAN","Sodium/potassium-transporting ATPase subunit beta-1 OS=Homo sapiens GN=ATP1B1 PE=1 SV=1",0.305389987203931,17.2934698014028,1.49576743594216,0.156971565157712,0.36106709915159,-5.26851111766676
263,"O75787|RENR_HUMAN","Renin receptor OS=Homo sapiens GN=ATP6AP2 PE=1 SV=2",-0.163939462298051,14.6657772837125,-0.419808253879042,0.681013582371896,0.820867167909741,-6.25325192828304
241,"Q9Y5M8|SRPRB_HUMAN","Signal recognition particle receptor subunit beta OS=Homo sapiens GN=SRPRB PE=1 SV=3",0.442369073757789,14.3643536987857,1.57471258610356,0.137703137849831,0.342540234624341,-5.1613065245688
943,"Q9NZ43|USE1_HUMAN","Vesicle transport protein USE1 OS=Homo sapiens GN=USE1 PE=1 SV=2",0.652899036202688,7.94713131779578,0.622450782751645,0.543677586202033,0.718223303532056,-6.14574407898908
153,"Q00013|EM55_HUMAN","55 kDa erythrocyte membrane protein OS=Homo sapiens GN=MPP1 PE=1 SV=2",0.26237676863623,16.0684264024363,1.4211238801772,0.177228606201831,0.383822576004355,-5.36622889388166
359,"P05067|A4_HUMAN","Amyloid beta A4 protein OS=Homo sapiens GN=APP PE=1 SV=3",-0.352694702110234,8.81144698763016,-0.236668168672368,0.816351048660045,0.914363732223678,-6.31519159567916
112,"Q6PIU2|NCEH1_HUMAN","Neutral cholesterol ester hydrolase 1 OS=Homo sapiens GN=NCEH1 PE=1 SV=3",0.522371713621261,18.3452354695909,1.99871809959147,0.0654944915118981,0.257117950776391,-4.52623218044651
406,"Q9NUT2|ABCB8_HUMAN","ATP-binding cassette sub-family B member 8, mitochondrial OS=Homo sapiens GN=ABCB8 PE=1 SV=3",0.99114248179578,10.8923824850686,1.70147106271102,0.11100617508672,0.31222243169961,-4.98138999726841
416,"Q9NVI7|ATD3A_HUMAN","ATPase family AAA domain-containing protein 3A OS=Homo sapiens GN=ATAD3A PE=1 SV=2",0.468310848171779,13.0353213866845,1.20419724819496,0.248530248389652,0.460963449016533,-5.62848351204585
820,"Q5VW38|GP107_HUMAN","Protein GPR107 OS=Homo sapiens GN=GPR107 PE=1 SV=1",1.79547461996079,7.92203977355482,1.18615898563929,0.255351986390025,0.469695458409467,-5.64874547965129
832,"Q9BPX6|MICU1_HUMAN","Calcium uptake protein 1, mitochondrial OS=Homo sapiens GN=MICU1 PE=1 SV=1",0.487845608787813,10.5667030093576,1.16398710511384,0.263933811053072,0.477574045732839,-5.67331021190822
979,"Q86T03|TM55B_HUMAN","Type 1 phosphatidylinositol 4,5-bisphosphate 4-phosphatase OS=Homo sapiens GN=TMEM55B PE=1 SV=1",0.257983965180204,11.7294850558872,0.872609523165891,0.39763409259058,0.597796315112497,-5.95931264861034
329,"Q9H7Z7|PGES2_HUMAN","Prostaglandin E synthase 2 OS=Homo sapiens GN=PTGES2 PE=1 SV=1",0.560863707881099,14.5610336312299,1.84344052552574,0.0865907503704409,0.285254481324324,-4.76941308360076
742,"Q9Y6A9|SPCS1_HUMAN","Signal peptidase complex subunit 1 OS=Homo sapiens GN=SPCS1 PE=1 SV=4",0.294995860203983,14.3191241243979,1.14652236975786,0.270847845574916,0.486345427311366,-5.69239283587005
884,"O43674|NDUB5_HUMAN","NADH dehydrogenase [ubiquinone] 1 beta subcomplex subunit 5, mitochondrial OS=Homo sapiens GN=NDUFB5 PE=1 SV=1",0.338585673935764,11.916587828282,1.14189683548884,0.272701923349771,0.487877354012231,-5.69740716839531
49,"Q30134|2B18_HUMAN","HLA class II histocompatibility antigen, DRB1-8 beta chain OS=Homo sapiens GN=HLA-DRB1 PE=1 SV=2",0.273544142035686,13.0968598010855,0.0860079741090505,0.932982851949419,0.975111898885987,-6.34032874388791
6,"P11215|ITAM_HUMAN","Integrin alpha-M OS=Homo sapiens GN=ITGAM PE=1 SV=2",0.182441793451151,20.4214226843907,0.85817793450842,0.405285254618227,0.602773651781594,-5.97161056610333
537,"Q13884|SNTB1_HUMAN","Beta-1-syntrophin OS=Homo sapiens GN=SNTB1 PE=1 SV=3",0.830953088880936,10.945280034314,1.5429023726277,0.145210332107781,0.351854385797983,-5.20496769537007
278,"O75396|SC22B_HUMAN","Vesicle-trafficking protein SEC22b OS=Homo sapiens GN=SEC22B PE=1 SV=4",0.439522544429472,16.5494421347539,1.71033672555393,0.109320464662995,0.310507471911623,-4.9684653707739
1173,"O95563|MPC2_HUMAN","Mitochondrial pyruvate carrier 2 OS=Homo sapiens GN=MPC2 PE=1 SV=1",1.69373391306364,10.1519448319773,1.59123131751498,0.133937343632468,0.33984182494657,-5.13839191079994
285,"Q9Y6M5|ZNT1_HUMAN","Zinc transporter 1 OS=Homo sapiens GN=SLC30A1 PE=1 SV=3",0.198037135995996,15.0452477061999,1.00143284813457,0.333657535668535,0.548363198413821,-5.84154720038156
534,"Q9Y320|TMX2_HUMAN","Thioredoxin-related transmembrane protein 2 OS=Homo sapiens GN=TMX2 PE=1 SV=1",0.387305757271008,12.9932429160693,1.27878060972535,0.221820433063979,0.433189083736986,-5.54212047619646
462,"P04920|B3A2_HUMAN","Anion exchange protein 2 OS=Homo sapiens GN=SLC4A2 PE=1 SV=4",0.148003515153322,12.0052359079168,0.322023878423854,0.752205262095168,0.868711066723214,-6.29055824523682
1006,"Q9UM00|TMCO1_HUMAN","Transmembrane and coiled-coil domain-containing protein 1 OS=Homo sapiens GN=TMCO1 PE=1 SV=1",0.230782697550563,12.5135236473766,0.597841933121101,0.559517815829787,0.73046332947931,-6.16093006110406
96,"Q6DD88|ATLA3_HUMAN","Atlastin-3 OS=Homo sapiens GN=ATL3 PE=1 SV=1",0.538902062080233,16.4633558035125,2.25989240284667,0.0403412679274292,0.229841788037814,-4.09449451899849
751,"O95976|IGSF6_HUMAN","Immunoglobulin superfamily member 6 OS=Homo sapiens GN=IGSF6 PE=2 SV=2",0.0225149965997797,14.4431582227642,0.0670001112579014,0.94753155445872,0.981390624976304,-6.34190329575309
586,"Q16827|PTPRO_HUMAN","Receptor-type tyrosine-protein phosphatase O OS=Homo sapiens GN=PTPRO PE=1 SV=2",3.29815739427608,6.86367092183072,2.40008227869502,0.030906024907964,0.215103924126844,-3.85296088084917
544,"Q96HS1|PGAM5_HUMAN","Serine/threonine-protein phosphatase PGAM5, mitochondrial OS=Homo sapiens GN=PGAM5 PE=1 SV=2",0.331527073757606,14.383004844746,0.90899219469826,0.37877734899405,0.585611310491653,-5.92749896669189
693,"O75718|CRTAP_HUMAN","Cartilage-associated protein OS=Homo sapiens GN=CRTAP PE=1 SV=1",0.585534838952762,10.6688429560082,0.847272670742259,0.411131273703639,0.608236437907809,-5.98078149033341
158,"Q9NQC3|RTN4_HUMAN","Reticulon-4 OS=Homo sapiens GN=RTN4 PE=1 SV=2",0.249250262767912,17.4092188059639,1.26364756051276,0.22704772509787,0.440226915503898,-5.55997566764503
1188,"Q9UBR5|CKLF_HUMAN","Chemokine-like factor OS=Homo sapiens GN=CKLF PE=2 SV=1",-5.08792230426824,9.60227576983865,-2.29410174023451,0.0378155985003563,0.225877042655354,-4.03612163852933
1,"P05107|ITB2_HUMAN","Integrin beta-2 OS=Homo sapiens GN=ITGB2 PE=1 SV=2",0.0504248608827211,22.1942368129937,0.215302994486584,0.832644262026449,0.92630826264467,-6.3201902118114
287,"Q96TA2|YMEL1_HUMAN","ATP-dependent zinc metalloprotease YME1L1 OS=Homo sapiens GN=YME1L1 PE=1 SV=2",0.77274070513427,14.2227175981606,1.30981683113101,0.21139962567358,0.422419036193072,-5.50498279138612
814,"Q9BUN8|DERL1_HUMAN","Derlin-1 OS=Homo sapiens GN=DERL1 PE=1 SV=1",2.11967482527334,9.46263248791815,1.84284996124705,0.0866815054655872,0.285254481324324,-4.77031624373342
755,"Q96IX5|USMG5_HUMAN","Up-regulated during skeletal muscle growth protein 5 OS=Homo sapiens GN=USMG5 PE=1 SV=1",0.181215141840083,14.6790447799388,0.80279813263227,0.435544197438386,0.630886053916619,-6.01708576398294
264,"Q8WUD1|RAB2B_HUMAN","Ras-related protein Rab-2B OS=Homo sapiens GN=RAB2B PE=1 SV=1",0.13637224026975,16.6449076418613,0.572642859914573,0.575992175220762,0.7398003545321,-6.17587755857649
119,"Q92928|RAB1C_HUMAN","Putative Ras-related protein Rab-1C OS=Homo sapiens GN=RAB1C PE=5 SV=2",0.185521666488505,17.6435904882457,0.867195061986677,0.400493272777699,0.599551446487843,-5.96394810428834
853,"P08962|CD63_HUMAN","CD63 antigen OS=Homo sapiens GN=CD63 PE=1 SV=2",0.241106842814762,18.809437947073,1.10489709323532,0.287880489268889,0.508316481202276,-5.73691263664335
825,"O75352|MPU1_HUMAN","Mannose-P-dolichol utilization defect 1 protein OS=Homo sapiens GN=MPDU1 PE=1 SV=2",0.578032583452339,12.8075510930978,1.88689844606785,0.0801417495203206,0.279114369019048,-4.70248604327536
925,"Q8N6L1|KTAP2_HUMAN","Keratinocyte-associated protein 2 OS=Homo sapiens GN=KRTCAP2 PE=1 SV=2",0.48022467389152,12.1708550760041,1.48538636676373,0.159667027113492,0.36350423590797,-5.28231750419593
337,"P09326|CD48_HUMAN","CD48 antigen OS=Homo sapiens GN=CD48 PE=1 SV=2",-0.042323207205925,17.4525951763487,-0.127357454832256,0.900473468320191,0.965343275280141,-6.33581255993447
1180,"Q96D53|ADCK4_HUMAN","AarF domain-containing protein kinase 4 OS=Homo sapiens GN=ADCK4 PE=1 SV=2",-1.67408778553591,7.38574302144765,-1.05212550292686,0.310610438626651,0.525248397738523,-5.7913706543705
673,"Q99418|CYH2_HUMAN","Cytohesin-2 OS=Homo sapiens GN=CYTH2 PE=1 SV=2",-1.09460190875659,10.2970532296312,-0.978379075972826,0.344535170379962,0.55919437568246,-5.8636605261238
673,"O43739|CYH3_HUMAN","Cytohesin-3 OS=Homo sapiens GN=CYTH3 PE=1 SV=2",-1.09460190875659,10.2970532296312,-0.978379075972826,0.344535170379962,0.55919437568246,-5.8636605261238
226,"O60610|DIAP1_HUMAN","Protein diaphanous homolog 1 OS=Homo sapiens GN=DIAPH1 PE=1 SV=2",0.155251134282636,13.3841118673107,0.337639191744202,0.740657431796992,0.858946144808412,-6.28524857156692
542,"Q9UH62|ARMX3_HUMAN","Armadillo repeat-containing X-linked protein 3 OS=Homo sapiens GN=ARMCX3 PE=1 SV=1",3.43210138702962,9.05616120730097,2.39159186374264,0.031412098893587,0.216030011805541,-3.86775747040168
93,"P54920|SNAA_HUMAN","Alpha-soluble NSF attachment protein OS=Homo sapiens GN=NAPA PE=1 SV=3",0.239727120704568,17.417511229398,1.25556440467142,0.229879521197692,0.442415684605091,-5.56944421494651
145,"O60488|ACSL4_HUMAN","Long-chain-fatty-acid--CoA ligase 4 OS=Homo sapiens GN=ACSL4 PE=1 SV=2",0.467665183103774,14.5415050915967,1.46052245921344,0.166281156712256,0.372217877979821,-5.31510376484421
296,"Q15738|NSDHL_HUMAN","Sterol-4-alpha-carboxylate 3-dehydrogenase, decarboxylating OS=Homo sapiens GN=NSDHL PE=1 SV=2",0.736595902702893,13.8061329803348,1.93775784676324,0.0731464207760366,0.267321294349265,-4.62302294756882
643,"Q9NP90|RAB9B_HUMAN","Ras-related protein Rab-9B OS=Homo sapiens GN=RAB9B PE=1 SV=1",0.179152989818004,16.9209987279287,0.908364440476506,0.379097450855162,0.585611310491653,-5.9280576579372
43,"A6NMY6|AXA2L_HUMAN","Putative annexin A2-like protein OS=Homo sapiens GN=ANXA2P2 PE=5 SV=2",0.249035861449002,20.4314302464941,1.25504481267714,0.230062501282744,0.442415684605091,-5.5700512196417
277,"A0FGR8|ESYT2_HUMAN","Extended synaptotagmin-2 OS=Homo sapiens GN=ESYT2 PE=1 SV=1",1.04822929876369,12.6407351069834,2.00861154129715,0.0643239335794693,0.255903155075806,-4.51037031186616
325,"Q15005|SPCS2_HUMAN","Signal peptidase complex subunit 2 OS=Homo sapiens GN=SPCS2 PE=1 SV=3",0.482365285469099,15.3545965301655,1.65400599788579,0.12042321179766,0.323164706056038,-5.04984234153525
123,"P08582|TRFM_HUMAN","Melanotransferrin OS=Homo sapiens GN=MFI2 PE=1 SV=2",-0.999873237599147,15.9913872899792,-1.6181860399453,0.127982292113534,0.335484925100477,-5.10065181378183
961,"O95168|NDUB4_HUMAN","NADH dehydrogenase [ubiquinone] 1 beta subcomplex subunit 4 OS=Homo sapiens GN=NDUFB4 PE=1 SV=3",0.310532325637739,11.005125043821,0.775927921187762,0.45073521093753,0.641911356129181,-6.03815729111235
93,"Q9H115|SNAB_HUMAN","Beta-soluble NSF attachment protein OS=Homo sapiens GN=NAPB PE=1 SV=2",0.158017162509108,14.2858840708239,0.79929362574658,0.437506698427504,0.631259664873971,-6.01987103366786
1145,"Q15125|EBP_HUMAN","3-beta-hydroxysteroid-Delta(8),Delta(7)-isomerase OS=Homo sapiens GN=EBP PE=1 SV=3",0.27768870290943,12.0731376354143,0.865879375488155,0.401190105980091,0.599551446487843,-5.96507059944137
54,"P50993|AT1A2_HUMAN","Sodium/potassium-transporting ATPase subunit alpha-2 OS=Homo sapiens GN=ATP1A2 PE=1 SV=1",0.267221941920271,15.4302345666866,1.30308194754032,0.213626986291287,0.424602068862533,-5.51310049970412
405,"Q9Y3B3|TMED7_HUMAN","Transmembrane emp24 domain-containing protein 7 OS=Homo sapiens GN=TMED7 PE=1 SV=2",0.45764217990558,14.8181326908733,1.58024587609202,0.13643173342243,0.342540234624341,-5.15364905455
727,"Q9GZY8|MFF_HUMAN","Mitochondrial fission factor OS=Homo sapiens GN=MFF PE=1 SV=1",0.148884033282425,11.4338951887528,0.506289071251973,0.620553383042152,0.774645852314417,-6.21229113759659
43,"P07355|ANXA2_HUMAN","Annexin A2 OS=Homo sapiens GN=ANXA2 PE=1 SV=2",0.263473665591142,20.9457314584208,1.379355758393,0.189478154583457,0.397189112721172,-5.41929663732525
892,"Q9NVC3|S38A7_HUMAN","Putative sodium-coupled neutral amino acid transporter 7 OS=Homo sapiens GN=SLC38A7 PE=1 SV=1",0.266224038409623,9.19917137720895,0.369094357882331,0.717594260986045,0.844541550800313,-6.27380331057023
981,"Q9UBY8|CLN8_HUMAN","Protein CLN8 OS=Homo sapiens GN=CLN8 PE=1 SV=3",0.542262117346576,10.8448101629141,1.18668548697172,0.255150844916505,0.469695458409467,-5.64815757962668
202,"Q8N423|LIRB2_HUMAN","Leukocyte immunoglobulin-like receptor subfamily B member 2 OS=Homo sapiens GN=LILRB2 PE=1 SV=4",2.02373431945908,13.5282341935933,1.1403753976761,0.276108363363447,0.493177478612201,-5.69692068056654
318,"P78410|BT3A2_HUMAN","Butyrophilin subfamily 3 member A2 OS=Homo sapiens GN=BTN3A2 PE=1 SV=2",0.138906889518829,12.9654060430705,0.499176549989804,0.625427625553385,0.778107605811658,-6.21593894289688
862,"P56589|PEX3_HUMAN","Peroxisomal biogenesis factor 3 OS=Homo sapiens GN=PEX3 PE=1 SV=1",1.74856192509633,5.22165761311144,1.24105591384528,0.235032162429464,0.44712454188208,-5.58631868086734
24,"P30504|1C04_HUMAN","HLA class I histocompatibility antigen, Cw-4 alpha chain OS=Homo sapiens GN=HLA-C PE=1 SV=1",0.228020113341804,7.67093313313023,0.0879016616205982,0.931203093905254,0.975111898885987,-6.34022174855498
129,"P63010|AP2B1_HUMAN","AP-2 complex subunit beta OS=Homo sapiens GN=AP2B1 PE=1 SV=1",0.536515074903919,15.0862525492177,1.86415194553979,0.083461300271771,0.284925689307832,-4.73763065221803
889,"O75695|XRP2_HUMAN","Protein XRP2 OS=Homo sapiens GN=RP2 PE=1 SV=4",0.253803827944964,13.4490161103698,1.17575601307526,0.259351402079696,0.474542709970669,-5.66031815011611
989,"O95619|YETS4_HUMAN","YEATS domain-containing protein 4 OS=Homo sapiens GN=YEATS4 PE=1 SV=1",0.537334217570727,9.36483377207124,0.929248849549641,0.368547355168024,0.578024162137225,-5.90928807081739
984,"Q9BVC6|TM109_HUMAN","Transmembrane protein 109 OS=Homo sapiens GN=TMEM109 PE=1 SV=1",0.142960016490445,14.6328534497819,0.625376077609836,0.541811216592722,0.716656300489558,-6.14390039852993
257,"O14880|MGST3_HUMAN","Microsomal glutathione S-transferase 3 OS=Homo sapiens GN=MGST3 PE=1 SV=1",0.212441018030329,16.534042615142,0.801596074158309,0.436216706309939,0.631037448841591,-6.01804236995915
59,"Q12913|PTPRJ_HUMAN","Receptor-type tyrosine-protein phosphatase eta OS=Homo sapiens GN=PTPRJ PE=1 SV=3",0.164022506565296,17.7349604218912,0.617701245714973,0.546715392146208,0.720328692246909,-6.14872010512664
716,"P51809|VAMP7_HUMAN","Vesicle-associated membrane protein 7 OS=Homo sapiens GN=VAMP7 PE=1 SV=3",0.520626878209498,12.4131692280276,1.56253415514249,0.140537151407901,0.343157747723469,-5.1780949439793
188,"P43007|SATT_HUMAN","Neutral amino acid transporter A OS=Homo sapiens GN=SLC1A4 PE=1 SV=1",0.0701739558730221,15.6940946293649,0.266115854333896,0.794039305164364,0.900181293915927,-6.3075343091849
594,"P20138|CD33_HUMAN","Myeloid cell surface antigen CD33 OS=Homo sapiens GN=CD33 PE=1 SV=2",-0.0245738055999603,16.032197030958,-0.0713929304058896,0.944097559384589,0.981390624976304,-6.34158752357143
1084,"O95864|FADS2_HUMAN","Fatty acid desaturase 2 OS=Homo sapiens GN=FADS2 PE=1 SV=1",-0.267112069336704,5.35849789256629,-0.199112570051313,0.845045028601234,0.933165601425888,-6.32366547956358
382,"P60033|CD81_HUMAN","CD81 antigen OS=Homo sapiens GN=CD81 PE=1 SV=1",0.260612539586049,15.0255010774079,0.566526882573709,0.580028684891396,0.741555660430772,-6.17941299695659
1069,"Q96A25|T106A_HUMAN","Transmembrane protein 106A OS=Homo sapiens GN=TMEM106A PE=2 SV=1",0.236743337361743,10.6461361639403,0.619365172348123,0.545650082375948,0.719972970925983,-6.14767995142511
883,"Q9H1C7|CYTM1_HUMAN","Cysteine-rich and transmembrane domain-containing protein 1 OS=Homo sapiens GN=CYSTM1 PE=1 SV=1",1.0446830150748,10.6501143691387,0.860094068128969,0.404263788874891,0.602060414798933,-5.96998830154904
457,"P61009|SPCS3_HUMAN","Signal peptidase complex subunit 3 OS=Homo sapiens GN=SPCS3 PE=1 SV=1",0.321760631338059,14.9520319642261,1.25084599843666,0.2315453806928,0.444295195077204,-5.5749491222788
697,"P30273|FCERG_HUMAN","High affinity immunoglobulin epsilon receptor subunit gamma OS=Homo sapiens GN=FCER1G PE=1 SV=1",0.136306345315031,16.8564979947768,0.755898047535157,0.462273187912822,0.650667109526469,-6.05343751300249
598,"Q9UNL2|SSRG_HUMAN","Translocon-associated protein subunit gamma OS=Homo sapiens GN=SSR3 PE=1 SV=1",0.246544057651557,13.4361593135281,0.823542691103926,0.424043237719117,0.61988425934992,-6.00037232981445
569,"Q66K14|TBC9B_HUMAN","TBC1 domain family member 9B OS=Homo sapiens GN=TBC1D9B PE=1 SV=3",1.36749846929742,9.43999437669697,1.33682224067214,0.202655112610987,0.411608464553577,-5.47210878437747
1001,"Q9NRP0|OSTC_HUMAN","Oligosaccharyltransferase complex subunit OSTC OS=Homo sapiens GN=OSTC PE=1 SV=1",0.374119135848884,12.6467897721627,1.23071721992573,0.23875898857101,0.450049387308801,-5.5982482181224
879,"Q96EX1|SIM12_HUMAN","Small integral membrane protein 12 OS=Homo sapiens GN=SMIM12 PE=1 SV=3",0.302869158310179,10.5119781829776,0.747265179522608,0.467302038407726,0.653047251158469,-6.05991006773808
407,"P48664|EAA4_HUMAN","Excitatory amino acid transporter 4 OS=Homo sapiens GN=SLC1A6 PE=2 SV=1",0.214652453535727,12.0097449924399,0.594733990173529,0.561535909036635,0.731379126541268,-6.1628066695255
141,"Q03405|UPAR_HUMAN","Urokinase plasminogen activator surface receptor OS=Homo sapiens GN=PLAUR PE=1 SV=1",-0.234139158884147,17.2125224810767,-0.49998382749591,0.624873472937775,0.778107605811658,-6.21552741545044
95,"Q16891|MIC60_HUMAN","MICOS complex subunit MIC60 OS=Homo sapiens GN=IMMT PE=1 SV=1",0.386264035604764,16.7660445149794,1.83645691269481,0.0876694237638428,0.286472734710675,-4.78008222055771
342,"P10620|MGST1_HUMAN","Microsomal glutathione S-transferase 1 OS=Homo sapiens GN=MGST1 PE=1 SV=1",0.478252185302569,15.9815389838919,1.31134668436345,0.21089627815065,0.422172549595265,-5.50313430974715
111,"O94826|TOM70_HUMAN","Mitochondrial import receptor subunit TOM70 OS=Homo sapiens GN=TOMM70A PE=1 SV=1",-0.132312894236147,16.5183842158325,-0.481859729931189,0.637370873519226,0.786366253625124,-6.2246120429251
55,"P16284|PECA1_HUMAN","Platelet endothelial cell adhesion molecule OS=Homo sapiens GN=PECAM1 PE=1 SV=1",0.146600970984146,18.3948591856541,0.517496643953124,0.61291026469002,0.770297855283498,-6.20644231680208
553,"P08910|ABHD2_HUMAN","Abhydrolase domain-containing protein 2 OS=Homo sapiens GN=ABHD2 PE=2 SV=1",1.23270200820999,9.7416121575797,0.92859589927715,0.36887410527029,0.578024162137225,-5.90988059427839
830,"Q8NHH9|ATLA2_HUMAN","Atlastin-2 OS=Homo sapiens GN=ATL2 PE=1 SV=2",0.675704427535971,8.23062166012491,0.865295135892959,0.401499798548114,0.599551446487843,-5.96556856212871
918,"O14807|RASM_HUMAN","Ras-related protein M-Ras OS=Homo sapiens GN=MRAS PE=1 SV=2",0.16811110543572,12.0562943356975,0.546889550832558,0.593087935978004,0.7521925763374,-6.19051959684157
196,"P54709|AT1B3_HUMAN","Sodium/potassium-transporting ATPase subunit beta-3 OS=Homo sapiens GN=ATP1B3 PE=1 SV=1",0.056969282311055,18.6859040527023,0.249357082750469,0.806715439063988,0.909909495228519,-6.31200106195343
739,"Q9P0V8|SLAF8_HUMAN","SLAM family member 8 OS=Homo sapiens GN=SLAMF8 PE=1 SV=1",0.117115514978931,13.0752122628887,0.359001041999594,0.724964958741484,0.850780136565474,-6.27758480756531
130,"Q13586|STIM1_HUMAN","Stromal interaction molecule 1 OS=Homo sapiens GN=STIM1 PE=1 SV=3",0.273165945072758,15.4195628682825,1.50645639928654,0.154236259980952,0.361048483024857,-5.25422356785896
105,"P35613|BASI_HUMAN","Basigin OS=Homo sapiens GN=BSG PE=1 SV=2",-0.0260189419886139,19.389028082625,-0.0940249218673388,0.926425294995614,0.973056943539108,-6.33964327519534
412,"P14780|MMP9_HUMAN","Matrix metalloproteinase-9 OS=Homo sapiens GN=MMP9 PE=1 SV=3",-0.625144456557132,13.6263345031177,-1.33724928623943,0.202519215035049,0.411608464553577,-5.47158480125447
306,"Q92930|RAB8B_HUMAN","Ras-related protein Rab-8B OS=Homo sapiens GN=RAB8B PE=1 SV=2",0.312696320986106,14.9797014523034,1.42550248499488,0.175983195247972,0.382617083993144,-5.36059776630922
845,"Q96S97|MYADM_HUMAN","Myeloid-associated differentiation marker OS=Homo sapiens GN=MYADM PE=1 SV=2",1.42002674897945,9.14617960545288,0.599448245721714,0.558476315906205,0.729961396437404,-6.15995651605128
1046,"Q5RI15|COX20_HUMAN","Cytochrome c oxidase protein 20 homolog OS=Homo sapiens GN=COX20 PE=1 SV=2",0.323446254110365,12.1926588930795,1.04992164084995,0.311587598797087,0.526100033835203,-5.79359596781356
401,"Q15758|AAAT_HUMAN","Neutral amino acid transporter B(0) OS=Homo sapiens GN=SLC1A5 PE=1 SV=2",0.0767334514976401,14.3484395641357,0.35869016936672,0.725192429637718,0.850780136565474,-6.27769964459348
351,"O95210|STBD1_HUMAN","Starch-binding domain-containing protein 1 OS=Homo sapiens GN=STBD1 PE=1 SV=1",0.270796024290126,13.0457717056494,0.90512609109489,0.380751671203695,0.585823326935076,-5.93093431011556
855,"P61803|DAD1_HUMAN","Dolichyl-diphosphooligosaccharide--protein glycosyltransferase subunit DAD1 OS=Homo sapiens GN=DAD1 PE=1 SV=3",0.349397921969359,14.7832114344947,1.51830949900304,0.151250158851028,0.357529630815941,-5.23829553412126
998,"Q969V5|MUL1_HUMAN","Mitochondrial ubiquitin ligase activator of NFKB 1 OS=Homo sapiens GN=MUL1 PE=1 SV=1",-0.0416537549102118,5.16414048334676,-0.0280502600464149,0.97801904328524,0.991121335524107,-6.34382658654884
349,"Q96CW1|AP2M1_HUMAN","AP-2 complex subunit mu OS=Homo sapiens GN=AP2M1 PE=1 SV=2",0.53638906865103,13.8510207893899,1.23179204042288,0.238369400162482,0.450049387308801,-5.59701171556438
116,"P26006|ITA3_HUMAN","Integrin alpha-3 OS=Homo sapiens GN=ITGA3 PE=1 SV=5",0.25489203223691,17.0462857314699,0.942386177104028,0.362015657759705,0.572362234322321,-5.8972888108513
1075,"Q9BZM5|N2DL2_HUMAN","NKG2D ligand 2 OS=Homo sapiens GN=ULBP2 PE=1 SV=1",-0.0423373075986806,5.50208692166377,-0.0305529698397101,0.97605847798771,0.991121335524107,-6.34375038315101
126,"P36222|CH3L1_HUMAN","Chitinase-3-like protein 1 OS=Homo sapiens GN=CHI3L1 PE=1 SV=2",0.465683135212402,17.048846772391,1.59883098999525,0.132234726813618,0.33984182494657,-5.12779492123687
789,"Q8WVX9|FACR1_HUMAN","Fatty acyl-CoA reductase 1 OS=Homo sapiens GN=FAR1 PE=1 SV=1",0.00747575247029975,7.47638602693036,0.00420452523057739,0.996704765567331,0.999033031348185,-6.34422621999559
957,"Q9Y289|SC5A6_HUMAN","Sodium-dependent multivitamin transporter OS=Homo sapiens GN=SLC5A6 PE=2 SV=2",1.39570243418425,9.49347579839072,1.31960929215865,0.208194354124886,0.41978934198321,-5.49312201674498
811,"Q15382|RHEB_HUMAN","GTP-binding protein Rheb OS=Homo sapiens GN=RHEB PE=1 SV=1",0.133168409803883,12.6283169836688,0.515158866493923,0.614500723232071,0.771424071763651,-6.20767248289518
274,"O00264|PGRC1_HUMAN","Membrane-associated progesterone receptor component 1 OS=Homo sapiens GN=PGRMC1 PE=1 SV=3",-0.400001488956434,15.7405166400921,-1.37532570071004,0.190695905797855,0.398988985577056,-5.42435423049249
196,"P51164|ATP4B_HUMAN","Potassium-transporting ATPase subunit beta OS=Homo sapiens GN=ATP4B PE=1 SV=1",0.0373455440254347,13.9014900629931,0.104722543777537,0.918085437021893,0.972347874672376,-6.33853934542668
196,"P14415|AT1B2_HUMAN","Sodium/potassium-transporting ATPase subunit beta-2 OS=Homo sapiens GN=ATP1B2 PE=1 SV=3",0.0373455440254347,13.9014900629931,0.104722543777537,0.918085437021893,0.972347874672376,-6.33853934542668
1237,"Q9NRA2|S17A5_HUMAN","Sialin OS=Homo sapiens GN=SLC17A5 PE=1 SV=2",1.46486592302633,8.34662214832214,0.95325283738148,0.356674090547494,0.570165344745707,-5.88725199448359
930,"Q9P2X0|DPM3_HUMAN","Dolichol-phosphate mannosyltransferase subunit 3 OS=Homo sapiens GN=DPM3 PE=1 SV=2",-0.383365840379909,11.2938643948235,-0.586633180803997,0.566814352238857,0.733621377429778,-6.16765436740359
63,"Q9TQE0|2B19_HUMAN","HLA class II histocompatibility antigen, DRB1-9 beta chain OS=Homo sapiens GN=HLA-DRB1 PE=1 SV=1",-0.0646448757519389,7.92796983326244,-0.023653118028338,0.98146401239383,0.991121335524107,-6.34394471042638
213,"Q96S66|CLCC1_HUMAN","Chloride channel CLIC-like protein 1 OS=Homo sapiens GN=CLCC1 PE=1 SV=1",0.558661500434351,12.1193443167169,1.58256575879,0.135901683393885,0.342540234624341,-5.15043310822469
546,"P09543|CN37_HUMAN","2',3'-cyclic-nucleotide 3'-phosphodiesterase OS=Homo sapiens GN=CNP PE=1 SV=2",0.405250994428222,11.9862411774096,1.11100930679813,0.285330235091774,0.506392797423261,-5.73046099286224
481,"O95297|MPZL1_HUMAN","Myelin protein zero-like protein 1 OS=Homo sapiens GN=MPZL1 PE=1 SV=1",-0.000402444195078289,13.55763346761,-0.00103210098114144,0.999191103728559,0.999191103728559,-6.34423485201462
114,"Q92692|PVRL2_HUMAN","Nectin-2 OS=Homo sapiens GN=PVRL2 PE=1 SV=1",0.255181963644272,16.2895682297407,0.706734672348309,0.491358040122078,0.679114785209314,-6.08937947621995
692,"Q9BW60|ELOV1_HUMAN","Elongation of very long chain fatty acids protein 1 OS=Homo sapiens GN=ELOVL1 PE=1 SV=1",0.485610931625347,11.276572545409,0.873841604674841,0.396985387450084,0.597796315112497,-5.95825423244123
198,"P61224|RAP1B_HUMAN","Ras-related protein Rap-1b OS=Homo sapiens GN=RAP1B PE=1 SV=1",-0.0368112925453321,15.2218490623935,-0.193946432152764,0.849011103403089,0.933912213743399,-6.32471758037042
898,"O43676|NDUB3_HUMAN","NADH dehydrogenase [ubiquinone] 1 beta subcomplex subunit 3 OS=Homo sapiens GN=NDUFB3 PE=1 SV=3",0.113636017924954,13.2637078795402,0.42426348295955,0.677837764707023,0.818562778901633,-6.25132330879676
1079,"Q15800|MSMO1_HUMAN","Methylsterol monooxygenase 1 OS=Homo sapiens GN=MSMO1 PE=1 SV=1",0.119048535876539,8.6447384431344,0.08580821209998,0.932837192202056,0.975111898885987,-6.34041059775146
300,"P08574|CY1_HUMAN","Cytochrome c1, heme protein, mitochondrial OS=Homo sapiens GN=CYC1 PE=1 SV=3",0.17434156965172,13.0854047120522,0.533419450092451,0.602131613089122,0.760186315878211,-6.19792129429913
500,"P01906|DQA2_HUMAN","HLA class II histocompatibility antigen, DQ alpha 2 chain OS=Homo sapiens GN=HLA-DQA2 PE=1 SV=2",3.99912423415221,12.7549921447971,2.14552378138692,0.0527908827023541,0.243950430045695,-4.30683135435938
833,"Q8N511|TM199_HUMAN","Transmembrane protein 199 OS=Homo sapiens GN=TMEM199 PE=1 SV=1",-0.48561012427596,10.0413246002396,-0.753131349254218,0.463881195220548,0.650667109526469,-6.05551930956534
268,"O14662|STX16_HUMAN","Syntaxin-16 OS=Homo sapiens GN=STX16 PE=1 SV=3",-0.33118986155314,14.2490220550644,-0.913815291450541,0.376324138353857,0.583118713683592,-5.92319510436917
460,"O15229|KMO_HUMAN","Kynurenine 3-monooxygenase OS=Homo sapiens GN=KMO PE=1 SV=2",0.710006433809321,12.2012601068677,1.57373180145501,0.137929550767399,0.342540234624341,-5.16266189734518
986,"Q9BZD2|S29A3_HUMAN","Equilibrative nucleoside transporter 3 OS=Homo sapiens GN=SLC29A3 PE=1 SV=3",2.67734536036774,8.82941353990757,2.08542878102499,0.0558678266065117,0.243950430045695,-4.38581794030403
464,"Q0JRZ9|FCHO2_HUMAN","F-BAR domain only protein 2 OS=Homo sapiens GN=FCHO2 PE=1 SV=2",-0.243730588672165,11.9971616406376,-0.584760774697958,0.568038151593145,0.733621377429778,-6.16876586696488
435,"Q9NPA0|EMC7_HUMAN","ER membrane protein complex subunit 7 OS=Homo sapiens GN=EMC7 PE=1 SV=1",0.13365219527415,13.2926357469918,0.489544144031446,0.632057821719931,0.783723482065674,-6.22079978921202
160,"Q96TC7|RMD3_HUMAN","Regulator of microtubule dynamics protein 3 OS=Homo sapiens GN=RMDN3 PE=1 SV=2",0.0267922750485319,16.617803883389,0.116146327882821,0.909190527884432,0.9676010467694,-6.33722949210554
1233,"P15954|COX7C_HUMAN","Cytochrome c oxidase subunit 7C, mitochondrial OS=Homo sapiens GN=COX7C PE=1 SV=1",1.3996677185015,7.08608707772223,0.590725013144168,0.564144836100464,0.732596047424867,-6.1652136190106
745,"Q10589|BST2_HUMAN","Bone marrow stromal antigen 2 OS=Homo sapiens GN=BST2 PE=1 SV=1",-0.238373659740443,13.3660321118171,-0.672237280598874,0.512403847682355,0.693583593007308,-6.11325843281048
379,"Q15836|VAMP3_HUMAN","Vesicle-associated membrane protein 3 OS=Homo sapiens GN=VAMP3 PE=1 SV=3",-0.104477311795327,14.6132200918449,-0.397247489469255,0.697191055239057,0.833777462185783,-6.26271329970893
1063,"Q86Y39|NDUAB_HUMAN","NADH dehydrogenase [ubiquinone] 1 alpha subcomplex subunit 11 OS=Homo sapiens GN=NDUFA11 PE=1 SV=3",-0.92360600281895,10.4075062287268,-0.783077384762852,0.446661029651266,0.639485056627006,-6.03261461567497
50,"P01903|DRA_HUMAN","HLA class II histocompatibility antigen, DR alpha chain OS=Homo sapiens GN=HLA-DRA PE=1 SV=1",0.258764024799675,20.8101271455329,0.965732446865715,0.350607989624459,0.562898087388401,-5.87560146750405
687,"P48651|PTSS1_HUMAN","Phosphatidylserine synthase 1 OS=Homo sapiens GN=PTDSS1 PE=1 SV=1",1.28286264422117,6.48084078980824,0.677442272319319,0.509195297427824,0.69073989675496,-6.10972698134536
451,"P49903|SPS1_HUMAN","Selenide, water dikinase 1 OS=Homo sapiens GN=SEPHS1 PE=1 SV=2",0.0609194985323178,12.829167341562,0.182261098001814,0.8579975117374,0.939148015310592,-6.32699584905686
80,"Q9BSJ8|ESYT1_HUMAN","Extended synaptotagmin-1 OS=Homo sapiens GN=ESYT1 PE=1 SV=1",0.335876114484233,16.0588622128682,1.31319810952591,0.210288415237611,0.422172549595265,-5.5008950501298
77,"P11717|MPRI_HUMAN","Cation-independent mannose-6-phosphate receptor OS=Homo sapiens GN=IGF2R PE=1 SV=3",-0.22345798682289,15.7328425305207,-0.466921099016549,0.647758776468831,0.793450937879682,-6.2318562215999
332,"Q92542|NICA_HUMAN","Nicastrin OS=Homo sapiens GN=NCSTN PE=1 SV=2",0.21301699234203,14.46994506177,0.727166429769132,0.479139738056316,0.667909973626809,-6.07471361147622
991,"Q9BQB6|VKOR1_HUMAN","Vitamin K epoxide reductase complex subunit 1 OS=Homo sapiens GN=VKORC1 PE=1 SV=1",0.234188061307904,10.6390263120635,0.462590451186701,0.650784613992762,0.796279412055021,-6.23391498890841
508,"Q8IWB9|TEX2_HUMAN","Testis-expressed sequence 2 protein OS=Homo sapiens GN=TEX2 PE=1 SV=2",0.282223799077171,11.3901137092463,0.821092798230738,0.425391134578754,0.620222507240152,-6.00236626772003
54,"P20648|ATP4A_HUMAN","Potassium-transporting ATPase alpha chain 1 OS=Homo sapiens GN=ATP4A PE=2 SV=5",0.291368373088675,13.4613392690384,1.06409870712096,0.305340931112768,0.519130624452515,-5.77921185427696
250,"Q15907|RB11B_HUMAN","Ras-related protein Rab-11B OS=Homo sapiens GN=RAB11B PE=1 SV=4",-0.0470517060766866,12.7864484505399,-0.154847168854459,0.879157897850553,0.951065651910384,-6.33178760889075
555,"O15427|MOT4_HUMAN","Monocarboxylate transporter 4 OS=Homo sapiens GN=SLC16A3 PE=1 SV=1",0.380789575172349,14.4104791822147,1.03285179519541,0.319232347197673,0.530938828947028,-5.81069748112498
1121,"Q5T1C6|THEM4_HUMAN","Acyl-coenzyme A thioesterase THEM4 OS=Homo sapiens GN=THEM4 PE=1 SV=1",1.48308563139525,6.88506706746683,1.01936656844732,0.325367407468508,0.537122124364803,-5.82403846091695
465,"O95140|MFN2_HUMAN","Mitofusin-2 OS=Homo sapiens GN=MFN2 PE=1 SV=3",1.65751835099155,7.35323554703338,1.04243430026058,0.314924176586101,0.527723620191792,-5.80112656965963
11,"P30475|1B39_HUMAN","HLA class I histocompatibility antigen, B-39 alpha chain OS=Homo sapiens GN=HLA-B PE=1 SV=1",-0.0813291691905178,8.29239401803873,-0.0277429686479297,0.978259778731434,0.991121335524107,-6.34383549447921
11,"Q95365|1B38_HUMAN","HLA class I histocompatibility antigen, B-38 alpha chain OS=Homo sapiens GN=HLA-B PE=1 SV=1",-0.0813291691905178,8.29239401803873,-0.0277429686479297,0.978259778731434,0.991121335524107,-6.34383549447921
11,"Q29836|1B67_HUMAN","HLA class I histocompatibility antigen, B-67 alpha chain OS=Homo sapiens GN=HLA-B PE=1 SV=1",-0.0813291691905178,8.29239401803873,-0.0277429686479297,0.978259778731434,0.991121335524107,-6.34383549447921
312,"P63000|RAC1_HUMAN","Ras-related C3 botulinum toxin substrate 1 OS=Homo sapiens GN=RAC1 PE=1 SV=1",0.0684687286855414,16.4660140190725,0.350265144180523,0.731367357487736,0.854268291082512,-6.28077468131788
120,"Q5JRA6|MIA3_HUMAN","Melanoma inhibitory activity protein 3 OS=Homo sapiens GN=MIA3 PE=1 SV=1",-0.201586058158627,14.7240475820661,-0.585138283793488,0.567791299756148,0.733621377429778,-6.16854204150187
1172,"B7ZAQ6|GPHRA_HUMAN","Golgi pH regulator A OS=Homo sapiens GN=GPR89A PE=1 SV=2",2.92229627642633,6.7834618179952,2.07831560323369,0.0566055044606532,0.243950430045695,-4.39745252275483
1172,"P0CG08|GPHRB_HUMAN","Golgi pH regulator B OS=Homo sapiens GN=GPR89B PE=1 SV=1",2.92229627642633,6.7834618179952,2.07831560323369,0.0566055044606532,0.243950430045695,-4.39745252275483
968,"Q15041|AR6P1_HUMAN","ADP-ribosylation factor-like protein 6-interacting protein 1 OS=Homo sapiens GN=ARL6IP1 PE=1 SV=2",0.315374582946308,12.720437043568,0.94907618373756,0.358720594301334,0.571600983309792,-5.89112160706826
36,"Q8NHJ6|LIRB4_HUMAN","Leukocyte immunoglobulin-like receptor subfamily B member 4 OS=Homo sapiens GN=LILRB4 PE=1 SV=3",-0.239841146605706,19.234609763675,-0.840416220445367,0.414835161505909,0.609750834063999,-5.98649351201135
78,"Q01518|CAP1_HUMAN","Adenylyl cyclase-associated protein 1 OS=Homo sapiens GN=CAP1 PE=1 SV=5",0.0420267265496754,18.7441704674179,0.192826100802534,0.849871752832596,0.933934240748777,-6.3249421107436
703,"Q9C0H2|TTYH3_HUMAN","Protein tweety homolog 3 OS=Homo sapiens GN=TTYH3 PE=1 SV=3",0.0445583000746463,13.0201747030548,0.166657308492096,0.870029060769531,0.947417017451072,-6.32981843773213
958,"P11234|RALB_HUMAN","Ras-related protein Ral-B OS=Homo sapiens GN=RALB PE=1 SV=1",0.121574854205537,12.9699734135893,0.446887289458255,0.661809849326922,0.803574582078918,-6.24122415597235
38,"P48960|CD97_HUMAN","CD97 antigen OS=Homo sapiens GN=CD97 PE=1 SV=4",0.0549882905235712,20.1822178139595,0.171168733405389,0.866546877919536,0.945710787199022,-6.32902819016198
211,"P08571|CD14_HUMAN","Monocyte differentiation antigen CD14 OS=Homo sapiens GN=CD14 PE=1 SV=2",0.76532017105853,15.2184803182012,1.02575722490357,0.322943615822142,0.535507995788657,-5.81727487201317
362,"P53007|TXTP_HUMAN","Tricarboxylate transport protein, mitochondrial OS=Homo sapiens GN=SLC25A1 PE=1 SV=2",0.32976085983872,14.2380131790134,0.843187879574337,0.413335266777893,0.609039642100294,-5.98418950747768
409,"Q8TDQ1|CLM1_HUMAN","CMRF35-like molecule 1 OS=Homo sapiens GN=CD300LF PE=1 SV=3",0.0227120196531274,15.4578349699559,0.0563782195499381,0.955839334495785,0.985099722286473,-6.34258404595392
12,"P46940|IQGA1_HUMAN","Ras GTPase-activating-like protein IQGAP1 OS=Homo sapiens GN=IQGAP1 PE=1 SV=1",0.396302756944984,18.0477990132636,1.21304481942694,0.245236370329701,0.456732314699754,-5.61845517517469
350,"P04233|HG2A_HUMAN","HLA class II histocompatibility antigen gamma chain OS=Homo sapiens GN=CD74 PE=1 SV=3",0.0617142195186631,17.1321966183406,0.250725589601001,0.805678145610226,0.909663028224553,-6.3116470976144
993,"Q9P0U1|TOM7_HUMAN","Mitochondrial import receptor subunit TOM7 homolog OS=Homo sapiens GN=TOMM7 PE=1 SV=1",-0.0606806032896436,10.4718609212542,-0.136484435829072,0.893386685569063,0.961775782623284,-6.33456292619084
108,"P16671|CD36_HUMAN","Platelet glycoprotein 4 OS=Homo sapiens GN=CD36 PE=1 SV=2",-0.0287853065898744,19.7777652315236,-0.0876573819261199,0.931393756536919,0.975111898885987,-6.34024401924027
228,"Q9UKJ1|PILRA_HUMAN","Paired immunoglobulin-like type 2 receptor alpha OS=Homo sapiens GN=PILRA PE=1 SV=3",0.0623658397367421,16.4651377477491,0.178023138600255,0.861261770533838,0.940867086591046,-6.32778731648603
604,"Q04721|NOTC2_HUMAN","Neurogenic locus notch homolog protein 2 OS=Homo sapiens GN=NOTCH2 PE=1 SV=3",2.48460481783005,9.6480453292112,1.85232241193713,0.0852360548979946,0.285254481324324,-4.75580918050867
924,"Q8NC42|RN149_HUMAN","E3 ubiquitin-protein ligase RNF149 OS=Homo sapiens GN=RNF149 PE=2 SV=2",-1.12916619407264,6.84973447942615,-0.713374214514041,0.487367281876063,0.67767841071878,-6.08465612925228
194,"P18084|ITB5_HUMAN","Integrin beta-5 OS=Homo sapiens GN=ITGB5 PE=1 SV=1",-0.118468280826264,15.705830900768,-0.36502906146304,0.720559504918133,0.847133978797932,-6.27533875325644
106,"Q12907|LMAN2_HUMAN","Vesicular integral-membrane protein VIP36 OS=Homo sapiens GN=LMAN2 PE=1 SV=1",0.0984352177848677,17.4810313228715,0.460246831684466,0.652424782113938,0.796496584240507,-6.23502138218847
871,"Q7L804|RFIP2_HUMAN","Rab11 family-interacting protein 2 OS=Homo sapiens GN=RAB11FIP2 PE=1 SV=1",-0.0420058295104635,13.0650064902756,-0.200063542322782,0.844315433180478,0.933165601425888,-6.32346881437305
365,"P25942|TNR5_HUMAN","Tumor necrosis factor receptor superfamily member 5 OS=Homo sapiens GN=CD40 PE=1 SV=1",-0.321054742493839,17.731615707408,-0.935016590306312,0.365669743110815,0.577072563346755,-5.90403819920554
941,"Q07817|B2CL1_HUMAN","Bcl-2-like protein 1 OS=Homo sapiens GN=BCL2L1 PE=1 SV=1",-0.0774456478501353,10.6912936288291,-0.194757521856173,0.848388141057663,0.933912213743399,-6.32455421918798
438,"Q15904|VAS1_HUMAN","V-type proton ATPase subunit S1 OS=Homo sapiens GN=ATP6AP1 PE=1 SV=2",0.280022711984207,13.5666106479543,1.03157524704346,0.319809485005209,0.531103644007156,-5.81196679437742
476,"Q9H3N1|TMX1_HUMAN","Thioredoxin-related transmembrane protein 1 OS=Homo sapiens GN=TMX1 PE=1 SV=1",0.0845462815263218,16.1659837369993,0.460807919154681,0.652031938000584,0.796496584240507,-6.23475699567401
726,"O15155|BET1_HUMAN","BET1 homolog OS=Homo sapiens GN=BET1 PE=1 SV=1",-0.34536553953744,14.0480384911625,-1.26092004823567,0.228000161972188,0.441303449392161,-5.56317601312883
1114,"Q9H6L5|F134B_HUMAN","Reticulophagy receptor FAM134B OS=Homo sapiens GN=FAM134B PE=1 SV=1",0.0311349276152058,6.75715355649378,0.0185501492903806,0.98546244254768,0.991710845716008,-6.34405660895053
441,"Q9Y385|UB2J1_HUMAN","Ubiquitin-conjugating enzyme E2 J1 OS=Homo sapiens GN=UBE2J1 PE=1 SV=2",-0.0423800183676892,13.2494566774323,-0.182275280276371,0.857986592428871,0.939148015310592,-6.32699316931311
882,"Q5U3C3|TM164_HUMAN","Transmembrane protein 164 OS=Homo sapiens GN=TMEM164 PE=2 SV=1",1.87961561137026,5.01575943597849,1.72148978406838,0.107231752940781,0.310246035201063,-4.95214505325675
674,"P59190|RAB15_HUMAN","Ras-related protein Rab-15 OS=Homo sapiens GN=RAB15 PE=1 SV=1",4.46440576284855,10.1748057280024,2.6714938410297,0.0182796462170005,0.190251117045409,-3.37025097755925
612,"Q13445|TMED1_HUMAN","Transmembrane emp24 domain-containing protein 1 OS=Homo sapiens GN=TMED1 PE=1 SV=1",-0.388169509435556,12.7789351626698,-0.680307273234831,0.507434201320758,0.690243991920319,-6.10777229324561
514,"A4FU28|CTGE9_HUMAN","cTAGE family member 9 OS=Homo sapiens GN=CTAGE9 PE=2 SV=2",-0.325967408112323,10.7148267983638,-0.478282104612943,0.639851569106312,0.786366253625124,-6.22636702747041
514,"A4D2H0|CTGEF_HUMAN","cTAGE family member 15 OS=Homo sapiens GN=CTAGE15 PE=2 SV=1",-0.325967408112323,10.7148267983638,-0.478282104612943,0.639851569106312,0.786366253625124,-6.22636702747041
514,"P0CG41|CTGE8_HUMAN","cTAGE family member 8 OS=Homo sapiens GN=CTAGE8 PE=3 SV=1",-0.325967408112323,10.7148267983638,-0.478282104612943,0.639851569106312,0.786366253625124,-6.22636702747041
514,"Q8IX94|CTGE4_HUMAN","cTAGE family member 4 OS=Homo sapiens GN=CTAGE4 PE=2 SV=3",-0.325967408112323,10.7148267983638,-0.478282104612943,0.639851569106312,0.786366253625124,-6.22636702747041
514,"Q86UF2|CTGE6_HUMAN","cTAGE family member 6 OS=Homo sapiens GN=CTAGE6 PE=2 SV=2",-0.325967408112323,10.7148267983638,-0.478282104612943,0.639851569106312,0.786366253625124,-6.22636702747041
627,"P13726|TF_HUMAN","Tissue factor OS=Homo sapiens GN=F3 PE=1 SV=1",-0.277069202206189,12.9761188854347,-0.643404678501863,0.530387596202065,0.709952553470475,-6.13235798119088
885,"Q8NCS4|ZMYNB_HUMAN","Uncharacterized protein ZMYM6NB OS=Homo sapiens GN=ZMYM6NB PE=1 SV=1",-0.201222408913269,10.5988891438814,-0.385525677372402,0.7056577087387,0.837668058961311,-6.26742759431305
63,"P13761|2B17_HUMAN","HLA class II histocompatibility antigen, DRB1-7 beta chain OS=Homo sapiens GN=HLA-DRB1 PE=1 SV=1",-0.113615785877471,8.62203374693277,-0.0359754376019105,0.971828958492452,0.991121335524107,-6.34356137095823
140,"Q9Y286|SIGL7_HUMAN","Sialic acid-binding Ig-like lectin 7 OS=Homo sapiens GN=SIGLEC7 PE=1 SV=1",-0.0365592161266566,15.9619578351341,-0.0984081548063328,0.923006985499919,0.973056943539108,-6.33920530212073
935,"Q8N0U8|VKORL_HUMAN","Vitamin K epoxide reductase complex subunit 1-like protein 1 OS=Homo sapiens GN=VKORC1L1 PE=1 SV=2",0.563137231371211,11.2434967044413,1.37138594447922,0.191892544378391,0.399237110120584,-5.42928771988309
163,"Q9Y696|CLIC4_HUMAN","Chloride intracellular channel protein 4 OS=Homo sapiens GN=CLIC4 PE=1 SV=4",-0.200370891054597,15.6634194029708,-0.905023258136404,0.380804281074349,0.585823326935076,-5.93102550845554
35,"Q07065|CKAP4_HUMAN","Cytoskeleton-associated protein 4 OS=Homo sapiens GN=CKAP4 PE=1 SV=2",-0.388969814572238,19.1122615986326,-1.32313810965903,0.207048927459194,0.419000652836364,-5.48883116566666
781,"P15529|MCP_HUMAN","Membrane cofactor protein OS=Homo sapiens GN=CD46 PE=1 SV=3",0.150798634740225,13.7976637801292,0.285554237782646,0.779411896003969,0.890286059021745,-6.30199348002217
27,"P27824|CALX_HUMAN","Calnexin OS=Homo sapiens GN=CANX PE=1 SV=2",-0.185747142076604,20.4842619181095,-0.892867151413304,0.387058320913774,0.590689278207696,-5.9417414974498
1056,"Q96A57|TM230_HUMAN","Transmembrane protein 230 OS=Homo sapiens GN=TMEM230 PE=1 SV=1",-0.0892983190823902,11.2340514990383,-0.235488315165322,0.817248592347536,0.914363732223678,-6.31547986697281
1142,"Q9BX95|SGPP1_HUMAN","Sphingosine-1-phosphate phosphatase 1 OS=Homo sapiens GN=SGPP1 PE=1 SV=2",3.14575889734566,5.95815796741239,2.26504707382547,0.0399508008872142,0.228790411266469,-4.08572346589758
1190,"Q9H0X9|OSBL5_HUMAN","Oxysterol-binding protein-related protein 5 OS=Homo sapiens GN=OSBPL5 PE=1 SV=1",2.2007120185485,7.25375104755095,1.49829831796075,0.156320250365063,0.36106709915159,-5.26513473200939
353,"Q8IV08|PLD3_HUMAN","Phospholipase D3 OS=Homo sapiens GN=PLD3 PE=1 SV=1",0.0901393743801844,15.5397573720979,0.393995111645775,0.699536109980789,0.835682385149093,-6.26403517966879
561,"O43567|RNF13_HUMAN","E3 ubiquitin-protein ligase RNF13 OS=Homo sapiens GN=RNF13 PE=1 SV=1",-0.232174857735279,13.7622396097697,-0.657072408630279,0.52181844026726,0.70101606667101,-6.12340198083586
523,"Q96DU3|SLAF6_HUMAN","SLAM family member 6 OS=Homo sapiens GN=SLAMF6 PE=1 SV=3",0.297856546765466,13.9466563017468,0.407981468296853,0.689474440939103,0.827220414560846,-6.25827533597744
45,"P01893|HLAH_HUMAN","Putative HLA class I histocompatibility antigen, alpha chain H OS=Homo sapiens GN=HLA-H PE=5 SV=3",-0.440422591920719,11.9488698548576,-0.641712176611138,0.531454231242606,0.710323298777714,-6.1334547051833
1144,"Q8N2U9|PQLC1_HUMAN","PQ-loop repeat-containing protein 1 OS=Homo sapiens GN=PQLC1 PE=1 SV=1",3.48593292503419,6.23481871396844,2.27240351679048,0.0393997016748832,0.228790411266469,-4.07319070769316
421,"Q6UX71|PXDC2_HUMAN","Plexin domain-containing protein 2 OS=Homo sapiens GN=PLXDC2 PE=1 SV=1",0.214088808628048,13.4083015791096,0.848278589971212,0.410589709803696,0.608236437907809,-5.97993996057692
91,"P16070|CD44_HUMAN","CD44 antigen OS=Homo sapiens GN=CD44 PE=1 SV=3",0.0936381618558855,20.6230244818254,0.320725985283005,0.75316790339531,0.868919564560944,-6.29098842796514
124,"Q12797|ASPH_HUMAN","Aspartyl/asparaginyl beta-hydroxylase OS=Homo sapiens GN=ASPH PE=1 SV=3",0.182456363348345,15.322017806683,0.568402346815999,0.578789324480107,0.740823663015437,-6.17833270200494
183,"P63244|GBLP_HUMAN","Guanine nucleotide-binding protein subunit beta-2-like 1 OS=Homo sapiens GN=GNB2L1 PE=1 SV=3",0.192937155522234,16.5751810543976,0.612792636269314,0.549864724150619,0.721750998087768,-6.151773160507
235,"P48426|PI42A_HUMAN","Phosphatidylinositol 5-phosphate 4-kinase type-2 alpha OS=Homo sapiens GN=PIP4K2A PE=1 SV=2",0.0807514086272842,14.2536234485059,0.26383283342969,0.795762694217004,0.9012154467636,-6.30815972534102
524,"Q9Y3A6|TMED5_HUMAN","Transmembrane emp24 domain-containing protein 5 OS=Homo sapiens GN=TMED5 PE=1 SV=1",0.00462126272144836,15.6020425334652,0.0251074948038717,0.980324525585279,0.991121335524107,-6.34390786387255
1141,"Q15311|RBP1_HUMAN","RalA-binding protein 1 OS=Homo sapiens GN=RALBP1 PE=1 SV=3",-0.0506648109150873,9.01115430235875,-0.0349461583511511,0.972617351610342,0.991121335524107,-6.34360087988176
619,"Q9Y679|AUP1_HUMAN","Ancient ubiquitous protein 1 OS=Homo sapiens GN=AUP1 PE=1 SV=1",2.26891092295746,9.2447653073226,1.77033815746593,0.0984917719988065,0.300556790533263,-4.8798773679233
154,"O94804|STK10_HUMAN","Serine/threonine-protein kinase 10 OS=Homo sapiens GN=STK10 PE=1 SV=1",0.125464684062546,15.8034675190767,0.702382717707649,0.493984364374507,0.680273720412913,-6.09245318377983
821,"Q12981|SEC20_HUMAN","Vesicle transport protein SEC20 OS=Homo sapiens GN=BNIP1 PE=1 SV=3",0.00310869093258326,12.6258283029606,0.0118373524856678,0.990722853035112,0.994302700742556,-6.34416259790143
82,"Q9UIB8|SLAF5_HUMAN","SLAM family member 5 OS=Homo sapiens GN=CD84 PE=1 SV=1",0.0821732206981132,18.6355436545394,0.312279169126519,0.75944321658296,0.873438316380609,-6.29374627816405
57,"P08648|ITA5_HUMAN","Integrin alpha-5 OS=Homo sapiens GN=ITGA5 PE=1 SV=2",-0.0470115782279379,18.7211963219053,-0.139999211442761,0.890660068998258,0.960702268599092,-6.33405870067827
725,"Q7Z3B0|SIM15_HUMAN","Small integral membrane protein 15 OS=Homo sapiens GN=SMIM15 PE=3 SV=1",-0.327323473272553,14.4073416740807,-0.97612251517063,0.345613262904673,0.55919437568246,-5.86580106106038
607,"Q9NZ45|CISD1_HUMAN","CDGSH iron-sulfur domain-containing protein 1 OS=Homo sapiens GN=CISD1 PE=1 SV=1",0.269298009492038,12.4457861655324,0.822209230369897,0.424776544986334,0.620140264756659,-6.0014582837488
310,"P49757|NUMB_HUMAN","Protein numb homolog OS=Homo sapiens GN=NUMB PE=1 SV=2",-0.070411154312767,14.0738916536213,-0.33783699616961,0.74051156002238,0.858946144808412,-6.28517972614194
26,"P10321|1C07_HUMAN","HLA class I histocompatibility antigen, Cw-7 alpha chain OS=Homo sapiens GN=HLA-C PE=1 SV=3",-0.565503576171491,7.38623088011956,-0.248210848812803,0.807584546043559,0.909965954010542,-6.31229605813147
1200,"P22732|GTR5_HUMAN","Solute carrier family 2, facilitated glucose transporter member 5 OS=Homo sapiens GN=SLC2A5 PE=1 SV=1",1.14806585691414,5.60264002985543,0.819575278312833,0.426227444590338,0.620627379999824,-6.00359866228828
570,"P27701|CD82_HUMAN","CD82 antigen OS=Homo sapiens GN=CD82 PE=1 SV=1",-0.0576476686744343,14.4275156972176,-0.158506590575056,0.876327315885896,0.94892753211426,-6.33119286338793
731,"Q00765|REEP5_HUMAN","Receptor expression-enhancing protein 5 OS=Homo sapiens GN=REEP5 PE=1 SV=3",0.138523145874958,15.2208496332205,0.625320962473676,0.541846347804886,0.716656300489558,-6.143935210517
1193,"Q9ULC3|RAB23_HUMAN","Ras-related protein Rab-23 OS=Homo sapiens GN=RAB23 PE=1 SV=1",0.0439343709596844,4.66202302694594,0.0382142865118531,0.970057833334016,0.991121335524107,-6.34347665679771
242,"Q8NC56|LEMD2_HUMAN","LEM domain-containing protein 2 OS=Homo sapiens GN=LEMD2 PE=1 SV=1",0.0825940039675022,14.9877950601351,0.309985169464233,0.761150539563387,0.87449663852629,-6.29448273355182
690,"Q99442|SEC62_HUMAN","Translocation protein SEC62 OS=Homo sapiens GN=SEC62 PE=1 SV=1",0.0129013757280614,13.6036133350968,0.061816495772788,0.95158512554044,0.982538173304302,-6.34225014547981
246,"Q8WWP7|GIMA1_HUMAN","GTPase IMAP family member 1 OS=Homo sapiens GN=GIMAP1 PE=1 SV=1",-0.0150235191053234,14.5506885175615,-0.0628884286361069,0.950746759418664,0.982538173304302,-6.34218070759775
155,"Q96A33|CCD47_HUMAN","Coiled-coil domain-containing protein 47 OS=Homo sapiens GN=CCDC47 PE=1 SV=1",0.0568378808842915,16.0305149446117,0.241829782740047,0.812427642330254,0.912646219038334,-6.31391367276811
1029,"Q13433|S39A6_HUMAN","Zinc transporter ZIP6 OS=Homo sapiens GN=SLC39A6 PE=1 SV=3",-0.0565919216588089,8.32049584757124,-0.0814319486024694,0.936254209060821,0.977611302882117,-6.34079069062531
509,"Q969X1|LFG3_HUMAN","Protein lifeguard 3 OS=Homo sapiens GN=TMBIM1 PE=1 SV=2",-0.431797379759365,11.4617581389976,-0.767334096229419,0.455663284207415,0.646541390490981,-6.04475814267925
87,"Q3V6T2|GRDN_HUMAN","Girdin OS=Homo sapiens GN=CCDC88A PE=1 SV=2",-0.322662163631811,14.7375152608482,-1.10211222350096,0.289048090537219,0.508316481202276,-5.73984231728885
684,"Q6PCB8|EMB_HUMAN","Embigin OS=Homo sapiens GN=EMB PE=1 SV=1",-0.400367430083726,12.3285923099176,-0.669234854701738,0.514259966781738,0.693583593007308,-6.11528391377499
1184,"Q9Y6K0|CEPT1_HUMAN","Choline/ethanolaminephosphotransferase 1 OS=Homo sapiens GN=CEPT1 PE=1 SV=1",2.69019310861805,8.31131959590673,2.17949270318742,0.0469143117199852,0.241868959091472,-4.23012414632663
752,"P13598|ICAM2_HUMAN","Intercellular adhesion molecule 2 OS=Homo sapiens GN=ICAM2 PE=1 SV=2",-0.311211117518249,11.3460136004286,-0.640936808785952,0.531943280452797,0.710323298777714,-6.13395622780691
554,"O15126|SCAM1_HUMAN","Secretory carrier-associated membrane protein 1 OS=Homo sapiens GN=SCAMP1 PE=1 SV=2",0.0615125519113278,14.2358268924965,0.137242496352175,0.892798494145874,0.961775782623284,-6.33445525701175
1032,"Q13651|I10R1_HUMAN","Interleukin-10 receptor subunit alpha OS=Homo sapiens GN=IL10RA PE=1 SV=2",-0.584746193294028,4.63282708833084,-0.607363540406167,0.553359526670673,0.724125364112035,-6.15512310360836
175,"Q9P0L0|VAPA_HUMAN","Vesicle-associated membrane protein-associated protein A OS=Homo sapiens GN=VAPA PE=1 SV=3",-0.351131332204496,17.6142401143173,-1.33733075555722,0.202493297642737,0.411608464553577,-5.47148482419591
201,"P61586|RHOA_HUMAN","Transforming protein RhoA OS=Homo sapiens GN=RHOA PE=1 SV=1",-0.254684534528693,14.7665241124643,-1.073281312842,0.301344406420673,0.51751015515407,-5.76980816445445
1166,"P60059|SC61G_HUMAN","Protein transport protein Sec61 subunit gamma OS=Homo sapiens GN=SEC61G PE=1 SV=1",-0.0233731732826623,15.1703192723141,-0.0963143414328094,0.92463967483012,0.973056943539108,-6.33941700182808
214,"Q10588|BST1_HUMAN","ADP-ribosyl cyclase/cyclic ADP-ribose hydrolase 2 OS=Homo sapiens GN=BST1 PE=1 SV=2",0.207143019510212,17.0540180804182,0.510732270036142,0.617517783075,0.773463649375789,-6.2099871351658
281,"Q99747|SNAG_HUMAN","Gamma-soluble NSF attachment protein OS=Homo sapiens GN=NAPG PE=1 SV=1",-0.406490116854364,14.4528738379882,-1.01991730242712,0.325115195371335,0.537122124364803,-5.82349655743988
34,"P78324|SHPS1_HUMAN","Tyrosine-protein phosphatase non-receptor type substrate 1 OS=Homo sapiens GN=SIRPA PE=1 SV=2",0.0538902419006604,18.6250127011969,0.133679006663977,0.895564027209422,0.963051781923516,-6.33495621476433
854,"O75882|ATRN_HUMAN","Attractin OS=Homo sapiens GN=ATRN PE=1 SV=2",0.0458701669460098,7.54187356562149,0.0370131370256531,0.970998506062135,0.991121335524107,-6.343523602707
83,"O00299|CLIC1_HUMAN","Chloride intracellular channel protein 1 OS=Homo sapiens GN=CLIC1 PE=1 SV=4",-0.145041306587853,19.7165494710273,-0.754755141953447,0.462937026582078,0.650667109526469,-6.05429834058459
354,"P20339|RAB5A_HUMAN","Ras-related protein Rab-5A OS=Homo sapiens GN=RAB5A PE=1 SV=2",-0.234619168244572,14.5629432017153,-0.476042109390284,0.641407045015402,0.787406880676367,-6.22745940804816
403,"Q8IUW5|RELL1_HUMAN","RELT-like protein 1 OS=Homo sapiens GN=RELL1 PE=1 SV=1",-0.0627160770527126,12.8580253161715,-0.125146866595138,0.902191263856292,0.965343275280141,-6.33610225159115
197,"Q68EM7|RHG17_HUMAN","Rho GTPase-activating protein 17 OS=Homo sapiens GN=ARHGAP17 PE=1 SV=1",-0.105054424913023,15.456181029135,-0.563076134932149,0.582312641532614,0.742766182253426,-6.18139178043799
377,"O15173|PGRC2_HUMAN","Membrane-associated progesterone receptor component 2 OS=Homo sapiens GN=PGRMC2 PE=1 SV=1",-0.0425782018678902,15.4070896394117,-0.165829181638593,0.870668564192209,0.947417017451072,-6.32996121397718
780,"Q5QGZ9|CL12A_HUMAN","C-type lectin domain family 12 member A OS=Homo sapiens GN=CLEC12A PE=1 SV=3",2.1592058504954,10.322052734202,1.52710457290375,0.149066164640538,0.354630640076312,-5.22641984849566
361,"P01111|RASN_HUMAN","GTPase NRas OS=Homo sapiens GN=NRAS PE=1 SV=1",-0.00464032629989575,12.3135494395419,-0.0194498880389779,0.984757419798773,0.991710845716008,-6.34403884421581
485,"O43169|CYB5B_HUMAN","Cytochrome b5 type B OS=Homo sapiens GN=CYB5B PE=1 SV=2",-0.235249242611022,15.9892731283052,-0.988476214194769,0.339740367236828,0.55671319764029,-5.85403010025501
502,"Q13277|STX3_HUMAN","Syntaxin-3 OS=Homo sapiens GN=STX3 PE=1 SV=3",-0.409965093170133,14.6756896636437,-0.92248180062724,0.3719434343904,0.579564033110427,-5.9154110713199
221,"P17813|EGLN_HUMAN","Endoglin OS=Homo sapiens GN=ENG PE=1 SV=2",-0.13460740082273,16.4078326018528,-0.454451134300008,0.65648887556001,0.799303025780512,-6.23773406225049
926,"P57729|RAB38_HUMAN","Ras-related protein Rab-38 OS=Homo sapiens GN=RAB38 PE=1 SV=1",-0.0250447286811077,11.3902787344165,-0.0135863720516539,0.989371816585844,0.993844564400427,-6.34413883139698
642,"Q6UWD8|CP054_HUMAN","Transmembrane protein C16orf54 OS=Homo sapiens GN=C16orf54 PE=1 SV=1",-0.0360083545277075,12.0745080858303,-0.0675378270005467,0.947111146768534,0.981390624976304,-6.34186571872863
819,"O15121|DEGS1_HUMAN","Sphingolipid delta(4)-desaturase DES1 OS=Homo sapiens GN=DEGS1 PE=1 SV=1",0.252190423662736,12.3251582098556,0.671892686452291,0.512616680825639,0.693583593007308,-6.11349133200863
786,"P08069|IGF1R_HUMAN","Insulin-like growth factor 1 receptor OS=Homo sapiens GN=IGF1R PE=1 SV=1",0.683946175529113,7.76427738186142,0.511731959531428,0.616835789638727,0.773463649375789,-6.20946608064461
223,"Q13557|KCC2D_HUMAN","Calcium/calmodulin-dependent protein kinase type II subunit delta OS=Homo sapiens GN=CAMK2D PE=1 SV=3",0.0294176170209948,15.204813674978,0.123268020436744,0.903651670829295,0.965343275280141,-6.33634449086781
53,"Q5ZPR3|CD276_HUMAN","CD276 antigen OS=Homo sapiens GN=CD276 PE=1 SV=1",-0.204687540521743,18.6680644923203,-0.495978869182144,0.627624969496514,0.779604518857882,-6.21756273190982
75,"Q5JTV8|TOIP1_HUMAN","Torsin-1A-interacting protein 1 OS=Homo sapiens GN=TOR1AIP1 PE=1 SV=2",-0.37397093323294,17.1117935757041,-1.45967817035368,0.166509707791153,0.372217877979821,-5.31621003688636
878,"P19256|LFA3_HUMAN","Lymphocyte function-associated antigen 3 OS=Homo sapiens GN=CD58 PE=1 SV=1",-0.139573738064916,15.4539047093447,-0.380436888524765,0.709346055149275,0.840174272143758,-6.26943121404615
128,"P31689|DNJA1_HUMAN","DnaJ homolog subfamily A member 1 OS=Homo sapiens GN=DNAJA1 PE=1 SV=2",-0.365295993453952,15.6532798588081,-1.51831976163215,0.151247594747804,0.357529630815941,-5.23828170506196
732,"P31785|IL2RG_HUMAN","Cytokine receptor common subunit gamma OS=Homo sapiens GN=IL2RG PE=1 SV=1",2.43969702243614,7.49088109119725,1.96076445309008,0.0701677884836126,0.265254664968929,-4.58668756955482
698,"Q96HD1|CREL1_HUMAN","Cysteine-rich with EGF-like domain protein 1 OS=Homo sapiens GN=CRELD1 PE=1 SV=3",0.0755235671019285,10.6694014276786,0.198112351139816,0.845812565828865,0.933165601425888,-6.32387132396622
543,"Q14C86|GAPD1_HUMAN","GTPase-activating protein and VPS9 domain-containing protein 1 OS=Homo sapiens GN=GAPVD1 PE=1 SV=2",2.87347671583926,9.58384251033693,2.11483471203395,0.0529115637379554,0.243950430045695,-4.33750858530538
567,"P25445|TNR6_HUMAN","Tumor necrosis factor receptor superfamily member 6 OS=Homo sapiens GN=FAS PE=1 SV=1",0.106265907357827,14.4761672875673,0.211349762155337,0.835668042741849,0.928427195486195,-6.32106366700815
964,"Q96BI1|S22AI_HUMAN","Solute carrier family 22 member 18 OS=Homo sapiens GN=SLC22A18 PE=1 SV=3",1.92214177042573,7.63632072304499,1.50639450798757,0.154251981584364,0.361048483024857,-5.25430650408001
103,"Q99541|PLIN2_HUMAN","Perilipin-2 OS=Homo sapiens GN=PLIN2 PE=1 SV=2",-0.249991540064446,16.9294749662032,-0.876583270055962,0.395544414240214,0.597796315112497,-5.9558942283103
148,"P10644|KAP0_HUMAN","cAMP-dependent protein kinase type I-alpha regulatory subunit OS=Homo sapiens GN=PRKAR1A PE=1 SV=1",-0.23720941227829,16.5103773084547,-0.949907491886669,0.358312612341884,0.571600983309792,-5.8903525959143
372,"Q70UQ0|IKIP_HUMAN","Inhibitor of nuclear factor kappa-B kinase-interacting protein OS=Homo sapiens GN=IKBIP PE=1 SV=1",-0.253416094472096,14.7751175951164,-1.08695163987478,0.295466551771837,0.513714145568874,-5.75568275655875
193,"Q5T8D3|ACBD5_HUMAN","Acyl-CoA-binding domain-containing protein 5 OS=Homo sapiens GN=ACBD5 PE=1 SV=1",-0.607690011406961,16.3012394187803,-1.75253932987937,0.101600632341333,0.304254184720272,-4.90635637821708
1060,"Q9BVT8|TMUB1_HUMAN","Transmembrane and ubiquitin-like domain-containing protein 1 OS=Homo sapiens GN=TMUB1 PE=1 SV=1",1.24639833663405,10.5359354868552,1.11905194600968,0.28200041878759,0.502893202685413,-5.7219266260111
576,"Q9H665|IGFR1_HUMAN","IGF-like family receptor 1 OS=Homo sapiens GN=IGFLR1 PE=1 SV=1",-0.418685295329663,15.7596297061341,-1.39502101735492,0.184804931387227,0.392400597565195,-5.39953183172594
461,"Q8N4A0|GALT4_HUMAN","Polypeptide N-acetylgalactosaminyltransferase 4 OS=Homo sapiens GN=GALNT4 PE=1 SV=2",2.3892588919609,8.60934149394478,1.93274074191694,0.0738110338143064,0.267987119502269,-4.63091487570985
967,"O43292|GPAA1_HUMAN","Glycosylphosphatidylinositol anchor attachment 1 protein OS=Homo sapiens GN=GPAA1 PE=1 SV=3",3.42740153776451,6.88087726560339,2.31215268396329,0.0365437247290975,0.220652598771888,-4.00516829104339
1140,"Q86WC4|OSTM1_HUMAN","Osteopetrosis-associated transmembrane protein 1 OS=Homo sapiens GN=OSTM1 PE=1 SV=1",-0.100193929397797,14.2141719442105,-0.39228015556753,0.700773925585638,0.836261902605417,-6.26472792107345
683,"Q92604|LGAT1_HUMAN","Acyl-CoA:lysophosphatidylglycerol acyltransferase 1 OS=Homo sapiens GN=LPGAT1 PE=1 SV=1",2.01162623448333,6.5870725026356,1.45542898406056,0.167663954740589,0.374045489391153,-5.32177069113005
327,"Q96KC8|DNJC1_HUMAN","DnaJ homolog subfamily C member 1 OS=Homo sapiens GN=DNAJC1 PE=1 SV=1",-0.209581170834975,13.14014417262,-0.834388398196136,0.41810945697861,0.613632241351699,-5.99148067558042
1065,"O14957|QCR10_HUMAN","Cytochrome b-c1 complex subunit 10 OS=Homo sapiens GN=UQCR11 PE=3 SV=1",0.770248933471388,10.0472170761274,1.14621654413289,0.270970134568619,0.486345427311366,-5.69272488240236
376,"O60603|TLR2_HUMAN","Toll-like receptor 2 OS=Homo sapiens GN=TLR2 PE=1 SV=1",-0.243743363827024,12.2674459687321,-0.541005095002014,0.597030195778658,0.756329016545142,-6.19377479653571
573,"Q96A26|F162A_HUMAN","Protein FAM162A OS=Homo sapiens GN=FAM162A PE=1 SV=2",-0.0447546786827573,14.9901078858048,-0.1875924188939,0.853894932968396,0.936724082344012,-6.32597387553594
646,"Q8TDQ0|HAVR2_HUMAN","Hepatitis A virus cellular receptor 2 OS=Homo sapiens GN=HAVCR2 PE=1 SV=3",-0.91809465484055,12.7432323006135,-1.65472694264303,0.12027513330616,0.323164706056038,-5.0488121242364
656,"P60468|SC61B_HUMAN","Protein transport protein Sec61 subunit beta OS=Homo sapiens GN=SEC61B PE=1 SV=2",-0.321198904015455,14.9614954841876,-1.44883011133724,0.169469682692083,0.375061389384272,-5.33038284163441
367,"Q8N5K1|CISD2_HUMAN","CDGSH iron-sulfur domain-containing protein 2 OS=Homo sapiens GN=CISD2 PE=1 SV=1",-0.410519126416812,15.6182660692393,-1.29707748728313,0.215628592839152,0.42626933566601,-5.52031042456912
48,"P23229|ITA6_HUMAN","Integrin alpha-6 OS=Homo sapiens GN=ITGA6 PE=1 SV=5",-0.203700966310858,17.0188176489049,-0.525266052661482,0.60763906800681,0.764537944004038,-6.2023155189715
140,"Q96PQ1|SIG12_HUMAN","Sialic acid-binding Ig-like lectin 12 OS=Homo sapiens GN=SIGLEC12 PE=2 SV=1",-0.422857690219482,13.3885454200509,-0.761707913013699,0.458907750565335,0.648659683051002,-6.04904307137415
1095,"Q8N138|ORML3_HUMAN","ORM1-like protein 3 OS=Homo sapiens GN=ORMDL3 PE=1 SV=1",2.1839532912079,9.01432361626314,1.73742582227382,0.104308183590081,0.305536985413874,-4.92870879456767
1095,"Q53FV1|ORML2_HUMAN","ORM1-like protein 2 OS=Homo sapiens GN=ORMDL2 PE=1 SV=2",2.1839532912079,9.01432361626314,1.73742582227382,0.104308183590081,0.305536985413874,-4.92870879456767
1095,"Q9P0S3|ORML1_HUMAN","ORM1-like protein 1 OS=Homo sapiens GN=ORMDL1 PE=1 SV=1",2.1839532912079,9.01432361626314,1.73742582227382,0.104308183590081,0.305536985413874,-4.92870879456767
520,"Q7Z7H5|TMED4_HUMAN","Transmembrane emp24 domain-containing protein 4 OS=Homo sapiens GN=TMED4 PE=1 SV=1",0.020941342725509,14.7927625687154,0.0913867066998546,0.928483466295715,0.974074722431104,-6.33989727983964
62,"P02786|TFR1_HUMAN","Transferrin receptor protein 1 OS=Homo sapiens GN=TFRC PE=1 SV=2",0.0227097742767484,19.7644817327673,0.0620291793204406,0.951418779498181,0.982538173304302,-6.34223646309701
803,"Q9H2A7|CXL16_HUMAN","C-X-C motif chemokine 16 OS=Homo sapiens GN=CXCL16 PE=2 SV=4",-0.394938185958585,11.568159085232,-1.04086024419651,0.315628927181032,0.528108039304408,-5.80270388876354
562,"Q9C0E8|LNP_HUMAN","Protein lunapark OS=Homo sapiens GN=LNP PE=1 SV=2",0.539608798547444,11.8866985967411,1.1723523507947,0.260670344932995,0.474761890525505,-5.66408650960556
737,"Q96J42|TXD15_HUMAN","Thioredoxin domain-containing protein 15 OS=Homo sapiens GN=TXNDC15 PE=1 SV=1",-0.35756431915129,11.4769400261386,-0.926858499483187,0.369744510990383,0.578572044662416,-5.91145542235406
1027,"P33681|CD80_HUMAN","T-lymphocyte activation antigen CD80 OS=Homo sapiens GN=CD80 PE=1 SV=1",-0.0287682794304356,7.26973507956479,-0.0216978210369273,0.982996029931614,0.991121335524107,-6.34399078404919
392,"Q8NEQ5|CA162_HUMAN","Transmembrane protein C1orf162 OS=Homo sapiens GN=C1orf162 PE=2 SV=1",-0.313042394659664,15.3995331566313,-0.96367178943943,0.351604603051079,0.563683569970778,-5.87753433102042
420,"Q8TBM8|DJB14_HUMAN","DnaJ homolog subfamily B member 14 OS=Homo sapiens GN=DNAJB14 PE=1 SV=1",-0.457287649747869,13.6545656681005,-1.78276326678747,0.0963717460918213,0.298297646721565,-4.86129449032598
192,"Q9BXK5|B2L13_HUMAN","Bcl-2-like protein 13 OS=Homo sapiens GN=BCL2L13 PE=1 SV=1",-0.512864146039098,14.1135478243462,-1.41158822210582,0.179966055993173,0.388772030201316,-5.37844793995218
1139,"Q9H1U4|MEGF9_HUMAN","Multiple epidermal growth factor-like domains protein 9 OS=Homo sapiens GN=MEGF9 PE=2 SV=3",0.872335958868145,9.51949817192409,0.788533129687144,0.443567730976476,0.637427448477374,-6.02835378469737
472,"Q9Y639|NPTN_HUMAN","Neuroplastin OS=Homo sapiens GN=NPTN PE=1 SV=2",0.0798532720686289,14.9468410558903,0.243460963773925,0.811188842689613,0.912176927356437,-6.31350413762889
334,"Q96RT6|CTGE2_HUMAN","cTAGE family member 2 OS=Homo sapiens GN=CTAGE1 PE=1 SV=2",-0.302244113479274,13.9585351252255,-0.880666803939774,0.393404691184718,0.597093732112325,-5.95236692795238
1222,"Q9UNP4|SIAT9_HUMAN","Lactosylceramide alpha-2,3-sialyltransferase OS=Homo sapiens GN=ST3GAL5 PE=1 SV=4",-0.225358336082017,5.9972724574374,-0.151088399450477,0.882067112325557,0.953284593184527,-6.33238408930288
506,"P43307|SSRA_HUMAN","Translocon-associated protein subunit alpha OS=Homo sapiens GN=SSR1 PE=1 SV=3",-0.280839337268123,16.6540580614536,-1.09363210735753,0.29262531999897,0.510542044055801,-5.74872534228646
488,"Q96KV6|BT2A3_HUMAN","Putative butyrophilin subfamily 2 member A3 OS=Homo sapiens GN=BTN2A3P PE=5 SV=2",-1.63713338009175,9.54154515626322,-0.907547926755609,0.379514080606652,0.585611310491653,-5.92878383109864
1192,"Q6PKC3|TXD11_HUMAN","Thioredoxin domain-containing protein 11 OS=Homo sapiens GN=TXNDC11 PE=1 SV=2",0.0740434437055937,4.68658633809019,0.0769825464536664,0.939729670126066,0.980318932873295,-6.34115676158242
1244,"P00395|COX1_HUMAN","Cytochrome c oxidase subunit 1 OS=Homo sapiens GN=MT-CO1 PE=1 SV=1",1.74711330074819,5.30424659144355,1.27507017191172,0.223093170508206,0.434835986727398,-5.54651379000569
259,"P51151|RAB9A_HUMAN","Ras-related protein Rab-9A OS=Homo sapiens GN=RAB9A PE=1 SV=1",-0.0662534921223212,14.6452817622828,-0.279124634775568,0.784240895651857,0.893632446224834,-6.30386894008733
888,"Q9HC21|TPC_HUMAN","Mitochondrial thiamine pyrophosphate carrier OS=Homo sapiens GN=SLC25A19 PE=1 SV=1",2.19549692690596,7.81234132141929,1.74607136192319,0.102751668280716,0.305536985413874,-4.91593720263915
180,"P34910|EVI2B_HUMAN","Protein EVI2B OS=Homo sapiens GN=EVI2B PE=1 SV=2",-0.204897316535998,19.1028583692602,-0.670607178802377,0.513411105667633,0.693583593007308,-6.11435917619053
756,"O95183|VAMP5_HUMAN","Vesicle-associated membrane protein 5 OS=Homo sapiens GN=VAMP5 PE=1 SV=1",-0.5592980529043,14.0329940373182,-1.76330841613987,0.09970942980981,0.300757029970096,-4.89035530142559
488,"Q7KYR7|BT2A1_HUMAN","Butyrophilin subfamily 2 member A1 OS=Homo sapiens GN=BTN2A1 PE=1 SV=3",-0.126110122951603,11.6860965493242,-0.158817279411858,0.876087076742931,0.94892753211426,-6.33114173144812
348,"P14209|CD99_HUMAN","CD99 antigen OS=Homo sapiens GN=CD99 PE=1 SV=1",-0.101148464012512,15.1483100318164,-0.273340766950931,0.788592815103125,0.897219548925103,-6.30551996773947
182,"P50402|EMD_HUMAN","Emerin OS=Homo sapiens GN=EMD PE=1 SV=1",-0.724857192101531,15.7087088164607,-2.18659236908215,0.0462958552876611,0.241868959091472,-4.21823889329346
249,"P08134|RHOC_HUMAN","Rho-related GTP-binding protein RhoC OS=Homo sapiens GN=RHOC PE=1 SV=1",-0.410993519172704,13.2796140574934,-1.57230259025383,0.138260052346709,0.342540234624341,-5.16463592250041
762,"Q01151|CD83_HUMAN","CD83 antigen OS=Homo sapiens GN=CD83 PE=1 SV=1",-0.503890708487312,12.3829229000345,-0.4309865969717,0.673649112773545,0.81438973263483,-6.24785112363127
357,"Q9H3Z4|DNJC5_HUMAN","DnaJ homolog subfamily C member 5 OS=Homo sapiens GN=DNAJC5 PE=1 SV=1",-0.339024316515731,14.3193442150819,-1.11244784547612,0.284732492379857,0.506140478454433,-5.72893826041883
185,"Q9NQ25|SLAF7_HUMAN","SLAM family member 7 OS=Homo sapiens GN=SLAMF7 PE=1 SV=1",0.0368303201002043,17.4444132332412,0.0937528988747035,0.926637485386477,0.973056943539108,-6.33966979909462
994,"Q96A29|FUCT1_HUMAN","GDP-fucose transporter 1 OS=Homo sapiens GN=SLC35C1 PE=1 SV=1",2.39484877118752,7.17239985656678,1.57415313238748,0.137832248064726,0.342540234624341,-5.16207971992554
139,"Q8NFQ8|TOIP2_HUMAN","Torsin-1A-interacting protein 2 OS=Homo sapiens GN=TOR1AIP2 PE=1 SV=1",-0.250126367179176,14.8163245298348,-1.03901768830501,0.316455352907797,0.528694582076034,-5.80454768609003
439,"O60884|DNJA2_HUMAN","DnaJ homolog subfamily A member 2 OS=Homo sapiens GN=DNAJA2 PE=1 SV=1",-0.10137543106041,14.5866776530047,-0.499891010060387,0.624937175145311,0.778107605811658,-6.21557476378561
431,"Q9Y5Y6|ST14_HUMAN","Suppressor of tumorigenicity 14 protein OS=Homo sapiens GN=ST14 PE=1 SV=2",-0.412876130326998,14.4795500907585,-1.16716865038367,0.262688951244169,0.476874877176915,-5.66980852336752
134,"P06756|ITAV_HUMAN","Integrin alpha-V OS=Homo sapiens GN=ITGAV PE=1 SV=2",-0.0830372851609269,16.0817182455574,-0.221089935941343,0.828222867042885,0.923851009321933,-6.31888261676843
479,"P32856|STX2_HUMAN","Syntaxin-2 OS=Homo sapiens GN=STX2 PE=2 SV=3",-0.699723510345002,10.3788909366923,-1.07091737048336,0.302369547065669,0.517615665315806,-5.77223553677658
564,"O00220|TR10A_HUMAN","Tumor necrosis factor receptor superfamily member 10A OS=Homo sapiens GN=TNFRSF10A PE=1 SV=3",-0.259775516090441,13.6065849752413,-0.596287640221883,0.560526582606104,0.73092140055796,-6.16186971943584
679,"Q14BN4|SLMAP_HUMAN","Sarcolemmal membrane-associated protein OS=Homo sapiens GN=SLMAP PE=1 SV=1",-0.537427141167029,8.51802028410886,-0.3853268632817,0.705801665554974,0.837668058961311,-6.26750636278195
436,"Q53GL0|PKHO1_HUMAN","Pleckstrin homology domain-containing family O member 1 OS=Homo sapiens GN=PLEKHO1 PE=1 SV=2",-0.19062172638446,12.6261070631998,-0.413713135596566,0.685368542974684,0.824966902757177,-6.2558582977656
492,"P00167|CYB5_HUMAN","Cytochrome b5 OS=Homo sapiens GN=CYB5A PE=1 SV=2",-0.336767759330744,14.3005399746684,-1.33991122692349,0.201673773443601,0.411608464553577,-5.46831572539319
282,"O00161|SNP23_HUMAN","Synaptosomal-associated protein 23 OS=Homo sapiens GN=SNAP23 PE=1 SV=1",-0.5950811845325,16.3806218253171,-1.76071439584159,0.100162107190761,0.300757029970096,-4.89421517615355
454,"P63027|VAMP2_HUMAN","Vesicle-associated membrane protein 2 OS=Homo sapiens GN=VAMP2 PE=1 SV=3",-1.46611074201111,7.696676116557,-1.43004513742275,0.17469878701202,0.381316998762974,-5.35474217398026
1041,"Q9UMY4|SNX12_HUMAN","Sorting nexin-12 OS=Homo sapiens GN=SNX12 PE=1 SV=3",-2.03538378856783,12.1674275582251,-1.45069990469139,0.171194144432259,0.377374393778254,-5.32817706585678
1215,"A7E2Y1|MYH7B_HUMAN","Myosin-7B OS=Homo sapiens GN=MYH7B PE=1 SV=3",1.45164630316848,9.47498469164949,0.788858594518412,0.443383629209363,0.637427448477374,-6.02809874995782
765,"Q16611|BAK_HUMAN","Bcl-2 homologous antagonist/killer OS=Homo sapiens GN=BAK1 PE=1 SV=1",-0.429485145472279,12.8833147296678,-1.89162621213083,0.0794669052827266,0.277634376632419,-4.69515036120046
165,"P21757|MSRE_HUMAN","Macrophage scavenger receptor types I and II OS=Homo sapiens GN=MSR1 PE=1 SV=1",-0.664145307778337,16.5240164727053,-1.59770587389289,0.13248561703215,0.33984182494657,-5.12936595044174
254,"Q86Y82|STX12_HUMAN","Syntaxin-12 OS=Homo sapiens GN=STX12 PE=1 SV=1",-0.463993625752227,17.7696343251441,-1.73324799302675,0.105067765723181,0.306378707922452,-4.93486613418454
118,"Q8TBA6|GOGA5_HUMAN","Golgin subfamily A member 5 OS=Homo sapiens GN=GOLGA5 PE=1 SV=3",-0.148496400324769,14.5453712603964,-0.569610472495667,0.577991692698238,0.740656021439149,-6.17763500132393
493,"Q96F15|GIMA5_HUMAN","GTPase IMAP family member 5 OS=Homo sapiens GN=GIMAP5 PE=1 SV=1",-0.367975744115544,17.8088030514641,-1.67285831070027,0.116602729321132,0.320657505633113,-5.02280566187346
72,"Q86UE4|LYRIC_HUMAN","Protein LYRIC OS=Homo sapiens GN=MTDH PE=1 SV=2",-0.635054517029616,18.0743223800473,-2.33733606525273,0.0348366695221033,0.220652598771888,-3.96181363962402
571,"Q7Z3J2|CP062_HUMAN","UPF0505 protein C16orf62 OS=Homo sapiens GN=C16orf62 PE=1 SV=2",2.79540986250648,8.78543754884601,2.10440049337203,0.0539435639753842,0.243950430045695,-4.35468911288783
243,"O15400|STX7_HUMAN","Syntaxin-7 OS=Homo sapiens GN=STX7 PE=1 SV=4",-0.58376927789503,17.9523208391549,-2.18983206129585,0.0460161794367706,0.241868959091472,-4.21280942980448
1061,"P56937|DHB7_HUMAN","3-keto-steroid reductase OS=Homo sapiens GN=HSD17B7 PE=1 SV=1",0.814323890368216,8.07455206906206,0.577261092059203,0.572953953926692,0.736749818070086,-6.17318395333047
663,"Q5UCC4|EMC10_HUMAN","ER membrane protein complex subunit 10 OS=Homo sapiens GN=EMC10 PE=1 SV=1",-0.291700246768047,12.4972712160024,-0.610669512119509,0.551229976875662,0.722189273949128,-6.15308656208038
455,"Q9UNK0|STX8_HUMAN","Syntaxin-8 OS=Homo sapiens GN=STX8 PE=1 SV=2",-0.341043016513032,15.2481415326809,-1.27076169207065,0.224578315043487,0.43696411210738,-5.55160264083036
1039,"P42081|CD86_HUMAN","T-lymphocyte activation antigen CD86 OS=Homo sapiens GN=CD86 PE=1 SV=2",-0.0533704017555934,15.8886604690782,-0.132723749797093,0.896305618819906,0.963051781923516,-6.33508827148939
399,"P01130|LDLR_HUMAN","Low-density lipoprotein receptor OS=Homo sapiens GN=LDLR PE=1 SV=1",-0.0607994661560358,12.1907308194036,-0.127373800094954,0.900460768722145,0.965343275280141,-6.33581039908529
997,"Q9UKR5|ERG28_HUMAN","Probable ergosterol biosynthetic protein 28 OS=Homo sapiens GN=C14orf1 PE=1 SV=1",0.352574247419822,10.9719556030025,0.780448226112597,0.44815656657332,0.639976793654189,-6.03465829160106
260,"Q96C19|EFHD2_HUMAN","EF-hand domain-containing protein D2 OS=Homo sapiens GN=EFHD2 PE=1 SV=1",-0.419546447198808,17.7463901939969,-2.13418601020519,0.0510458957856138,0.243950430045695,-4.3055345692539
107,"P42167|LAP2B_HUMAN","Lamina-associated polypeptide 2, isoforms beta/gamma OS=Homo sapiens GN=TMPO PE=1 SV=2",-0.174080676155869,13.960184174577,-0.433984295583388,0.670930579873516,0.811986791110541,-6.24704648940429
792,"O14966|RAB7L_HUMAN","Ras-related protein Rab-7L1 OS=Homo sapiens GN=RAB29 PE=1 SV=1",1.77713383542248,7.33416231759587,1.19900142581116,0.25048056144452,0.463379069611524,-5.63434518624762
1066,"O95159|ZFPL1_HUMAN","Zinc finger protein-like 1 OS=Homo sapiens GN=ZFPL1 PE=1 SV=2",1.33413374422676,12.0158033182836,0.983193243444513,0.343760284749408,0.55919437568246,-5.85759776975002
932,"Q9NXG6|P4HTM_HUMAN","Transmembrane prolyl 4-hydroxylase OS=Homo sapiens GN=P4HTM PE=1 SV=2",-2.09747587286765,6.11731984367134,-1.43984514362611,0.171954335798779,0.377551911210363,-5.34206311406781
552,"A8MVS5|HIDE1_HUMAN","Protein HIDE1 OS=Homo sapiens GN=HIDE1 PE=2 SV=2",-0.239738283462289,13.5004144320281,-0.668987535752491,0.514413033877607,0.693583593007308,-6.11545038056959
23,"Q0VD83|APOBR_HUMAN","Apolipoprotein B receptor OS=Homo sapiens GN=APOBR PE=1 SV=2",-0.627613682643403,17.7186382493937,-2.09986837713701,0.0543975923906362,0.243950430045695,-4.36213828638298
999,"Q8NBF6|AVL9_HUMAN","Late secretory pathway protein AVL9 homolog OS=Homo sapiens GN=AVL9 PE=1 SV=1",0.741856655813258,4.73417248950372,0.571286975093916,0.576885780093183,0.740092496170354,-6.17666447078727
309,"Q13948|CASP_HUMAN","Protein CASP OS=Homo sapiens GN=CUX1 PE=1 SV=2",-0.5248254359391,11.1783245301089,-1.37254925849406,0.191538570054355,0.399237110120584,-5.42783209090784
1052,"Q14849|STAR3_HUMAN","StAR-related lipid transfer protein 3 OS=Homo sapiens GN=STARD3 PE=1 SV=2",0.996146833918945,6.8627728293795,0.589247729164302,0.565107842163016,0.732596047424867,-6.16609666725816
272,"P62491|RB11A_HUMAN","Ras-related protein Rab-11A OS=Homo sapiens GN=RAB11A PE=1 SV=3",-1.11175749260834,5.53598531925863,-0.770044421884287,0.454105440248733,0.645154915749798,-6.04268363036479
267,"Q96NY8|PVRL4_HUMAN","Nectin-4 OS=Homo sapiens GN=PVRL4 PE=1 SV=1",-0.74835563370512,13.8855407381937,-2.07405355959533,0.0570517992688669,0.243950430045695,-4.40441399045029
559,"O14653|GOSR2_HUMAN","Golgi SNAP receptor complex member 2 OS=Homo sapiens GN=GOSR2 PE=1 SV=2",-0.349983697737654,12.680406781999,-1.08233484590576,0.297442045881769,0.5154478088079,-5.76047004519293
655,"Q8N386|LRC25_HUMAN","Leucine-rich repeat-containing protein 25 OS=Homo sapiens GN=LRRC25 PE=1 SV=2",-0.13621864922818,15.3569379534967,-0.272794727177013,0.789004049774821,0.897219548925103,-6.30567407080016
14,"Q9P2E9|RRBP1_HUMAN","Ribosome-binding protein 1 OS=Homo sapiens GN=RRBP1 PE=1 SV=4",-0.745587907414084,18.9643151830381,-2.926363426515,0.0110762884545602,0.169636669968539,-2.90348020902106
279,"Q06481|APLP2_HUMAN","Amyloid-like protein 2 OS=Homo sapiens GN=APLP2 PE=1 SV=2",-0.165708134785739,13.1312221683275,-0.339211186239544,0.739498443603608,0.858946144808412,-6.28470034769174
3,"P01892|1A02_HUMAN","HLA class I histocompatibility antigen, A-2 alpha chain OS=Homo sapiens GN=HLA-A PE=1 SV=1",-0.281682778004811,16.9648661622068,-1.14685632659499,0.270714355851193,0.486345427311366,-5.6920301630181
136,"Q9Y336|SIGL9_HUMAN","Sialic acid-binding Ig-like lectin 9 OS=Homo sapiens GN=SIGLEC9 PE=1 SV=2",0.195249012670455,16.4876674027869,0.436940484389203,0.668836112671987,0.810334701394304,-6.24572718268068
317,"O43914|TYOBP_HUMAN","TYRO protein tyrosine kinase-binding protein OS=Homo sapiens GN=TYROBP PE=1 SV=1",-0.625192602493415,14.9800125567154,-2.46494978000941,0.0272880460497643,0.210534855286724,-3.73925227170563
944,"P43251|BTD_HUMAN","Biotinidase OS=Homo sapiens GN=BTD PE=1 SV=2",1.77926946533934,7.34313231342694,1.17667324930885,0.258996845621956,0.474542709970669,-5.6593011123251
275,"O14786|NRP1_HUMAN","Neuropilin-1 OS=Homo sapiens GN=NRP1 PE=1 SV=3",-0.519101918347189,15.4399019418412,-1.33183917232154,0.204246316181894,0.414083316200884,-5.47821351215365
166,"Q9Y624|JAM1_HUMAN","Junctional adhesion molecule A OS=Homo sapiens GN=F11R PE=1 SV=1",-0.378285422926059,17.8598731523966,-1.41073094929794,0.180213857384048,0.388772030201316,-5.37954346785916
125,"O75022|LIRB3_HUMAN","Leukocyte immunoglobulin-like receptor subfamily B member 3 OS=Homo sapiens GN=LILRB3 PE=2 SV=3",0.168891177493709,15.8952125699536,0.26827252169635,0.792412321808625,0.900173915674216,-6.30693860878681
664,"P57105|SYJ2B_HUMAN","Synaptojanin-2-binding protein OS=Homo sapiens GN=SYNJ2BP PE=1 SV=2",-0.162000685053131,14.1429910086318,-0.508907790643877,0.618763396723652,0.773903126081407,-6.21093555609928
706,"O15247|CLIC2_HUMAN","Chloride intracellular channel protein 2 OS=Homo sapiens GN=CLIC2 PE=1 SV=3",-5.24380936553696,9.18423011448229,-2.61322441116639,0.0204790470933902,0.193624947385759,-3.47532527955976
1004,"Q9Y3Q3|TMED3_HUMAN","Transmembrane emp24 domain-containing protein 3 OS=Homo sapiens GN=TMED3 PE=1 SV=1",1.19749782256041,6.05234782292385,0.778993637961979,0.448985331396229,0.640337231298088,-6.03578626153301
1087,"P59768|GBG2_HUMAN","Guanine nucleotide-binding protein G(I)/G(S)/G(O) subunit gamma-2 OS=Homo sapiens GN=GNG2 PE=1 SV=2",-0.217797691522081,10.0187819397735,-0.290419143230979,0.775764334721637,0.887615011200554,-6.30054638699133
341,"P32942|ICAM3_HUMAN","Intercellular adhesion molecule 3 OS=Homo sapiens GN=ICAM3 PE=1 SV=2",0.433945971069766,13.6897355247255,0.684336024998074,0.504963774490708,0.688361660686107,-6.10501059022943
352,"Q9UEU0|VTI1B_HUMAN","Vesicle transport through interaction with t-SNAREs homolog 1B OS=Homo sapiens GN=VTI1B PE=1 SV=3",-0.44264007439266,15.3207142280936,-1.68985678288972,0.113248921011436,0.316129525737953,-4.99825607301853
157,"Q9UGN4|CLM8_HUMAN","CMRF35-like molecule 8 OS=Homo sapiens GN=CD300A PE=1 SV=2",-0.329318434753642,18.0055690330904,-0.803712234361868,0.435033234843099,0.630886053916619,-6.01635744374737
150,"P42166|LAP2A_HUMAN","Lamina-associated polypeptide 2, isoform alpha OS=Homo sapiens GN=TMPO PE=1 SV=2",-0.475922027783891,10.851657249924,-1.0477077756886,0.312571457776642,0.526933555115373,-5.7958273929608
261,"Q6GTX8|LAIR1_HUMAN","Leukocyte-associated immunoglobulin-like receptor 1 OS=Homo sapiens GN=LAIR1 PE=1 SV=1",-0.251202675169885,16.6283807411818,-0.638510451571813,0.533475295628316,0.711513869679542,-6.13552195434875
470,"Q14118|DAG1_HUMAN","Dystroglycan OS=Homo sapiens GN=DAG1 PE=1 SV=2",-0.450250002568215,13.6838940802665,-0.914996297777274,0.375725096060543,0.583003605758748,-5.92213817271573
1025,"P11532|DMD_HUMAN","Dystrophin OS=Homo sapiens GN=DMD PE=1 SV=3",-0.329638065439729,10.1757962458436,-0.21627185952243,0.831903605989261,0.92630826264467,-6.31997369105395
923,"Q9NWH9|SLTM_HUMAN","SAFB-like transcription modulator OS=Homo sapiens GN=SLTM PE=1 SV=2",2.22603258278495,7.18255008469336,1.7385775726828,0.104099633344731,0.305536985413874,-4.92700968310101
269,"Q12846|STX4_HUMAN","Syntaxin-4 OS=Homo sapiens GN=STX4 PE=1 SV=2",-0.58259222739845,15.1108895232397,-1.96056284882647,0.0701934036911478,0.265254664968929,-4.58700700418886
138,"Q96AG4|LRC59_HUMAN","Leucine-rich repeat-containing protein 59 OS=Homo sapiens GN=LRRC59 PE=1 SV=1",-0.710413908934065,18.8127648957238,-2.69216813922363,0.0175557476640172,0.190251117045409,-3.33280506800642
802,"O00453|LST1_HUMAN","Leukocyte-specific transcript 1 protein OS=Homo sapiens GN=LST1 PE=1 SV=2",1.37133696509494,10.6604571190333,1.06794992288342,0.303660044794752,0.519025091949184,-5.77527621742496
1045,"Q96D71|REPS1_HUMAN","RalBP1-associated Eps domain-containing protein 1 OS=Homo sapiens GN=REPS1 PE=1 SV=3",0.684379891626635,9.77646491409986,0.629452732355942,0.539216199425515,0.715146876695555,-6.14131746420262
471,"P50281|MMP14_HUMAN","Matrix metalloproteinase-14 OS=Homo sapiens GN=MMP14 PE=1 SV=3",-0.866145244502759,13.3043512368363,-2.42032085336557,0.0297308058877788,0.212509280961592,-3.81760803872324
391,"O75326|SEM7A_HUMAN","Semaphorin-7A OS=Homo sapiens GN=SEMA7A PE=1 SV=1",-0.596744148373309,12.7096878877511,-1.84117197333813,0.0869398356695174,0.285254481324324,-4.77288148099214
40,"Q86UP2|KTN1_HUMAN","Kinectin OS=Homo sapiens GN=KTN1 PE=1 SV=1",-0.594095936805498,17.1831242630323,-1.76325300825837,0.0997190799809838,0.300757029970096,-4.89043778474525
207,"P08865|RSSA_HUMAN","40S ribosomal protein SA OS=Homo sapiens GN=RPSA PE=1 SV=4",-0.244981357820286,16.732987409373,-0.8639269512128,0.402225666394981,0.599829148140704,-5.96673352451175
704,"Q8TEM1|PO210_HUMAN","Nuclear pore membrane glycoprotein 210 OS=Homo sapiens GN=NUP210 PE=1 SV=3",2.02201628083455,7.03647528725691,1.28685796727392,0.219069743379229,0.429253059778348,-5.53252200900862
801,"O94876|TMCC1_HUMAN","Transmembrane and coiled-coil domains protein 1 OS=Homo sapiens GN=TMCC1 PE=1 SV=3",-2.02301875408179,8.92341808593,-1.18219299089961,0.256871065061747,0.471708683113389,-5.65316717168152
387,"Q9H4A6|GOLP3_HUMAN","Golgi phosphoprotein 3 OS=Homo sapiens GN=GOLPH3 PE=1 SV=1",-0.275122792822389,11.9236305720404,-0.705557086875565,0.492067868671015,0.679114785209314,-6.09021292449745
323,"O00241|SIRB1_HUMAN","Signal-regulatory protein beta-1 OS=Homo sapiens GN=SIRPB1 PE=1 SV=5",-0.427081009836305,12.695139316844,-0.686868818632487,0.503414276872766,0.687092458974992,-6.10326657507523
864,"O15120|PLCB_HUMAN","1-acyl-sn-glycerol-3-phosphate acyltransferase beta OS=Homo sapiens GN=AGPAT2 PE=1 SV=1",2.50971694285782,7.83911993222554,1.5296824191601,0.148431116253506,0.353877618364046,-5.22292991911283
32,"P33241|LSP1_HUMAN","Lymphocyte-specific protein 1 OS=Homo sapiens GN=LSP1 PE=1 SV=1",-0.757150096041755,19.7081947896156,-3.05653382963818,0.00856039068100372,0.159089286018154,-2.66158280779781
148,"P31321|KAP1_HUMAN","cAMP-dependent protein kinase type I-beta regulatory subunit OS=Homo sapiens GN=PRKAR1B PE=1 SV=4",-1.93712521486279,10.5390575027917,-0.81709778978228,0.428986640274794,0.623827431080231,-6.00410116429681
292,"O95292|VAPB_HUMAN","Vesicle-associated membrane protein-associated protein B/C OS=Homo sapiens GN=VAPB PE=1 SV=3",-0.803710072095145,15.0392165709167,-2.81660577788366,0.0137528217816718,0.177667267435318,-3.10577211283671
1196,"Q86VB7|C163A_HUMAN","Scavenger receptor cysteine-rich type 1 protein M130 OS=Homo sapiens GN=CD163 PE=1 SV=2",-0.204251909902146,6.63874472016737,-0.123534777608946,0.903444301157876,0.965343275280141,-6.3363103206048
1058,"Q15070|OXA1L_HUMAN","Mitochondrial inner membrane protein OXA1L OS=Homo sapiens GN=OXA1L PE=1 SV=3",3.09632985786998,6.05956240572738,2.08462554271284,0.0559506802469771,0.243950430045695,-4.38713275706288
602,"P56962|STX17_HUMAN","Syntaxin-17 OS=Homo sapiens GN=STX17 PE=1 SV=2",-0.494401321291058,11.2652026773811,-1.66870014606498,0.117436201880945,0.321358670664361,-5.02878630350838
345,"Q9Y2U8|MAN1_HUMAN","Inner nuclear membrane protein Man1 OS=Homo sapiens GN=LEMD3 PE=1 SV=2",-0.60576646777311,11.0531576360378,-1.70435036318361,0.110456226679738,0.311464131576622,-4.97719720159337
652,"P22794|EVI2A_HUMAN","Protein EVI2A OS=Homo sapiens GN=EVI2A PE=2 SV=2",-0.0851072269750954,13.2975069671499,-0.159182980265859,0.875804315982847,0.94892753211426,-6.3310814180372
728,"Q8IWA4|MFN1_HUMAN","Mitofusin-1 OS=Homo sapiens GN=MFN1 PE=1 SV=2",0.628273709873202,6.50884467299116,0.3898254807721,0.702547188621951,0.836280834240377,-6.26571432483424
939,"P78552|I13R1_HUMAN","Interleukin-13 receptor subunit alpha-1 OS=Homo sapiens GN=IL13RA1 PE=1 SV=1",1.59313171428418,8.70629239352289,1.11669822424702,0.28297186679966,0.50381689745901,-5.7244295484388
1088,"Q86U90|YRDC_HUMAN","YrdC domain-containing protein, mitochondrial OS=Homo sapiens GN=YRDC PE=1 SV=1",-0.980982132397377,5.21937919032594,-0.775036870649843,0.451244616684869,0.641911356129181,-6.03884482686544
624,"Q9UJG1|MSPD1_HUMAN","Motile sperm domain-containing protein 1 OS=Homo sapiens GN=MOSPD1 PE=2 SV=1",2.1897192793492,9.17987745050826,1.71528212047597,0.108389939387641,0.310507471911623,-4.9612371197049
1247,"Q5W0N0|CI057_HUMAN","Uncharacterized protein C9orf57 OS=Homo sapiens GN=C9orf57 PE=2 SV=1",-1.47102756324119,7.03832683215269,-0.847241387941436,0.411148123194208,0.608236437907809,-5.98080764643924
782,"Q9Y287|ITM2B_HUMAN","Integral membrane protein 2B OS=Homo sapiens GN=ITM2B PE=1 SV=1",1.12910344762294,10.0113391343471,0.97595532400199,0.34569323489967,0.55919437568246,-5.86595948503084
603,"Q9BV40|VAMP8_HUMAN","Vesicle-associated membrane protein 8 OS=Homo sapiens GN=VAMP8 PE=1 SV=1",-0.249032991598614,16.079791038269,-0.583993478648485,0.568540059376273,0.733621377429778,-6.16922037419254
1073,"Q96JI7|SPTCS_HUMAN","Spatacsin OS=Homo sapiens GN=SPG11 PE=1 SV=3",-0.643751717149915,8.31278919266174,-0.338336355161618,0.740143351565258,0.858946144808412,-6.28500574888789
622,"Q13685|AAMP_HUMAN","Angio-associated migratory cell protein OS=Homo sapiens GN=AAMP PE=1 SV=2",-0.5068041395498,12.1575444090483,-1.77789795670287,0.0971970165899509,0.298303550915567,-4.86858056233318
70,"Q8NHL6|LIRB1_HUMAN","Leukocyte immunoglobulin-like receptor subfamily B member 1 OS=Homo sapiens GN=LILRB1 PE=1 SV=1",0.198799008800822,14.6553252868609,0.301760194416027,0.767282592352929,0.879722353048611,-6.2970792212556
960,"Q96AJ9|VTI1A_HUMAN","Vesicle transport through interaction with t-SNAREs homolog 1A OS=Homo sapiens GN=VTI1A PE=1 SV=2",-0.0727858709479428,9.64636595414116,-0.100043041242904,0.921732402909779,0.973056943539108,-6.33903684252719
276,"P16150|LEUK_HUMAN","Leukosialin OS=Homo sapiens GN=SPN PE=1 SV=1",-0.566595559176946,17.5302334105117,-1.50185449164135,0.155408924692269,0.36106709915159,-5.26038365398374
785,"O00559|RCAS1_HUMAN","Receptor-binding cancer antigen expressed on SiSo cells OS=Homo sapiens GN=EBAG9 PE=1 SV=1",-0.78526079509426,11.0354380657287,-1.56313326234463,0.140396578987494,0.343157747723469,-5.17727115766657
973,"Q93033|IGSF2_HUMAN","Immunoglobulin superfamily member 2 OS=Homo sapiens GN=CD101 PE=1 SV=2",1.89918257297874,7.25761627973246,1.27866992593252,0.221858315613272,0.433189083736986,-5.54225167519025
611,"O96011|PX11B_HUMAN","Peroxisomal membrane protein 11B OS=Homo sapiens GN=PEX11B PE=1 SV=1",1.62475202110991,11.4083474423288,1.23801243499043,0.236829004301853,0.448240244939283,-5.58944212710658
410,"Q7Z434|MAVS_HUMAN","Mitochondrial antiviral-signaling protein OS=Homo sapiens GN=MAVS PE=1 SV=2",-0.927420176638906,12.6742827562269,-2.15187067978403,0.049394500108348,0.242852599955098,-4.27619010775463
79,"P14317|HCLS1_HUMAN","Hematopoietic lineage cell-specific protein OS=Homo sapiens GN=HCLS1 PE=1 SV=3",-0.640212000090166,17.6496262399743,-1.88103922997573,0.0809852614481311,0.281039151990998,-4.71156255841591
19,"P30481|1B44_HUMAN","HLA class I histocompatibility antigen, B-44 alpha chain OS=Homo sapiens GN=HLA-B PE=1 SV=1",-0.322858457937472,8.04389086902545,-0.115355356792092,0.909806009458996,0.9676010467694,-6.33732454283887
890,"Q9NYP7|ELOV5_HUMAN","Elongation of very long chain fatty acids protein 5 OS=Homo sapiens GN=ELOVL5 PE=1 SV=1",0.763774716942088,8.71168576902393,0.449767496791644,0.659781438706753,0.801988160178559,-6.23990187873136
1042,"Q8IX19|MCEM1_HUMAN","Mast cell-expressed membrane protein 1 OS=Homo sapiens GN=MCEMP1 PE=1 SV=1",-2.70893116999368,6.79017980242025,-1.53217546095771,0.147819141603623,0.353176486713172,-5.21955086502496
813,"Q9ULF5|S39AA_HUMAN","Zinc transporter ZIP10 OS=Homo sapiens GN=SLC39A10 PE=1 SV=2",-0.59246802367222,12.2833346466709,-1.80200476634854,0.0931685764867054,0.291578277399239,-4.83235971950434
812,"P55081|MFAP1_HUMAN","Microfibrillar-associated protein 1 OS=Homo sapiens GN=MFAP1 PE=1 SV=2",-0.275942779129286,9.61742336462105,-0.293972247782962,0.773103784091664,0.885482787758597,-6.29947424150449
529,"Q9BY67|CADM1_HUMAN","Cell adhesion molecule 1 OS=Homo sapiens GN=CADM1 PE=1 SV=2",-0.73420364776034,9.31912203040685,-0.402875838482563,0.693140451591311,0.830721727851075,-6.26040066431093
948,"Q6NUK4|REEP3_HUMAN","Receptor expression-enhancing protein 3 OS=Homo sapiens GN=REEP3 PE=1 SV=1",3.67849880106908,7.14142079974891,3.0727462254159,0.00828958243599213,0.15878838079978,-2.6313294880515
578,"Q9NW97|TMM51_HUMAN","Transmembrane protein 51 OS=Homo sapiens GN=TMEM51 PE=1 SV=1",-0.625979415922485,11.3246075911904,-1.16497736810801,0.26354586241149,0.477574045732839,-5.67222114050666
696,"Q9HBL7|PLRKT_HUMAN","Plasminogen receptor (KT) OS=Homo sapiens GN=PLGRKT PE=1 SV=1",3.13649317576172,11.419718762745,1.6967721556327,0.114178694499939,0.31713132397358,-4.9915516713055
115,"Q9UBC2|EP15R_HUMAN","Epidermal growth factor receptor substrate 15-like 1 OS=Homo sapiens GN=EPS15L1 PE=1 SV=1",-1.04918457515349,14.7931781899351,-2.16588674083129,0.0481211233608909,0.242852599955098,-4.25285018308212
631,"P04156|PRIO_HUMAN","Major prion protein OS=Homo sapiens GN=PRNP PE=1 SV=1",-1.04325881575252,15.0538293209888,-2.23556509475282,0.0422329415864985,0.232281178725741,-4.13576898910605
947,"Q96GE9|TM261_HUMAN","Transmembrane protein 261 OS=Homo sapiens GN=TMEM261 PE=4 SV=1",0.211306689988454,10.2528935095121,0.327714413829686,0.747989689175945,0.864741461679995,-6.28865194390588
247,"P09382|LEG1_HUMAN","Galectin-1 OS=Homo sapiens GN=LGALS1 PE=1 SV=2",-0.893878712363648,18.4935295427723,-3.02364754295623,0.00913689311784374,0.163556824300368,-2.72287143848274
483,"P13987|CD59_HUMAN","CD59 glycoprotein OS=Homo sapiens GN=CD59 PE=1 SV=1",-0.672449666586907,14.291580130368,-1.56601834427309,0.139721312705008,0.342690882110769,-5.17330104646758
749,"Q9H1K4|GHC2_HUMAN","Mitochondrial glutamate carrier 2 OS=Homo sapiens GN=SLC25A18 PE=1 SV=1",2.80712787179231,8.22507948497571,1.97380281816467,0.0685291351266087,0.262537479743663,-4.56599041906851
488,"Q8WVV5|BT2A2_HUMAN","Butyrophilin subfamily 2 member A2 OS=Homo sapiens GN=BTN2A2 PE=1 SV=2",-0.430403626569156,10.2300046838113,-0.262184661736295,0.797007541950723,0.901706088703924,-6.30860791428812
152,"Q9NXW2|DJB12_HUMAN","DnaJ homolog subfamily B member 12 OS=Homo sapiens GN=DNAJB12 PE=1 SV=4",-0.741162934934966,15.2158092124261,-2.21807308859645,0.0436441907350058,0.236530223934592,-4.16532177637094
340,"Q9UMX5|NENF_HUMAN","Neudesin OS=Homo sapiens GN=NENF PE=1 SV=1",-0.795166334838646,16.3650360560565,-2.92437066491221,0.0111199839491278,0.169636669968539,-2.90716785948855
584,"P98194|AT2C1_HUMAN","Calcium-transporting ATPase type 2C member 1 OS=Homo sapiens GN=ATP2C1 PE=1 SV=3",-0.0952953243336516,7.39812582388811,-0.058509335356666,0.954172049196572,0.984294472290985,-6.3424568585434
434,"Q7Z6M3|MILR1_HUMAN","Allergin-1 OS=Homo sapiens GN=MILR1 PE=1 SV=2",0.344462684797966,13.0348640310184,0.481999132922728,0.637274303653009,0.786366253625124,-6.2245434037113
293,"P16989|YBOX3_HUMAN","Y-box-binding protein 3 OS=Homo sapiens GN=YBX3 PE=1 SV=4",-1.04783665654559,15.7707876880127,-3.68285098868803,0.00246949914022685,0.105523597876617,-1.48297986524227
1156,"O95298|NDUC2_HUMAN","NADH dehydrogenase [ubiquinone] 1 subunit C2 OS=Homo sapiens GN=NDUFC2 PE=1 SV=1",3.36107449975869,7.44408720953448,1.86776414088161,0.0829260248623941,0.284925689307832,-4.7320662263074
1156,"E9PQ53|NDUCR_HUMAN","NADH dehydrogenase [ubiquinone] 1 subunit C2, isoform 2 OS=Homo sapiens GN=NDUFC2-KCTD14 PE=1 SV=1",3.36107449975869,7.44408720953448,1.86776414088161,0.0829260248623941,0.284925689307832,-4.7320662263074
443,"Q16610|ECM1_HUMAN","Extracellular matrix protein 1 OS=Homo sapiens GN=ECM1 PE=1 SV=2",-2.51281332047028,11.6532549872296,-1.87150952978983,0.084158849372134,0.285254481324324,-4.73174152738249
757,"Q9BSA4|TTYH2_HUMAN","Protein tweety homolog 2 OS=Homo sapiens GN=TTYH2 PE=1 SV=3",-1.5531165711155,6.53233070290286,-1.10027536274628,0.289820160237332,0.508316481202276,-5.74177131541246
715,"O43493|TGON2_HUMAN","Trans-Golgi network integral membrane protein 2 OS=Homo sapiens GN=TGOLN2 PE=1 SV=2",-1.2639558056001,7.7219289375762,-1.22542568112236,0.240684278145315,0.450168742456978,-5.60432318197729
921,"P09603|CSF1_HUMAN","Macrophage colony-stimulating factor 1 OS=Homo sapiens GN=CSF1 PE=1 SV=2",-0.870250316383371,11.4583615528571,-2.0032599568154,0.0649547162298626,0.255903155075806,-4.51895556643404
604,"P46531|NOTC1_HUMAN","Neurogenic locus notch homolog protein 1 OS=Homo sapiens GN=NOTCH1 PE=1 SV=4",2.75523485818893,7.33457946476846,1.71420617153219,0.108591796101529,0.310507471911623,-4.96281087681139
633,"O43768|ENSA_HUMAN","Alpha-endosulfine OS=Homo sapiens GN=ENSA PE=1 SV=1",-0.703259065993048,14.0687577757142,-2.16281223350016,0.0483978009345873,0.242852599955098,-4.25797614858366
517,"Q6YHK3|CD109_HUMAN","CD109 antigen OS=Homo sapiens GN=CD109 PE=1 SV=2",-0.535212054603365,10.7625395031557,-0.78763437892275,0.444076368246163,0.637427448477374,-6.0290575486253
581,"Q15165|PON2_HUMAN","Serum paraoxonase/arylesterase 2 OS=Homo sapiens GN=PON2 PE=1 SV=3",-0.886755696477918,11.2441046453163,-1.6008325570306,0.131789405737336,0.33984182494657,-5.12499822356333
522,"O43752|STX6_HUMAN","Syntaxin-6 OS=Homo sapiens GN=STX6 PE=1 SV=1",-0.790925740032604,11.011416441724,-1.64926529469042,0.12140087752574,0.324222055122829,-5.05660932823454
396,"P98172|EFNB1_HUMAN","Ephrin-B1 OS=Homo sapiens GN=EFNB1 PE=1 SV=1",-0.564238655567387,10.8466517076669,-0.944627620643296,0.360909329175714,0.572362234322321,-5.89522678549408
929,"Q9Y2H6|FND3A_HUMAN","Fibronectin type-III domain-containing protein 3A OS=Homo sapiens GN=FNDC3A PE=1 SV=4",2.63331245412007,6.10790194883738,2.33160420490776,0.0352184418922318,0.220652598771888,-3.97169861252207
15,"P30505|1C08_HUMAN","HLA class I histocompatibility antigen, Cw-8 alpha chain OS=Homo sapiens GN=HLA-C PE=1 SV=1",-0.46100530615698,7.00055216025636,-0.206971448515518,0.839020112129601,0.930018536662103,-6.32201227480215
15,"Q9TNN7|1C05_HUMAN","HLA class I histocompatibility antigen, Cw-5 alpha chain OS=Homo sapiens GN=HLA-C PE=1 SV=1",-0.46100530615698,7.00055216025636,-0.206971448515518,0.839020112129601,0.930018536662103,-6.32201227480215
199,"Q9UHX3|AGRE2_HUMAN","Adhesion G protein-coupled receptor E2 OS=Homo sapiens GN=ADGRE2 PE=1 SV=2",-0.477328708403611,14.9678880303098,-1.07921294778174,0.298783428327892,0.5154478088079,-5.76369752952942
896,"Q53TN4|CYBR1_HUMAN","Cytochrome b reductase 1 OS=Homo sapiens GN=CYBRD1 PE=1 SV=1",2.60039826954845,7.61820405273603,2.01783932794124,0.0632494269936998,0.254601860108697,-4.49553798454932
251,"Q8WWM7|ATX2L_HUMAN","Ataxin-2-like protein OS=Homo sapiens GN=ATXN2L PE=1 SV=2",-1.31655757141042,14.2204428482668,-3.98113352556722,0.00137236530622917,0.0726046597724097,-0.922019974362685
321,"P19440|GGT1_HUMAN","Gamma-glutamyltranspeptidase 1 OS=Homo sapiens GN=GGT1 PE=1 SV=2",-0.400061123085777,14.7833869248697,-0.830578435553812,0.420187711410525,0.615868796011997,-5.99461617365948
1127,"P17181|INAR1_HUMAN","Interferon alpha/beta receptor 1 OS=Homo sapiens GN=IFNAR1 PE=1 SV=3",0.109219618717271,15.1846434696113,0.0978947723950063,0.923549265672336,0.973056943539108,-6.33922345660345
582,"Q6UWF3|SCIMP_HUMAN","SLP adapter and CSK-interacting membrane protein OS=Homo sapiens GN=SCIMP PE=1 SV=1",1.07023500407641,12.1069549011199,0.718141135569875,0.485716953393813,0.676229994010684,-6.07992838691448
709,"Q86XL3|ANKL2_HUMAN","Ankyrin repeat and LEM domain-containing protein 2 OS=Homo sapiens GN=ANKLE2 PE=1 SV=4",-0.367478229184304,6.04806237755571,-0.26704228136186,0.793340288960645,0.900181293915927,-6.3072790005647
321,"A6NGU5|GGT3_HUMAN","Putative gamma-glutamyltranspeptidase 3 OS=Homo sapiens GN=GGT3P PE=5 SV=2",-0.450451577108922,14.4650506587066,-1.03600503805365,0.317809984717669,0.530160500032027,-5.80755636986601
321,"P36268|GGT2_HUMAN","Inactive gamma-glutamyltranspeptidase 2 OS=Homo sapiens GN=GGT2 PE=1 SV=3",-0.458939407560058,14.6423876358966,-1.04349105909487,0.314451679523799,0.527723620191792,-5.80006648233107
127,"P49327|FAS_HUMAN","Fatty acid synthase OS=Homo sapiens GN=FASN PE=1 SV=3",2.70378900040306,11.1464243392691,1.54488029237582,0.146769617257878,0.351854385797983,-5.20335889032208
516,"A6NI73|LIRA5_HUMAN","Leukocyte immunoglobulin-like receptor subfamily A member 5 OS=Homo sapiens GN=LILRA5 PE=1 SV=1",-0.60474444894243,9.28902123421119,-0.318403435831623,0.754891590672695,0.870004727424652,-6.29175395883007
604,"Q9UM47|NOTC3_HUMAN","Neurogenic locus notch homolog protein 3 OS=Homo sapiens GN=NOTCH3 PE=1 SV=2",2.69575214089414,7.36432082341585,1.65616889866612,0.119979437126138,0.323164706056038,-5.0467507054194
449,"Q9ULG6|CCPG1_HUMAN","Cell cycle progression protein 1 OS=Homo sapiens GN=CCPG1 PE=1 SV=3",-0.883362716967151,13.0588159057993,-2.778148716269,0.0148329644385892,0.179124168383398,-3.17622098341081
538,"O75056|SDC3_HUMAN","Syndecan-3 OS=Homo sapiens GN=SDC3 PE=1 SV=2",-1.47873077930077,12.0661782742573,-3.16148559954871,0.00695104436899951,0.145709628187895,-2.46532900058293
574,"Q9Y228|T3JAM_HUMAN","TRAF3-interacting JNK-activating modulator OS=Homo sapiens GN=TRAF3IP3 PE=1 SV=2",0.395716548355711,9.37615797890771,0.312373266056052,0.759373212101217,0.873438316380609,-6.29371595542578
734,"Q99828|CIB1_HUMAN","Calcium and integrin-binding protein 1 OS=Homo sapiens GN=CIB1 PE=1 SV=4",-1.07914253068215,8.0781753762742,-0.762528484724685,0.458433655399782,0.648659683051002,-6.04841992169235
670,"P17927|CR1_HUMAN","Complement receptor type 1 OS=Homo sapiens GN=CR1 PE=1 SV=3",1.15238864652522,8.89721933087482,0.84806119212989,0.410706711957024,0.608236437907809,-5.98012190683047
778,"O75019|LIRA1_HUMAN","Leukocyte immunoglobulin-like receptor subfamily A member 1 OS=Homo sapiens GN=LILRA1 PE=2 SV=1",0.489290398317369,7.52445643182478,0.281747510174497,0.782269838898479,0.892301633486869,-6.30310896725945
1008,"Q92854|SEM4D_HUMAN","Semaphorin-4D OS=Homo sapiens GN=SEMA4D PE=1 SV=1",0.156426097017748,8.37186617937766,0.0952380793687373,0.92547904758477,0.973056943539108,-6.33952405059441
386,"Q7Z739|YTHD3_HUMAN","YTH domain-containing family protein 3 OS=Homo sapiens GN=YTHDF3 PE=1 SV=1",-0.747499718316915,13.6844845554927,-1.29470922745908,0.216422172007834,0.426320980675007,-5.52314701999546
1221,"Q969N2|PIGT_HUMAN","GPI transamidase component PIG-T OS=Homo sapiens GN=PIGT PE=1 SV=1",0.980596521895165,5.5198548641145,0.650548957589018,0.525898518437873,0.7056440265513,-6.12769863609815
448,"Q9NYJ8|TAB2_HUMAN","TGF-beta-activated kinase 1 and MAP3K7-binding protein 2 OS=Homo sapiens GN=TAB2 PE=1 SV=1",-1.80978064140422,10.1735087184276,-2.66921777510952,0.018361088999873,0.190251117045409,-3.3743683200523
977,"Q9H0R3|TM222_HUMAN","Transmembrane protein 222 OS=Homo sapiens GN=TMEM222 PE=1 SV=2",2.78230389458026,6.82816252527282,1.2216747318711,0.242056371997451,0.451974166872552,-5.60861679414243
970,"Q5BJD5|TM41B_HUMAN","Transmembrane protein 41B OS=Homo sapiens GN=TMEM41B PE=1 SV=1",0.444009021442748,4.40597983417015,0.409402532247125,0.688455503740593,0.826890880708971,-6.25767914135833
974,"O75144|ICOSL_HUMAN","ICOS ligand OS=Homo sapiens GN=ICOSLG PE=1 SV=2",-1.27181054254299,6.94717209297532,-0.899482720648422,0.383646175193262,0.587094904462417,-5.93592560737643
723,"O43561|LAT_HUMAN","Linker for activation of T-cells family member 1 OS=Homo sapiens GN=LAT PE=1 SV=1",-1.3098290694502,11.3265764797138,-3.18105801959863,0.00668604015718776,0.145709628187895,-2.42863296641955
931,"Q9HBG7|LY9_HUMAN","T-lymphocyte surface antigen Ly-9 OS=Homo sapiens GN=LY9 PE=1 SV=3",-1.25137724030318,7.69242951614953,-0.756761727812171,0.461771924333072,0.650667109526469,-6.05278620176907
1067,"Q9P246|STIM2_HUMAN","Stromal interaction molecule 2 OS=Homo sapiens GN=STIM2 PE=1 SV=2",0.960798630020016,5.33163696331036,0.532410161604037,0.60281201106094,0.760186315878211,-6.19846876518725
834,"A8K4G0|CLM7_HUMAN","CMRF35-like molecule 7 OS=Homo sapiens GN=CD300LB PE=1 SV=2",3.02893288250475,7.7225472374176,1.78471423670753,0.0960425665146284,0.298297646721565,-4.85836936123526
730,"Q96GQ5|RUS1_HUMAN","RUS1 family protein C16orf58 OS=Homo sapiens GN=C16orf58 PE=1 SV=2",3.24883308991087,7.51406224049343,2.14114913095413,0.0503896499864816,0.243019161529555,-4.29399458369706
908,"Q9GZY6|NTAL_HUMAN","Linker for activation of T-cells family member 2 OS=Homo sapiens GN=LAT2 PE=1 SV=1",-1.95747734758244,6.52348250472476,-1.37334052900125,0.191298106238618,0.399237110120584,-5.42684145986957
660,"Q9BQE4|SELS_HUMAN","Selenoprotein S OS=Homo sapiens GN=VIMP PE=1 SV=3",-1.38477241314781,11.5595306258221,-2.62388974102594,0.0200582004037781,0.193624947385759,-3.45614608185377
459,"Q9NWQ8|PHAG1_HUMAN","Phosphoprotein associated with glycosphingolipid-enriched microdomains 1 OS=Homo sapiens GN=PAG1 PE=1 SV=2",-1.81952950626977,9.33502846629079,-1.25474636220706,0.230167655897158,0.442415684605091,-5.57039978963405
234,"P80723|BASP1_HUMAN","Brain acid soluble protein 1 OS=Homo sapiens GN=BASP1 PE=1 SV=2",-1.1689418067117,10.7198848213807,-1.35799709872837,0.1960050513085,0.404761360601754,-5.44597368055268
685,"Q9Y5W9|SNX11_HUMAN","Sorting nexin-11 OS=Homo sapiens GN=SNX11 PE=1 SV=2",-1.70020715158119,10.2957619382989,-3.37114013077197,0.00458282703133995,0.123494020299375,-2.07111576485055
899,"Q9BXX0|EMIL2_HUMAN","EMILIN-2 OS=Homo sapiens GN=EMILIN2 PE=1 SV=3",0.417084474017609,4.66219083907892,0.348260669186906,0.732839361095651,0.854268291082512,-6.2814957231462
596,"P31994|FCG2B_HUMAN","Low affinity immunoglobulin gamma Fc region receptor II-b OS=Homo sapiens GN=FCGR2B PE=1 SV=2",0.228102806082429,9.35598370045045,0.125104110448898,0.902224493684215,0.965343275280141,-6.33610780478402
426,"Q9Y2H0|DLGP4_HUMAN","Disks large-associated protein 4 OS=Homo sapiens GN=DLGAP4 PE=1 SV=3",-2.95185141874639,11.0554533080519,-2.48198775611255,0.0264070596817586,0.208994680925834,-3.70919880005043
701,"O75379|VAMP4_HUMAN","Vesicle-associated membrane protein 4 OS=Homo sapiens GN=VAMP4 PE=1 SV=2",-1.4356542439396,10.0663844282746,-2.18107583116638,0.0467757403399397,0.241868959091472,-4.22747547516939
694,"Q969Z4|TR19L_HUMAN","Tumor necrosis factor receptor superfamily member 19L OS=Homo sapiens GN=RELT PE=1 SV=1",0.277373493789305,6.21580699600534,0.205106664083736,0.840448794607337,0.930018536662103,-6.32241030832382
666,"Q86X29|LSR_HUMAN","Lipolysis-stimulated lipoprotein receptor OS=Homo sapiens GN=LSR PE=1 SV=4",1.15203364313359,6.88909209141353,0.661663195140926,0.518958011618548,0.69801737398088,-6.12035416274552
560,"Q99571|P2RX4_HUMAN","P2X purinoceptor 4 OS=Homo sapiens GN=P2RX4 PE=1 SV=2",-0.717186214566116,13.295514748851,-0.870378611189146,0.398810497886876,0.598754679935567,-5.96122571206379
360,"Q8N149|LIRA2_HUMAN","Leukocyte immunoglobulin-like receptor subfamily A member 2 OS=Homo sapiens GN=LILRA2 PE=1 SV=2",1.49228562184839,9.35221087109476,0.679100140157015,0.508175784422034,0.690243991920319,-6.1085968164954
635,"Q13444|ADA15_HUMAN","Disintegrin and metalloproteinase domain-containing protein 15 OS=Homo sapiens GN=ADAM15 PE=1 SV=4",-0.710455330212246,12.3720839319401,-0.509364086826196,0.61926181735947,0.773903126081407,-6.20990777330035
531,"Q02413|DSG1_HUMAN","Desmoglein-1 OS=Homo sapiens GN=DSG1 PE=1 SV=2",-0.110200593563604,6.14214255216071,-0.0682258363080496,0.946573257422618,0.981390624976304,-6.34181720104318
528,"P34741|SDC2_HUMAN","Syndecan-2 OS=Homo sapiens GN=SDC2 PE=1 SV=2",-3.23737583154668,13.6006343684993,-10.0492461053359,9.00313820424559e-08,0.000100024865449169,7.94702095251393
239,"Q6PI73|LIRA6_HUMAN","Leukocyte immunoglobulin-like receptor subfamily A member 6 OS=Homo sapiens GN=LILRA6 PE=2 SV=2",1.81630212271313,11.6407298076539,0.928529025910368,0.370504558504604,0.578945941629557,-5.90830589764863
37,"P30455|1A36_HUMAN","HLA class I histocompatibility antigen, A-36 alpha chain OS=Homo sapiens GN=HLA-A PE=1 SV=1",-1.2499871256394,5.9347800459795,-0.635073264826806,0.535649786431702,0.713557449311296,-6.13773039630917
909,"Q9UBP0|SPAST_HUMAN","Spastin OS=Homo sapiens GN=SPAST PE=1 SV=1",-2.14173043756401,5.75125094842352,-1.06267992872561,0.305961889681625,0.519130624452515,-5.78065870487326
