"Protein Group","Accession","Description","logFC","AveExpr","t","P.Value","adj.P.Val","B"
1,"P35579|MYH9_HUMAN","Myosin-9 OS=Homo sapiens OX=9606 GN=MYH9 PE=1 SV=4",16.0156393380162,10.9646719082149,23.7241648509693,2.18395369083881e-16,7.24891282025974e-15,18.3732169605779
2,"Q15149|PLEC_HUMAN","Plectin OS=Homo sapiens OX=9606 GN=PLEC PE=1 SV=3",8.76187500053052,13.6119376900967,7.7660722192249,7.1306377449102e-07,1.85117702750535e-06,5.44305979551483
3,"P21333|FLNA_HUMAN","Filamin-A OS=Homo sapiens OX=9606 GN=FLNA PE=1 SV=4",10.6077536240912,12.5249567848376,11.4944409148541,2.14229694946637e-10,7.15337663091547e-10,11.5800850500422
4,"P08238|HS90B_HUMAN","Heat shock protein HSP 90-beta OS=Homo sapiens OX=9606 GN=HSP90AB1 PE=1 SV=4",13.9169015505222,12.1434094437301,11.0267919988123,1.67322469067043e-08,4.73670224932439e-08,7.90767182667131
4,"Q58FF7|H90B3_HUMAN","Putative heat shock protein HSP 90-beta-3 OS=Homo sapiens OX=9606 GN=HSP90AB3P PE=5 SV=1",15.1336681814183,10.5236863299159,23.748451682207,2.14011379620138e-16,7.22757729418888e-15,18.3798400407072
4,"Q58FF8|H90B2_HUMAN","Putative heat shock protein HSP 90-beta 2 OS=Homo sapiens OX=9606 GN=HSP90AB2P PE=1 SV=2",14.1473978161296,10.0305511472716,24.4362680484266,1.21467556078523e-16,6.72811001156658e-15,18.5612282893949
5,"Q13813|SPTN1_HUMAN","Spectrin alpha chain, non-erythrocytic 1 OS=Homo sapiens OX=9606 GN=SPTAN1 PE=1 SV=3",13.0254453901671,10.4463725820284,13.6922394686135,1.53321117292364e-11,6.14416476287978e-11,13.0820717510528
6,"P63261|ACTG_HUMAN","Actin, cytoplasmic 2 OS=Homo sapiens OX=9606 GN=ACTG1 PE=1 SV=1",4.57578706425577,17.6202975742449,7.62147925650328,2.07519498846844e-07,5.5138031094572e-07,6.54284592659742
6,"P60709|ACTB_HUMAN","Actin, cytoplasmic 1 OS=Homo sapiens OX=9606 GN=ACTB PE=1 SV=1",4.57578706425577,17.6202975742449,7.62147925650328,2.07519498846844e-07,5.5138031094572e-07,6.54284592659742
7,"P05787|K2C8_HUMAN","Keratin, type II cytoskeletal 8 OS=Homo sapiens OX=9606 GN=KRT8 PE=1 SV=7",7.92828087526942,17.6633067128422,13.4647386463831,1.20204541710466e-11,4.91472475638543e-11,13.3856089381913
7,"O95678|K2C75_HUMAN","Keratin, type II cytoskeletal 75 OS=Homo sapiens OX=9606 GN=KRT75 PE=1 SV=2",4.88919640311712,5.40145044076535,2.72299386263177,0.0129145951541858,0.0182798497586821,-2.8684286050752
8,"P07900|HS90A_HUMAN","Heat shock protein HSP 90-alpha OS=Homo sapiens OX=9606 GN=HSP90AA1 PE=1 SV=5",13.6950037200777,11.4725820053831,12.7632300137814,1.40918940353815e-10,4.83114799966328e-10,11.4914638163692
8,"Q14568|HS902_HUMAN","Heat shock protein HSP 90-alpha A2 OS=Homo sapiens OX=9606 GN=HSP90AA2P PE=1 SV=2",13.4768131568817,9.69525881764762,23.9768067195335,1.77028234984763e-16,6.81558704691339e-15,18.441371883289
9,"P49327|FAS_HUMAN","Fatty acid synthase OS=Homo sapiens OX=9606 GN=FASN PE=1 SV=3",14.426662179538,11.1511763073655,15.1992333742949,1.24426711142131e-12,6.18119790835103e-12,14.6648587859268
10,"Q01082|SPTB2_HUMAN","Spectrin beta chain, non-erythrocytic 1 OS=Homo sapiens OX=9606 GN=SPTBN1 PE=1 SV=2",12.6319404718161,10.1123344567108,14.7564357970517,2.17337271649386e-12,1.02542707824771e-11,14.3621835379638
11,"P10809|CH60_HUMAN","60 kDa heat shock protein, mitochondrial OS=Homo sapiens OX=9606 GN=HSPD1 PE=1 SV=2",12.3153865048073,14.3610958820564,7.61605422376341,6.3575010453609e-06,1.58014067299157e-05,3.59210052615076
12,"P06733|ENOA_HUMAN","Alpha-enolase OS=Homo sapiens OX=9606 GN=ENO1 PE=1 SV=2",12.0590971363427,15.1267526303614,11.241998731245,2.7051866708474e-09,8.1494277642899e-09,9.42775884603974
13,"Q14204|DYHC1_HUMAN","Cytoplasmic dynein 1 heavy chain 1 OS=Homo sapiens OX=9606 GN=DYNC1H1 PE=1 SV=5",13.1921631737632,10.0514378720551,18.5768083437645,2.65505587220418e-14,2.20776784189764e-13,16.5397762719652
14,"P11142|HSP7C_HUMAN","Heat shock cognate 71 kDa protein OS=Homo sapiens OX=9606 GN=HSPA8 PE=1 SV=1",4.58117872070525,17.7572569456808,5.66640452303966,1.38213935953106e-05,3.26056160183492e-05,3.07378782027213
15,"P05783|K1C18_HUMAN","Keratin, type I cytoskeletal 18 OS=Homo sapiens OX=9606 GN=KRT18 PE=1 SV=2",8.20334142651066,16.6664942234602,12.5193906280066,4.58108199237706e-11,1.71234618161667e-10,12.5715804748261
16,"P35580|MYH10_HUMAN","Myosin-10 OS=Homo sapiens OX=9606 GN=MYH10 PE=1 SV=3",12.4078701840131,10.2143489968926,12.158301849178,9.05995444020096e-10,2.83770371438772e-09,10.0795115970371
17,"Q14980|NUMA1_HUMAN","Nuclear mitotic apparatus protein 1 OS=Homo sapiens OX=9606 GN=NUMA1 PE=1 SV=2",12.5523946786565,9.60283632257211,18.5350410168071,2.77359344116172e-14,2.28658131658943e-13,16.5205651346106
18,"Q09666|AHNK_HUMAN","Neuroblast differentiation-associated protein AHNAK OS=Homo sapiens OX=9606 GN=AHNAK PE=1 SV=2",0.414574210046879,18.0123862677646,0.559245656138712,0.582051111976517,0.592203166255177,-5.7604043092261
19,"O43707|ACTN4_HUMAN","Alpha-actinin-4 OS=Homo sapiens OX=9606 GN=ACTN4 PE=1 SV=2",14.9217950810138,10.4177497797137,23.7744691044599,2.09417081434621e-16,7.1987121743151e-15,18.3869181099134
20,"P15924|DESP_HUMAN","Desmoplakin OS=Homo sapiens OX=9606 GN=DSP PE=1 SV=3",12.9825431214625,9.44812379993806,18.6521981659483,2.45431719575852e-14,2.07217570255928e-13,16.5742362636777
21,"P14618|KPYM_HUMAN","Pyruvate kinase PKM OS=Homo sapiens OX=9606 GN=PKM PE=1 SV=4",11.2659586947048,13.8193551902413,7.1127506599905,1.17469760435714e-05,2.8195671925031e-05,3.13972384105882
21,"P30613|KPYR_HUMAN","Pyruvate kinase PKLR OS=Homo sapiens OX=9606 GN=PKLR PE=1 SV=2",13.0939247567342,9.50381461757387,27.5523392752063,1.11134570072561e-17,6.61903413275164e-15,19.2533798784404
23,"P08727|K1C19_HUMAN","Keratin, type I cytoskeletal 19 OS=Homo sapiens OX=9606 GN=KRT19 PE=1 SV=4",15.3426657123426,11.2304059504057,20.1002338227756,5.71602363352317e-15,6.18425245184925e-14,17.1855853830239
23,"P13646|K1C13_HUMAN","Keratin, type I cytoskeletal 13 OS=Homo sapiens OX=9606 GN=KRT13 PE=1 SV=4",14.3479427955694,10.1308236369915,26.2437079838374,2.93624354064957e-17,6.61903413275164e-15,18.9861778319985
23,"#CONTAM#K1C15_SHEEP|",">sp|K1C15_SHEEP|",14.3479428798153,10.1308236791144,26.2437077313971,2.9362441038291e-17,6.61903413275164e-15,18.9861777773973
23,"Q04695|K1C17_HUMAN","Keratin, type I cytoskeletal 17 OS=Homo sapiens OX=9606 GN=KRT17 PE=1 SV=2",9.29457752849158,7.60414100345257,14.7818084234144,2.10422014732472e-12,9.97690587093618e-12,14.3799445831638
24,"P11021|BIP_HUMAN","Endoplasmic reticulum chaperone BiP OS=Homo sapiens OX=9606 GN=HSPA5 PE=1 SV=2",14.874765002716,11.5098803925088,15.0876833323757,1.43010867008363e-12,7.03182423987482e-12,14.5900458965204
25,"P46013|KI67_HUMAN","Proliferation marker protein Ki-67 OS=Homo sapiens OX=9606 GN=MKI67 PE=1 SV=2",11.1928340104243,10.1555021916715,6.91416868668553,2.02598815136697e-05,4.64288951354931e-05,2.70375407117268
26,"P07437|TBB5_HUMAN","Tubulin beta chain OS=Homo sapiens OX=9606 GN=TUBB PE=1 SV=2",15.4789010298905,10.6963027541521,25.1419565652845,6.89829976533511e-17,6.61903413275164e-15,18.7355828258217
28,"Q9Y490|TLN1_HUMAN","Talin-1 OS=Homo sapiens OX=9606 GN=TLN1 PE=1 SV=3",10.7856955288217,10.5619238370846,7.52177453768209,4.87137683564039e-06,1.22101567820413e-05,3.83148085998756
28,"Q9Y4G6|TLN2_HUMAN","Talin-2 OS=Homo sapiens OX=9606 GN=TLN2 PE=1 SV=4",9.16401785531559,7.53886116686458,15.5982834651347,7.6150990622611e-13,3.95123064551283e-12,14.9248476788688
29,"P22314|UBA1_HUMAN","Ubiquitin-like modifier-activating enzyme 1 OS=Homo sapiens OX=9606 GN=UBA1 PE=1 SV=3",14.789170459811,10.8956411004455,19.923391621462,6.79407596719721e-15,7.04709000982041e-14,17.1157883078598
30,"O75369|FLNB_HUMAN","Filamin-B OS=Homo sapiens OX=9606 GN=FLNB PE=1 SV=2",9.16794435715587,10.5556274229991,5.07425507797233,0.000324839044003399,0.000609172099080899,0.469180889771991
31,"P12814|ACTN1_HUMAN","Alpha-actinin-1 OS=Homo sapiens OX=9606 GN=ACTN1 PE=1 SV=2",2.91442130098546,15.57419423068,4.07721016558755,0.000562575781279039,0.00102650083313948,-0.136468035182853
31,"P35609|ACTN2_HUMAN","Alpha-actinin-2 OS=Homo sapiens OX=9606 GN=ACTN2 PE=1 SV=1",9.75881390206642,7.83625919023999,15.4468212031015,9.16347996095275e-13,4.68517899729988e-12,14.8275513947258
32,"Q7Z6Z7|HUWE1_HUMAN","E3 ubiquitin-protein ligase HUWE1 OS=Homo sapiens OX=9606 GN=HUWE1 PE=1 SV=3",8.66435058355237,10.270414706818,4.72366640900285,0.000609233333547585,0.00110691285236347,-0.0594054020777079
33,"P04406|G3P_HUMAN","Glyceraldehyde-3-phosphate dehydrogenase OS=Homo sapiens OX=9606 GN=GAPDH PE=1 SV=3",9.01136667372142,15.1585066861286,12.5958803065382,4.0991094164764e-11,1.54569747829913e-10,12.6408640068929
34,"P78527|PRKDC_HUMAN","DNA-dependent protein kinase catalytic subunit OS=Homo sapiens OX=9606 GN=PRKDC PE=1 SV=3",10.1813948292744,10.7405399575083,6.16913950039147,4.95593115817741e-05,0.000105884211759062,2.01186059333121
35,"P68371|TBB4B_HUMAN","Tubulin beta-4B chain OS=Homo sapiens OX=9606 GN=TUBB4B PE=1 SV=1",12.4561781139844,9.18494129619898,24.0989533225004,1.60055431905591e-16,6.81558704691339e-15,18.4737431520705
36,"P42704|LPPRC_HUMAN","Leucine-rich PPR motif-containing protein, mitochondrial OS=Homo sapiens OX=9606 GN=LRPPRC PE=1 SV=3",14.145985623378,10.0298450508958,20.6178455063141,3.47426428406384e-15,4.19307758421498e-14,17.3827216471682
37,"P49792|RBP2_HUMAN","E3 SUMO-protein ligase RanBP2 OS=Homo sapiens OX=9606 GN=RANBP2 PE=1 SV=2",11.3819893669395,8.64784692267656,18.4704548057883,2.9679094972602e-14,2.41698917595267e-13,16.4906890086623
37,"Q7Z3J3|RGPD4_HUMAN","RanBP2-like and GRIP domain-containing protein 4 OS=Homo sapiens OX=9606 GN=RGPD4 PE=2 SV=3",4.23742691270763,5.0755656955606,2.58380409377776,0.0175196884977356,0.0244033287685536,-3.12955828323109
37,"A6NKT7|RGPD3_HUMAN","RanBP2-like and GRIP domain-containing protein 3 OS=Homo sapiens OX=9606 GN=RGPD3 PE=3 SV=2",4.23742691270763,5.0755656955606,2.58380409377776,0.0175196884977356,0.0244033287685536,-3.12955828323109
38,"P38646|GRP75_HUMAN","Stress-70 protein, mitochondrial OS=Homo sapiens OX=9606 GN=HSPA9 PE=1 SV=2",13.0661814348011,11.9970635269453,11.4858126858999,2.54283012198608e-09,7.6904131733279e-09,9.40302387512791
39,"P13639|EF2_HUMAN","Elongation factor 2 OS=Homo sapiens OX=9606 GN=EEF2 PE=1 SV=4",8.86673771784821,13.8520574923445,4.54241119435443,0.000820643565180495,0.00147070802328059,-0.314407700235884
40,"P13667|PDIA4_HUMAN","Protein disulfide-isomerase A4 OS=Homo sapiens OX=9606 GN=PDIA4 PE=1 SV=2",13.2059173964682,11.2027084416697,13.7647012857191,7.98703021325467e-12,3.39404705530138e-11,13.6256173153579
41,"P14625|ENPL_HUMAN","Endoplasmin OS=Homo sapiens OX=9606 GN=HSP90B1 PE=1 SV=1",11.6708322998973,11.897870278415,9.13074340469234,2.05424939334455e-07,5.46569465402662e-07,6.24406271923522
41,"Q58FF3|ENPLL_HUMAN","Putative endoplasmin-like protein OS=Homo sapiens OX=9606 GN=HSP90B2P PE=5 SV=1",10.0616740918153,7.98768928511442,17.6983164271754,6.78100946312201e-14,4.84357818794429e-13,16.1169767359792
42,"P08670|VIME_HUMAN","Vimentin OS=Homo sapiens OX=9606 GN=VIM PE=1 SV=4",-0.146979176229344,19.1090316741517,-0.221148208875148,0.827164211978312,0.833878558815528,-5.88761354586184
42,"P41219|PERI_HUMAN","Peripherin OS=Homo sapiens OX=9606 GN=PRPH PE=1 SV=2",9.01022211766233,7.46196329803795,13.9187706802811,6.49258342948689e-12,2.80229217528302e-11,13.7456696710176
42,"P17661|DESM_HUMAN","Desmin OS=Homo sapiens OX=9606 GN=DES PE=1 SV=3",9.02203927769987,7.46787187805672,14.2174215513387,4.36837639666205e-12,1.93758630497107e-11,13.9723517248427
43,"Q00610|CLH1_HUMAN","Clathrin heavy chain 1 OS=Homo sapiens OX=9606 GN=CLTC PE=1 SV=5",11.4545556258434,10.857575809652,9.4828010432757,8.01133122855041e-08,2.16903131012089e-07,6.97623508087112
44,"O75643|U520_HUMAN","U5 small nuclear ribonucleoprotein 200 kDa helicase OS=Homo sapiens OX=9606 GN=SNRNP200 PE=1 SV=2",12.7962063684043,9.35495542340893,20.3970201703119,4.29043064206795e-15,5.01490549643119e-14,17.2998980664567
45,"Q9BQE3|TBA1C_HUMAN","Tubulin alpha-1C chain OS=Homo sapiens OX=9606 GN=TUBA1C PE=1 SV=1",6.35140819752978,8.20295887614991,4.42968810042197,0.00091852595035566,0.00163718745780986,-0.419637861398079
46,"P61978|HNRPK_HUMAN","Heterogeneous nuclear ribonucleoprotein K OS=Homo sapiens OX=9606 GN=HNRNPK PE=1 SV=1",12.2608300724717,12.0915238441654,10.5667722787452,1.14548582225595e-08,3.28622981794741e-08,8.37409143502758
47,"P12270|TPR_HUMAN","Nucleoprotein TPR OS=Homo sapiens OX=9606 GN=TPR PE=1 SV=3",12.9086310609945,9.41116776970402,23.6389257125245,2.34540782318372e-16,7.51216032598111e-15,18.349850495093
48,"P30101|PDIA3_HUMAN","Protein disulfide-isomerase A3 OS=Homo sapiens OX=9606 GN=PDIA3 PE=1 SV=4",16.1752764704811,11.0444904744473,25.9640527518974,3.63528745190916e-17,6.61903413275164e-15,18.9249227637312
49,"P04075|ALDOA_HUMAN","Fructose-bisphosphate aldolase A OS=Homo sapiens OX=9606 GN=ALDOA PE=1 SV=2",0.870907635468399,17.7187684469964,1.31827716857449,0.201946890051437,0.209850344587863,-5.10196781878888
49,"#CONTAM#ALDOA_RABIT|",">sp|ALDOA_RABIT|",10.2491317615817,11.867073810418,6.2733441206012,3.98838965595073e-05,8.66063179662171e-05,2.18701286490463
50,"P09651|ROA1_HUMAN","Heterogeneous nuclear ribonucleoprotein A1 OS=Homo sapiens OX=9606 GN=HNRNPA1 PE=1 SV=5",7.82096689904932,7.77620076134718,3.74599163866828,0.00339474111557256,0.00530428299308213,-1.53815116849899
51,"P22626|ROA2_HUMAN","Heterogeneous nuclear ribonucleoproteins A2/B1 OS=Homo sapiens OX=9606 GN=HNRNPA2B1 PE=1 SV=2",9.42350912597607,12.5807474939391,6.37942188712415,2.64396122117376e-05,5.92850943594582e-05,2.52292333896197
52,"Q9UPN3|MACF1_HUMAN","Microtubule-actin cross-linking factor 1, isoforms 1/2/3/5 OS=Homo sapiens OX=9606 GN=MACF1 PE=1 SV=4",4.24324172779013,10.3346021599808,1.44657214467402,0.177361151836833,0.18530269594893,-4.94825968144744
53,"Q15075|EEA1_HUMAN","Early endosome antigen 1 OS=Homo sapiens OX=9606 GN=EEA1 PE=1 SV=2",8.42620595364039,11.1616022281436,3.38282874762181,0.00635568096196909,0.00938962843575632,-2.0909444992217
54,"P02545|LMNA_HUMAN","Prelamin-A/C OS=Homo sapiens OX=9606 GN=LMNA PE=1 SV=1",11.8096813653298,11.3951893879823,8.07808521075084,1.89029431750776e-06,4.82601665941967e-06,4.54945511572908
55,"Q12906|ILF3_HUMAN","Interleukin enhancer-binding factor 3 OS=Homo sapiens OX=9606 GN=ILF3 PE=1 SV=3",13.8690686501205,9.89138656426702,22.7108340464682,5.18054737156992e-16,1.17324161062025e-14,18.0826734029774
56,"P46940|IQGA1_HUMAN","Ras GTPase-activating-like protein IQGAP1 OS=Homo sapiens OX=9606 GN=IQGAP1 PE=1 SV=1",10.1893859391669,9.92122475300814,5.35319059020429,0.000247232908524043,0.000472615043603557,0.704490343752181
57,"P07237|PDIA1_HUMAN","Protein disulfide-isomerase OS=Homo sapiens OX=9606 GN=P4HB PE=1 SV=3",13.5033134605567,11.4037985931298,14.0313312264739,5.58729755060634e-12,2.44381581798835e-11,13.8320287570808
58,"P34932|HSP74_HUMAN","Heat shock 70 kDa protein 4 OS=Homo sapiens OX=9606 GN=HSPA4 PE=1 SV=4",13.6780719706748,9.79588822454417,24.2546505851023,1.40855859049049e-16,6.81558704691339e-15,18.5144691286309
59,"Q13885|TBB2A_HUMAN","Tubulin beta-2A chain OS=Homo sapiens OX=9606 GN=TUBB2A PE=1 SV=1",6.38523636454933,6.14947042148145,5.76914169224248,1.09545455172791e-05,2.64420064210184e-05,3.27152181584651
60,"Q9BVA1|TBB2B_HUMAN","Tubulin beta-2B chain OS=Homo sapiens OX=9606 GN=TUBB2B PE=1 SV=1",6.6548793666557,6.28429192253464,6.39682872028222,2.71912265597353e-06,6.87820119940742e-06,4.44427816236302
61,"P54652|HSP72_HUMAN","Heat shock-related 70 kDa protein 2 OS=Homo sapiens OX=9606 GN=HSPA2 PE=1 SV=1",9.06873387248373,7.49121917544865,12.7395585857309,3.33134922903388e-11,1.27873325341779e-10,12.769328493967
62,"P12956|XRCC6_HUMAN","X-ray repair cross-complementing protein 6 OS=Homo sapiens OX=9606 GN=XRCC6 PE=1 SV=2",14.1218164574411,10.0177604679273,22.4894007619495,6.28659777820525e-16,1.29281020351941e-14,18.0152997589035
63,"Q92616|GCN1_HUMAN","eIF-2-alpha kinase activator GCN1 OS=Homo sapiens OX=9606 GN=GCN1 PE=1 SV=6",11.025059786901,9.18588285074774,11.2736341602004,1.87151294152971e-08,5.28249620593063e-08,7.73758315512834
64,"Q13509|TBB3_HUMAN","Tubulin beta-3 chain OS=Homo sapiens OX=9606 GN=TUBB3 PE=1 SV=2",9.55916810425791,7.73643629133574,12.5484189061649,4.39156200491007e-11,1.64630123845217e-10,12.597947640563
65,"P07355|ANXA2_HUMAN","Annexin A2 OS=Homo sapiens OX=9606 GN=ANXA2 PE=1 SV=2",9.08606331829491,13.5682809440755,5.04117844156181,0.000334741790954962,0.000626522068632282,0.442542956538325
65,"A6NMY6|AXA2L_HUMAN","Putative annexin A2-like protein OS=Homo sapiens OX=9606 GN=ANXA2P2 PE=5 SV=2",8.60698323627119,13.3287409030637,4.78667199469196,0.000505041209525066,0.000924588044066335,0.0935259025357382
66,"P09874|PARP1_HUMAN","Poly [ADP-ribose] polymerase 1 OS=Homo sapiens OX=9606 GN=PARP1 PE=1 SV=4",13.65546096924,9.78458272382676,23.9247963212139,1.84817939174673e-16,6.91554695644174e-15,18.4274742233271
67,"P68032|ACTC_HUMAN","Actin, alpha cardiac muscle 1 OS=Homo sapiens OX=9606 GN=ACTC1 PE=1 SV=1",5.86478004818868,5.88924226330112,4.3591887836408,0.000288765961876575,0.000544974977070987,0.446893620573003
67,"P62736|ACTA_HUMAN","Actin, aortic smooth muscle OS=Homo sapiens OX=9606 GN=ACTA2 PE=1 SV=1",5.86478004818868,5.88924226330112,4.3591887836408,0.000288765961876575,0.000544974977070987,0.446893620573003
67,"P63267|ACTH_HUMAN","Actin, gamma-enteric smooth muscle OS=Homo sapiens OX=9606 GN=ACTG2 PE=1 SV=1",5.86478004818868,5.88924226330112,4.3591887836408,0.000288765961876575,0.000544974977070987,0.446893620573003
68,"Q9P2E9|RRBP1_HUMAN","Ribosome-binding protein 1 OS=Homo sapiens OX=9606 GN=RRBP1 PE=1 SV=5",11.7824818585127,8.84809316846313,21.198376591872,2.01447640627538e-15,2.90476934987274e-14,17.5917795644992
69,"Q6P2Q9|PRP8_HUMAN","Pre-mRNA-processing-splicing factor 8 OS=Homo sapiens OX=9606 GN=PRPF8 PE=1 SV=2",11.9742241794755,8.94396432894452,16.1266854885444,7.81122707337007e-13,4.03126330194032e-12,14.6835446238615
70,"Q08211|DHX9_HUMAN","ATP-dependent RNA helicase A OS=Homo sapiens OX=9606 GN=DHX9 PE=1 SV=4",11.3563542431062,10.300742132556,6.96119994372641,1.81384005060294e-05,4.20426501795383e-05,2.79152664160567
71,"P68133|ACTS_HUMAN","Actin, alpha skeletal muscle OS=Homo sapiens OX=9606 GN=ACTA1 PE=1 SV=1",4.7386321032829,5.32616829084823,2.68545638669698,0.0140286109541326,0.0197911880444891,-2.93944011883046
72,"P78371|TCPB_HUMAN","T-complex protein 1 subunit beta OS=Homo sapiens OX=9606 GN=CCT2 PE=1 SV=4",15.1288791261246,10.5212918022691,23.2991110227759,3.12425791191397e-16,8.86966909686005e-15,18.2547835626207
73,"P55072|TERA_HUMAN","Transitional endoplasmic reticulum ATPase OS=Homo sapiens OX=9606 GN=VCP PE=1 SV=4",13.7130395077173,9.81337199306543,23.5605353179824,2.50493595511819e-16,7.56755729032956e-15,18.328193237557
73,"Q8IYT4|KATL2_HUMAN","Katanin p60 ATPase-containing subunit A-like 2 OS=Homo sapiens OX=9606 GN=KATNAL2 PE=1 SV=3",6.06305231129086,5.98837839485221,4.57420352161742,0.000173842413635061,0.000341824970630738,0.889693098042184
73,"O43933|PEX1_HUMAN","Peroxisome biogenesis factor 1 OS=Homo sapiens OX=9606 GN=PEX1 PE=1 SV=1",6.06305231129086,5.98837839485221,4.57420352161742,0.000173842413635061,0.000341824970630738,0.889693098042184
74,"O00410|IPO5_HUMAN","Importin-5 OS=Homo sapiens OX=9606 GN=IPO5 PE=1 SV=4",5.58888455209544,13.4599103987361,2.49120846533114,0.0304332831624195,0.0387567878510951,-3.47311352149442
75,"P07814|SYEP_HUMAN","Bifunctional glutamate/proline--tRNA ligase OS=Homo sapiens OX=9606 GN=EPRS1 PE=1 SV=5",12.3521411411622,9.67332801188054,17.4844354671575,8.57320295550595e-14,5.8626698718824e-13,16.0078113570606
76,"P11586|C1TC_HUMAN","C-1-tetrahydrofolate synthase, cytoplasmic OS=Homo sapiens OX=9606 GN=MTHFD1 PE=1 SV=3",14.0507955605574,9.98225001948547,24.3428271265399,1.31067078147401e-16,6.72811001156658e-15,18.5372705134399
77,"Q8WWI1|LMO7_HUMAN","LIM domain only protein 7 OS=Homo sapiens OX=9606 GN=LMO7 PE=1 SV=3",11.3578643987087,8.63578443856112,17.6759035618194,6.94890135914134e-14,4.94515161417637e-13,16.105656028473
78,"P60174|TPIS_HUMAN","Triosephosphate isomerase OS=Homo sapiens OX=9606 GN=TPI1 PE=1 SV=4",15.2429511925749,11.7941565690018,14.0892447970885,3.85031200666538e-11,1.46046317494204e-10,12.1270746422745
79,"P49588|SYAC_HUMAN","Alanine--tRNA ligase, cytoplasmic OS=Homo sapiens OX=9606 GN=AARS1 PE=1 SV=2",14.3161411810715,10.1149228297426,23.5902010045873,2.44326850661483e-16,7.52526700037367e-15,18.3364081641964
80,"P0DMV8|HS71A_HUMAN","Heat shock 70 kDa protein 1A OS=Homo sapiens OX=9606 GN=HSPA1A PE=1 SV=1",10.3618103042071,9.50889808686071,8.07781020712931,3.40080167734107e-06,8.55198331663169e-06,4.04870828549764
80,"P0DMV9|HS71B_HUMAN","Heat shock 70 kDa protein 1B OS=Homo sapiens OX=9606 GN=HSPA1B PE=1 SV=1",10.3618103042071,9.50889808686071,8.07781020712931,3.40080167734107e-06,8.55198331663169e-06,4.04870828549764
81,"P00558|PGK1_HUMAN","Phosphoglycerate kinase 1 OS=Homo sapiens OX=9606 GN=PGK1 PE=1 SV=3",12.4374063260331,12.1897490738545,6.59957288378813,3.38584363149674e-05,7.47448278742112e-05,2.3032930233782
82,"P43243|MATR3_HUMAN","Matrin-3 OS=Homo sapiens OX=9606 GN=MATR3 PE=1 SV=2",13.1527415439325,9.53322301117304,23.0842342769383,3.75289146260183e-16,9.26194367372887e-15,18.1930493655838
83,"P31939|PUR9_HUMAN","Bifunctional purine biosynthesis protein ATIC OS=Homo sapiens OX=9606 GN=ATIC PE=1 SV=3",13.1115326359433,9.51261855717842,20.5470660120292,3.71652528859319e-15,4.40265303417962e-14,17.3563783126879
84,"P17987|TCPA_HUMAN","T-complex protein 1 subunit alpha OS=Homo sapiens OX=9606 GN=TCP1 PE=1 SV=1",3.98932169844045,15.053812761928,5.8302594352977,9.54504598670159e-06,2.3243786874637e-05,3.38841246203139
85,"P06576|ATPB_HUMAN","ATP synthase subunit beta, mitochondrial OS=Homo sapiens OX=9606 GN=ATP5F1B PE=1 SV=3",7.62927895598217,14.4094026566109,10.1831429397043,1.80156195289123e-09,5.52230375687199e-09,10.1224856175213
86,"Q14839|CHD4_HUMAN","Chromodomain-helicase-DNA-binding protein 4 OS=Homo sapiens OX=9606 GN=CHD4 PE=1 SV=2",11.1081085953253,8.51090653686942,11.623161543064,8.31421341453103e-09,2.41765269229188e-08,8.33090656323646
86,"Q8TDI0|CHD5_HUMAN","Chromodomain-helicase-DNA-binding protein 5 OS=Homo sapiens OX=9606 GN=CHD5 PE=1 SV=1",9.28057858047701,7.59714152944529,12.856284048504,2.8185987079841e-11,1.08842577991362e-10,12.8721048242773
86,"Q12873|CHD3_HUMAN","Chromodomain-helicase-DNA-binding protein 3 OS=Homo sapiens OX=9606 GN=CHD3 PE=1 SV=3",6.01333520091337,5.96351983966347,3.76164915813929,0.0011853981278916,0.00207822531529265,-0.789350022775451
87,"P05023|AT1A1_HUMAN","Sodium/potassium-transporting ATPase subunit alpha-1 OS=Homo sapiens OX=9606 GN=ATP1A1 PE=1 SV=1",12.9582629207813,9.43598369959746,24.1254744314494,1.56600733998923e-16,6.81558704691339e-15,18.48072259088
88,"Q13263|TIF1B_HUMAN","Transcription intermediary factor 1-beta OS=Homo sapiens OX=9606 GN=TRIM28 PE=1 SV=5",7.6468354541255,13.9368752131932,5.87816808832767,4.01494844939822e-05,8.70847973531444e-05,2.1909768202609
89,"P09327|VILI_HUMAN","Villin-1 OS=Homo sapiens OX=9606 GN=VIL1 PE=1 SV=4",13.7874972989009,9.85060088865722,24.0028880458612,1.73252151728556e-16,6.81558704691339e-15,18.4483153535407
90,"Q9NR30|DDX21_HUMAN","Nucleolar RNA helicase 2 OS=Homo sapiens OX=9606 GN=DDX21 PE=1 SV=5",13.5020763535856,9.70789041599959,21.4689207640587,1.5699098731171e-15,2.45697276890278e-14,17.6850971108829
91,"P68366|TBA4A_HUMAN","Tubulin alpha-4A chain OS=Homo sapiens OX=9606 GN=TUBA4A PE=1 SV=1",10.6564566542401,8.28508056632684,20.2902798762002,4.75466918195562e-15,5.33687357158284e-14,17.2591865091293
92,"P13010|XRCC5_HUMAN","X-ray repair cross-complementing protein 5 OS=Homo sapiens OX=9606 GN=XRCC5 PE=1 SV=3",13.1168542449806,10.4120476502078,15.0457555650858,1.50726488198081e-12,7.36417486754582e-12,14.5616791746183
93,"Q14697|GANAB_HUMAN","Neutral alpha-glucosidase AB OS=Homo sapiens OX=9606 GN=GANAB PE=1 SV=3",12.1743281257029,9.04401630205823,18.0785707047423,4.49650679780413e-14,3.42802993495958e-13,16.3049080075546
94,"Q92598|HS105_HUMAN","Heat shock protein 105 kDa OS=Homo sapiens OX=9606 GN=HSPH1 PE=1 SV=1",13.2609153430783,9.58730991074592,21.3971510151553,1.67678943291625e-15,2.5516360935682e-14,17.660588435669
95,"P13796|PLSL_HUMAN","Plastin-2 OS=Homo sapiens OX=9606 GN=LCP1 PE=1 SV=6",12.9354965067636,9.42460049258857,22.7804028242259,4.87673447514346e-16,1.12427710953906e-14,18.1035420310749
96,"P23246|SFPQ_HUMAN","Splicing factor, proline- and glutamine-rich OS=Homo sapiens OX=9606 GN=SFPQ PE=1 SV=2",12.3609637110213,9.63407305570598,17.0630037057789,1.37111446612784e-13,8.67938427064982e-13,15.7850951608074
97,"P19338|NUCL_HUMAN","Nucleolin OS=Homo sapiens OX=9606 GN=NCL PE=1 SV=3",12.4341806362618,12.9760424866546,8.26100064621009,2.02733785480585e-06,5.15879097224225e-06,4.45652043397447
98,"Q15393|SF3B3_HUMAN","Splicing factor 3B subunit 3 OS=Homo sapiens OX=9606 GN=SF3B3 PE=1 SV=4",13.0641521989052,9.48892833865939,19.5659480241222,9.67516631620878e-15,9.33568679634181e-14,16.9707369506706
99,"O75533|SF3B1_HUMAN","Splicing factor 3B subunit 1 OS=Homo sapiens OX=9606 GN=SF3B1 PE=1 SV=3",8.04712762280333,11.0341487056215,3.28798120224957,0.00750049693137407,0.010946517507881,-2.2373175328571
100,"P62258|1433E_HUMAN","14-3-3 protein epsilon OS=Homo sapiens OX=9606 GN=YWHAE PE=1 SV=1",4.66998108384882,16.6740138476987,6.94329861271759,8.41652019981209e-07,2.17912594278928e-06,5.41252835658586
101,"P20700|LMNB1_HUMAN","Lamin-B1 OS=Homo sapiens OX=9606 GN=LMNB1 PE=1 SV=2",12.5966241759369,10.4012188925462,11.7341990684124,1.9637772438021e-09,5.99092106865142e-09,9.54726589183458
102,"P42166|LAP2A_HUMAN","Lamina-associated polypeptide 2, isoform alpha OS=Homo sapiens OX=9606 GN=TMPO PE=1 SV=2",11.3777686697094,8.64573657406149,19.9630707844646,6.5349401891114e-15,6.84731699730713e-14,17.1315604624054
103,"P27708|PYR1_HUMAN","CAD protein OS=Homo sapiens OX=9606 GN=CAD PE=1 SV=3",11.808725919014,8.86121519871379,20.9453448796934,2.55030978365618e-15,3.3582959895003e-14,17.5021700841799
103,"P31327|CPSM_HUMAN","Carbamoyl-phosphate synthase [ammonia], mitochondrial OS=Homo sapiens OX=9606 GN=CPS1 PE=1 SV=2",2.28763680580302,4.10067064210829,1.67793288782531,0.108536946177645,0.120422836537156,-4.63356808550197
104,"Q16555|DPYL2_HUMAN","Dihydropyrimidinase-related protein 2 OS=Homo sapiens OX=9606 GN=DPYSL2 PE=1 SV=1",13.3156773665652,9.61469092248936,24.8804258798015,8.4926312617931e-17,6.61903413275164e-15,18.6722938790325
105,"P25205|MCM3_HUMAN","DNA replication licensing factor MCM3 OS=Homo sapiens OX=9606 GN=MCM3 PE=1 SV=3",12.4416223529873,9.17766341570045,20.5656370691585,3.651297811757e-15,4.35216612237289e-14,17.3633086995899
106,"P35222|CTNB1_HUMAN","Catenin beta-1 OS=Homo sapiens OX=9606 GN=CTNNB1 PE=1 SV=1",11.9960927894948,8.95489863395417,18.6067417845579,2.57337124904456e-14,2.16320508926235e-13,16.5534917479311
107,"P67809|YBOX1_HUMAN","Y-box-binding protein 1 OS=Homo sapiens OX=9606 GN=YBX1 PE=1 SV=3",3.38627404322728,14.6185184315354,3.40118101429903,0.00296626025073547,0.0047268633962465,-1.57780996227173
108,"O43390|HNRPR_HUMAN","Heterogeneous nuclear ribonucleoprotein R OS=Homo sapiens OX=9606 GN=HNRNPR PE=1 SV=1",13.3820718188144,9.647888148614,22.4046273900139,6.7731773353911e-16,1.33044554802325e-14,17.9891179419712
109,"P33176|KINH_HUMAN","Kinesin-1 heavy chain OS=Homo sapiens OX=9606 GN=KIF5B PE=1 SV=1",11.5028635255616,8.70828400198756,18.6792617459125,2.38618471290265e-14,2.01907937245609e-13,16.5865393777877
109,"O60282|KIF5C_HUMAN","Kinesin heavy chain isoform 5C OS=Homo sapiens OX=9606 GN=KIF5C PE=1 SV=1",6.39301394094515,6.15335920967936,4.66278540490869,0.000141119744887946,0.000281362515700981,1.0712955641213
110,"P14866|HNRPL_HUMAN","Heterogeneous nuclear ribonucleoprotein L OS=Homo sapiens OX=9606 GN=HNRNPL PE=1 SV=2",13.4211690012218,9.66743673981767,20.1654434338352,5.36507600082854e-15,5.86805187590621e-14,17.2110024399483
111,"Q14571|ITPR2_HUMAN","Inositol 1,4,5-trisphosphate receptor type 2 OS=Homo sapiens OX=9606 GN=ITPR2 PE=1 SV=2",8.97859839612319,8.77914634440401,5.27538748877254,0.000283871077341334,0.000537317427612653,0.590612226577401
112,"P63104|1433Z_HUMAN","14-3-3 protein zeta/delta OS=Homo sapiens OX=9606 GN=YWHAZ PE=1 SV=1",3.90365978838515,16.5172882551078,5.66855698718617,1.37540784654497e-05,3.2466708824023e-05,3.07794634664275
113,"O60841|IF2P_HUMAN","Eukaryotic translation initiation factor 5B OS=Homo sapiens OX=9606 GN=EIF5B PE=1 SV=4",12.2636203303788,9.08866240439619,17.9350959128194,5.24567327417678e-14,3.89881121729355e-13,16.2349063144019
114,"P06748|NPM_HUMAN","Nucleophosmin OS=Homo sapiens OX=9606 GN=NPM1 PE=1 SV=2",12.9386835356782,12.1191066574455,12.307014710062,2.36873300384338e-10,7.86852637169715e-10,11.201301854636
116,"Q9Y4L1|HYOU1_HUMAN","Hypoxia up-regulated protein 1 OS=Homo sapiens OX=9606 GN=HYOU1 PE=1 SV=1",13.370693430327,9.6421989543703,22.4978255683395,6.24028224562666e-16,1.29281020351941e-14,18.0178898636525
117,"Q15029|U5S1_HUMAN","116 kDa U5 small nuclear ribonucleoprotein component OS=Homo sapiens OX=9606 GN=EFTUD2 PE=1 SV=1",12.3988286260946,9.15626655225407,23.1832133194959,3.44830502379596e-16,9.15584437352719e-15,18.2216448458791
118,"P50395|GDIB_HUMAN","Rab GDP dissociation inhibitor beta OS=Homo sapiens OX=9606 GN=GDI2 PE=1 SV=2",13.5847485631071,9.74922652076036,24.026982278227,1.69838677677497e-16,6.81558704691339e-15,18.4547146173603
119,"Q02790|FKBP4_HUMAN","Peptidyl-prolyl cis-trans isomerase FKBP4 OS=Homo sapiens OX=9606 GN=FKBP4 PE=1 SV=3",8.21855054664788,12.4436527854882,6.04967588676052,3.3031830498431e-05,7.30876709304363e-05,2.35045217879367
121,"O60506|HNRPQ_HUMAN","Heterogeneous nuclear ribonucleoprotein Q OS=Homo sapiens OX=9606 GN=SYNCRIP PE=1 SV=2",14.2667909084524,10.090247693433,21.3898638573565,1.68805949040122e-15,2.5586728496239e-14,17.6580900641769
122,"P05455|LA_HUMAN","Lupus La protein OS=Homo sapiens OX=9606 GN=SSB PE=1 SV=2",14.2062752420283,10.0599898602209,23.7765538309594,2.09053446036453e-16,7.1987121743151e-15,18.3874845050623
123,"P09211|GSTP1_HUMAN","Glutathione S-transferase P OS=Homo sapiens OX=9606 GN=GSTP1 PE=1 SV=2",14.8028974686119,11.2693519516611,16.9951537340869,1.48019131107636e-13,9.19151056071613e-13,15.7482646943752
123,"#CONTAM#GSTP1_HUMAN|",">sp|GSTP1_HUMAN|",14.7999140410806,11.2678602378955,16.9956686459356,1.47933020601712e-13,9.19151056071613e-13,15.7485452382107
124,"P18206|VINC_HUMAN","Vinculin OS=Homo sapiens OX=9606 GN=VCL PE=1 SV=4",13.553319421556,9.7335119499848,22.7971570590267,4.80639288632194e-16,1.11473569953852e-14,18.1085467572339
125,"Q9UQE7|SMC3_HUMAN","Structural maintenance of chromosomes protein 3 OS=Homo sapiens OX=9606 GN=SMC3 PE=1 SV=2",8.86180256736205,10.3276611433679,6.72409450433061,1.27262448270411e-05,3.02631516887637e-05,3.11104134184355
126,"P62937|PPIA_HUMAN","Peptidyl-prolyl cis-trans isomerase A OS=Homo sapiens OX=9606 GN=PPIA PE=1 SV=2",12.1908101129601,13.5208716163193,10.6927094566364,9.89635938060393e-09,2.85187003108721e-08,8.46424078638476
126,"#CONTAM#PPIA_HUMAN|",">sp|PPIA_HUMAN|",12.172279094155,13.5116061069167,10.6834490913145,9.95782680649735e-09,2.86743703852018e-08,8.4616137851987
126,"A0A0B4J2A2|PAL4C_HUMAN","Peptidyl-prolyl cis-trans isomerase A-like 4C OS=Homo sapiens OX=9606 GN=PPIAL4C PE=2 SV=1",11.3238739601194,8.6187892192665,17.8029936601076,6.05122065701925e-14,4.38741987373335e-13,16.1694855669528
126,"Q9Y536|PAL4A_HUMAN","Peptidyl-prolyl cis-trans isomerase A-like 4A OS=Homo sapiens OX=9606 GN=PPIAL4A PE=2 SV=1",11.3312141659769,8.62245932219523,17.762993707044,6.31988629704796e-14,4.53947056784228e-13,16.1494909704841
126,"P0DN26|PAL4F_HUMAN","Peptidyl-prolyl cis-trans isomerase A-like 4F OS=Homo sapiens OX=9606 GN=PPIAL4F PE=3 SV=1",11.3238739601194,8.6187892192665,17.8029936601076,6.05122065701925e-14,4.38741987373335e-13,16.1694855669528
126,"F5H284|PAL4D_HUMAN","Peptidyl-prolyl cis-trans isomerase A-like 4D OS=Homo sapiens OX=9606 GN=PPIAL4D PE=3 SV=1",11.3238739601194,8.6187892192665,17.8029936601076,6.05122065701925e-14,4.38741987373335e-13,16.1694855669528
126,"A0A075B767|PAL4H_HUMAN","Peptidyl-prolyl cis-trans isomerase A-like 4H OS=Homo sapiens OX=9606 GN=PPIAL4H PE=3 SV=1",11.3238739601194,8.6187892192665,17.8029936601076,6.05122065701925e-14,4.38741987373335e-13,16.1694855669528
126,"A0A075B759|PAL4E_HUMAN","Peptidyl-prolyl cis-trans isomerase A-like 4E OS=Homo sapiens OX=9606 GN=PPIAL4E PE=3 SV=1",11.3238739601194,8.6187892192665,17.8029936601076,6.05122065701925e-14,4.38741987373335e-13,16.1694855669528
126,"P0DN37|PAL4G_HUMAN","Peptidyl-prolyl cis-trans isomerase A-like 4G OS=Homo sapiens OX=9606 GN=PPIAL4G PE=3 SV=1",4.00532625245442,4.95951536543399,2.07962291770342,0.0508034882669327,0.0614108099929955,-4.01904984134397
127,"Q00839|HNRPU_HUMAN","Heterogeneous nuclear ribonucleoprotein U OS=Homo sapiens OX=9606 GN=HNRNPU PE=1 SV=6",4.85005283275814,14.6687555791271,6.60808118391852,1.72004732469639e-06,4.39428148645063e-06,4.82457696842167
128,"P35221|CTNA1_HUMAN","Catenin alpha-1 OS=Homo sapiens OX=9606 GN=CTNNA1 PE=1 SV=1",12.5236905025439,9.21869749047871,21.1931979496086,2.02417155876058e-15,2.90785839598069e-14,17.5899684369025
128,"Q9UI47|CTNA3_HUMAN","Catenin alpha-3 OS=Homo sapiens OX=9606 GN=CTNNA3 PE=1 SV=2",5.6848363756954,5.79927042705448,3.65723093144542,0.00151556712145358,0.00261656207067097,-1.00457959485657
129,"Q9BSJ8|ESYT1_HUMAN","Extended synaptotagmin-1 OS=Homo sapiens OX=9606 GN=ESYT1 PE=1 SV=1",12.1080071629526,9.0108558206831,22.3951301374402,6.83009444489466e-16,1.33481541181951e-14,17.9861711930196
130,"Q15181|IPYR_HUMAN","Inorganic pyrophosphatase OS=Homo sapiens OX=9606 GN=PPA1 PE=1 SV=2",14.2674651205098,10.0905847994617,22.9596720720516,4.1767309533454e-16,9.98783488843465e-15,18.1566722186761
131,"P52272|HNRPM_HUMAN","Heterogeneous nuclear ribonucleoprotein M OS=Homo sapiens OX=9606 GN=HNRNPM PE=1 SV=3",14.0289140253916,9.97130925190259,23.1157224547369,3.6530497359234e-16,9.25561271318975e-15,18.2021760632005
133,"Q9C0C2|TB182_HUMAN","182 kDa tankyrase-1-binding protein OS=Homo sapiens OX=9606 GN=TNKS1BP1 PE=1 SV=4",9.79796006219296,7.85583227030326,12.3516238301051,5.8569130789596e-11,2.14753479561852e-10,12.417409881892
134,"Q16891|MIC60_HUMAN","MICOS complex subunit MIC60 OS=Homo sapiens OX=9606 GN=IMMT PE=1 SV=1",6.77046344045847,12.520437661291,5.2223973500185,0.000122776654302931,0.000246835571313986,1.25510581615896
135,"P11940|PABP1_HUMAN","Polyadenylate-binding protein 1 OS=Homo sapiens OX=9606 GN=PABPC1 PE=1 SV=2",6.5904530199649,12.1279281987776,7.61815419455777,2.08917458856984e-07,5.5471187351682e-07,6.53749789923639
135,"Q9H361|PABP3_HUMAN","Polyadenylate-binding protein 3 OS=Homo sapiens OX=9606 GN=PABPC3 PE=1 SV=2",4.96761697708408,11.1552866451073,5.44908711587587,2.26840625629792e-05,5.12822318658074e-05,2.65057299737547
135,"Q4VXU2|PAP1L_HUMAN","Polyadenylate-binding protein 1-like OS=Homo sapiens OX=9606 GN=PABPC1L PE=2 SV=1",9.4043732238778,7.65903885114569,14.499320648986,3.02404860767481e-12,1.38456075988234e-11,14.1792490136176
136,"P17844|DDX5_HUMAN","Probable ATP-dependent RNA helicase DDX5 OS=Homo sapiens OX=9606 GN=DDX5 PE=1 SV=1",13.4991586887622,9.70643158358786,23.375803428592,2.92748764574572e-16,8.58546430101195e-15,18.2765102299452
137,"P55060|XPO2_HUMAN","Exportin-2 OS=Homo sapiens OX=9606 GN=CSE1L PE=1 SV=3",10.7206974408364,10.376932514413,5.15143808658006,0.000335141686628906,0.000626965740292171,0.451126265543157
138,"Q14683|SMC1A_HUMAN","Structural maintenance of chromosomes protein 1A OS=Homo sapiens OX=9606 GN=SMC1A PE=1 SV=2",12.0144018692708,8.96405317384217,21.5108805414959,1.51074905571218e-15,2.38025673687111e-14,17.6993445534133
139,"Q1KMD3|HNRL2_HUMAN","Heterogeneous nuclear ribonucleoprotein U-like protein 2 OS=Homo sapiens OX=9606 GN=HNRNPUL2 PE=1 SV=1",11.8067777221076,8.86024110026059,21.7410999620037,1.22515374378888e-15,2.0419229063148e-14,17.776461406895
140,"P06454|PTMA_HUMAN","Prothymosin alpha OS=Homo sapiens OX=9606 GN=PTMA PE=1 SV=2",12.8099598603237,9.36183216936863,19.147442315729,1.47456891408728e-14,1.33265030967982e-13,16.7938730659859
141,"Q04637|IF4G1_HUMAN","Eukaryotic translation initiation factor 4 gamma 1 OS=Homo sapiens OX=9606 GN=EIF4G1 PE=1 SV=4",12.3333975479786,9.12355101319608,19.4464246981538,1.09033900476805e-14,1.03394215969384e-13,16.9210150076871
142,"P31946|1433B_HUMAN","14-3-3 protein beta/alpha OS=Homo sapiens OX=9606 GN=YWHAB PE=1 SV=3",3.80966909411942,15.61825239867,5.0829457031497,5.28141350504155e-05,0.000112463727845188,1.92356229173704
143,"Q7KZF4|SND1_HUMAN","Staphylococcal nuclease domain-containing protein 1 OS=Homo sapiens OX=9606 GN=SND1 PE=1 SV=1",13.4708823613383,9.69229341987591,24.7142688388503,9.70233784630617e-17,6.61903413275164e-15,18.631281455702
144,"O15020|SPTN2_HUMAN","Spectrin beta chain, non-erythrocytic 2 OS=Homo sapiens OX=9606 GN=SPTBN2 PE=1 SV=3",9.52014134405019,7.71692291123188,13.1417932719695,1.88217622591805e-11,7.43981362400872e-11,13.1176272698003
145,"P11388|TOP2A_HUMAN","DNA topoisomerase 2-alpha OS=Homo sapiens OX=9606 GN=TOP2A PE=1 SV=3",10.0992075210461,8.00645599972984,11.2883043472514,2.06326314746611e-09,6.27453642791825e-09,9.65020042488312
146,"O60716|CTND1_HUMAN","Catenin delta-1 OS=Homo sapiens OX=9606 GN=CTNND1 PE=1 SV=1",10.2231326656244,8.06841857201898,16.3508054422645,3.10400655724441e-13,1.74458762706438e-12,15.3843630716733
147,"P48643|TCPE_HUMAN","T-complex protein 1 subunit epsilon OS=Homo sapiens OX=9606 GN=CCT5 PE=1 SV=1",14.2219091969085,10.067806837661,22.0900833666077,8.95203406904597e-16,1.62572316819939e-14,17.8900450231022
148,"P27797|CALR_HUMAN","Calreticulin OS=Homo sapiens OX=9606 GN=CALR PE=1 SV=1",14.0516620503958,9.98268326440467,21.8053010975823,1.15603540231804e-15,1.97810502174421e-14,17.7976532737067
149,"Q13435|SF3B2_HUMAN","Splicing factor 3B subunit 2 OS=Homo sapiens OX=9606 GN=SF3B2 PE=1 SV=2",12.0163641056386,8.9650342920261,19.6095655764981,9.26379095500938e-15,9.05218151695079e-14,16.9887277577516
150,"P15311|EZRI_HUMAN","Ezrin OS=Homo sapiens OX=9606 GN=EZR PE=1 SV=4",13.6281785054769,9.77094149194525,22.9913365119335,4.0644451966357e-16,9.84158113650782e-15,18.1659610791631
151,"P41252|SYIC_HUMAN","Isoleucine--tRNA ligase, cytoplasmic OS=Homo sapiens OX=9606 GN=IARS1 PE=1 SV=2",12.1208486023865,9.01727654040002,17.4971459197047,8.45395382527061e-14,5.82249055944398e-13,16.0143701825954
152,"Q99832|TCPH_HUMAN","T-complex protein 1 subunit eta OS=Homo sapiens OX=9606 GN=CCT7 PE=1 SV=2",10.5412352633985,11.4843748225945,5.19637420950976,0.000287172407764647,0.000542765719142805,0.57617986683883
153,"Q14152|EIF3A_HUMAN","Eukaryotic translation initiation factor 3 subunit A OS=Homo sapiens OX=9606 GN=EIF3A PE=1 SV=1",11.2800505874705,8.59687753294203,14.8938070017495,3.6488452287529e-12,1.63730234623528e-11,13.8550995854366
154,"P22102|PUR2_HUMAN","Trifunctional purine biosynthetic protein adenosine-3 OS=Homo sapiens OX=9606 GN=GART PE=1 SV=1",11.4576526738221,8.68567857611782,15.8136566231207,5.8682618788734e-13,3.11195705697832e-12,15.0603596034531
155,"A5A3E0|POTEF_HUMAN","POTE ankyrin domain family member F OS=Homo sapiens OX=9606 GN=POTEF PE=1 SV=2",4.38062507080689,8.79589187906921,1.93695093069266,0.0801802025738049,0.0942288705461382,-4.30083795928422
156,"P23528|COF1_HUMAN","Cofilin-1 OS=Homo sapiens OX=9606 GN=CFL1 PE=1 SV=3",14.5382816204213,11.4194195146957,14.1286324404319,9.94295691988597e-12,4.12504139456476e-11,13.2886763664964
157,"Q00341|VIGLN_HUMAN","Vigilin OS=Homo sapiens OX=9606 GN=HDLBP PE=1 SV=2",11.8656105297694,8.88965750409146,18.7938730137989,2.11885204482632e-14,1.80877613582735e-13,16.6382506436843
158,"P49411|EFTU_HUMAN","Elongation factor Tu, mitochondrial OS=Homo sapiens OX=9606 GN=TUFM PE=1 SV=2",12.0394225677095,10.3391775001593,9.33281256682786,2.88426456000012e-07,7.60506505419062e-07,5.90291357599308
159,"Q68CZ2|TENS3_HUMAN","Tensin-3 OS=Homo sapiens OX=9606 GN=TNS3 PE=1 SV=2",4.52421221053,12.7670320675487,5.01313564824726,6.21296289541874e-05,0.00013028271866755,1.78315730234957
160,"Q05639|EF1A2_HUMAN","Elongation factor 1-alpha 2 OS=Homo sapiens OX=9606 GN=EEF1A2 PE=1 SV=1",4.01790704142872,4.96580575992114,2.525341659127,0.0198826093561247,0.0272025749897228,-3.23736425212708
161,"Q14103|HNRPD_HUMAN","Heterogeneous nuclear ribonucleoprotein D0 OS=Homo sapiens OX=9606 GN=HNRNPD PE=1 SV=1",13.6651185681486,9.78941152328108,23.2226648989376,3.3342196802769e-16,9.06216862905618e-15,18.232966772975
162,"Q9UQ35|SRRM2_HUMAN","Serine/arginine repetitive matrix protein 2 OS=Homo sapiens OX=9606 GN=SRRM2 PE=1 SV=2",10.8112835958598,8.36249403713669,14.6855574353518,2.37941722433671e-12,1.11174227107965e-11,14.3122930981926
163,"P26358|DNMT1_HUMAN","DNA (cytosine-5)-methyltransferase 1 OS=Homo sapiens OX=9606 GN=DNMT1 PE=1 SV=2",9.2372319264346,7.57546820242408,5.23505150983255,0.0002557715217074,0.000487726774924959,0.670468026619789
164,"Q86UP2|KTN1_HUMAN","Kinectin OS=Homo sapiens OX=9606 GN=KTN1 PE=1 SV=1",10.8643549689597,9.14317280522148,13.056534417819,3.05230483348419e-10,9.97569915867072e-10,10.7124774234475
165,"Q96AE4|FUBP1_HUMAN","Far upstream element-binding protein 1 OS=Homo sapiens OX=9606 GN=FUBP1 PE=1 SV=3",8.27235724663134,12.0233434450978,7.35522488746374,1.19095578533667e-06,3.0670098819707e-06,5.0619427063444
166,"P31948|STIP1_HUMAN","Stress-induced-phosphoprotein 1 OS=Homo sapiens OX=9606 GN=STIP1 PE=1 SV=1",14.174750572387,10.0442275254003,24.5010583978658,1.15245752923216e-16,6.72266892052093e-15,18.5777175973612
167,"P26640|SYVC_HUMAN","Valine--tRNA ligase OS=Homo sapiens OX=9606 GN=VARS1 PE=1 SV=4",11.5217850348789,8.71774475664626,18.0563504690819,4.60478465853472e-14,3.49672996752637e-13,16.2941375487528
168,"Q99798|ACON_HUMAN","Aconitate hydratase, mitochondrial OS=Homo sapiens OX=9606 GN=ACO2 PE=1 SV=2",11.5850286423705,8.74936656039202,19.6116854612577,9.24426985221111e-15,9.05218151695079e-14,16.9896000542973
169,"P49368|TCPG_HUMAN","T-complex protein 1 subunit gamma OS=Homo sapiens OX=9606 GN=CCT3 PE=1 SV=4",14.4096826068104,10.161693542612,24.717695473196,9.67564683821748e-17,6.61903413275164e-15,18.6321336568549
170,"Q9UQ80|PA2G4_HUMAN","Proliferation-associated protein 2G4 OS=Homo sapiens OX=9606 GN=PA2G4 PE=1 SV=3",4.80070887619081,14.6582867515256,5.96626660589385,7.03615005070953e-06,1.74269594216539e-05,3.64650139784522
171,"P53396|ACLY_HUMAN","ATP-citrate synthase OS=Homo sapiens OX=9606 GN=ACLY PE=1 SV=3",3.04048058995596,13.4366903631436,3.81969806082858,0.00103378693971496,0.00182852234740133,-0.669454749361599
172,"P50990|TCPQ_HUMAN","T-complex protein 1 subunit theta OS=Homo sapiens OX=9606 GN=CCT8 PE=1 SV=4",13.5335098543782,10.9813415240269,12.7923692299742,1.24396182160352e-10,4.30301259045243e-10,11.5899962172543
173,"P27824|CALX_HUMAN","Calnexin OS=Homo sapiens OX=9606 GN=CANX PE=1 SV=2",12.1300991735118,9.02190182596266,17.2128436114921,1.15895125647448e-13,7.5243884273638e-13,15.8654638943984
174,"Q8WUM4|PDC6I_HUMAN","Programmed cell death 6-interacting protein OS=Homo sapiens OX=9606 GN=PDCD6IP PE=1 SV=1",12.2649981757838,9.08935132709869,21.6150457577534,1.37374844727572e-15,2.2037214675048e-14,17.7344564695482
175,"P60842|IF4A1_HUMAN","Eukaryotic initiation factor 4A-I OS=Homo sapiens OX=9606 GN=EIF4A1 PE=1 SV=1",5.29149622846546,13.9267423150182,6.45771676324826,2.38149054459433e-06,6.04001225078273e-06,4.55465503088286
176,"Q93009|UBP7_HUMAN","Ubiquitin carboxyl-terminal hydrolase 7 OS=Homo sapiens OX=9606 GN=USP7 PE=1 SV=2",10.1941507641509,9.2330661748957,8.4688791634737,1.97122022508346e-06,5.01931075831436e-06,4.44124608972006
177,"Q08J23|NSUN2_HUMAN","RNA cytosine C(5)-methyltransferase NSUN2 OS=Homo sapiens OX=9606 GN=NSUN2 PE=1 SV=2",12.1197134711978,9.01670897480569,21.2336683836041,1.94968607593867e-15,2.83256278957127e-14,17.6040970395959
178,"P31943|HNRH1_HUMAN","Heterogeneous nuclear ribonucleoprotein H OS=Homo sapiens OX=9606 GN=HNRNPH1 PE=1 SV=4",13.5510653478157,9.73238491311461,25.6073806024909,4.78856263732142e-17,6.61903413275164e-15,18.8445164691348
179,"Q14008|CKAP5_HUMAN","Cytoskeleton-associated protein 5 OS=Homo sapiens OX=9606 GN=CKAP5 PE=1 SV=3",11.7134940950638,8.81359928673871,18.8197078577432,2.06303915908271e-14,1.77292427733671e-13,16.6498202585999
180,"P49321|NASP_HUMAN","Nuclear autoantigenic sperm protein OS=Homo sapiens OX=9606 GN=NASP PE=1 SV=2",12.7744901825118,9.34409733046268,21.9906014693773,9.78505705918477e-16,1.74409581841951e-14,17.8580659178971
181,"P54577|SYYC_HUMAN","Tyrosine--tRNA ligase, cytoplasmic OS=Homo sapiens OX=9606 GN=YARS1 PE=1 SV=4",13.0811341310773,9.49741930474543,24.7438442936471,9.47448154157328e-17,6.61903413275164e-15,18.6386279136186
182,"Q12931|TRAP1_HUMAN","Heat shock protein 75 kDa, mitochondrial OS=Homo sapiens OX=9606 GN=TRAP1 PE=1 SV=3",12.4377387469787,9.17572161269615,21.0467567665607,2.31955484834484e-15,3.16479468067679e-14,17.5383598498497
183,"Q92900|RENT1_HUMAN","Regulator of nonsense transcripts 1 OS=Homo sapiens OX=9606 GN=UPF1 PE=1 SV=2",4.60183421312918,13.6569810706739,5.49720156261635,2.03188506049495e-05,4.65363324384625e-05,2.74483622883768
184,"Q92841|DDX17_HUMAN","Probable ATP-dependent RNA helicase DDX17 OS=Homo sapiens OX=9606 GN=DDX17 PE=1 SV=2",11.4532651101155,9.86168294982538,10.207588740347,7.22839600569219e-08,1.9598115930926e-07,6.87495246277535
185,"Q07021|C1QBP_HUMAN","Complement component 1 Q subcomponent-binding protein, mitochondrial OS=Homo sapiens OX=9606 GN=C1QBP PE=1 SV=1",8.12120696764865,14.5668678326809,12.6683913929277,3.6909099039492e-11,1.40693100299054e-10,12.7059690223156
186,"O95347|SMC2_HUMAN","Structural maintenance of chromosomes protein 2 OS=Homo sapiens OX=9606 GN=SMC2 PE=1 SV=2",11.5627689712732,8.7382367248434,16.8187561489996,1.80838942452891e-13,1.09644330073119e-12,15.6512120029636
187,"P27348|1433T_HUMAN","14-3-3 protein theta OS=Homo sapiens OX=9606 GN=YWHAQ PE=1 SV=1",4.92583378231581,14.5473461932631,6.12439085786531,4.94934438221989e-06,1.23975119528605e-05,3.94294544859596
188,"P50991|TCPD_HUMAN","T-complex protein 1 subunit delta OS=Homo sapiens OX=9606 GN=CCT4 PE=1 SV=4",13.3589262893865,9.63631538390005,23.3451481223723,3.00453627099828e-16,8.63243630100253e-15,18.2678448800183
189,"P48681|NEST_HUMAN","Nestin OS=Homo sapiens OX=9606 GN=NES PE=1 SV=2",10.3813103059117,9.60942153282422,6.57228069676177,3.82076477875682e-05,8.33424611796813e-05,2.20513160480704
190,"P26038|MOES_HUMAN","Moesin OS=Homo sapiens OX=9606 GN=MSN PE=1 SV=3",11.072138306865,10.79563413731,8.26381126825319,1.03818048701707e-06,2.67895098861644e-06,5.02949405739017
190,"Q8TAM6|ERMIN_HUMAN","Ermin OS=Homo sapiens OX=9606 GN=ERMN PE=1 SV=1",10.3040756164168,8.10889004741517,19.6828608207166,8.61321361136174e-15,8.56870087952007e-14,17.0187758047321
191,"Q13200|PSMD2_HUMAN","26S proteasome non-ATPase regulatory subunit 2 OS=Homo sapiens OX=9606 GN=PSMD2 PE=1 SV=3",11.2473383877587,8.58052143308612,15.6877842093947,6.83104483571785e-13,3.56845625746455e-12,14.9815618223424
192,"O60763|USO1_HUMAN","General vesicular transport factor p115 OS=Homo sapiens OX=9606 GN=USO1 PE=1 SV=2",11.3781410988391,8.64592278862632,19.9336357635011,6.72616057071938e-15,7.01780980955816e-14,17.1198664864195
193,"Q15459|SF3A1_HUMAN","Splicing factor 3A subunit 1 OS=Homo sapiens OX=9606 GN=SF3A1 PE=1 SV=1",12.9020260264782,9.40786525244591,23.8138479552198,2.02658805378449e-16,7.0930581882457e-15,18.3975979416819
194,"P42167|LAP2B_HUMAN","Lamina-associated polypeptide 2, isoforms beta/gamma OS=Homo sapiens OX=9606 GN=TMPO PE=1 SV=2",8.92989261798237,7.42179854819797,12.1874071588267,7.46800337921511e-11,2.68959897193435e-10,12.2635116978846
195,"P12268|IMDH2_HUMAN","Inosine-5'-monophosphate dehydrogenase 2 OS=Homo sapiens OX=9606 GN=IMPDH2 PE=1 SV=2",12.672614679337,9.29315957887528,22.2458776583512,7.79342455985985e-16,1.47081787036571e-14,17.9394993455176
196,"Q9NTJ3|SMC4_HUMAN","Structural maintenance of chromosomes protein 4 OS=Homo sapiens OX=9606 GN=SMC4 PE=1 SV=2",11.7629955041916,8.83834999130257,19.4876452646558,1.0462345083548e-14,9.97030410189596e-14,16.9382331416874
197,"Q13283|G3BP1_HUMAN","Ras GTPase-activating protein-binding protein 1 OS=Homo sapiens OX=9606 GN=G3BP1 PE=1 SV=1",12.2083539013377,9.06102918987561,20.3950657357099,4.29849042551245e-15,5.01490549643119e-14,17.299156633291
198,"Q27J81|INF2_HUMAN","Inverted formin-2 OS=Homo sapiens OX=9606 GN=INF2 PE=1 SV=2",11.0371280289517,8.47541625368265,15.0898454420744,1.42624354072728e-12,7.0217872529412e-12,14.5915050181604
199,"Q9Y5B9|SP16H_HUMAN","FACT complex subunit SPT16 OS=Homo sapiens OX=9606 GN=SUPT16H PE=1 SV=1",12.5214495218871,9.21757700015031,22.5830963034075,5.79111920486392e-16,1.2596502225269e-14,18.0439855718308
200,"O60610|DIAP1_HUMAN","Protein diaphanous homolog 1 OS=Homo sapiens OX=9606 GN=DIAPH1 PE=1 SV=2",10.5640104985245,8.23885748846902,16.9982816921889,1.47496838319239e-13,9.19151056071613e-13,15.7499686811433
201,"P50851|LRBA_HUMAN","Lipopolysaccharide-responsive and beige-like anchor protein OS=Homo sapiens OX=9606 GN=LRBA PE=1 SV=4",9.81833271296047,7.86601859568702,16.6854772410077,2.10637079773999e-13,1.25340457052534e-12,15.5766168228602
202,"Q5UIP0|RIF1_HUMAN","Telomere-associated protein RIF1 OS=Homo sapiens OX=9606 GN=RIF1 PE=1 SV=2",11.662134589237,8.78791953382526,12.3754963198722,3.89736508106959e-09,1.16226611635305e-08,8.74558834175121
203,"Q86VP6|CAND1_HUMAN","Cullin-associated NEDD8-dissociated protein 1 OS=Homo sapiens OX=9606 GN=CAND1 PE=1 SV=2",8.51146220898096,10.6690948100614,6.34390528411017,2.05933398592734e-05,4.69694066695512e-05,2.73319144271347
204,"P04843|RPN1_HUMAN","Dolichyl-diphosphooligosaccharide--protein glycosyltransferase subunit 1 OS=Homo sapiens OX=9606 GN=RPN1 PE=1 SV=1",13.5271989230175,9.72045170071555,17.4867460478242,8.55139504238969e-14,5.85816208419934e-13,16.0090043357934
205,"P49736|MCM2_HUMAN","DNA replication licensing factor MCM2 OS=Homo sapiens OX=9606 GN=MCM2 PE=1 SV=4",12.4478802567836,9.18079236759856,16.6672624569276,4.24966363392365e-13,2.30439506909945e-12,14.9825666897774
206,"Q8N163|CCAR2_HUMAN","Cell cycle and apoptosis regulator protein 2 OS=Homo sapiens OX=9606 GN=CCAR2 PE=1 SV=2",11.3362237395341,8.62496410897382,17.381422580291,9.60703149492723e-14,6.44317617423558e-13,15.954317475052
207,"P33993|MCM7_HUMAN","DNA replication licensing factor MCM7 OS=Homo sapiens OX=9606 GN=MCM7 PE=1 SV=4",12.1910952830227,9.05239988071812,21.2936995577599,1.84443966477752e-15,2.73118950361287e-14,17.6249487381499
208,"P13804|ETFA_HUMAN","Electron transfer flavoprotein subunit alpha, mitochondrial OS=Homo sapiens OX=9606 GN=ETFA PE=1 SV=1",13.3886487927927,10.1802583728364,19.2429903310925,1.33834527591335e-14,1.2297444659347e-13,16.8349401213643
209,"P33991|MCM4_HUMAN","DNA replication licensing factor MCM4 OS=Homo sapiens OX=9606 GN=MCM4 PE=1 SV=5",12.1926098657933,9.05315717210343,19.745870729128,8.09215751129644e-15,8.16095694008402e-14,17.0444244245347
210,"Q29RF7|PDS5A_HUMAN","Sister chromatid cohesion protein PDS5 homolog A OS=Homo sapiens OX=9606 GN=PDS5A PE=1 SV=1",9.44197698818338,7.67784073329847,11.5472403542544,1.97372550835825e-10,6.63075323488593e-10,11.6341573925335
211,"P26599|PTBP1_HUMAN","Polypyrimidine tract-binding protein 1 OS=Homo sapiens OX=9606 GN=PTBP1 PE=1 SV=1",12.7138783456056,9.31379141200958,16.4565342156698,8.635309044918e-13,4.43279197639124e-12,14.4626934990515
212,"P51991|ROA3_HUMAN","Heterogeneous nuclear ribonucleoprotein A3 OS=Homo sapiens OX=9606 GN=HNRNPA3 PE=1 SV=2",11.5008492084143,9.57507859638989,12.8712336052377,4.41907769084121e-10,1.41896990072883e-09,10.4570729830255
213,"P25705|ATPA_HUMAN","ATP synthase subunit alpha, mitochondrial OS=Homo sapiens OX=9606 GN=ATP5F1A PE=1 SV=1",2.2405458978254,16.8462890266954,2.81605529750706,0.0105040304192246,0.0149779693014869,-2.6906408793339
214,"P07195|LDHB_HUMAN","L-lactate dehydrogenase B chain OS=Homo sapiens OX=9606 GN=LDHB PE=1 SV=2",15.2631229835659,10.5884137309897,23.9072806493635,1.87521406172696e-16,6.91554695644174e-15,18.4227784485556
215,"Q92499|DDX1_HUMAN","ATP-dependent RNA helicase DDX1 OS=Homo sapiens OX=9606 GN=DDX1 PE=1 SV=2",11.9853334499833,8.94951896419841,18.5321073293205,2.78212478448017e-14,2.2887137650104e-13,16.5192125433667
216,"P14868|SYDC_HUMAN","Aspartate--tRNA ligase, cytoplasmic OS=Homo sapiens OX=9606 GN=DARS1 PE=1 SV=2",11.6476700674845,8.78068727294902,19.6428173087604,8.96249522473246e-15,8.84415287268731e-14,17.0023880780657
217,"O75083|WDR1_HUMAN","WD repeat-containing protein 1 OS=Homo sapiens OX=9606 GN=WDR1 PE=1 SV=4",11.2496394591662,8.5816719687899,16.4397784991818,2.79812521399908e-13,1.60071056075727e-12,15.4361750962649
219,"O15355|PPM1G_HUMAN","Protein phosphatase 1G OS=Homo sapiens OX=9606 GN=PPM1G PE=1 SV=1",12.0959842751727,9.00484437679315,21.6772459036597,1.29820061738271e-15,2.11782727835739e-14,17.7552493408197
220,"P45974|UBP5_HUMAN","Ubiquitin carboxyl-terminal hydrolase 5 OS=Homo sapiens OX=9606 GN=USP5 PE=1 SV=2",12.2209722921248,9.0673383852692,20.7812735091986,2.97589877375344e-15,3.80638215247533e-14,17.4428259227986
221,"P21796|VDAC1_HUMAN","Voltage-dependent anion-selective channel protein 1 OS=Homo sapiens OX=9606 GN=VDAC1 PE=1 SV=2",9.62890814985605,11.0179877572893,7.19149376789342,4.56781478638222e-06,1.14567341547697e-05,3.9301041942541
222,"P55884|EIF3B_HUMAN","Eukaryotic translation initiation factor 3 subunit B OS=Homo sapiens OX=9606 GN=EIF3B PE=1 SV=3",12.606988276036,9.26034637722477,22.1822000371063,8.24677069196716e-16,1.53381966976201e-14,17.9193776644859
223,"Q9NZM1|MYOF_HUMAN","Myoferlin OS=Homo sapiens OX=9606 GN=MYOF PE=1 SV=1",10.0503819109792,7.98204319469641,11.568194932276,7.80218707943353e-10,2.45813586381498e-09,10.4114666491007
223,"O75923|DYSF_HUMAN","Dysferlin OS=Homo sapiens OX=9606 GN=DYSF PE=1 SV=1",4.75386776821906,5.33378612331631,3.09802538138403,0.00555428748881263,0.00830124488817105,-2.1388386161053
223,"A0AVI2|FR1L5_HUMAN","Fer-1-like protein 5 OS=Homo sapiens OX=9606 GN=FER1L5 PE=2 SV=3",2.37140283132062,4.14255365486709,1.77528859352884,0.0906954794196537,0.104763755105211,-4.49220801975322
224,"P78347|GTF2I_HUMAN","General transcription factor II-I OS=Homo sapiens OX=9606 GN=GTF2I PE=1 SV=2",9.24724006647482,7.58047227244419,5.47441267585017,0.00016754144373466,0.000330109804697258,1.02043850009943
225,"P52597|HNRPF_HUMAN","Heterogeneous nuclear ribonucleoprotein F OS=Homo sapiens OX=9606 GN=HNRNPF PE=1 SV=3",12.7829923658707,11.3397830495371,13.0572386895409,2.11972471625218e-11,8.32748995670498e-11,13.0457713377426
226,"Q16576|RBBP7_HUMAN","Histone-binding protein RBBP7 OS=Homo sapiens OX=9606 GN=RBBP7 PE=1 SV=1",11.5403140555748,8.72700926699418,19.8551200804683,7.26541664925166e-15,7.42638597477786e-14,17.0884985573078
227,"Q9Y230|RUVB2_HUMAN","RuvB-like 2 OS=Homo sapiens OX=9606 GN=RUVBL2 PE=1 SV=3",12.1735103974748,9.04360743794419,23.8556593489425,1.9573245721198e-16,6.97749963209374e-15,18.4088938781778
228,"P40227|TCPZ_HUMAN","T-complex protein 1 subunit zeta OS=Homo sapiens OX=9606 GN=CCT6A PE=1 SV=3",14.2245128684395,10.0691086734266,24.7528941267733,9.40588464701248e-17,6.61903413275164e-15,18.6408718338006
229,"Q9HCC0|MCCB_HUMAN","Methylcrotonoyl-CoA carboxylase beta chain, mitochondrial OS=Homo sapiens OX=9606 GN=MCCC2 PE=1 SV=1",12.0511175750639,8.98241102673874,22.7720612446141,4.9121571481611e-16,1.12570267978692e-14,18.1010472426134
230,"Q8N1F7|NUP93_HUMAN","Nuclear pore complex protein Nup93 OS=Homo sapiens OX=9606 GN=NUP93 PE=1 SV=2",10.8650259068135,8.38936519261355,19.6903022164536,8.54989049772397e-15,8.52774052234126e-14,17.0218136506176
231,"P17980|PRS6A_HUMAN","26S proteasome regulatory subunit 6A OS=Homo sapiens OX=9606 GN=PSMC3 PE=1 SV=3",13.163069077886,9.5383867781498,22.4279315792898,6.63560908823303e-16,1.31976879251639e-14,17.9963370060036
232,"P16144|ITB4_HUMAN","Integrin beta-4 OS=Homo sapiens OX=9606 GN=ITGB4 PE=1 SV=5",9.03699013161035,7.47534730501196,9.22083845137489,1.3571879020019e-08,3.86477324164743e-08,8.60435511139221
233,"O00567|NOP56_HUMAN","Nucleolar protein 56 OS=Homo sapiens OX=9606 GN=NOP56 PE=1 SV=4",11.4894477864735,8.70157613244352,17.4477903809124,8.92695376518856e-14,6.04020597468821e-13,15.9888507876027
234,"O14980|XPO1_HUMAN","Exportin-1 OS=Homo sapiens OX=9606 GN=XPO1 PE=1 SV=1",12.8433339669784,9.37851922269597,20.9991179940083,2.42510412889912e-15,3.25095351094632e-14,17.5214057793982
235,"Q99460|PSMD1_HUMAN","26S proteasome non-ATPase regulatory subunit 1 OS=Homo sapiens OX=9606 GN=PSMD1 PE=1 SV=2",3.35071232965149,12.355610800339,2.7641947513442,0.0142565591551971,0.020090685485911,-2.89731499084922
236,"Q32MZ4|LRRF1_HUMAN","Leucine-rich repeat flightless-interacting protein 1 OS=Homo sapiens OX=9606 GN=LRRFIP1 PE=1 SV=2",10.9616437960248,8.43767413721917,19.215508256021,1.37612228735462e-14,1.25249900858517e-13,16.8231704833933
237,"P29692|EF1D_HUMAN","Elongation factor 1-delta OS=Homo sapiens OX=9606 GN=EEF1D PE=1 SV=5",13.4232269268459,9.66846570262972,23.0925387408293,3.72628563777769e-16,9.25561271318975e-15,18.1954590682217
238,"O75153|CLU_HUMAN","Clustered mitochondria protein homolog OS=Homo sapiens OX=9606 GN=CLUH PE=1 SV=2",10.6178816252292,8.26579305182141,5.06856705844907,0.000407803276436524,0.00075337937345519,0.290514786481154
239,"P00367|DHE3_HUMAN","Glutamate dehydrogenase 1, mitochondrial OS=Homo sapiens OX=9606 GN=GLUD1 PE=1 SV=2",12.8703291451617,9.39201681178764,23.0986483807369,3.706837718726e-16,9.25561271318975e-15,18.1972306668563
239,"#CONTAM#DHE3_BOVIN|",">sp|DHE3_BOVIN|",12.6129885966148,9.26334653751418,23.2115526743493,3.36594834793515e-16,9.06216862905618e-15,18.2297821041562
239,"P49448|DHE4_HUMAN","Glutamate dehydrogenase 2, mitochondrial OS=Homo sapiens OX=9606 GN=GLUD2 PE=1 SV=2",12.1007709698492,9.00723772413137,23.2173691694756,3.34930130563746e-16,9.06216862905618e-15,18.2314494868935
240,"P52209|6PGD_HUMAN","6-phosphogluconate dehydrogenase, decarboxylating OS=Homo sapiens OX=9606 GN=PGD PE=1 SV=3",0.601999666523092,15.4892054366668,0.788401573281114,0.439481536079376,0.449642283791018,-5.61369187286481
241,"Q15021|CND1_HUMAN","Condensin complex subunit 1 OS=Homo sapiens OX=9606 GN=NCAPD2 PE=1 SV=3",9.60478048698542,7.75924248269949,12.9384855191739,2.50742014087367e-11,9.77081735057049e-11,12.9436402450485
242,"P09960|LKHA4_HUMAN","Leukotriene A-4 hydrolase OS=Homo sapiens OX=9606 GN=LTA4H PE=1 SV=2",12.2201411771503,9.06692282778196,20.7668228528836,3.01678652595595e-15,3.83321060228726e-14,17.437551602007
243,"P08195|4F2_HUMAN","4F2 cell-surface antigen heavy chain OS=Homo sapiens OX=9606 GN=SLC3A2 PE=1 SV=3",12.3328487059947,9.12327659220414,18.4521683952384,3.02547531613004e-14,2.45222736149487e-13,16.4821925760722
244,"Q99613|EIF3C_HUMAN","Eukaryotic translation initiation factor 3 subunit C OS=Homo sapiens OX=9606 GN=EIF3C PE=1 SV=1",11.8543149920445,8.88400973522903,19.9615049229516,6.54496793508838e-15,6.84731699730713e-14,17.1309392730084
244,"B5ME19|EIFCL_HUMAN","Eukaryotic translation initiation factor 3 subunit C-like protein OS=Homo sapiens OX=9606 GN=EIF3CL PE=1 SV=1",11.8427873879468,8.87824593318018,20.0159820383255,6.2053760494251e-15,6.59964027355984e-14,17.1524916756975
245,"Q9Y520|PRC2C_HUMAN","Protein PRRC2C OS=Homo sapiens OX=9606 GN=PRRC2C PE=1 SV=4",8.66309679746595,7.28840063793976,5.69713803174697,6.79439663925372e-05,0.000141320513566325,1.75746344415298
246,"Q16531|DDB1_HUMAN","DNA damage-binding protein 1 OS=Homo sapiens OX=9606 GN=DDB1 PE=1 SV=1",12.6565253760295,9.28511492722153,12.365573855918,8.20571116384836e-09,2.38790536514106e-08,8.11198980131434
247,"Q9Y3F4|STRAP_HUMAN","Serine-threonine kinase receptor-associated protein OS=Homo sapiens OX=9606 GN=STRAP PE=1 SV=1",13.4909025257896,9.70230350210156,23.9011306541174,1.88480425767345e-16,6.91554695644174e-15,18.4211278479335
248,"Q562R1|ACTBL_HUMAN","Beta-actin-like protein 2 OS=Homo sapiens OX=9606 GN=ACTBL2 PE=1 SV=2",8.154563936092,8.40997424277731,5.88095392583591,9.00775184710879e-05,0.000183685617644962,1.52839296014212
249,"Q15046|SYK_HUMAN","Lysine--tRNA ligase OS=Homo sapiens OX=9606 GN=KARS1 PE=1 SV=3",11.2683478312867,10.4400176080075,6.49401853873812,3.69333397096865e-05,8.07458023181675e-05,2.23853491389473
250,"Q99459|CDC5L_HUMAN","Cell division cycle 5-like protein OS=Homo sapiens OX=9606 GN=CDC5L PE=1 SV=2",11.5239218412952,8.71881315985439,20.0908493730755,5.76847318530308e-15,6.22090245473862e-14,17.1819134586488
251,"P09429|HMGB1_HUMAN","High mobility group protein B1 OS=Homo sapiens OX=9606 GN=HMGB1 PE=1 SV=3",12.1501456403529,9.03192505938322,12.5976936079423,4.16792771899107e-09,1.23720290810452e-08,8.61707023894755
251,"B2RPK0|HGB1A_HUMAN","Putative high mobility group protein B1-like 1 OS=Homo sapiens OX=9606 GN=HMGB1P1 PE=5 SV=1",11.4668114664376,8.69025797242558,11.0734946947997,3.75398100708415e-08,1.03530278490501e-07,7.19764130237614
252,"Q03252|LMNB2_HUMAN","Lamin-B2 OS=Homo sapiens OX=9606 GN=LMNB2 PE=1 SV=4",11.9328200164024,8.92326224740799,21.0398522157946,2.33454984236937e-15,3.16479468067679e-14,17.5359076623191
253,"Q9Y678|COPG1_HUMAN","Coatomer subunit gamma-1 OS=Homo sapiens OX=9606 GN=COPG1 PE=1 SV=1",6.29051815478177,11.625400997809,5.96986020565401,1.00704273875755e-05,2.4415078993807e-05,3.34400344111928
254,"O43290|SNUT1_HUMAN","U4/U6.U5 tri-snRNP-associated protein 1 OS=Homo sapiens OX=9606 GN=SART1 PE=1 SV=1",10.9597099082588,8.43670719333617,16.4569890373331,2.74268657866502e-13,1.57367262710288e-12,15.4461381879734
255,"Q92945|FUBP2_HUMAN","Far upstream element-binding protein 2 OS=Homo sapiens OX=9606 GN=KHSRP PE=1 SV=4",13.2673511523617,9.59052781538762,24.7160621124168,9.68835993600239e-17,6.61903413275164e-15,18.6317274752392
256,"Q14974|IMB1_HUMAN","Importin subunit beta-1 OS=Homo sapiens OX=9606 GN=KPNB1 PE=1 SV=2",12.8631220355717,9.38841325699262,23.8806195604044,1.91716187314819e-16,6.91554695644174e-15,18.4156159049345
257,"P31689|DNJA1_HUMAN","DnaJ homolog subfamily A member 1 OS=Homo sapiens OX=9606 GN=DNAJA1 PE=1 SV=2",11.7670643307214,8.84038440456748,16.8137869152333,1.81866862278887e-13,1.10092361599641e-12,15.6484504735887
258,"Q96QK1|VPS35_HUMAN","Vacuolar protein sorting-associated protein 35 OS=Homo sapiens OX=9606 GN=VPS35 PE=1 SV=2",4.09970631223264,12.4965237237165,5.35357122154722,2.82455793190723e-05,6.30774248134735e-05,2.4625314221226
259,"P20042|IF2B_HUMAN","Eukaryotic translation initiation factor 2 subunit 2 OS=Homo sapiens OX=9606 GN=EIF2S2 PE=1 SV=2",7.97394714860023,10.0083379778496,4.27867339080021,0.00132726108164147,0.00231010631298358,-0.724322839516214
260,"Q14166|TTL12_HUMAN","Tubulin--tyrosine ligase-like protein 12 OS=Homo sapiens OX=9606 GN=TTLL12 PE=1 SV=2",11.9078370695474,8.91077077398047,20.5788965578592,3.60546006347117e-15,4.31087616284596e-14,17.3682488607027
261,"P53621|COPA_HUMAN","Coatomer subunit alpha OS=Homo sapiens OX=9606 GN=COPA PE=1 SV=2",12.0539087148785,8.98380659664602,22.3677996775106,6.99669703884377e-16,1.34686417997743e-14,17.97767593421
262,"Q14566|MCM6_HUMAN","DNA replication licensing factor MCM6 OS=Homo sapiens OX=9606 GN=MCM6 PE=1 SV=1",11.7690510362773,8.84137775734544,21.0716759213249,2.26626961382015e-15,3.16479468067679e-14,17.5471957950753
263,"Q9Y2X3|NOP58_HUMAN","Nucleolar protein 58 OS=Homo sapiens OX=9606 GN=NOP58 PE=1 SV=1",12.0437053675592,8.97870492298637,22.5318875648764,6.05663667434441e-16,1.28492400086043e-14,18.0283400770072
264,"P24752|THIL_HUMAN","Acetyl-CoA acetyltransferase, mitochondrial OS=Homo sapiens OX=9606 GN=ACAT1 PE=1 SV=1",13.558873908531,9.73628919347229,25.5454412114497,5.02511842456821e-17,6.61903413275164e-15,18.8302855547304
265,"O00571|DDX3X_HUMAN","ATP-dependent RNA helicase DDX3X OS=Homo sapiens OX=9606 GN=DDX3X PE=1 SV=3",11.3736365902622,8.64367053433789,18.1496489585236,4.16767739527919e-14,3.23499152657759e-13,16.3391878525287
265,"O15523|DDX3Y_HUMAN","ATP-dependent RNA helicase DDX3Y OS=Homo sapiens OX=9606 GN=DDX3Y PE=1 SV=2",11.334640314372,8.62417239639281,18.313620559116,3.50142595628248e-14,2.79922963013572e-13,16.4172754186071
265,"Q9NQI0|DDX4_HUMAN","Probable ATP-dependent RNA helicase DDX4 OS=Homo sapiens OX=9606 GN=DDX4 PE=1 SV=2",1.97526190996731,3.94448319419044,1.65029078939874,0.114117516217574,0.124886991881086,-4.6726356316901
266,"Q7KZ85|SPT6H_HUMAN","Transcription elongation factor SPT6 OS=Homo sapiens OX=9606 GN=SUPT6H PE=1 SV=2",8.50473718560639,7.20922083200997,7.72789761601274,1.80944769682874e-07,4.82770175522568e-07,6.64538446269289
267,"P52948|NUP98_HUMAN","Nuclear pore complex protein Nup98-Nup96 OS=Homo sapiens OX=9606 GN=NUP98 PE=1 SV=4",10.4826554639646,8.19817997118907,16.2326930794938,3.56502454010553e-13,1.97552168475705e-12,15.3147822913861
268,"P07737|PROF1_HUMAN","Profilin-1 OS=Homo sapiens OX=9606 GN=PFN1 PE=1 SV=2",15.7493622607673,10.8315333695904,24.8027089721024,9.03749058463756e-17,6.61903413275164e-15,18.6531897908158
269,"O00429|DNM1L_HUMAN","Dynamin-1-like protein OS=Homo sapiens OX=9606 GN=DNM1L PE=1 SV=2",10.7304943464314,8.32209941242247,13.0113854725643,1.28593620742745e-10,4.43227788594064e-10,11.4805999232375
270,"Q15233|NONO_HUMAN","Non-POU domain-containing octamer-binding protein OS=Homo sapiens OX=9606 GN=NONO PE=1 SV=4",12.2960471374196,9.10487580791658,21.2783143447959,1.87083327964679e-15,2.74912523917563e-14,17.6196167141747
271,"Q7L014|DDX46_HUMAN","Probable ATP-dependent RNA helicase DDX46 OS=Homo sapiens OX=9606 GN=DDX46 PE=1 SV=2",10.9308349743798,8.42226972639667,18.6405002528633,2.48439368427016e-14,2.09297936202191e-13,16.5689073960261
272,"P29144|TPP2_HUMAN","Tripeptidyl-peptidase 2 OS=Homo sapiens OX=9606 GN=TPP2 PE=1 SV=4",10.6218525920583,9.67847135749241,7.43264361294508,9.74699280824591e-06,2.36906075200421e-05,3.25713198145293
273,"Q9NYB0|TE2IP_HUMAN","Telomeric repeat-binding factor 2-interacting protein 1 OS=Homo sapiens OX=9606 GN=TERF2IP PE=1 SV=1",10.6997767409363,8.30674060967491,19.1719693783345,1.43827143574275e-14,1.30597760085132e-13,16.8044544003579
274,"P14314|GLU2B_HUMAN","Glucosidase 2 subunit beta OS=Homo sapiens OX=9606 GN=PRKCSH PE=1 SV=2",13.4524488186153,9.68307664851442,22.9103937613268,4.35798220266843e-16,1.029339354618e-14,18.1421595047121
275,"P27816|MAP4_HUMAN","Microtubule-associated protein 4 OS=Homo sapiens OX=9606 GN=MAP4 PE=1 SV=3",6.12278200387084,12.4954673679333,5.00599204164066,0.000152614728974792,0.000302177730518856,1.06002685512829
276,"Q13162|PRDX4_HUMAN","Peroxiredoxin-4 OS=Homo sapiens OX=9606 GN=PRDX4 PE=1 SV=1",11.9175150611364,8.91560976977497,20.8416809227038,2.81115562171553e-15,3.64409062074235e-14,17.4647902026972
277,"P54886|P5CS_HUMAN","Delta-1-pyrroline-5-carboxylate synthase OS=Homo sapiens OX=9606 GN=ALDH18A1 PE=1 SV=2",12.1636969049869,9.03870069170025,21.4510241504317,1.59587613537255e-15,2.47746900047755e-14,17.6790020798998
278,"P53618|COPB_HUMAN","Coatomer subunit beta OS=Homo sapiens OX=9606 GN=COPB1 PE=1 SV=3",10.7498582859161,8.76396250193179,12.8711039099442,3.96643505612036e-10,1.27895937739224e-09,10.5508231012713
279,"P26641|EF1G_HUMAN","Elongation factor 1-gamma OS=Homo sapiens OX=9606 GN=EEF1G PE=1 SV=3",13.4546027392697,9.68415360884163,21.8890420669399,1.07196015812725e-15,1.85903000395942e-14,17.8250925267772
280,"Q9Y265|RUVB1_HUMAN","RuvB-like 1 OS=Homo sapiens OX=9606 GN=RUVBL1 PE=1 SV=1",12.5418188776902,9.22776167805189,23.7138174627094,2.20291636355945e-16,7.24891282025974e-15,18.3703905500428
281,"Q15424|SAFB1_HUMAN","Scaffold attachment factor B1 OS=Homo sapiens OX=9606 GN=SAFB PE=1 SV=4",7.57220584996484,6.7429551641892,5.3291008664161,3.46602368379795e-05,7.64272118134141e-05,2.2920861003174
282,"P29401|TKT_HUMAN","Transketolase OS=Homo sapiens OX=9606 GN=TKT PE=1 SV=3",13.5990856150174,9.75639504671547,24.9731961825164,7.88695424072452e-17,6.61903413275164e-15,18.6949189941907
283,"Q8IY81|SPB1_HUMAN","pre-rRNA 2'-O-ribose RNA methyltransferase FTSJ3 OS=Homo sapiens OX=9606 GN=FTSJ3 PE=1 SV=2",10.9694280273953,8.44156625290442,16.5287397215077,2.52364455886232e-13,1.46105737618345e-12,15.487469150539
284,"Q9UKV3|ACINU_HUMAN","Apoptotic chromatin condensation inducer in the nucleus OS=Homo sapiens OX=9606 GN=ACIN1 PE=1 SV=2",11.0206776077017,8.46719104305762,14.1226843605979,1.37295688704006e-11,5.5465729434462e-11,13.0096288901242
285,"P12004|PCNA_HUMAN","Proliferating cell nuclear antigen OS=Homo sapiens OX=9606 GN=PCNA PE=1 SV=1",14.7864121613206,10.3500583198671,24.5668081419317,1.09272076293423e-16,6.61903413275164e-15,18.5943493146742
286,"Q9UHD8|SEPT9_HUMAN","Septin-9 OS=Homo sapiens OX=9606 GN=SEPTIN9 PE=1 SV=2",10.0441002853946,9.18923087143094,8.61747894562016,1.45448617528386e-06,3.73318118322856e-06,4.67133566311508
287,"O75534|CSDE1_HUMAN","Cold shock domain-containing protein E1 OS=Homo sapiens OX=9606 GN=CSDE1 PE=1 SV=2",10.3072166659395,8.11046057217656,13.5196097080484,1.11482651996353e-11,4.59537698271904e-11,13.4301431188229
288,"Q9UNZ2|NSF1C_HUMAN","NSFL1 cofactor p47 OS=Homo sapiens OX=9606 GN=NSFL1C PE=1 SV=2",12.0442121752247,8.97895832681914,22.3799940919693,6.92184206594971e-16,1.34333819710555e-14,17.9814691973516
289,"P23526|SAHH_HUMAN","Adenosylhomocysteinase OS=Homo sapiens OX=9606 GN=AHCY PE=1 SV=4",14.1917420171791,10.0527232477963,23.7194393645961,2.19259234674342e-16,7.24891282025974e-15,18.3719265294086
290,"P00338|LDHA_HUMAN","L-lactate dehydrogenase A chain OS=Homo sapiens OX=9606 GN=LDHA PE=1 SV=2",14.199360165925,11.2311964768672,14.124387937173,6.30118067143453e-12,2.7288577710937e-11,13.6891142604302
290,"Q9BYZ2|LDH6B_HUMAN","L-lactate dehydrogenase A-like 6B OS=Homo sapiens OX=9606 GN=LDHAL6B PE=1 SV=3",6.73528246686669,7.32414912012151,3.87336408985904,0.00222106761803416,0.00368423538536472,-1.20126861195809
291,"P07954|FUMH_HUMAN","Fumarate hydratase, mitochondrial OS=Homo sapiens OX=9606 GN=FH PE=1 SV=3",12.7259380238197,9.31982125111662,23.2951511482112,3.13478643085194e-16,8.86966909686005e-15,18.2536573957147
292,"Q9UIG0|BAZ1B_HUMAN","Tyrosine-protein kinase BAZ1B OS=Homo sapiens OX=9606 GN=BAZ1B PE=1 SV=2",8.26605597369045,7.08988022605201,5.43057953748624,7.99495629856532e-05,0.000164778274890131,1.61558218719486
293,"Q6P2E9|EDC4_HUMAN","Enhancer of mRNA-decapping protein 4 OS=Homo sapiens OX=9606 GN=EDC4 PE=1 SV=1",10.8882075547914,8.40095601660249,18.0078791340419,4.85055375936014e-14,3.65452680499737e-13,16.270552995913
294,"P35232|PHB_HUMAN","Prohibitin OS=Homo sapiens OX=9606 GN=PHB PE=1 SV=1",3.26925848483216,15.8330046192426,5.27500596452834,3.385041684342e-05,7.47448278742112e-05,2.30697940428947
295,"P35658|NU214_HUMAN","Nuclear pore complex protein Nup214 OS=Homo sapiens OX=9606 GN=NUP214 PE=1 SV=2",9.31446136745457,7.61408292293407,12.9750413524795,2.38075762739593e-11,9.31495616409994e-11,12.9752312913149
296,"P29966|MARCS_HUMAN","Myristoylated alanine-rich C-kinase substrate OS=Homo sapiens OX=9606 GN=MARCKS PE=1 SV=4",11.1665810597915,8.54014276910251,18.3145943155611,3.4978203637238e-14,2.79922963013572e-13,16.4177350496179
297,"P62191|PRS4_HUMAN","26S proteasome regulatory subunit 4 OS=Homo sapiens OX=9606 GN=PSMC1 PE=1 SV=1",1.96435394938056,14.516594610044,2.86476561404635,0.00941995969873905,0.013507204782177,-2.59665335531894
298,"P40939|ECHA_HUMAN","Trifunctional enzyme subunit alpha, mitochondrial OS=Homo sapiens OX=9606 GN=HADHA PE=1 SV=2",12.2318271572711,9.07276581784231,20.0365459088226,6.08202709061763e-15,6.48637238196063e-14,17.1605956793235
299,"Q06210|GFPT1_HUMAN","Glutamine--fructose-6-phosphate aminotransferase [isomerizing] 1 OS=Homo sapiens OX=9606 GN=GFPT1 PE=1 SV=3",6.18912891292021,10.4483122224049,3.27153924524958,0.0073538000233447,0.0107528029205762,-2.23194359199102
299,"O94808|GFPT2_HUMAN","Glutamine--fructose-6-phosphate aminotransferase [isomerizing] 2 OS=Homo sapiens OX=9606 GN=GFPT2 PE=1 SV=3",2.09114853637957,4.00242650739657,1.61670920406218,0.121221730818326,0.131317856964141,-4.71944375490013
300,"P18669|PGAM1_HUMAN","Phosphoglycerate mutase 1 OS=Homo sapiens OX=9606 GN=PGAM1 PE=1 SV=2",12.9571513183798,9.4354278983967,22.1671248538127,8.35808521690225e-16,1.53964727679778e-14,17.9145955050298
300,"Q8N0Y7|PGAM4_HUMAN","Probable phosphoglycerate mutase 4 OS=Homo sapiens OX=9606 GN=PGAM4 PE=3 SV=1",11.3270336344554,8.62036905643449,22.5269490105202,6.08290835586834e-16,1.28492400086043e-14,18.0268270864522
301,"Q8NC51|PAIRB_HUMAN","Plasminogen activator inhibitor 1 RNA-binding protein OS=Homo sapiens OX=9606 GN=SERBP1 PE=1 SV=2",1.15185483060018,15.1068448763622,1.71546331930636,0.101332665669968,0.114407848337061,-4.57976039847566
302,"P34897|GLYM_HUMAN","Serine hydroxymethyltransferase, mitochondrial OS=Homo sapiens OX=9606 GN=SHMT2 PE=1 SV=3",7.52914329505735,12.7198454809134,4.48566934512431,0.000771429272974231,0.00138720350348005,-0.277625187859663
303,"Q13177|PAK2_HUMAN","Serine/threonine-protein kinase PAK 2 OS=Homo sapiens OX=9606 GN=PAK2 PE=1 SV=3",11.8756487436651,8.89467661103933,23.5553093903697,2.51596709912256e-16,7.56755729032956e-15,18.3267436784594
304,"Q9NYF8|BCLF1_HUMAN","Bcl-2-associated transcription factor 1 OS=Homo sapiens OX=9606 GN=BCLAF1 PE=1 SV=2",11.1558799883885,8.53479223340104,18.5487255720675,2.73415792324766e-14,2.25890729710376e-13,16.5268688699114
305,"Q14195|DPYL3_HUMAN","Dihydropyrimidinase-related protein 3 OS=Homo sapiens OX=9606 GN=DPYSL3 PE=1 SV=1",11.5526272756834,8.73316587704849,21.8937856739664,1.06739345660551e-15,1.85903000395942e-14,17.8266400400664
306,"O43852|CALU_HUMAN","Calumenin OS=Homo sapiens OX=9606 GN=CALU PE=1 SV=2",11.9008995479995,8.90730201320653,19.2364292007561,1.34726453667514e-14,1.23499249195222e-13,16.8321333052471
307,"Q13838|DX39B_HUMAN","Spliceosome RNA helicase DDX39B OS=Homo sapiens OX=9606 GN=DDX39B PE=1 SV=1",12.303721197859,9.10871283813628,20.1737446107281,5.32204599450837e-15,5.85756248182679e-14,17.214225777103
308,"P49748|ACADV_HUMAN","Very long-chain specific acyl-CoA dehydrogenase, mitochondrial OS=Homo sapiens OX=9606 GN=ACADVL PE=1 SV=1",11.3741250408555,8.64391475963452,16.1737755396657,3.8212295373926e-13,2.09867813394601e-12,15.2797284858691
309,"Q86V81|THOC4_HUMAN","THO complex subunit 4 OS=Homo sapiens OX=9606 GN=ALYREF PE=1 SV=3",13.158281184206,10.1447804551852,18.2681806087489,3.67407801083707e-14,2.91053504973718e-13,16.3957733954168
310,"Q02880|TOP2B_HUMAN","DNA topoisomerase 2-beta OS=Homo sapiens OX=9606 GN=TOP2B PE=1 SV=3",7.83644136206868,6.87507292024112,7.40691183255178,3.21027465061769e-07,8.41931703329571e-07,6.19382540963016
311,"Q14676|MDC1_HUMAN","Mediator of DNA damage checkpoint protein 1 OS=Homo sapiens OX=9606 GN=MDC1 PE=1 SV=3",9.28001006187092,7.59685727014224,13.2067777135425,1.71857360460937e-11,6.83523592742362e-11,13.1723696512018
312,"Q96KR1|ZFR_HUMAN","Zinc finger RNA-binding protein OS=Homo sapiens OX=9606 GN=ZFR PE=1 SV=2",9.29700423103657,7.60535435472507,12.5673798368403,4.27219947783977e-11,1.60311578846814e-10,12.615121655101
313,"P18754|RCC1_HUMAN","Regulator of chromosome condensation OS=Homo sapiens OX=9606 GN=RCC1 PE=1 SV=1",11.7366874191131,8.82519594876335,21.9831039661624,9.85104131001213e-16,1.74776539371183e-14,17.8556430210342
314,"O95831|AIFM1_HUMAN","Apoptosis-inducing factor 1, mitochondrial OS=Homo sapiens OX=9606 GN=AIFM1 PE=1 SV=1",13.2778760907133,9.59579028456342,24.6671603544951,1.00771976336862e-16,6.61903413275164e-15,18.6195380328989
315,"Q9P2J5|SYLC_HUMAN","Leucine--tRNA ligase, cytoplasmic OS=Homo sapiens OX=9606 GN=LARS1 PE=1 SV=2",11.2899689272002,8.60183670280686,16.617402769594,2.27796582041308e-13,1.34100434382116e-12,15.5380886587467
316,"Q14247|SRC8_HUMAN","Src substrate cortactin OS=Homo sapiens OX=9606 GN=CTTN PE=1 SV=2",11.4412940322536,8.67749925533358,21.5694745959155,1.43201131948852e-15,2.27819982645901e-14,17.7191403505136
317,"P12429|ANXA3_HUMAN","Annexin A3 OS=Homo sapiens OX=9606 GN=ANXA3 PE=1 SV=3",13.3774778565676,9.64559116749057,25.1311812669142,6.9573690752254e-17,6.61903413275164e-15,18.7330053229281
318,"P30153|2AAA_HUMAN","Serine/threonine-protein phosphatase 2A 65 kDa regulatory subunit A alpha isoform OS=Homo sapiens OX=9606 GN=PPP2R1A PE=1 SV=4",2.38171043925129,14.4108448706169,3.3379086582554,0.00319594864232551,0.0050304179366121,-1.65720647193636
319,"O94906|PRP6_HUMAN","Pre-mRNA-processing factor 6 OS=Homo sapiens OX=9606 GN=PRPF6 PE=1 SV=1",11.1941031921807,8.55390383529711,21.5764425811689,1.42293781838698e-15,2.27315792563894e-14,17.7214867547304
320,"O60313|OPA1_HUMAN","Dynamin-like 120 kDa protein, mitochondrial OS=Homo sapiens OX=9606 GN=OPA1 PE=1 SV=3",9.84967292989377,7.88168870415367,13.6358456884408,9.51177485876557e-12,3.96753339179279e-11,13.5235446293343
321,"Q12874|SF3A3_HUMAN","Splicing factor 3A subunit 3 OS=Homo sapiens OX=9606 GN=SF3A3 PE=1 SV=1",10.6404452551359,9.04737141091571,14.5748308449857,3.29505939847098e-12,1.49246808048391e-11,14.073389249333
322,"Q12905|ILF2_HUMAN","Interleukin enhancer-binding factor 2 OS=Homo sapiens OX=9606 GN=ILF2 PE=1 SV=2",12.4345099612589,9.17410721983621,19.8990554478113,6.95831008322219e-15,7.18216992504167e-14,17.1060827254453
323,"P40926|MDHM_HUMAN","Malate dehydrogenase, mitochondrial OS=Homo sapiens OX=9606 GN=MDH2 PE=1 SV=3",14.0779472742902,10.9211163224463,16.2312941829595,3.57089489194005e-13,1.97552168475705e-12,15.3139526745557
324,"P32322|P5CR1_HUMAN","Pyrroline-5-carboxylate reductase 1, mitochondrial OS=Homo sapiens OX=9606 GN=PYCR1 PE=1 SV=2",10.7376819719777,8.32569322519565,16.8048344711999,1.83734180634348e-13,1.10874074520727e-12,15.6434715398072
325,"Q14151|SAFB2_HUMAN","Scaffold attachment factor B2 OS=Homo sapiens OX=9606 GN=SAFB2 PE=1 SV=1",9.54367141603012,7.72868794722184,15.2062110872797,1.2335150577328e-12,6.14363903269248e-12,14.6695069594857
326,"Q9UDY2|ZO2_HUMAN","Tight junction protein ZO-2 OS=Homo sapiens OX=9606 GN=TJP2 PE=1 SV=2",10.263094777865,8.08839962813928,14.009851098964,5.74928523269452e-12,2.50110148540948e-11,13.8156357198573
327,"P26639|SYTC_HUMAN","Threonine--tRNA ligase 1, cytoplasmic OS=Homo sapiens OX=9606 GN=TARS1 PE=1 SV=3",12.215566652771,9.06463556559228,19.366289610366,1.1817392449433e-14,1.11239513277059e-13,16.8873284038344
328,"P02786|TFR1_HUMAN","Transferrin receptor protein 1 OS=Homo sapiens OX=9606 GN=TFRC PE=1 SV=2",11.3001871040171,8.60694579121533,17.93226690305,5.26169457746394e-14,3.90318383877383e-13,16.2335150922357
329,"Q9NY65|TBA8_HUMAN","Tubulin alpha-8 chain OS=Homo sapiens OX=9606 GN=TUBA8 PE=1 SV=1",-2.70680223345112,9.55873556126692,-0.869992934389162,0.404016921740135,0.413797592098835,-5.54062197035249
330,"P67936|TPM4_HUMAN","Tropomyosin alpha-4 chain OS=Homo sapiens OX=9606 GN=TPM4 PE=1 SV=3",0.408187196099982,13.4577375090211,0.460395220669075,0.650077332009283,0.659846487802726,-5.80879380224937
331,"O43143|DHX15_HUMAN","Pre-mRNA-splicing factor ATP-dependent RNA helicase DHX15 OS=Homo sapiens OX=9606 GN=DHX15 PE=1 SV=2",11.7476856955468,8.8306950869802,21.7005038096034,1.27108022400829e-15,2.08576040488785e-14,17.7629911531397
332,"P50454|SERPH_HUMAN","Serpin H1 OS=Homo sapiens OX=9606 GN=SERPINH1 PE=1 SV=2",11.8767650041383,8.89523474127596,22.4335075022515,6.60312926386059e-16,1.31976879251639e-14,17.998061846343
333,"Q9H583|HEAT1_HUMAN","HEAT repeat-containing protein 1 OS=Homo sapiens OX=9606 GN=HEATR1 PE=1 SV=3",8.34747543268597,7.13058995554977,9.50373779852352,5.85765495208842e-09,1.7175911321813e-08,9.27357322944131
334,"P49589|SYCC_HUMAN","Cysteine--tRNA ligase, cytoplasmic OS=Homo sapiens OX=9606 GN=CARS1 PE=1 SV=3",11.1256405977124,8.51967253806298,21.2085895780647,1.9954984172522e-15,2.88822139339134e-14,17.5953485855408
335,"Q9Y2W1|TR150_HUMAN","Thyroid hormone receptor-associated protein 3 OS=Homo sapiens OX=9606 GN=THRAP3 PE=1 SV=2",11.6390062542586,8.77635536633609,20.8238857708471,2.85867074863376e-15,3.68089711780602e-14,17.4583338489717
336,"Q9Y266|NUDC_HUMAN","Nuclear migration protein nudC OS=Homo sapiens OX=9606 GN=NUDC PE=1 SV=1",13.570313767581,9.74200912299729,23.1018069601196,3.69682517643484e-16,9.25561271318975e-15,18.198146143514
337,"Q7Z2W4|ZCCHV_HUMAN","Zinc finger CCCH-type antiviral protein 1 OS=Homo sapiens OX=9606 GN=ZC3HAV1 PE=1 SV=3",9.83644506118424,7.87507476979891,14.6127908752376,2.61228226353604e-12,1.2102631425528e-11,14.2606491065734
338,"O15067|PUR4_HUMAN","Phosphoribosylformylglycinamidine synthase OS=Homo sapiens OX=9606 GN=PFAS PE=1 SV=4",11.7779158592382,8.84581016882586,22.2498642702927,7.76592453276e-16,1.47081787036571e-14,17.9407548957875
339,"Q9BT78|CSN4_HUMAN","COP9 signalosome complex subunit 4 OS=Homo sapiens OX=9606 GN=COPS4 PE=1 SV=1",5.9555494078562,10.599560501323,4.35123141827475,0.000743069192257611,0.00133745506787836,-0.276055100544164
340,"P28331|NDUS1_HUMAN","NADH-ubiquinone oxidoreductase 75 kDa subunit, mitochondrial OS=Homo sapiens OX=9606 GN=NDUFS1 PE=1 SV=3",9.92793027156672,9.32498139863682,7.19589944158699,1.41331789759983e-05,3.32212327107515e-05,2.97470356282159
341,"O60701|UGDH_HUMAN","UDP-glucose 6-dehydrogenase OS=Homo sapiens OX=9606 GN=UGDH PE=1 SV=1",12.3502115191755,9.13195799879456,22.516119732343,6.14093548463165e-16,1.28492400086043e-14,18.0235068370104
342,"P46087|NOP2_HUMAN","Probable 28S rRNA (cytosine(4447)-C(5))-methyltransferase OS=Homo sapiens OX=9606 GN=NOP2 PE=1 SV=2",12.2039630906363,9.05883378452494,24.5396182402555,1.11702103189447e-16,6.61903413275164e-15,18.5874838772992
343,"Q9P258|RCC2_HUMAN","Protein RCC2 OS=Homo sapiens OX=9606 GN=RCC2 PE=1 SV=2",12.1399279253576,9.02681620188556,24.0508615639143,1.66525078113295e-16,6.81558704691339e-15,18.4610424362538
344,"Q9Y262|EIF3L_HUMAN","Eukaryotic translation initiation factor 3 subunit L OS=Homo sapiens OX=9606 GN=EIF3L PE=1 SV=1",11.0922912540222,8.50299786621789,14.6178362565286,4.70476616209061e-12,2.07483960183836e-11,13.7454788643407
345,"Q14690|RRP5_HUMAN","Protein RRP5 homolog OS=Homo sapiens OX=9606 GN=PDCD11 PE=1 SV=3",9.46864714231972,7.69117581036664,11.98379653199,1.01294598175921e-10,3.53887661503897e-10,12.0684944153888
346,"P55786|PSA_HUMAN","Puromycin-sensitive aminopeptidase OS=Homo sapiens OX=9606 GN=NPEPPS PE=1 SV=2",11.5711587550824,8.74243161674798,19.8101874767262,7.59419821221185e-15,7.69412187289885e-14,17.0704321074872
346,"A6NEC2|PSAL_HUMAN","Puromycin-sensitive aminopeptidase-like protein OS=Homo sapiens OX=9606 GN=NPEPPSL1 PE=2 SV=3",10.9861876475743,8.44994606299391,20.3907534187686,4.31632984688723e-15,5.02050450468756e-14,17.2975201892482
347,"P22234|PUR6_HUMAN","Multifunctional protein ADE2 OS=Homo sapiens OX=9606 GN=PAICS PE=1 SV=3",13.0521198391031,9.48291215875831,24.5968775495284,1.06649043624089e-16,6.61903413275164e-15,18.6019215701491
348,"Q14444|CAPR1_HUMAN","Caprin-1 OS=Homo sapiens OX=9606 GN=CAPRIN1 PE=1 SV=2",13.3073523884046,9.61052843340906,23.13857019739,3.58234833446722e-16,9.25561271318975e-15,18.2087810355248
349,"O60264|SMCA5_HUMAN","SWI/SNF-related matrix-associated actin-dependent regulator of chromatin subfamily A member 5 OS=Homo sapiens OX=9606 GN=SMARCA5 PE=1 SV=1",10.4495653775865,8.18163492800005,10.5033184314825,3.17082942404409e-08,8.79516807101568e-08,7.50619518234318
350,"Q5T4S7|UBR4_HUMAN","E3 ubiquitin-protein ligase UBR4 OS=Homo sapiens OX=9606 GN=UBR4 PE=1 SV=1",7.73454256465144,6.8241235215325,6.55617056021269,1.92389407852619e-06,4.9052928492224e-06,4.73182069865262
351,"P27695|APEX1_HUMAN","DNA-(apurinic or apyrimidinic site) endonuclease OS=Homo sapiens OX=9606 GN=APEX1 PE=1 SV=2",9.67133402442367,10.3322560597525,6.57138990132792,2.41450448457036e-05,5.44421577092867e-05,2.58650620451083
352,"P30740|ILEU_HUMAN","Leukocyte elastase inhibitor OS=Homo sapiens OX=9606 GN=SERPINB1 PE=1 SV=1",12.0272595032987,8.97048199085613,18.8381186352435,2.0242049880289e-14,1.74735183944199e-13,16.6580458068548
353,"P35998|PRS7_HUMAN","26S proteasome regulatory subunit 7 OS=Homo sapiens OX=9606 GN=PSMC2 PE=1 SV=3",12.7972057717141,9.35545512506385,22.9816860928019,4.09832795227851e-16,9.86160163517017e-15,18.1631331142101
354,"Q9BQG0|MBB1A_HUMAN","Myb-binding protein 1A OS=Homo sapiens OX=9606 GN=MYBBP1A PE=1 SV=2",10.0269608025815,7.97033264049753,14.9515086873012,1.69700243469636e-12,8.19756508604889e-12,14.4974170388375
355,"P07951|TPM2_HUMAN","Tropomyosin beta chain OS=Homo sapiens OX=9606 GN=TPM2 PE=1 SV=1",9.34124405393776,7.62747426617566,15.9015233643442,5.28103117185809e-13,2.81606232848388e-12,15.1147062200722
356,"Q14203|DCTN1_HUMAN","Dynactin subunit 1 OS=Homo sapiens OX=9606 GN=DCTN1 PE=1 SV=3",6.32238347545984,8.00888964588778,2.76957628153598,0.0189444277638921,0.0260951867230714,-3.0512885820019
357,"Q99714|HCD2_HUMAN","3-hydroxyacyl-CoA dehydrogenase type-2 OS=Homo sapiens OX=9606 GN=HSD17B10 PE=1 SV=3",12.3511976898496,9.13245108413157,24.3502048346437,1.30281014043352e-16,6.72811001156658e-15,18.5391697585004
358,"Q07955|SRSF1_HUMAN","Serine/arginine-rich splicing factor 1 OS=Homo sapiens OX=9606 GN=SRSF1 PE=1 SV=2",13.2250538259582,9.56937915218587,24.3534986471904,1.29931667500678e-16,6.72811001156658e-15,18.5400172611968
359,"Q14789|GOGB1_HUMAN","Golgin subfamily B member 1 OS=Homo sapiens OX=9606 GN=GOLGB1 PE=1 SV=2",8.18728603892403,7.0504952586688,4.99393185708388,0.00020769858450636,0.000403044128200346,0.813843354690704
360,"P35606|COPB2_HUMAN","Coatomer subunit beta' OS=Homo sapiens OX=9606 GN=COPB2 PE=1 SV=2",11.9478040533086,8.93075426586107,22.7229154375854,5.12639778167767e-16,1.1678480153526e-14,18.0863076162272
361,"P41250|GARS_HUMAN","Glycine--tRNA ligase OS=Homo sapiens OX=9606 GN=GARS1 PE=1 SV=3",12.0889973114973,9.00135089495546,22.05563912408,9.23172068652374e-16,1.66864434944208e-14,17.8790082732128
362,"P06744|G6PI_HUMAN","Glucose-6-phosphate isomerase OS=Homo sapiens OX=9606 GN=GPI PE=1 SV=4",13.155416723745,9.5345606010793,22.4829049182115,6.32255444489828e-16,1.29281020351941e-14,18.013301231835
363,"O14979|HNRDL_HUMAN","Heterogeneous nuclear ribonucleoprotein D-like OS=Homo sapiens OX=9606 GN=HNRNPDL PE=1 SV=3",14.1414512118602,10.0275778451369,24.8874701583312,8.44497543074547e-17,6.61903413275164e-15,18.6740186851714
364,"Q9Y2Z0|SGT1_HUMAN","Protein SGT1 homolog OS=Homo sapiens OX=9606 GN=SUGT1 PE=1 SV=3",12.0934896378967,9.00359705815513,20.6928798262998,3.23540581571326e-15,3.99240781746669e-14,17.4104415034316
365,"P63244|RACK1_HUMAN","Receptor of activated protein C kinase 1 OS=Homo sapiens OX=9606 GN=RACK1 PE=1 SV=3",13.0881676306043,9.50093605450891,21.7867597465208,1.17556732964219e-15,1.99380362075878e-14,17.7915469325103
366,"P16989|YBOX3_HUMAN","Y-box-binding protein 3 OS=Homo sapiens OX=9606 GN=YBX3 PE=1 SV=4",4.5231328723428,10.9357249536863,2.80846387962813,0.0156571770668677,0.0219759867690269,-2.92293975778436
367,"P13797|PLST_HUMAN","Plastin-3 OS=Homo sapiens OX=9606 GN=PLS3 PE=1 SV=4",9.76544147414759,9.28658779908829,6.74745357797744,2.89530522267739e-05,6.45650426564906e-05,2.4215105621176
368,"P43686|PRS6B_HUMAN","26S proteasome regulatory subunit 6B OS=Homo sapiens OX=9606 GN=PSMC4 PE=1 SV=2",12.0147139958232,8.96420923711839,20.9417635998382,2.55888519703123e-15,3.3582959895003e-14,17.5008852646342
369,"P26196|DDX6_HUMAN","Probable ATP-dependent RNA helicase DDX6 OS=Homo sapiens OX=9606 GN=DDX6 PE=1 SV=2",9.98917057547477,7.95143752694417,14.0386031521612,5.53354351597563e-12,2.42367946945463e-11,13.8375692373897
370,"O00231|PSD11_HUMAN","26S proteasome non-ATPase regulatory subunit 11 OS=Homo sapiens OX=9606 GN=PSMD11 PE=1 SV=3",12.4692029013715,9.19145368989253,20.2552433929464,4.91827443546157e-15,5.50446412108345e-14,17.2457256685673
371,"P49915|GUAA_HUMAN","GMP synthase [glutamine-hydrolyzing] OS=Homo sapiens OX=9606 GN=GMPS PE=1 SV=1",11.2311922593726,8.57244836889311,18.3542137845138,3.35436356311611e-14,2.7017363426772e-13,16.4363955012024
372,"Q8WWM7|ATX2L_HUMAN","Ataxin-2-like protein OS=Homo sapiens OX=9606 GN=ATXN2L PE=1 SV=2",10.0834614468285,8.81448775471614,12.9971257104726,9.0130595350306e-11,3.18936389796579e-10,11.7964732117118
373,"Q12888|TP53B_HUMAN","TP53-binding protein 1 OS=Homo sapiens OX=9606 GN=TP53BP1 PE=1 SV=2",7.41232447693355,6.66301447767356,5.66937781479002,1.37284965526553e-05,3.24262035139405e-05,3.07953199642884
374,"Q7Z5K2|WAPL_HUMAN","Wings apart-like protein homolog OS=Homo sapiens OX=9606 GN=WAPL PE=1 SV=1",9.19033317899515,7.55201882870436,12.5108955790915,4.63814308426953e-11,1.72696816967483e-10,12.5638470891758
375,"P55795|HNRH2_HUMAN","Heterogeneous nuclear ribonucleoprotein H2 OS=Homo sapiens OX=9606 GN=HNRNPH2 PE=1 SV=1",11.3717482680358,8.64272637322468,22.8891744970427,4.43854807528655e-16,1.04197622499105e-14,18.1358889452556
376,"O00267|SPT5H_HUMAN","Transcription elongation factor SPT5 OS=Homo sapiens OX=9606 GN=SUPT5H PE=1 SV=1",6.41339041481854,7.53819308045774,3.31067177509818,0.00693983169935282,0.0101914994349086,-2.17790392243614
377,"O95757|HS74L_HUMAN","Heat shock 70 kDa protein 4L OS=Homo sapiens OX=9606 GN=HSPA4L PE=1 SV=3",9.17516473393133,7.54443460617245,15.1853051428456,1.26602312330534e-12,6.28117142361541e-12,14.6555694952026
378,"Q9UBT2|SAE2_HUMAN","SUMO-activating enzyme subunit 2 OS=Homo sapiens OX=9606 GN=UBA2 PE=1 SV=2",11.1210339157069,8.51736919706022,17.4686174078904,8.72406876620165e-14,5.93421638690395e-13,15.9996362273883
379,"Q02218|ODO1_HUMAN","2-oxoglutarate dehydrogenase, mitochondrial OS=Homo sapiens OX=9606 GN=OGDH PE=1 SV=3",10.0019311567789,7.95781781759622,14.4487847739905,3.22874178411976e-12,1.47282652474657e-11,14.1426522194001
379,"Q9ULD0|OGDHL_HUMAN","2-oxoglutarate dehydrogenase-like, mitochondrial OS=Homo sapiens OX=9606 GN=OGDHL PE=1 SV=3",5.18509326966583,5.5493988740397,3.30442089968297,0.00345393438357854,0.00538366290557788,-1.7249778600485
380,"Q92620|PRP16_HUMAN","Pre-mRNA-splicing factor ATP-dependent RNA helicase PRP16 OS=Homo sapiens OX=9606 GN=DHX38 PE=1 SV=2",7.94912371473828,6.93141409657592,6.03247177323877,8.06153550313396e-06,1.98318924517992e-05,3.53111489161656
381,"P62333|PRS10_HUMAN","26S proteasome regulatory subunit 10B OS=Homo sapiens OX=9606 GN=PSMC6 PE=1 SV=1",11.0983613666684,9.65155965073937,10.2116599481126,8.35305067782974e-08,2.25837395432897e-07,6.74902478178842
382,"P09104|ENOG_HUMAN","Gamma-enolase OS=Homo sapiens OX=9606 GN=ENO2 PE=1 SV=3",11.3369211916915,8.62531283505251,15.8354882071828,5.71625907579755e-13,3.03972340356638e-12,15.073912966296
383,"P50995|ANX11_HUMAN","Annexin A11 OS=Homo sapiens OX=9606 GN=ANXA11 PE=1 SV=1",11.7246657953433,8.81918513687844,20.9961333437498,2.43188210688971e-15,3.25095351094632e-14,17.5203408549607
384,"P27694|RFA1_HUMAN","Replication protein A 70 kDa DNA-binding subunit OS=Homo sapiens OX=9606 GN=RPA1 PE=1 SV=2",10.18313388527,8.0484191818418,17.7809585173973,6.19771195503999e-14,4.47677129960675e-13,16.1584816967801
385,"P23921|RIR1_HUMAN","Ribonucleoside-diphosphate reductase large subunit OS=Homo sapiens OX=9606 GN=RRM1 PE=1 SV=1",9.88227003906424,7.8979872587389,12.493363540817,4.75826106779576e-11,1.76827269411329e-10,12.5478624261048
386,"P16615|AT2A2_HUMAN","Sarcoplasmic/endoplasmic reticulum calcium ATPase 2 OS=Homo sapiens OX=9606 GN=ATP2A2 PE=1 SV=1",11.2386855982421,8.57619503832784,19.2647806926179,1.3091639267533e-14,1.20870050791372e-13,16.8442480293663
386,"O14983|AT2A1_HUMAN","Sarcoplasmic/endoplasmic reticulum calcium ATPase 1 OS=Homo sapiens OX=9606 GN=ATP2A1 PE=1 SV=1",9.02759774031502,7.47065110936429,12.594948722838,4.10464994726309e-11,1.54627224040733e-10,12.6400239444159
386,"Q93084|AT2A3_HUMAN","Sarcoplasmic/endoplasmic reticulum calcium ATPase 3 OS=Homo sapiens OX=9606 GN=ATP2A3 PE=1 SV=2",6.73065968746789,6.32218208294073,5.07130636479602,5.42626550307238e-05,0.00011535683151203,1.90018966481179
387,"Q15691|MARE1_HUMAN","Microtubule-associated protein RP/EB family member 1 OS=Homo sapiens OX=9606 GN=MAPRE1 PE=1 SV=3",3.07418142055115,12.8920761806342,3.19843965201945,0.00441155283173812,0.00673719889019903,-1.93837208590382
387,"Q9UPY8|MARE3_HUMAN","Microtubule-associated protein RP/EB family member 3 OS=Homo sapiens OX=9606 GN=MAPRE3 PE=1 SV=1",7.91621302676424,6.9149587525889,5.65131333352386,2.48660700176656e-05,5.58896012167526e-05,2.58411630778447
388,"Q12929|EPS8_HUMAN","Epidermal growth factor receptor kinase substrate 8 OS=Homo sapiens OX=9606 GN=EPS8 PE=1 SV=1",6.17791695781896,8.84105525505879,4.8753361214708,0.000404022086141368,0.000746752295556538,0.277714411048901
389,"P04844|RPN2_HUMAN","Dolichyl-diphosphooligosaccharide--protein glycosyltransferase subunit 2 OS=Homo sapiens OX=9606 GN=RPN2 PE=1 SV=3",10.9740545822163,8.44387953031493,15.3952120465524,9.76346017878932e-13,4.93946408519565e-12,14.7940151443261
390,"P42224|STAT1_HUMAN","Signal transducer and activator of transcription 1-alpha/beta OS=Homo sapiens OX=9606 GN=STAT1 PE=1 SV=2",7.6098495330609,10.3713592098402,3.50972265105358,0.00506522892819053,0.00762955061562345,-1.89197027249157
391,"Q9H2P0|ADNP_HUMAN","Activity-dependent neuroprotector homeobox protein OS=Homo sapiens OX=9606 GN=ADNP PE=1 SV=1",7.78735532238621,6.85052990039989,6.05375049013679,5.78952222981849e-06,1.44456646693462e-05,3.81099941662097
392,"Q13085|ACACA_HUMAN","Acetyl-CoA carboxylase 1 OS=Homo sapiens OX=9606 GN=ACACA PE=1 SV=2",9.76348793271495,7.83859620556426,13.624320143275,9.66221439953589e-12,4.02416253922986e-11,13.514339757487
392,"O00763|ACACB_HUMAN","Acetyl-CoA carboxylase 2 OS=Homo sapiens OX=9606 GN=ACACB PE=1 SV=3",7.03850631442597,6.47610539641977,4.93562847819619,7.44413953274083e-05,0.000153837558781815,1.62666863100562
393,"Q8TAQ2|SMRC2_HUMAN","SWI/SNF complex subunit SMARCC2 OS=Homo sapiens OX=9606 GN=SMARCC2 PE=1 SV=1",9.0512549769373,8.89193298186814,6.65088617218332,2.98476876172847e-05,6.63090578918326e-05,2.40408782428321
394,"Q15366|PCBP2_HUMAN","Poly(rC)-binding protein 2 OS=Homo sapiens OX=9606 GN=PCBP2 PE=1 SV=1",11.4053771870262,8.6595408327199,18.0577309865967,4.59797867619819e-14,3.49672996752637e-13,16.2948074574136
395,"O75874|IDHC_HUMAN","Isocitrate dehydrogenase [NADP] cytoplasmic OS=Homo sapiens OX=9606 GN=IDH1 PE=1 SV=2",8.75611185700206,10.7025999462902,4.30322201464687,0.00125717254797552,0.00219208075620732,-0.67901488517515
396,"P36578|RL4_HUMAN","60S ribosomal protein L4 OS=Homo sapiens OX=9606 GN=RPL4 PE=1 SV=5",7.64078373138141,6.77724410489749,3.89894886977539,0.00176192831966873,0.00300284374976742,-1.02832610829381
397,"P46060|RAGP1_HUMAN","Ran GTPase-activating protein 1 OS=Homo sapiens OX=9606 GN=RANGAP1 PE=1 SV=1",10.742495473516,8.32809997596479,16.9008027931296,1.64717510892143e-13,1.00981276581967e-12,15.6965887327136
398,"Q06830|PRDX1_HUMAN","Peroxiredoxin-1 OS=Homo sapiens OX=9606 GN=PRDX1 PE=1 SV=1",14.6888388876381,10.3012716830258,25.2374877871688,6.39701583418965e-17,6.61903413275164e-15,18.7583229136476
398,"#CONTAM#PRDX1_HUMAN|",">sp|PRDX1_HUMAN|",14.6888388876381,10.3012716830258,25.2374877871688,6.39701583418965e-17,6.61903413275164e-15,18.7583229136476
399,"Q99497|PARK7_HUMAN","Parkinson disease protein 7 OS=Homo sapiens OX=9606 GN=PARK7 PE=1 SV=2",13.8753801280842,9.89454230324889,24.4168964122414,1.23395363628406e-16,6.72811001156658e-15,18.5562787168203
400,"P51858|HDGF_HUMAN","Hepatoma-derived growth factor OS=Homo sapiens OX=9606 GN=HDGF PE=1 SV=1",12.842241578111,9.37797302826226,20.6203862256792,3.46588158775997e-15,4.19307758421498e-14,17.3836637380804
401,"P05388|RLA0_HUMAN","60S acidic ribosomal protein P0 OS=Homo sapiens OX=9606 GN=RPLP0 PE=1 SV=1",13.8690011695946,9.8913528240041,23.4181139731223,2.82452681109416e-16,8.36494478670194e-15,18.2884284079102
401,"Q8NHW5|RLA0L_HUMAN","60S acidic ribosomal protein P0-like OS=Homo sapiens OX=9606 GN=RPLP0P6 PE=5 SV=1",13.1450734193277,9.52938894887062,23.2287321548457,3.31702819356451e-16,9.06216862905618e-15,18.2347041598656
402,"P23396|RS3_HUMAN","40S ribosomal protein S3 OS=Homo sapiens OX=9606 GN=RPS3 PE=1 SV=2",13.6980901732399,9.80589732582675,24.029189373122,1.69529535283166e-16,6.81558704691339e-15,18.455300078609
403,"Q9BUF5|TBB6_HUMAN","Tubulin beta-6 chain OS=Homo sapiens OX=9606 GN=TUBB6 PE=1 SV=1",1.65488732079669,3.78429589960513,1.47619412338965,0.155083540247435,0.163089765078564,-4.90725193592342
404,"Q16643|DREB_HUMAN","Drebrin OS=Homo sapiens OX=9606 GN=DBN1 PE=1 SV=4",10.7270372190799,8.32037084874671,17.0601477246768,1.37553204673359e-13,8.68163668840055e-13,15.7835504142363
405,"O75367|H2AY_HUMAN","Core histone macro-H2A.1 OS=Homo sapiens OX=9606 GN=MACROH2A1 PE=1 SV=4",13.0397262236294,9.47671535102146,21.6426541152135,1.33966286590779e-15,2.15803432374267e-14,17.7437015866914
406,"P11216|PYGB_HUMAN","Glycogen phosphorylase, brain form OS=Homo sapiens OX=9606 GN=PYGB PE=1 SV=5",9.69885652299766,7.80628050070561,9.01834456870541,2.22191360239654e-07,5.87929028812831e-07,6.20224255819901
407,"P28838|AMPL_HUMAN","Cytosol aminopeptidase OS=Homo sapiens OX=9606 GN=LAP3 PE=1 SV=3",11.1578470313648,9.38057564612309,14.0128694226265,2.53843061714795e-11,9.87167462224204e-11,12.5174954927282
408,"P05387|RLA2_HUMAN","60S acidic ribosomal protein P2 OS=Homo sapiens OX=9606 GN=RPLP2 PE=1 SV=1",14.1946427786049,10.0541736285092,23.9402795642871,1.82462149089836e-16,6.91554695644174e-15,18.4316186435513
409,"P50570|DYN2_HUMAN","Dynamin-2 OS=Homo sapiens OX=9606 GN=DNM2 PE=1 SV=2",7.37907719737894,6.64639083789625,5.6954050976775,1.29420336149697e-05,3.07004494255288e-05,3.12976016131931
410,"Q5JPE7|NOMO2_HUMAN","Nodal modulator 2 OS=Homo sapiens OX=9606 GN=NOMO2 PE=1 SV=1",9.98642816823076,7.95006632332216,10.8366560670916,5.04096823508143e-09,1.48490648087709e-08,9.01055853224532
410,"P69849|NOMO3_HUMAN","Nodal modulator 3 OS=Homo sapiens OX=9606 GN=NOMO3 PE=1 SV=2",9.98642816823076,7.95006632332216,10.8366560670916,5.04096823508143e-09,1.48490648087709e-08,9.01055853224532
410,"Q15155|NOMO1_HUMAN","Nodal modulator 1 OS=Homo sapiens OX=9606 GN=NOMO1 PE=1 SV=5",9.98642816823076,7.95006632332216,10.8366560670916,5.04096823508143e-09,1.48490648087709e-08,9.01055853224532
411,"P38606|VATA_HUMAN","V-type proton ATPase catalytic subunit A OS=Homo sapiens OX=9606 GN=ATP6V1A PE=1 SV=2",1.9400021837399,12.4465361453349,2.55407483968866,0.0186861951140351,0.0257948552129922,-3.18452534434177
412,"Q9NYU2|UGGG1_HUMAN","UDP-glucose:glycoprotein glucosyltransferase 1 OS=Homo sapiens OX=9606 GN=UGGT1 PE=1 SV=3",10.9745766102375,8.44414054432555,20.3385854897881,4.53838433711044e-15,5.13905285231623e-14,17.2776659396909
413,"Q9NY33|DPP3_HUMAN","Dipeptidyl peptidase 3 OS=Homo sapiens OX=9606 GN=DPP3 PE=1 SV=2",12.0841863706506,8.99894542453207,22.5190993027072,6.12491232779965e-16,1.28492400086043e-14,18.0244207219565
414,"Q07157|ZO1_HUMAN","Tight junction protein ZO-1 OS=Homo sapiens OX=9606 GN=TJP1 PE=1 SV=3",9.34148230359417,7.62759339100387,14.0306699994666,5.59221230038374e-12,2.44381581798835e-11,13.8315247363118
415,"Q9H0D6|XRN2_HUMAN","5'-3' exoribonuclease 2 OS=Homo sapiens OX=9606 GN=XRN2 PE=1 SV=1",11.0344889765901,8.47409672750181,15.4734813564576,8.8687569618985e-13,4.54656648512773e-12,14.8447986961395
416,"P06753|TPM3_HUMAN","Tropomyosin alpha-3 chain OS=Homo sapiens OX=9606 GN=TPM3 PE=1 SV=2",10.6625510949851,8.28812778669935,17.0106137590387,1.45456382460928e-13,9.10580605649711e-13,15.7566809774213
417,"P23229|ITA6_HUMAN","Integrin alpha-6 OS=Homo sapiens OX=9606 GN=ITGA6 PE=1 SV=5",7.19116017526357,6.55243232683857,5.34518814787053,2.87956389818996e-05,6.42685275827904e-05,2.44597102002469
418,"P05091|ALDH2_HUMAN","Aldehyde dehydrogenase, mitochondrial OS=Homo sapiens OX=9606 GN=ALDH2 PE=1 SV=2",13.3621846915804,9.63794458499699,24.3917349767876,1.25947307521839e-16,6.72811001156658e-15,18.5498363957057
419,"Q9BXP5|SRRT_HUMAN","Serrate RNA effector molecule homolog OS=Homo sapiens OX=9606 GN=SRRT PE=1 SV=1",11.8285878268847,8.87114615264914,18.1018787493061,4.38578539259119e-14,3.37705475229522e-13,16.316178037884
420,"P61221|ABCE1_HUMAN","ATP-binding cassette sub-family E member 1 OS=Homo sapiens OX=9606 GN=ABCE1 PE=1 SV=1",9.94028636177563,7.9269954200946,15.2872675195499,1.11549291392269e-12,5.59927994602654e-12,14.723232540147
421,"Q9NVP1|DDX18_HUMAN","ATP-dependent RNA helicase DDX18 OS=Homo sapiens OX=9606 GN=DDX18 PE=1 SV=2",10.0002600441803,7.95698226129693,6.05654344716328,7.96158991256656e-05,0.000164178474361978,1.62631021799381
422,"Q14651|PLSI_HUMAN","Plastin-1 OS=Homo sapiens OX=9606 GN=PLS1 PE=1 SV=2",9.80605548908969,7.85987998375163,14.5869329745307,2.70066097173174e-12,1.24820465080038e-11,14.2421928690899
423,"P42285|MTREX_HUMAN","Exosome RNA helicase MTR4 OS=Homo sapiens OX=9606 GN=MTREX PE=1 SV=3",10.4206559902975,8.16718023435553,16.5809708398402,2.37574377673959e-13,1.3943008445804e-12,15.5173492999486
424,"P51532|SMCA4_HUMAN","Transcription activator BRG1 OS=Homo sapiens OX=9606 GN=SMARCA4 PE=1 SV=2",8.84646816795092,7.38008632318225,11.468812434521,2.22946238130256e-10,7.42511260208897e-10,11.5537162884356
425,"Q9UMR2|DD19B_HUMAN","ATP-dependent RNA helicase DDX19B OS=Homo sapiens OX=9606 GN=DDX19B PE=1 SV=1",3.76866473526881,4.84118460684119,2.46554028995022,0.0226063273289311,0.030378485241321,-3.34640133723585
426,"P46100|ATRX_HUMAN","Transcriptional regulator ATRX OS=Homo sapiens OX=9606 GN=ATRX PE=1 SV=5",7.58114002465973,7.94775596738738,5.5495517322001,0.000126710786576146,0.000253949259926165,1.24774402095846
427,"P56192|SYMC_HUMAN","Methionine--tRNA ligase, cytoplasmic OS=Homo sapiens OX=9606 GN=MARS1 PE=1 SV=2",10.8838795658218,8.39879202211769,16.6367795347228,2.22768403298922e-13,1.31744754639148e-12,15.549084998208
428,"Q14240|IF4A2_HUMAN","Eukaryotic initiation factor 4A-II OS=Homo sapiens OX=9606 GN=EIF4A2 PE=1 SV=2",7.66645796311529,6.79008122076443,5.80248370453887,1.01610730358423e-05,2.46038560930772e-05,3.33535929229743
429,"Q12788|TBL3_HUMAN","Transducin beta-like protein 3 OS=Homo sapiens OX=9606 GN=TBL3 PE=1 SV=2",7.14538577756805,6.52954512799081,5.20484189492589,3.98087469101634e-05,8.64919162551519e-05,2.16741386715432
430,"A0MZ66|SHOT1_HUMAN","Shootin-1 OS=Homo sapiens OX=9606 GN=SHTN1 PE=1 SV=4",10.4538318775652,8.18376817798938,15.6980951980914,6.74629808431547e-13,3.52897386204002e-12,14.9880588266471
431,"P78344|IF4G2_HUMAN","Eukaryotic translation initiation factor 4 gamma 2 OS=Homo sapiens OX=9606 GN=EIF4G2 PE=1 SV=1",8.82482047666062,8.71246521221647,6.4174042437424,4.16747635671592e-05,9.01405495535916e-05,2.14329014024978
432,"O43242|PSMD3_HUMAN","26S proteasome non-ATPase regulatory subunit 3 OS=Homo sapiens OX=9606 GN=PSMD3 PE=1 SV=2",7.38989264297077,9.02815150218721,4.72022888666718,0.000642263426421892,0.00116472642097234,-0.100351671101393
433,"Q13310|PABP4_HUMAN","Polyadenylate-binding protein 4 OS=Homo sapiens OX=9606 GN=PABPC4 PE=1 SV=1",10.6438080738641,8.27875627613883,19.5184920314046,1.01445293381107e-14,9.71553182878761e-14,16.9510695507113
433,"P0CB38|PAB4L_HUMAN","Polyadenylate-binding protein 4-like OS=Homo sapiens OX=9606 GN=PABPC4L PE=2 SV=1",8.48778447831191,7.20074447836274,11.9875309935534,1.00726285118081e-10,3.522217962803e-10,12.0721137654283
434,"Q01105|SET_HUMAN","Protein SET OS=Homo sapiens OX=9606 GN=SET PE=1 SV=3",13.9402472256914,10.7292779815216,17.182969310297,1.19833070847281e-13,7.71433576498506e-13,15.8495458546581
434,"P0DME0|SETLP_HUMAN","Protein SETSIP OS=Homo sapiens OX=9606 GN=SETSIP PE=1 SV=1",13.7353409178726,10.6268248276123,17.2095859276248,1.1631789284122e-13,7.53912268415317e-13,15.8637306254346
435,"Q9H6T3|RPAP3_HUMAN","RNA polymerase II-associated protein 3 OS=Homo sapiens OX=9606 GN=RPAP3 PE=1 SV=2",8.60700500967895,7.26035474404626,5.74918756689612,5.69917873858509e-05,0.0001205595502393,1.90211353116232
436,"A0AVT1|UBA6_HUMAN","Ubiquitin-like modifier-activating enzyme 6 OS=Homo sapiens OX=9606 GN=UBA6 PE=1 SV=1",11.1252731869802,8.5194888326969,19.3903166823521,1.15352185720817e-14,1.08849488976752e-13,16.8974584596034
437,"P07910|HNRPC_HUMAN","Heterogeneous nuclear ribonucleoproteins C1/C2 OS=Homo sapiens OX=9606 GN=HNRNPC PE=1 SV=4",13.2147157142907,11.7191309301049,6.59798589051862,3.68866449609061e-05,8.0689535851982e-05,2.23241087627266
437,"B2RXH8|HNRC2_HUMAN","Heterogeneous nuclear ribonucleoprotein C-like 2 OS=Homo sapiens OX=9606 GN=HNRNPCL2 PE=1 SV=1",13.3585899834891,9.63614723095136,20.732755303332,3.11552399236633e-15,3.89440499045791e-14,17.4250866042006
437,"P0DMR1|HNRC4_HUMAN","Heterogeneous nuclear ribonucleoprotein C-like 4 OS=Homo sapiens OX=9606 GN=HNRNPCL4 PE=3 SV=1",13.3585899834891,9.63614723095136,20.732755303332,3.11552399236633e-15,3.89440499045791e-14,17.4250866042006
437,"O60812|HNRC1_HUMAN","Heterogeneous nuclear ribonucleoprotein C-like 1 OS=Homo sapiens OX=9606 GN=HNRNPCL1 PE=1 SV=1",13.3585899834891,9.63614723095136,20.732755303332,3.11552399236633e-15,3.89440499045791e-14,17.4250866042006
437,"B7ZW38|HNRC3_HUMAN","Heterogeneous nuclear ribonucleoprotein C-like 3 OS=Homo sapiens OX=9606 GN=HNRNPCL3 PE=2 SV=1",13.3585899834891,9.63614723095136,20.732755303332,3.11552399236633e-15,3.89440499045791e-14,17.4250866042006
438,"Q92621|NU205_HUMAN","Nuclear pore complex protein Nup205 OS=Homo sapiens OX=9606 GN=NUP205 PE=1 SV=3",8.63925934063681,7.27648190952519,6.97056314119262,2.82519366732262e-06,7.12778218819928e-06,4.36579968530802
439,"Q14257|RCN2_HUMAN","Reticulocalbin-2 OS=Homo sapiens OX=9606 GN=RCN2 PE=1 SV=1",8.80448557762749,9.57432486278042,6.18509565251966,5.70357460676354e-05,0.000120586283558702,1.89565985713486
440,"Q86UE4|LYRIC_HUMAN","Protein LYRIC OS=Homo sapiens OX=9606 GN=MTDH PE=1 SV=2",10.208977592453,8.06134103543328,17.2044534686785,1.16987234158026e-13,7.5697622102252e-13,15.8609986139124
441,"P08865|RSSA_HUMAN","40S ribosomal protein SA OS=Homo sapiens OX=9606 GN=RPSA PE=1 SV=4",13.8610669199034,9.88738569915849,23.9801713597503,1.76536295074816e-16,6.81558704691339e-15,18.4422685930745
442,"Q9Y2L1|RRP44_HUMAN","Exosome complex exonuclease RRP44 OS=Homo sapiens OX=9606 GN=DIS3 PE=1 SV=2",9.39049329817688,7.65209888829522,11.1560013888581,3.64712909223456e-10,1.18094592137116e-09,11.2253193316248
443,"Q9UKX7|NUP50_HUMAN","Nuclear pore complex protein Nup50 OS=Homo sapiens OX=9606 GN=NUP50 PE=1 SV=2",9.69402883532834,7.80386665687095,11.8420404481046,1.25536218778783e-10,4.33854975133138e-10,11.9299166622546
444,"Q08945|SSRP1_HUMAN","FACT complex subunit SSRP1 OS=Homo sapiens OX=9606 GN=SSRP1 PE=1 SV=1",11.6109023350218,8.76230340671767,17.9562363899928,5.12755347007301e-14,3.82579086429866e-13,16.2452891010926
445,"P0DP23|CALM1_HUMAN","Calmodulin-1 OS=Homo sapiens OX=9606 GN=CALM1 PE=1 SV=1",8.99364731382594,12.2990982995357,5.8961701367638,6.17107337893262e-05,0.000129616107522589,1.83730974011112
445,"P0DP24|CALM2_HUMAN","Calmodulin-2 OS=Homo sapiens OX=9606 GN=CALM2 PE=1 SV=1",8.99364731382594,12.2990982995357,5.8961701367638,6.17107337893262e-05,0.000129616107522589,1.83730974011112
445,"P0DP25|CALM3_HUMAN","Calmodulin-3 OS=Homo sapiens OX=9606 GN=CALM3 PE=1 SV=1",8.99364731382594,12.2990982995357,5.8961701367638,6.17107337893262e-05,0.000129616107522589,1.83730974011112
446,"Q15785|TOM34_HUMAN","Mitochondrial import receptor subunit TOM34 OS=Homo sapiens OX=9606 GN=TOMM34 PE=1 SV=2",11.1703163042526,8.54201039133309,19.4604602743636,1.07510701185935e-14,1.02201530757e-13,16.9268861180945
447,"P49756|RBM25_HUMAN","RNA-binding protein 25 OS=Homo sapiens OX=9606 GN=RBM25 PE=1 SV=3",8.44724006398406,7.18047227119881,5.66064710782302,5.74010239578399e-05,0.000121291955124964,1.89466731139972
448,"O76003|GLRX3_HUMAN","Glutaredoxin-3 OS=Homo sapiens OX=9606 GN=GLRX3 PE=1 SV=2",12.3268013043479,9.12025289138075,20.3810746559156,4.35665214753082e-15,5.03697020059869e-14,17.2938446412647
449,"Q9NUU7|DD19A_HUMAN","ATP-dependent RNA helicase DDX19A OS=Homo sapiens OX=9606 GN=DDX19A PE=1 SV=1",2.3422487356594,4.12797660703648,1.69222524565423,0.105743589765409,0.118003716115021,-4.61318006922775
450,"Q09028|RBBP4_HUMAN","Histone-binding protein RBBP4 OS=Homo sapiens OX=9606 GN=RBBP4 PE=1 SV=3",10.8481167543142,8.38091061636388,17.2977906560277,1.05419820492472e-13,6.96168625893681e-13,15.910442441746
451,"P52888|THOP1_HUMAN","Thimet oligopeptidase OS=Homo sapiens OX=9606 GN=THOP1 PE=1 SV=2",10.0940491143367,8.00387679637513,18.5862108824205,2.62910929123286e-14,2.19567695688644e-13,16.5440892269439
452,"P26583|HMGB2_HUMAN","High mobility group protein B2 OS=Homo sapiens OX=9606 GN=HMGB2 PE=1 SV=2",12.6374709409351,9.27558770967436,22.4901111473786,6.28267856366392e-16,1.29281020351941e-14,18.0155182407503
453,"P54136|SYRC_HUMAN","Arginine--tRNA ligase, cytoplasmic OS=Homo sapiens OX=9606 GN=RARS1 PE=1 SV=2",11.4082828224126,8.66099365041309,19.7082969983077,8.3987674179725e-15,8.3987674179725e-14,17.0291500413615
454,"Q8WYP5|ELYS_HUMAN","Protein ELYS OS=Homo sapiens OX=9606 GN=AHCTF1 PE=1 SV=3",9.39400458133469,7.65385452987413,14.5764491860723,2.73737766071407e-12,1.26214419086816e-11,14.2346943390495
455,"O60271|JIP4_HUMAN","C-Jun-amino-terminal kinase-interacting protein 4 OS=Homo sapiens OX=9606 GN=SPAG9 PE=1 SV=4",0.917621779533345,12.2612792035768,1.20750850137273,0.240979784525728,0.249267106508343,-5.22758514565646
456,"P54819|KAD2_HUMAN","Adenylate kinase 2, mitochondrial OS=Homo sapiens OX=9606 GN=AK2 PE=1 SV=2",13.2915207473468,9.60261261288018,25.6857129481725,4.50598738930575e-17,6.61903413275164e-15,18.8623991443812
457,"P35749|MYH11_HUMAN","Myosin-11 OS=Homo sapiens OX=9606 GN=MYH11 PE=1 SV=3",-0.184530449481747,4.62848926379083,-0.12613145808452,0.900856353636577,0.904615795905275,-5.90364560236083
458,"P18858|DNLI1_HUMAN","DNA ligase 1 OS=Homo sapiens OX=9606 GN=LIG1 PE=1 SV=1",8.00796156239706,6.96083302040531,5.77898505432448,2.04109438177718e-05,4.66362811266595e-05,2.75129114131883
459,"P09493|TPM1_HUMAN","Tropomyosin alpha-1 chain OS=Homo sapiens OX=9606 GN=TPM1 PE=1 SV=2",6.27705478483365,6.09537963162361,3.6360460413713,0.00159290168359363,0.00273902254659914,-1.04816284026345
461,"Q8IUE6|H2A2B_HUMAN","Histone H2A type 2-B OS=Homo sapiens OX=9606 GN=H2AC21 PE=1 SV=3",2.49331365044964,4.2035090644316,1.80014720963144,0.0865673646056387,0.100659726285626,-4.45519901759796
462,"P15531|NDKA_HUMAN","Nucleoside diphosphate kinase A OS=Homo sapiens OX=9606 GN=NME1 PE=1 SV=1",13.3246043730455,9.61915442572954,22.8409777583369,4.62739095922784e-16,1.07972455715316e-14,18.1215981636593
463,"Q9UBE0|SAE1_HUMAN","SUMO-activating enzyme subunit 1 OS=Homo sapiens OX=9606 GN=SAE1 PE=1 SV=1",11.1478019731765,8.53075322579504,18.7948414210131,2.11673168255924e-14,1.80877613582735e-13,16.6386848983755
464,"Q5VYK3|ECM29_HUMAN","Proteasome adapter and scaffold protein ECM29 OS=Homo sapiens OX=9606 GN=ECPAS PE=1 SV=2",7.61395788640244,6.76383118240801,7.08317203511391,6.27371413088044e-07,1.63091150600201e-06,5.65215918951113
465,"Q13428|TCOF_HUMAN","Treacle protein OS=Homo sapiens OX=9606 GN=TCOF1 PE=1 SV=3",10.1372868629214,8.02549567066749,16.8187415812237,1.80841947003716e-13,1.09644330073119e-12,15.6512039094992
466,"P24534|EF1B_HUMAN","Elongation factor 1-beta OS=Homo sapiens OX=9606 GN=EEF1B2 PE=1 SV=3",13.9207675861782,9.9172360322959,24.009150931904,1.72358024219272e-16,6.81558704691339e-15,18.4499801351961
467,"Q9NZI8|IF2B1_HUMAN","Insulin-like growth factor 2 mRNA-binding protein 1 OS=Homo sapiens OX=9606 GN=IGF2BP1 PE=1 SV=2",11.7534281180622,8.8335662982379,22.6396855195634,5.51182463316696e-16,1.21957039297085e-14,18.0611841755896
468,"P31150|GDIA_HUMAN","Rab GDP dissociation inhibitor alpha OS=Homo sapiens OX=9606 GN=GDI1 PE=1 SV=2",3.97500621289061,4.94435534565209,2.51357988182508,0.0203927676792462,0.0278116031048876,-3.2589106622255
469,"P13929|ENOB_HUMAN","Beta-enolase OS=Homo sapiens OX=9606 GN=ENO3 PE=1 SV=5",9.68415016942164,7.7989273239176,15.2350670276583,1.19007074710603e-12,5.95035373553014e-12,14.6886900335979
470,"O00299|CLIC1_HUMAN","Chloride intracellular channel protein 1 OS=Homo sapiens OX=9606 GN=CLIC1 PE=1 SV=4",14.1410085869775,10.0273565326955,24.5390893690392,1.11749926916586e-16,6.61903413275164e-15,18.5873501647139
471,"P49790|NU153_HUMAN","Nuclear pore complex protein Nup153 OS=Homo sapiens OX=9606 GN=NUP153 PE=1 SV=2",9.00865284442436,7.46117866141897,13.4999496292269,1.14529164452239e-11,4.70584080193299e-11,13.4142195196963
472,"O95239|KIF4A_HUMAN","Chromosome-associated kinesin KIF4A OS=Homo sapiens OX=9606 GN=KIF4A PE=1 SV=3",8.58721860244922,7.25046154043139,5.42524919142803,0.000115714429909984,0.000233002382402425,1.31594273621832
472,"Q2VIQ3|KIF4B_HUMAN","Chromosome-associated kinesin KIF4B OS=Homo sapiens OX=9606 GN=KIF4B PE=2 SV=2",5.5084056319791,5.71105505519633,3.55809747225627,0.00191246174406781,0.00322937619064083,-1.2082322186268
473,"Q8TEM1|PO210_HUMAN","Nuclear pore membrane glycoprotein 210 OS=Homo sapiens OX=9606 GN=NUP210 PE=1 SV=3",1.76136778104047,12.7052309357862,2.52698321485354,0.0198123665324178,0.0271161077674399,-3.23435322402555
474,"Q16777|H2A2C_HUMAN","Histone H2A type 2-C OS=Homo sapiens OX=9606 GN=H2AC20 PE=1 SV=4",2.58015486354612,4.24692967097984,1.81897443190384,0.0835502205901901,0.0976824625788739,-4.42692833343349
474,"Q6FI13|H2A2A_HUMAN","Histone H2A type 2-A OS=Homo sapiens OX=9606 GN=H2AC18 PE=1 SV=3",2.58015486354612,4.24692967097984,1.81897443190384,0.0835502205901901,0.0976824625788739,-4.42692833343349
475,"P63241|IF5A1_HUMAN","Eukaryotic translation initiation factor 5A-1 OS=Homo sapiens OX=9606 GN=EIF5A PE=1 SV=2",9.70872864736855,11.5281286691507,8.80585911474739,7.1435336344548e-08,1.93953487254238e-07,7.24207069065663
475,"Q6IS14|IF5AL_HUMAN","Eukaryotic translation initiation factor 5A-1-like OS=Homo sapiens OX=9606 GN=EIF5AL1 PE=2 SV=2",10.1078544985123,10.9115692135465,8.05194023933666,8.77778285409912e-07,2.27113333254581e-06,5.2134808290651
475,"Q9GZV4|IF5A2_HUMAN","Eukaryotic translation initiation factor 5A-2 OS=Homo sapiens OX=9606 GN=EIF5A2 PE=1 SV=3",9.5326139465338,10.6239489375573,7.21255045738887,4.97598735914498e-06,1.24561452098233e-05,3.85467747827462
476,"P41091|IF2G_HUMAN","Eukaryotic translation initiation factor 2 subunit 3 OS=Homo sapiens OX=9606 GN=EIF2S3 PE=1 SV=3",10.622758865148,8.26823167178078,16.4716017311475,2.69651754395598e-13,1.55413062039379e-12,15.4545824189502
476,"Q2VIR3|IF2GL_HUMAN","Eukaryotic translation initiation factor 2 subunit 3B OS=Homo sapiens OX=9606 GN=EIF2S3B PE=2 SV=2",10.5599035903232,8.2368040343684,16.5297842360059,2.52059439108985e-13,1.46105737618345e-12,15.4880683941817
477,"Q8NI27|THOC2_HUMAN","THO complex subunit 2 OS=Homo sapiens OX=9606 GN=THOC2 PE=1 SV=2",8.00800261297325,6.96085354569341,8.37700449003456,4.68984934097447e-08,1.28878800590662e-07,7.70907568881037
478,"Q9GZL7|WDR12_HUMAN","Ribosome biogenesis protein WDR12 OS=Homo sapiens OX=9606 GN=WDR12 PE=1 SV=2",10.6722222262893,8.29296335235145,16.4685391775555,2.70612599137792e-13,1.55733708023991e-12,15.4528138006631
479,"Q9NX58|LYAR_HUMAN","Cell growth-regulating nucleolar protein OS=Homo sapiens OX=9606 GN=LYAR PE=1 SV=2",7.85592243305124,6.8848134557324,5.43714971503675,4.17509234973776e-05,9.02532596658639e-05,2.14661767057107
480,"O15042|SR140_HUMAN","U2 snRNP-associated SURP motif-containing protein OS=Homo sapiens OX=9606 GN=U2SURP PE=1 SV=2",10.1094786535773,8.01159156599541,15.6580282295934,7.081906060864e-13,3.69449028920412e-12,14.9627699329439
481,"O95163|ELP1_HUMAN","Elongator complex protein 1 OS=Homo sapiens OX=9606 GN=ELP1 PE=1 SV=3",7.66283520234313,6.78826984037835,5.93431347127999,7.55730256793662e-06,1.86749774624878e-05,3.58612181070392
482,"P35241|RADI_HUMAN","Radixin OS=Homo sapiens OX=9606 GN=RDX PE=1 SV=1",10.8661241474101,8.38991431291185,20.7670123457439,3.01624657332265e-15,3.83321060228726e-14,17.437620814875
483,"Q9UJZ1|STML2_HUMAN","Stomatin-like protein 2, mitochondrial OS=Homo sapiens OX=9606 GN=STOML2 PE=1 SV=1",12.68589527942,9.29979987891677,23.6916931569865,2.24404217843086e-16,7.32166303979562e-15,18.3643379043039
484,"Q92922|SMRC1_HUMAN","SWI/SNF complex subunit SMARCC1 OS=Homo sapiens OX=9606 GN=SMARCC1 PE=1 SV=3",8.43271827789562,7.17321137815459,9.12041464195942,1.16756417298898e-08,3.3470752539148e-08,8.76396247863032
485,"Q10567|AP1B1_HUMAN","AP-1 complex subunit beta-1 OS=Homo sapiens OX=9606 GN=AP1B1 PE=1 SV=2",7.39880162826512,6.65625305333934,5.54077073990495,1.83943018379596e-05,4.2533370616303e-05,2.82992255764551
486,"P23381|SYWC_HUMAN","Tryptophan--tRNA ligase, cytoplasmic OS=Homo sapiens OX=9606 GN=WARS1 PE=1 SV=2",11.4627783998763,8.68824143914495,21.8477381458712,1.11259870981015e-15,1.9122790324862e-14,17.81158706164
487,"P36776|LONM_HUMAN","Lon protease homolog, mitochondrial OS=Homo sapiens OX=9606 GN=LONP1 PE=1 SV=2",10.0589145245749,9.10712076421719,8.24149416194723,2.76611336361112e-06,6.9878848096475e-06,4.19533395650624
488,"Q9P0M6|H2AW_HUMAN","Core histone macro-H2A.2 OS=Homo sapiens OX=9606 GN=MACROH2A2 PE=1 SV=3",8.20465622727414,7.05918035284385,5.69944619976411,3.63197694363878e-05,7.95398818714978e-05,2.27192266764066
489,"O75694|NU155_HUMAN","Nuclear pore complex protein Nup155 OS=Homo sapiens OX=9606 GN=NUP155 PE=1 SV=1",8.85714728193549,7.38542588017453,10.4902789771143,1.07588667072801e-09,3.35397869012375e-09,10.4844850663639
490,"Q9Y3I0|RTCB_HUMAN","RNA-splicing ligase RtcB homolog OS=Homo sapiens OX=9606 GN=RTCB PE=1 SV=1",12.7321186648185,9.32291157161603,19.854189672495,7.27207146101624e-15,7.42638597477786e-14,17.0881253141565
491,"Q9H0A0|NAT10_HUMAN","RNA cytidine acetyltransferase OS=Homo sapiens OX=9606 GN=NAT10 PE=1 SV=2",9.78908568777776,7.85139508309566,8.90637498507277,3.40446441860639e-07,8.92163877431601e-07,5.85812332060151
492,"P04181|OAT_HUMAN","Ornithine aminotransferase, mitochondrial OS=Homo sapiens OX=9606 GN=OAT PE=1 SV=1",9.95609179590116,7.93489813715736,11.9131868678041,2.00090448464647e-10,6.71035040582658e-10,11.4912910488622
493,"P62805|H4_HUMAN","Histone H4 OS=Homo sapiens OX=9606 GN=H4C1 PE=1 SV=2",6.79665962463181,15.204458893854,9.51917220670834,5.6993580931777e-09,1.6724488306962e-08,9.29361951837718
494,"Q8NE71|ABCF1_HUMAN","ATP-binding cassette sub-family F member 1 OS=Homo sapiens OX=9606 GN=ABCF1 PE=1 SV=2",10.3283230962775,8.12101378734552,15.2892094754852,1.11281453293621e-12,5.5931278744183e-12,14.7245136309509
495,"O43684|BUB3_HUMAN","Mitotic checkpoint protein BUB3 OS=Homo sapiens OX=9606 GN=BUB3 PE=1 SV=1",11.6031471160357,8.75842579722463,22.2001246817529,8.11643242160312e-16,1.52430560113034e-14,17.9250544938401
496,"Q15365|PCBP1_HUMAN","Poly(rC)-binding protein 1 OS=Homo sapiens OX=9606 GN=PCBP1 PE=1 SV=2",10.1345237191696,8.02411409879156,14.0227030594432,5.65178480614686e-12,2.46425498342757e-11,13.8254488894756
497,"Q86XP3|DDX42_HUMAN","ATP-dependent RNA helicase DDX42 OS=Homo sapiens OX=9606 GN=DDX42 PE=1 SV=1",10.5372229412813,8.22546370984744,17.9766101439255,5.01634785872587e-14,3.75008529244556e-13,16.2552728906745
498,"P36957|ODO2_HUMAN","Dihydrolipoyllysine-residue succinyltransferase component of 2-oxoglutarate dehydrogenase complex, mitochondrial OS=Homo sapiens OX=9606 GN=DLST PE=1 SV=4",11.7667912066168,8.8402478425152,21.2643541277022,1.89512443895691e-15,2.77423159314984e-14,17.6147714024622
499,"P52907|CAZA1_HUMAN","F-actin-capping protein subunit alpha-1 OS=Homo sapiens OX=9606 GN=CAPZA1 PE=1 SV=3",12.3471126395739,9.13040855899373,22.1683309485438,8.34912184727407e-16,1.53964727679778e-14,17.9149783647671
500,"Q9BVJ6|UT14A_HUMAN","U3 small nucleolar RNA-associated protein 14 homolog A OS=Homo sapiens OX=9606 GN=UTP14A PE=1 SV=1",10.7908281976345,8.35226633802402,19.1568838137451,1.46048433160176e-14,1.32302698274512e-13,16.7979495056833
500,"Q5TAP6|UT14C_HUMAN","U3 small nucleolar RNA-associated protein 14 homolog C OS=Homo sapiens OX=9606 GN=UTP14C PE=1 SV=1",6.58151855213791,6.24761151527574,4.98476261041082,6.6377152215959e-05,0.000138285733783248,1.72594337114984
501,"P52789|HXK2_HUMAN","Hexokinase-2 OS=Homo sapiens OX=9606 GN=HK2 PE=1 SV=2",9.35968792443779,7.63669620142568,10.0917362064527,3.98100595911956e-09,1.18358302572996e-08,9.44622731720368
502,"Q14684|RRP1B_HUMAN","Ribosomal RNA processing protein 1 homolog B OS=Homo sapiens OX=9606 GN=RRP1B PE=1 SV=3",9.08874502243673,7.50122475042515,11.2241802771834,3.27333384518855e-10,1.0679945172861e-09,11.2979383933176
503,"Q9Y446|PKP3_HUMAN","Plakophilin-3 OS=Homo sapiens OX=9606 GN=PKP3 PE=1 SV=1",8.29622103983817,7.10496275912587,5.74607240820925,3.72428732021082e-05,8.13763120477392e-05,2.25208931804462
504,"Q9HB71|CYBP_HUMAN","Calcyclin-binding protein OS=Homo sapiens OX=9606 GN=CACYBP PE=1 SV=2",11.7918476695848,8.85277607399919,17.1925937258195,1.18549353989936e-13,7.65797001445057e-13,15.8546797721789
505,"P82970|HMGN5_HUMAN","High mobility group nucleosome-binding domain-containing protein 5 OS=Homo sapiens OX=9606 GN=HMGN5 PE=1 SV=1",9.84266344603297,7.87818396222327,12.2275895118865,7.03525661361297e-11,2.54804684500564e-10,12.3014459070058
506,"O43399|TPD54_HUMAN","Tumor protein D54 OS=Homo sapiens OX=9606 GN=TPD52L2 PE=1 SV=2",12.0341126290289,8.97390855372124,22.2529083637378,7.74499449442749e-16,1.47081787036571e-14,17.9417132761228
507,"Q6PKG0|LARP1_HUMAN","La-related protein 1 OS=Homo sapiens OX=9606 GN=LARP1 PE=1 SV=2",11.3252279031693,8.61946619079143,17.3799308771364,9.62292545502716e-14,6.44317617423558e-13,15.9535384099992
507,"Q659C4|LAR1B_HUMAN","La-related protein 1B OS=Homo sapiens OX=9606 GN=LARP1B PE=1 SV=2",4.87027268438742,5.39198858140049,2.65938603452325,0.0148552463064763,0.0209037639912039,-2.98850902000898
508,"Q9UJU6|DBNL_HUMAN","Drebrin-like protein OS=Homo sapiens OX=9606 GN=DBNL PE=1 SV=1",0.584240871047356,15.0818575575734,0.872719374891781,0.392920662673541,0.402754140386883,-5.54790949159423
509,"P22061|PIMT_HUMAN","Protein-L-isoaspartate(D-aspartate) O-methyltransferase OS=Homo sapiens OX=9606 GN=PCMT1 PE=1 SV=4",12.2010217339952,9.05736310620438,23.2285247721929,3.31761427497802e-16,9.06216862905618e-15,18.234644791622
510,"O43491|E41L2_HUMAN","Band 4.1-like protein 2 OS=Homo sapiens OX=9606 GN=EPB41L2 PE=1 SV=1",10.2280625516297,8.07088351502163,16.6255916117163,2.25657293876441e-13,1.33248555433174e-12,15.5427387241545
511,"Q9NSE4|SYIM_HUMAN","Isoleucine--tRNA ligase, mitochondrial OS=Homo sapiens OX=9606 GN=IARS2 PE=1 SV=2",10.8491841407554,8.38144430958446,17.0088678245738,1.4574346111029e-13,9.10896631939313e-13,15.7557312263985
512,"O43795|MYO1B_HUMAN","Unconventional myosin-Ib OS=Homo sapiens OX=9606 GN=MYO1B PE=1 SV=3",8.34422403703958,7.12896425772658,5.51794150948605,7.14851402083758e-05,0.000148125828741791,1.71075552681914
512,"Q9UBC5|MYO1A_HUMAN","Unconventional myosin-Ia OS=Homo sapiens OX=9606 GN=MYO1A PE=1 SV=1",6.06279616672582,5.98825032256969,3.60036950501521,0.00173203443577172,0.00295582117806787,-1.12148540953358
513,"P20810|ICAL_HUMAN","Calpastatin OS=Homo sapiens OX=9606 GN=CAST PE=1 SV=4",10.6765465310834,8.2951255047485,18.1411700575365,4.20554587924447e-14,3.25781723040064e-13,16.3351124000202
514,"O95373|IPO7_HUMAN","Importin-7 OS=Homo sapiens OX=9606 GN=IPO7 PE=1 SV=1",1.05473695015502,14.0064269605006,1.5722643779639,0.131191927365667,0.140485038565066,-4.78027066434883
515,"P06737|PYGL_HUMAN","Glycogen phosphorylase, liver form OS=Homo sapiens OX=9606 GN=PYGL PE=1 SV=4",10.7070361645562,8.31037032148488,18.6888581797995,2.36250338779246e-14,2.00344450286365e-13,16.5908934096949
516,"O00232|PSD12_HUMAN","26S proteasome non-ATPase regulatory subunit 12 OS=Homo sapiens OX=9606 GN=PSMD12 PE=1 SV=3",11.3480167186767,8.63086059854514,17.6733591464404,6.96823414180431e-14,4.94976041438129e-13,16.1043691029794
517,"P46821|MAP1B_HUMAN","Microtubule-associated protein 1B OS=Homo sapiens OX=9606 GN=MAP1B PE=1 SV=2",7.62307230325865,6.76838839083611,7.45395797034891,2.91585354707712e-07,7.67329880809768e-07,6.27103237875938
518,"P62195|PRS8_HUMAN","26S proteasome regulatory subunit 8 OS=Homo sapiens OX=9606 GN=PSMC5 PE=1 SV=1",11.7355227485034,8.8246136134585,20.3350509508028,4.55385526605502e-15,5.14144949393309e-14,17.2763169015333
519,"P37802|TAGL2_HUMAN","Transgelin-2 OS=Homo sapiens OX=9606 GN=TAGLN2 PE=1 SV=3",13.0831465723066,9.49842552536011,22.5451777721065,5.98652489007666e-16,1.28045115704418e-14,18.0324080792264
519,"Q9UI15|TAGL3_HUMAN","Transgelin-3 OS=Homo sapiens OX=9606 GN=TAGLN3 PE=1 SV=2",6.78077014007351,6.34723730924354,5.06481999746465,5.50873146783137e-05,0.000116980784065917,1.88715808926058
520,"Q05086|UBE3A_HUMAN","Ubiquitin-protein ligase E3A OS=Homo sapiens OX=9606 GN=UBE3A PE=1 SV=4",8.3815690250229,7.14763675171823,10.298642217863,1.48222798104807e-09,4.57991791896874e-09,10.2601617851401
521,"Q96RP9|EFGM_HUMAN","Elongation factor G, mitochondrial OS=Homo sapiens OX=9606 GN=GFM1 PE=1 SV=2",9.91062075994239,7.91216261917798,13.335037396676,1.43772814013499e-11,5.80215234750494e-11,13.2791984799114
522,"P22392|NDKB_HUMAN","Nucleoside diphosphate kinase B OS=Homo sapiens OX=9606 GN=NME2 PE=1 SV=1",4.27957394418357,14.3078395803665,6.43742379658215,2.48895158416288e-06,6.30425236778097e-06,4.51793678032139
522,"O60361|NDK8_HUMAN","Putative nucleoside diphosphate kinase OS=Homo sapiens OX=9606 GN=NME2P1 PE=5 SV=1",3.86897800357244,14.1025416100609,6.03057582196469,6.09592065461889e-06,1.51806562226926e-05,3.76754038218697
523,"O43776|SYNC_HUMAN","Asparagine--tRNA ligase, cytoplasmic OS=Homo sapiens OX=9606 GN=NARS1 PE=1 SV=1",10.7162786001347,8.31499153927413,17.0290300851877,1.42464001449549e-13,8.95692312174682e-13,15.7666879430836
524,"Q9BQ39|DDX50_HUMAN","ATP-dependent RNA helicase DDX50 OS=Homo sapiens OX=9606 GN=DDX50 PE=1 SV=1",4.64240515885502,5.27805481863429,2.67846199445819,0.0142460080739439,0.0200831677351461,-2.95262514906507
525,"O95202|LETM1_HUMAN","Mitochondrial proton/calcium exchanger protein OS=Homo sapiens OX=9606 GN=LETM1 PE=1 SV=1",11.4625047703601,8.68810462438686,22.1366547900123,8.58790449634524e-16,1.57444915766329e-14,17.9049080419896
526,"P11413|G6PD_HUMAN","Glucose-6-phosphate 1-dehydrogenase OS=Homo sapiens OX=9606 GN=G6PD PE=1 SV=4",11.2758794619714,8.59479197019247,21.244616691987,1.93003286640823e-15,2.814631263512e-14,17.6079093090713
527,"Q13451|FKBP5_HUMAN","Peptidyl-prolyl cis-trans isomerase FKBP5 OS=Homo sapiens OX=9606 GN=FKBP5 PE=1 SV=2",10.2719057807416,8.09280512957758,16.4010435089846,2.92722665447654e-13,1.65732685584333e-12,15.4136815781706
528,"P43490|NAMPT_HUMAN","Nicotinamide phosphoribosyltransferase OS=Homo sapiens OX=9606 GN=NAMPT PE=1 SV=1",2.3393350932075,13.3743497930248,3.33729065716788,0.00320053450759215,0.00503352036528994,-1.65845854816403
529,"O75116|ROCK2_HUMAN","Rho-associated protein kinase 2 OS=Homo sapiens OX=9606 GN=ROCK2 PE=1 SV=4",8.13184517440109,7.02277482640733,9.60195308896303,4.92296341174231e-09,1.45459778474351e-08,9.40052024786009
530,"Q5QJE6|TDIF2_HUMAN","Deoxynucleotidyltransferase terminal-interacting protein 2 OS=Homo sapiens OX=9606 GN=DNTTIP2 PE=1 SV=2",9.07071503021332,7.49220975431344,12.8904832878527,2.68450765777777e-11,1.03977409280125e-10,12.9019505981001
531,"Q9UG63|ABCF2_HUMAN","ATP-binding cassette sub-family F member 2 OS=Homo sapiens OX=9606 GN=ABCF2 PE=1 SV=2",9.48021564869817,7.69696006355587,13.3269599413515,1.45391593360761e-11,5.84908708922602e-11,13.2725179376101
532,"P39023|RL3_HUMAN","60S ribosomal protein L3 OS=Homo sapiens OX=9606 GN=RPL3 PE=1 SV=2",12.628522776905,9.2711136276593,21.0749855284872,2.25928957963088e-15,3.16479468067679e-14,17.5483676570906
533,"Q13185|CBX3_HUMAN","Chromobox protein homolog 3 OS=Homo sapiens OX=9606 GN=CBX3 PE=1 SV=4",5.2326912814791,12.905621046388,6.82993714885717,1.06999896673496e-06,2.75920698052887e-06,5.21584820565472
534,"P30041|PRDX6_HUMAN","Peroxiredoxin-6 OS=Homo sapiens OX=9606 GN=PRDX6 PE=1 SV=3",13.2617150985986,9.58770978850607,22.0363938310694,9.39196136317272e-16,1.68424965532854e-14,17.872825247046
535,"Q58FF6|H90B4_HUMAN","Putative heat shock protein HSP 90-beta 4 OS=Homo sapiens OX=9606 GN=HSP90AB4P PE=5 SV=1",3.47054041260989,4.69212244551173,2.33173518333099,0.0300073838952299,0.0383560517917116,-3.58550103275465
536,"P61981|1433G_HUMAN","14-3-3 protein gamma OS=Homo sapiens OX=9606 GN=YWHAG PE=1 SV=2",1.87662991970464,14.9997769158251,2.7338033360455,0.0126097050188053,0.0178614291105225,-2.84790297309752
537,"P30048|PRDX3_HUMAN","Thioredoxin-dependent peroxide reductase, mitochondrial OS=Homo sapiens OX=9606 GN=PRDX3 PE=1 SV=3",12.2449676622608,9.73030852122038,15.8886153837958,5.36329860964674e-13,2.85597505492945e-12,15.1067561427754
538,"P55265|DSRAD_HUMAN","Double-stranded RNA-specific adenosine deaminase OS=Homo sapiens OX=9606 GN=ADAR PE=1 SV=4",9.81192930221614,7.86281689031485,15.793602113599,6.01161534619904e-13,3.17485858475532e-12,15.0478800452076
539,"O94925|GLSK_HUMAN","Glutaminase kidney isoform, mitochondrial OS=Homo sapiens OX=9606 GN=GLS PE=1 SV=1",10.8693562466632,8.39153036253838,18.7449231778264,2.22897718798801e-14,1.89438458581762e-13,16.6162421522051
540,"Q15293|RCN1_HUMAN","Reticulocalbin-1 OS=Homo sapiens OX=9606 GN=RCN1 PE=1 SV=1",11.9121846625973,8.91294457050544,21.4297312591668,1.62735678731707e-15,2.51619422938583e-14,17.6717361297567
541,"Q9UHX1|PUF60_HUMAN","Poly(U)-binding-splicing factor PUF60 OS=Homo sapiens OX=9606 GN=PUF60 PE=1 SV=1",12.0090843975216,8.96139443796757,21.7189203442237,1.25002620166639e-15,2.06549393837579e-14,17.769108713062
542,"Q14677|EPN4_HUMAN","Clathrin interactor 1 OS=Homo sapiens OX=9606 GN=CLINT1 PE=1 SV=1",10.7852044214875,8.34945444995052,18.5216780385184,2.81267671216072e-14,2.3089137189379e-13,16.5144006327684
543,"Q9NZT2|OGFR_HUMAN","Opioid growth factor receptor OS=Homo sapiens OX=9606 GN=OGFR PE=1 SV=3",7.23665969966717,6.57518208904037,5.56959812947275,1.722410189936e-05,4.00681524547046e-05,2.88607540013223
544,"O00499|BIN1_HUMAN","Myc box-dependent-interacting protein 1 OS=Homo sapiens OX=9606 GN=BIN1 PE=1 SV=1",11.0985263489874,8.50611541370048,19.7358346437322,8.17289008937863e-15,8.21556836660776e-14,17.0403504259255
545,"P49750|YLPM1_HUMAN","YLP motif-containing protein 1 OS=Homo sapiens OX=9606 GN=YLPM1 PE=1 SV=4",8.85416781137419,7.38393614489388,11.6961232197108,1.56882227077234e-10,5.34983679581355e-10,11.7848174047088
546,"Q92973|TNPO1_HUMAN","Transportin-1 OS=Homo sapiens OX=9606 GN=TNPO1 PE=1 SV=2",11.0984080659254,8.50605627216947,19.5087463718564,1.02438332114553e-14,9.78629227397092e-14,16.9470185198167
547,"P31040|SDHA_HUMAN","Succinate dehydrogenase [ubiquinone] flavoprotein subunit, mitochondrial OS=Homo sapiens OX=9606 GN=SDHA PE=1 SV=2",9.98084365879139,7.94727406860248,14.297770033619,3.93122138222897e-12,1.75786321969588e-11,14.0320108654858
548,"Q96A49|SYAP1_HUMAN","Synapse-associated protein 1 OS=Homo sapiens OX=9606 GN=SYAP1 PE=1 SV=1",10.2842738597489,8.09898916908124,14.6894883299828,2.36747208700503e-12,1.10750516828303e-11,14.3150706596075
549,"Q9UDT6|CLIP2_HUMAN","CAP-Gly domain-containing linker protein 2 OS=Homo sapiens OX=9606 GN=CLIP2 PE=1 SV=1",7.1845046601495,6.54910456928153,6.67727510632919,1.48231974608621e-06,3.80208595764952e-06,4.94750756085527
550,"Q14966|ZN638_HUMAN","Zinc finger protein 638 OS=Homo sapiens OX=9606 GN=ZNF638 PE=1 SV=2",8.62761906079432,7.27066176960394,10.5925740315114,9.08274697420672e-10,2.84066416333841e-09,10.6021601349276
551,"Q9H501|ESF1_HUMAN","ESF1 homolog OS=Homo sapiens OX=9606 GN=ESF1 PE=1 SV=1",10.0024281771049,7.95806632775924,12.2145679907656,1.02570108736664e-10,3.5799993363245e-10,11.9725213949455
552,"P09884|DPOLA_HUMAN","DNA polymerase alpha catalytic subunit OS=Homo sapiens OX=9606 GN=POLA1 PE=1 SV=2",7.9466241517446,6.93016431507908,5.90739857828555,1.2058243451992e-05,2.88528510193717e-05,3.19261807477361
553,"P22059|OSBP1_HUMAN","Oxysterol-binding protein 1 OS=Homo sapiens OX=9606 GN=OSBP PE=1 SV=1",9.26075138496231,7.58722793168794,12.9988773342733,2.30177846048209e-11,9.02428418824446e-11,12.9957570213193
553,"Q969R2|OSBP2_HUMAN","Oxysterol-binding protein 2 OS=Homo sapiens OX=9606 GN=OSBP2 PE=1 SV=2",2.44203588328111,4.17787018084734,1.80212002057639,0.0862468397849109,0.100347637706832,-4.45224637047708
554,"P05198|IF2A_HUMAN","Eukaryotic translation initiation factor 2 subunit 1 OS=Homo sapiens OX=9606 GN=EIF2S1 PE=1 SV=3",11.9146003339943,8.91415240620392,23.0945833872823,3.71976534928842e-16,9.25561271318975e-15,18.1960520660969
555,"P46379|BAG6_HUMAN","Large proline-rich protein BAG6 OS=Homo sapiens OX=9606 GN=BAG6 PE=1 SV=2",7.90200263246054,6.90785355543705,7.90215981172661,1.18371470312329e-07,3.17581993520883e-07,6.98744328616915
556,"P23588|IF4B_HUMAN","Eukaryotic translation initiation factor 4B OS=Homo sapiens OX=9606 GN=EIF4B PE=1 SV=2",5.78965084571469,11.3495641152086,4.07382601064675,0.00123379129525532,0.00215619450146753,-0.719919923453798
557,"Q13423|NNTM_HUMAN","NAD(P) transhydrogenase, mitochondrial OS=Homo sapiens OX=9606 GN=NNT PE=1 SV=3",11.3119543812118,8.61282942981267,19.3172555978845,1.24158888070025e-14,1.16022261910096e-13,16.8665757321051
558,"P54578|UBP14_HUMAN","Ubiquitin carboxyl-terminal hydrolase 14 OS=Homo sapiens OX=9606 GN=USP14 PE=1 SV=3",10.5784215347324,8.24606300657299,11.5084445656741,4.18569736224527e-09,1.24056465316738e-08,8.96142562872277
559,"Q01518|CAP1_HUMAN","Adenylyl cyclase-associated protein 1 OS=Homo sapiens OX=9606 GN=CAP1 PE=1 SV=5",12.3896031208011,9.15165379960736,24.8264295571917,8.86741142952233e-17,6.61903413275164e-15,18.6590353049062
560,"O95433|AHSA1_HUMAN","Activator of 90 kDa heat shock protein ATPase homolog 1 OS=Homo sapiens OX=9606 GN=AHSA1 PE=1 SV=1",11.4951789571755,8.70444171779451,15.7064060120052,7.30941908343433e-13,3.80287344205705e-12,14.9151500482779
561,"Q13573|SNW1_HUMAN","SNW domain-containing protein 1 OS=Homo sapiens OX=9606 GN=SNW1 PE=1 SV=1",9.9302326980863,7.92196858824993,16.0694233716579,4.32334277435873e-13,2.34105058808455e-12,15.2170720764981
562,"Q04917|1433F_HUMAN","14-3-3 protein eta OS=Homo sapiens OX=9606 GN=YWHAH PE=1 SV=4",9.63075814713731,10.9870401147916,6.84772431573887,9.88536053277539e-06,2.40117590228298e-05,3.31284344061728
563,"P30519|HMOX2_HUMAN","Heme oxygenase 2 OS=Homo sapiens OX=9606 GN=HMOX2 PE=1 SV=2",8.89303292596674,7.40336870219015,5.38826485466585,0.000161442438076484,0.000318581951099162,1.04625764257034
564,"P24928|RPB1_HUMAN","DNA-directed RNA polymerase II subunit RPB1 OS=Homo sapiens OX=9606 GN=POLR2A PE=1 SV=2",8.42967097971125,7.17168772906241,9.07687503389983,1.26417151318693e-08,3.6132593361319e-08,8.70463064324216
565,"Q8TCS8|PNPT1_HUMAN","Polyribonucleotide nucleotidyltransferase 1, mitochondrial OS=Homo sapiens OX=9606 GN=PNPT1 PE=1 SV=2",5.81076681291072,10.457258730089,3.99497830301927,0.00164291795737661,0.00281873178961674,-0.949965850519621
566,"P31942|HNRH3_HUMAN","Heterogeneous nuclear ribonucleoprotein H3 OS=Homo sapiens OX=9606 GN=HNRNPH3 PE=1 SV=2",12.5319218372476,9.22281315783058,23.8206866716305,2.01508598987401e-16,7.0930581882457e-15,18.3994485846986
567,"P52701|MSH6_HUMAN","DNA mismatch repair protein Msh6 OS=Homo sapiens OX=9606 GN=MSH6 PE=1 SV=2",9.9628335017898,7.93826899010168,13.7347752500504,8.31678643683403e-12,3.51864041558363e-11,13.6020479356344
568,"Q9UHB9|SRP68_HUMAN","Signal recognition particle subunit SRP68 OS=Homo sapiens OX=9606 GN=SRP68 PE=1 SV=2",10.5724846247771,8.24309455159532,17.4902020042047,8.51888495269284e-14,5.85673340497633e-13,16.0107881232873
569,"Q8N573|OXR1_HUMAN","Oxidation resistance protein 1 OS=Homo sapiens OX=9606 GN=OXR1 PE=1 SV=2",7.13219412681021,6.52294930261189,5.35534045926222,2.81308635207536e-05,6.28577043266984e-05,2.46602532191297
570,"P00505|AATM_HUMAN","Aspartate aminotransferase, mitochondrial OS=Homo sapiens OX=9606 GN=GOT2 PE=1 SV=3",11.9040646657019,8.90888457205773,21.0037912395514,2.41453113006433e-15,3.25033036739428e-14,17.5230725492175
571,"Q92917|GPKOW_HUMAN","G-patch domain and KOW motifs-containing protein OS=Homo sapiens OX=9606 GN=GPKOW PE=1 SV=2",7.49014497042275,6.70192472441816,7.42052472891974,3.12205663589445e-07,8.19353650183615e-07,6.21620474380223
572,"Q9BQ52|RNZ2_HUMAN","Zinc phosphodiesterase ELAC protein 2 OS=Homo sapiens OX=9606 GN=ELAC2 PE=1 SV=2",9.27665909787177,7.59518178814267,8.38633254518681,3.65259766652393e-07,9.55982394025638e-07,5.90836923909835
573,"P46777|RL5_HUMAN","60S ribosomal protein L5 OS=Homo sapiens OX=9606 GN=RPL5 PE=1 SV=3",13.5776893680466,9.7456969232301,20.6998551537528,3.21409178792427e-15,3.97885960884516e-14,17.4130076334568
574,"P18583|SON_HUMAN","Protein SON OS=Homo sapiens OX=9606 GN=SON PE=1 SV=4",10.6158304709291,8.26476747467133,17.4557134991971,8.84919592606427e-14,6.00871328313006e-13,15.9929567288546
575,"P23284|PPIB_HUMAN","Peptidyl-prolyl cis-trans isomerase B OS=Homo sapiens OX=9606 GN=PPIB PE=1 SV=2",14.1697439080298,10.0417241932217,25.5190660384139,5.12953529098485e-17,6.61903413275164e-15,18.8242012635575
576,"P63010|AP2B1_HUMAN","AP-2 complex subunit beta OS=Homo sapiens OX=9606 GN=AP2B1 PE=1 SV=1",8.19103243225875,7.05236845533616,9.10836506924475,1.19350789261621e-08,3.41890281739019e-08,8.7475723199431
577,"Q99873|ANM1_HUMAN","Protein arginine N-methyltransferase 1 OS=Homo sapiens OX=9606 GN=PRMT1 PE=1 SV=3",10.7025202728503,8.30811237563193,18.8244851157726,2.05288811438667e-14,1.76814748107129e-13,16.6519561819789
577,"Q9NR22|ANM8_HUMAN","Protein arginine N-methyltransferase 8 OS=Homo sapiens OX=9606 GN=PRMT8 PE=1 SV=2",3.05117868766009,4.48244158303683,1.93977279594664,0.0662864910802868,0.0792063906452837,-4.24074972773161
578,"Q9NVI7|ATD3A_HUMAN","ATPase family AAA domain-containing protein 3A OS=Homo sapiens OX=9606 GN=ATAD3A PE=1 SV=2",9.89266975655073,7.90318711748215,14.5848053661708,2.70807053852999e-12,1.25012848601204e-11,14.240671828817
578,"Q5T2N8|ATD3C_HUMAN","ATPase family AAA domain-containing protein 3C OS=Homo sapiens OX=9606 GN=ATAD3C PE=2 SV=2",9.56447426041416,7.73908936941387,14.2905887888353,3.96836497038434e-12,1.77241358886075e-11,14.0267012847145
579,"O76094|SRP72_HUMAN","Signal recognition particle subunit SRP72 OS=Homo sapiens OX=9606 GN=SRP72 PE=1 SV=3",10.6048492396981,8.25927685905583,15.4142818257186,9.53712073667712e-13,4.85686704182631e-12,14.8064298093469
580,"O00170|AIP_HUMAN","AH receptor-interacting protein OS=Homo sapiens OX=9606 GN=AIP PE=1 SV=2",9.9684947298253,7.94109960411943,16.6820383650545,2.11470656354438e-13,1.25642288111819e-12,15.574677491418
581,"Q13347|EIF3I_HUMAN","Eukaryotic translation initiation factor 3 subunit I OS=Homo sapiens OX=9606 GN=EIF3I PE=1 SV=1",7.76992808182481,10.8574736865575,4.89618982850188,0.000351548735894298,0.00065542984658259,0.3886647798119
582,"P04040|CATA_HUMAN","Catalase OS=Homo sapiens OX=9606 GN=CAT PE=1 SV=3",5.13774770891573,11.2182202902371,2.77986887661877,0.0173059714457267,0.0241318326932444,-2.99553972784709
582,"#CONTAM#CATA_HUMAN|",">sp|CATA_HUMAN|",5.13774770891573,11.2182202902371,2.77986887661877,0.0173059714457267,0.0241318326932444,-2.99553972784709
583,"O14950|ML12B_HUMAN","Myosin regulatory light chain 12B OS=Homo sapiens OX=9606 GN=MYL12B PE=1 SV=2",10.9455642775448,9.2434574443957,13.9774810877062,2.71278568307918e-11,1.04967084219647e-10,12.473346803696
583,"P19105|ML12A_HUMAN","Myosin regulatory light chain 12A OS=Homo sapiens OX=9606 GN=MYL12A PE=1 SV=2",11.7593873439613,8.83654591118745,21.8962704429718,1.06500948522038e-15,1.85903000395942e-14,17.8274503590143
584,"Q7Z417|NUFP2_HUMAN","Nuclear fragile X mental retardation-interacting protein 2 OS=Homo sapiens OX=9606 GN=NUFIP2 PE=1 SV=1",9.44089115053654,7.67729781447506,10.9865322458127,4.78182617734575e-10,1.53034337346477e-09,11.0422461155618
585,"P22695|QCR2_HUMAN","Cytochrome b-c1 complex subunit 2, mitochondrial OS=Homo sapiens OX=9606 GN=UQCRC2 PE=1 SV=3",0.791784586350577,15.2801018186505,1.29221491604879,0.210655690170764,0.218604961497962,-5.13235770904072
586,"Q9NZB2|F120A_HUMAN","Constitutive coactivator of PPAR-gamma-like protein 1 OS=Homo sapiens OX=9606 GN=FAM120A PE=1 SV=2",8.4458378121952,7.17977114530439,10.168369466734,1.84729038119661e-09,5.64898170580376e-09,10.1047395574206
587,"P09525|ANXA4_HUMAN","Annexin A4 OS=Homo sapiens OX=9606 GN=ANXA4 PE=1 SV=4",-0.555043638390302,16.5871131385605,-0.75832638905167,0.4568832278952,0.467073931863122,-5.635643514352
588,"O60749|SNX2_HUMAN","Sorting nexin-2 OS=Homo sapiens OX=9606 GN=SNX2 PE=1 SV=2",7.8134402832573,6.86357238083543,5.93667911251605,8.23023365211888e-06,2.02210590687031e-05,3.51412400079749
589,"P80303|NUCB2_HUMAN","Nucleobindin-2 OS=Homo sapiens OX=9606 GN=NUCB2 PE=1 SV=3",11.2524039346141,8.58305420651385,11.6442308700154,1.00424021265389e-08,2.88962990935537e-08,8.16162820575057
590,"Q13153|PAK1_HUMAN","Serine/threonine-protein kinase PAK 1 OS=Homo sapiens OX=9606 GN=PAK1 PE=1 SV=2",9.00229174030704,7.4579981093603,13.5734350690804,1.03566955149126e-11,4.28284400992628e-11,13.4735521112361
591,"P62701|RS4X_HUMAN","40S ribosomal protein S4, X isoform OS=Homo sapiens OX=9606 GN=RPS4X PE=1 SV=2",11.6221146278558,8.76790955313468,15.4014311815734,2.30619043452757e-12,1.08146567270781e-11,14.0469950606319
591,"P22090|RS4Y1_HUMAN","40S ribosomal protein S4, Y isoform 1 OS=Homo sapiens OX=9606 GN=RPS4Y1 PE=1 SV=2",8.32907903626791,7.12139175734074,7.87474711544161,1.24984728741938e-07,3.35091368841547e-07,6.94461650986573
591,"Q8TD47|RS4Y2_HUMAN","40S ribosomal protein S4, Y isoform 2 OS=Homo sapiens OX=9606 GN=RPS4Y2 PE=2 SV=3",7.91023570613394,6.91197009227375,5.83298403186521,1.40387670318819e-05,3.30778782574942e-05,3.06459008948582
592,"P52292|IMA1_HUMAN","Importin subunit alpha-1 OS=Homo sapiens OX=9606 GN=KPNA2 PE=1 SV=1",11.08053354758,8.4971190129968,15.2174316996348,1.21642813224683e-12,6.07425202224422e-12,14.6769737777321
593,"Q96K76|UBP47_HUMAN","Ubiquitin carboxyl-terminal hydrolase 47 OS=Homo sapiens OX=9606 GN=USP47 PE=1 SV=3",4.85739743293193,6.35714144375462,3.02744462010513,0.00652399225280858,0.00960511287698395,-2.27860958678172
594,"Q13409|DC1I2_HUMAN","Cytoplasmic dynein 1 intermediate chain 2 OS=Homo sapiens OX=9606 GN=DYNC1I2 PE=1 SV=3",10.7408725014016,8.32728848990757,16.7429528445983,1.97202215153353e-13,1.18629457553189e-12,15.6089205900076
595,"P08473|NEP_HUMAN","Neprilysin OS=Homo sapiens OX=9606 GN=MME PE=1 SV=2",7.49489302568696,6.70429875205026,5.46972310244161,2.16370477917822e-05,4.91460967541956e-05,2.69104018807126
596,"Q9BS26|ERP44_HUMAN","Endoplasmic reticulum resident protein 44 OS=Homo sapiens OX=9606 GN=ERP44 PE=1 SV=1",10.307095356748,8.11039991758078,15.8038692805054,5.93777205534221e-13,3.14448726452098e-12,15.0542726427
597,"Q16658|FSCN1_HUMAN","Fascin OS=Homo sapiens OX=9606 GN=FSCN1 PE=1 SV=3",3.90469086930754,11.0864340877018,2.2598203893742,0.0436229522437456,0.0531314033971593,-3.80640985110865
598,"P50416|CPT1A_HUMAN","Carnitine O-palmitoyltransferase 1, liver isoform OS=Homo sapiens OX=9606 GN=CPT1A PE=1 SV=2",9.73843712230704,7.8260708003603,15.9557803866757,4.94938752082785e-13,2.65022836650726e-12,15.1479973431432
599,"Q8N7H5|PAF1_HUMAN","RNA polymerase II-associated factor 1 homolog OS=Homo sapiens OX=9606 GN=PAF1 PE=1 SV=2",10.3960983512394,8.15490141482648,16.9709475684393,1.52126931868232e-13,9.41621684393395e-13,15.7350582502036
600,"P31930|QCR1_HUMAN","Cytochrome b-c1 complex subunit 1, mitochondrial OS=Homo sapiens OX=9606 GN=UQCRC1 PE=1 SV=3",10.616781505562,8.26524299198777,16.1555378369427,3.90438119185866e-13,2.1352084642977e-12,15.2688307594083
601,"P15374|UCHL3_HUMAN","Ubiquitin carboxyl-terminal hydrolase isozyme L3 OS=Homo sapiens OX=9606 GN=UCHL3 PE=1 SV=1",12.7244819179266,9.3190931981701,25.0650896060946,7.33145948773881e-17,6.61903413275164e-15,18.7171397662553
602,"Q96HE7|ERO1A_HUMAN","ERO1-like protein alpha OS=Homo sapiens OX=9606 GN=ERO1A PE=1 SV=2",10.129512295041,8.0216083867273,16.6406680724658,2.21773400262983e-13,1.31358090924997e-12,15.5512888996548
602,"Q86YB8|ERO1B_HUMAN","ERO1-like protein beta OS=Homo sapiens OX=9606 GN=ERO1B PE=1 SV=2",2.42567158014953,4.16968802928155,1.79541034131331,0.0873411897668789,0.1014063873952,-4.46227923580531
603,"P98175|RBM10_HUMAN","RNA-binding protein 10 OS=Homo sapiens OX=9606 GN=RBM10 PE=1 SV=3",8.43237335746058,7.17303891793707,11.2727621791153,3.03148345675979e-10,9.9244994120112e-10,11.3493266698438
604,"O14497|ARI1A_HUMAN","AT-rich interactive domain-containing protein 1A OS=Homo sapiens OX=9606 GN=ARID1A PE=1 SV=3",5.05878360954978,7.32404447192476,2.30086017127887,0.0421006028865437,0.051505345126531,-3.75943287051092
605,"P55809|SCOT1_HUMAN","Succinyl-CoA:3-ketoacid coenzyme A transferase 1, mitochondrial OS=Homo sapiens OX=9606 GN=OXCT1 PE=1 SV=1",11.2903391807353,8.60202182957443,19.9250298867506,6.78316677179678e-15,7.04709000982041e-14,17.1164407899226
605,"Q9BYC2|SCOT2_HUMAN","Succinyl-CoA:3-ketoacid coenzyme A transferase 2, mitochondrial OS=Homo sapiens OX=9606 GN=OXCT2 PE=2 SV=2",8.02039353909833,6.96704900875595,6.13430577029405,7.03868101316149e-06,1.74269594216539e-05,3.64406747041744
606,"O60216|RAD21_HUMAN","Double-strand-break repair protein rad21 homolog OS=Homo sapiens OX=9606 GN=RAD21 PE=1 SV=2",9.06649760055832,7.49010103948594,11.2171087124929,3.31017823151552e-10,1.07910128631116e-09,11.2904335876114
607,"P04899|GNAI2_HUMAN","Guanine nucleotide-binding protein G(i) subunit alpha-2 OS=Homo sapiens OX=9606 GN=GNAI2 PE=1 SV=3",10.3392298030161,8.12646714071485,19.5870245888805,9.47404887967851e-15,9.20813317272248e-14,16.9794405741606
608,"O43719|HTSF1_HUMAN","HIV Tat-specific factor 1 OS=Homo sapiens OX=9606 GN=HTATSF1 PE=1 SV=1",11.120733677222,8.51721907781779,7.59547798624064,9.67021538410009e-06,2.35337100055533e-05,3.24122725981926
609,"O14579|COPE_HUMAN","Coatomer subunit epsilon OS=Homo sapiens OX=9606 GN=COPE PE=1 SV=3",10.8520432405818,8.38287385949769,20.1731614964606,5.32505680166072e-15,5.85756248182679e-14,17.2139994446063
610,"P11387|TOP1_HUMAN","DNA topoisomerase 1 OS=Homo sapiens OX=9606 GN=TOP1 PE=1 SV=2",10.558067915888,9.47291654596654,8.79927699324946,1.10456280053116e-06,2.84643024233263e-06,4.86923208941857
611,"P60228|EIF3E_HUMAN","Eukaryotic translation initiation factor 3 subunit E OS=Homo sapiens OX=9606 GN=EIF3E PE=1 SV=1",8.23123189205547,10.2256673021304,4.09561870215343,0.00182968381688843,0.003110058584998,-1.0013096372706
612,"Q9UHD1|CHRD1_HUMAN","Cysteine and histidine-rich domain-containing protein 1 OS=Homo sapiens OX=9606 GN=CHORDC1 PE=1 SV=2",10.0737455674854,7.9937250229495,9.32625736428167,2.14773211288577e-07,5.68691102793e-07,6.159028098834
613,"O60814|H2B1K_HUMAN","Histone H2B type 1-K OS=Homo sapiens OX=9606 GN=H2BC12 PE=1 SV=3",7.08267721061145,14.3329711011735,12.1509395099665,7.88477721275779e-11,2.81338204533063e-10,12.2289278734099
613,"P58876|H2B1D_HUMAN","Histone H2B type 1-D OS=Homo sapiens OX=9606 GN=H2BC5 PE=1 SV=2",7.08267721061145,14.3329711011735,12.1509395099665,7.88477721275779e-11,2.81338204533063e-10,12.2289278734099
613,"Q5QNW6|H2B2F_HUMAN","Histone H2B type 2-F OS=Homo sapiens OX=9606 GN=H2BC18 PE=1 SV=3",7.08267721061145,14.3329711011735,12.1509395099665,7.88477721275779e-11,2.81338204533063e-10,12.2289278734099
613,"Q99879|H2B1M_HUMAN","Histone H2B type 1-M OS=Homo sapiens OX=9606 GN=H2BC14 PE=1 SV=3",7.08267721061145,14.3329711011735,12.1509395099665,7.88477721275779e-11,2.81338204533063e-10,12.2289278734099
613,"Q99877|H2B1N_HUMAN","Histone H2B type 1-N OS=Homo sapiens OX=9606 GN=H2BC15 PE=1 SV=3",7.08267721061145,14.3329711011735,12.1509395099665,7.88477721275779e-11,2.81338204533063e-10,12.2289278734099
613,"P57053|H2BFS_HUMAN","Histone H2B type F-S OS=Homo sapiens OX=9606 GN=H2BS1 PE=1 SV=2",7.08267721061145,14.3329711011735,12.1509395099665,7.88477721275779e-11,2.81338204533063e-10,12.2289278734099
613,"P62807|H2B1C_HUMAN","Histone H2B type 1-C/E/F/G/I OS=Homo sapiens OX=9606 GN=H2BC4 PE=1 SV=4",7.08267721061145,14.3329711011735,12.1509395099665,7.88477721275779e-11,2.81338204533063e-10,12.2289278734099
613,"Q93079|H2B1H_HUMAN","Histone H2B type 1-H OS=Homo sapiens OX=9606 GN=H2BC9 PE=1 SV=3",7.08267721061145,14.3329711011735,12.1509395099665,7.88477721275779e-11,2.81338204533063e-10,12.2289278734099
613,"Q99880|H2B1L_HUMAN","Histone H2B type 1-L OS=Homo sapiens OX=9606 GN=H2BC13 PE=1 SV=3",7.08267721061145,14.3329711011735,12.1509395099665,7.88477721275779e-11,2.81338204533063e-10,12.2289278734099
614,"Q05682|CALD1_HUMAN","Caldesmon OS=Homo sapiens OX=9606 GN=CALD1 PE=1 SV=3",8.77546006850814,7.34458227346085,12.5929790529611,4.11639015246882e-11,1.5491790896388e-10,12.6382474760769
615,"Q9BUJ2|HNRL1_HUMAN","Heterogeneous nuclear ribonucleoprotein U-like protein 1 OS=Homo sapiens OX=9606 GN=HNRNPUL1 PE=1 SV=2",10.428948334095,8.17132640625429,17.0202901761406,1.43876001215366e-13,9.02154079282016e-13,15.7619414295574
616,"Q14669|TRIPC_HUMAN","E3 ubiquitin-protein ligase TRIP12 OS=Homo sapiens OX=9606 GN=TRIP12 PE=1 SV=1",7.00642219477494,6.46006333659425,5.12237311654536,4.81926093120622e-05,0.000103135934325425,2.00262292667361
617,"Q13620|CUL4B_HUMAN","Cullin-4B OS=Homo sapiens OX=9606 GN=CUL4B PE=1 SV=4",8.39349350325691,7.15359899083524,7.63589082522867,2.0157122231221e-07,5.36686864385898e-07,6.56600346591081
618,"Q13011|ECH1_HUMAN","Delta(3,5)-Delta(2,4)-dienoyl-CoA isomerase, mitochondrial OS=Homo sapiens OX=9606 GN=ECH1 PE=1 SV=2",10.0155022147867,9.61041415325611,10.417134411566,2.25569164559715e-08,6.32513680666353e-08,7.82667649940987
619,"P60660|MYL6_HUMAN","Myosin light polypeptide 6 OS=Homo sapiens OX=9606 GN=MYL6 PE=1 SV=2",14.0281062511687,9.97090536479115,24.1526168040958,1.53145858645865e-16,6.81558704691339e-15,18.4878474813014
619,"P08590|MYL3_HUMAN","Myosin light chain 3 OS=Homo sapiens OX=9606 GN=MYL3 PE=1 SV=3",11.8664644940015,8.89008448620753,25.1118293715792,7.06478837039269e-17,6.61903413275164e-15,18.7283698287013
619,"P05976|MYL1_HUMAN","Myosin light chain 1/3, skeletal muscle isoform OS=Homo sapiens OX=9606 GN=MYL1 PE=1 SV=3",11.8664644940015,8.89008448620753,25.1118293715792,7.06478837039269e-17,6.61903413275164e-15,18.7283698287013
620,"Q99623|PHB2_HUMAN","Prohibitin-2 OS=Homo sapiens OX=9606 GN=PHB2 PE=1 SV=2",13.1052286590131,9.50946656871333,25.1209078696558,7.01418040352258e-17,6.61903413275164e-15,18.7305454937423
621,"Q8N392|RHG18_HUMAN","Rho GTPase-activating protein 18 OS=Homo sapiens OX=9606 GN=ARHGAP18 PE=1 SV=3",10.7065954333864,8.31014995589996,18.5930497377222,2.61040397099484e-14,2.18955452904796e-13,16.5472235000635
622,"Q9BZF1|OSBL8_HUMAN","Oxysterol-binding protein-related protein 8 OS=Homo sapiens OX=9606 GN=OSBPL8 PE=1 SV=3",7.80664161446676,6.86017304644016,6.02232743278262,6.20894048415084e-06,1.54421323410728e-05,3.75205193586516
623,"P30086|PEBP1_HUMAN","Phosphatidylethanolamine-binding protein 1 OS=Homo sapiens OX=9606 GN=PEBP1 PE=1 SV=3",12.7119068462215,9.31280566231753,22.5755572689206,5.8294314159618e-16,1.26086016581196e-14,18.041687127115
624,"Q9Y6M1|IF2B2_HUMAN","Insulin-like growth factor 2 mRNA-binding protein 2 OS=Homo sapiens OX=9606 GN=IGF2BP2 PE=1 SV=2",8.9024891253001,7.40809680185683,12.8346947880211,2.90682884646204e-11,1.12024935524313e-10,12.8532018723818
625,"P15880|RS2_HUMAN","40S ribosomal protein S2 OS=Homo sapiens OX=9606 GN=RPS2 PE=1 SV=2",11.594326373619,8.75401542601629,15.988412468338,4.76047419711123e-13,2.56203528785219e-12,15.1679221887406
626,"Q8N6T3|ARFG1_HUMAN","ADP-ribosylation factor GTPase-activating protein 1 OS=Homo sapiens OX=9606 GN=ARFGAP1 PE=1 SV=2",9.74329530985718,7.82849989413537,16.7388184999492,1.98138034738612e-13,1.19006463922567e-12,15.606603772876
627,"P51610|HCFC1_HUMAN","Host cell factor 1 OS=Homo sapiens OX=9606 GN=HCFC1 PE=1 SV=2",8.03220764324291,6.97295606082824,5.56383685943439,3.96205944106418e-05,8.6131726979656e-05,2.19598194576162
628,"Q99733|NP1L4_HUMAN","Nucleosome assembly protein 1-like 4 OS=Homo sapiens OX=9606 GN=NAP1L4 PE=1 SV=1",12.1976358182336,9.05567014832361,22.18319858575,8.23945246908581e-16,1.53381966976201e-14,17.9196941738931
629,"P46459|NSF_HUMAN","Vesicle-fusing ATPase OS=Homo sapiens OX=9606 GN=NSF PE=1 SV=3",10.763222823222,8.33846365081779,20.634022621035,3.42125073303139e-15,4.15514678932835e-14,17.3887158988365
630,"Q96I24|FUBP3_HUMAN","Far upstream element-binding protein 3 OS=Homo sapiens OX=9606 GN=FUBP3 PE=1 SV=2",9.70250844254124,7.8081064604774,13.2445974062916,1.6302565027717e-11,6.49739910524955e-11,13.2040371543765
631,"Q9NXV6|CARF_HUMAN","CDKN2A-interacting protein OS=Homo sapiens OX=9606 GN=CDKN2AIP PE=1 SV=3",5.34200324073575,5.62785385957466,3.46890048697544,0.00235605319699675,0.00387972831840782,-1.39074335123639
632,"O75821|EIF3G_HUMAN","Eukaryotic translation initiation factor 3 subunit G OS=Homo sapiens OX=9606 GN=EIF3G PE=1 SV=2",10.4985392341443,8.20612185627892,17.5994888890112,7.55474425308815e-14,5.26916039391112e-13,16.0668509241816
633,"O00116|ADAS_HUMAN","Alkyldihydroxyacetonephosphate synthase, peroxisomal OS=Homo sapiens OX=9606 GN=AGPS PE=1 SV=1",10.6479073888589,8.28080593363623,16.0256519943583,4.55406019569199e-13,2.45906476204967e-12,15.1905712074975
634,"P45973|CBX5_HUMAN","Chromobox protein homolog 5 OS=Homo sapiens OX=9606 GN=CBX5 PE=1 SV=1",11.8411150692187,8.87740977381616,21.0704479764475,2.26886511383019e-15,3.16479468067679e-14,17.5467609060259
636,"Q13045|FLII_HUMAN","Protein flightless-1 homolog OS=Homo sapiens OX=9606 GN=FLII PE=1 SV=2",10.3227167208378,8.11821059962569,17.4884873210404,8.53499874701829e-14,5.85735208128706e-13,16.0099031758713
637,"O00515|LAD1_HUMAN","Ladinin-1 OS=Homo sapiens OX=9606 GN=LAD1 PE=1 SV=2",9.94990762380795,7.93180605111076,17.1535633307721,1.23846096797069e-13,7.90725493646293e-13,15.8338262577862
638,"P49006|MRP_HUMAN","MARCKS-related protein OS=Homo sapiens OX=9606 GN=MARCKSL1 PE=1 SV=2",11.2768300139828,8.59526724619816,24.9589542623277,7.97691600618804e-17,6.61903413275164e-15,18.6914582352472
639,"P62140|PP1B_HUMAN","Serine/threonine-protein phosphatase PP1-beta catalytic subunit OS=Homo sapiens OX=9606 GN=PPP1CB PE=1 SV=3",8.02365686773232,6.96868067307294,9.95070383555274,2.680340074824e-09,8.08089999065966e-09,9.83965864412142
640,"Q9HC38|GLOD4_HUMAN","Glyoxalase domain-containing protein 4 OS=Homo sapiens OX=9606 GN=GLOD4 PE=1 SV=1",11.7279830495367,8.82084376397515,20.7067580168095,3.19314380913117e-15,3.97851251299515e-14,17.4155453097258
641,"P45880|VDAC2_HUMAN","Voltage-dependent anion-selective channel protein 2 OS=Homo sapiens OX=9606 GN=VDAC2 PE=1 SV=2",11.8321906860089,8.87294758221126,22.5893677129121,5.75944973446335e-16,1.2596502225269e-14,18.0458962635851
642,"P61289|PSME3_HUMAN","Proteasome activator complex subunit 3 OS=Homo sapiens OX=9606 GN=PSME3 PE=1 SV=1",12.4654464886986,9.18957548355606,23.8933224770518,1.8970542416409e-16,6.91554695644174e-15,18.4190308206813
643,"P13798|ACPH_HUMAN","Acylamino-acid-releasing enzyme OS=Homo sapiens OX=9606 GN=APEH PE=1 SV=4",11.3114732745752,8.61258887649436,20.2326265877554,5.02700515921003e-15,5.60984633708945e-14,17.2370105939292
644,"P30040|ERP29_HUMAN","Endoplasmic reticulum resident protein 29 OS=Homo sapiens OX=9606 GN=ERP29 PE=1 SV=4",12.6729293463834,9.29331691239848,24.5548740092437,1.10331770090214e-16,6.61903413275164e-15,18.5913380971962
645,"P48735|IDHP_HUMAN","Isocitrate dehydrogenase [NADP], mitochondrial OS=Homo sapiens OX=9606 GN=IDH2 PE=1 SV=2",10.9500119688361,8.43185822362485,18.1590621078265,4.12605378390813e-14,3.21054657798497e-13,16.343708002
646,"P68400|CSK21_HUMAN","Casein kinase II subunit alpha OS=Homo sapiens OX=9606 GN=CSNK2A1 PE=1 SV=1",10.1954024972218,8.05455348781766,12.8055446991288,3.55139514916303e-11,1.35778265385081e-10,12.6875056217409
646,"Q8NEV1|CSK23_HUMAN","Casein kinase II subunit alpha 3 OS=Homo sapiens OX=9606 GN=CSNK2A3 PE=1 SV=2",9.82438372850608,7.86904410345982,12.9660346754887,2.41133211357373e-11,9.4154448653741e-11,12.9674604454341
647,"Q14157|UBP2L_HUMAN","Ubiquitin-associated protein 2-like OS=Homo sapiens OX=9606 GN=UBAP2L PE=1 SV=2",9.10513911095934,7.50942179468645,9.37108549729938,1.12824682889579e-08,3.24160469496178e-08,8.7281769982612
648,"P49591|SYSC_HUMAN","Serine--tRNA ligase, cytoplasmic OS=Homo sapiens OX=9606 GN=SARS1 PE=1 SV=3",10.6724112520007,8.29305786520715,17.5968479078244,7.576645127653e-14,5.27487951925209e-13,16.0655039939426
649,"Q10713|MPPA_HUMAN","Mitochondrial-processing peptidase subunit alpha OS=Homo sapiens OX=9606 GN=PMPCA PE=1 SV=2",9.46777126950054,7.69073787395705,14.6389521928737,2.5259354170868e-12,1.17449895601258e-11,14.2792661227744
650,"P55263|ADK_HUMAN","Adenosine kinase OS=Homo sapiens OX=9606 GN=ADK PE=1 SV=2",11.1826187898125,8.54816163411302,17.0816238661056,1.34267435019676e-13,8.51613879449349e-13,15.7951545588422
651,"Q07065|CKAP4_HUMAN","Cytoskeleton-associated protein 4 OS=Homo sapiens OX=9606 GN=CKAP4 PE=1 SV=2",4.15180961837395,9.98019106196811,2.03825820645284,0.0669810727416064,0.0799371140902618,-4.15313589035963
652,"P08621|RU17_HUMAN","U1 small nuclear ribonucleoprotein 70 kDa OS=Homo sapiens OX=9606 GN=SNRNP70 PE=1 SV=2",10.8951417952677,8.40442313684064,18.0826749537753,4.4768001246436e-14,3.42632381991076e-13,16.3068945713897
653,"P36873|PP1G_HUMAN","Serine/threonine-protein phosphatase PP1-gamma catalytic subunit OS=Homo sapiens OX=9606 GN=PPP1CC PE=1 SV=1",4.96160279154518,5.43765363497937,3.25183694276463,0.00390057078167568,0.00603585108900778,-1.83107192110531
654,"O14776|TCRG1_HUMAN","Transcription elongation regulator 1 OS=Homo sapiens OX=9606 GN=TCERG1 PE=1 SV=2",8.32696107149487,7.12033277495422,9.55290918644338,5.36862318708452e-09,1.57900681973074e-08,9.33731149689049
655,"Q96A33|CCD47_HUMAN","Coiled-coil domain-containing protein 47 OS=Homo sapiens OX=9606 GN=CCDC47 PE=1 SV=1",10.1378074913211,8.02575598486731,13.8117288138486,7.49613138416522e-12,3.20311940388858e-11,13.6624900723649
656,"O00148|DX39A_HUMAN","ATP-dependent RNA helicase DDX39A OS=Homo sapiens OX=9606 GN=DDX39A PE=1 SV=2",9.48673301538848,7.70021874690102,8.8714324224415,1.92378403473773e-07,5.12565296452613e-07,6.36109501207874
657,"Q07866|KLC1_HUMAN","Kinesin light chain 1 OS=Homo sapiens OX=9606 GN=KLC1 PE=1 SV=2",10.5530176359687,8.23336105719111,11.4224087470549,4.77354340362602e-09,1.41153165160984e-08,8.87445254347977
658,"P33316|DUT_HUMAN","Deoxyuridine 5'-triphosphate nucleotidohydrolase, mitochondrial OS=Homo sapiens OX=9606 GN=DUT PE=1 SV=4",11.7322975435292,8.82300101097136,17.9481106323571,5.17262258769067e-14,3.85195299083348e-13,16.2413010815545
659,"P43034|LIS1_HUMAN","Platelet-activating factor acetylhydrolase IB subunit alpha OS=Homo sapiens OX=9606 GN=PAFAH1B1 PE=1 SV=2",10.4815683599845,8.19763641919901,17.3251693215514,1.02258538147182e-13,6.78785123908019e-13,15.9248501187937
660,"P47755|CAZA2_HUMAN","F-actin-capping protein subunit alpha-2 OS=Homo sapiens OX=9606 GN=CAPZA2 PE=1 SV=3",9.93682971048209,7.92526709444783,16.3373826568056,3.15310367181059e-13,1.76702316396954e-12,15.3765017822971
661,"P60981|DEST_HUMAN","Destrin OS=Homo sapiens OX=9606 GN=DSTN PE=1 SV=3",12.9009222510566,9.4073133647351,21.4618139462969,1.58016784178426e-15,2.46301465217385e-14,17.6826780573765
662,"Q00688|FKBP3_HUMAN","Peptidyl-prolyl cis-trans isomerase FKBP3 OS=Homo sapiens OX=9606 GN=FKBP3 PE=1 SV=1",10.4346966131066,8.17420054576007,12.6941767136213,1.195804072581e-10,4.14387549904307e-10,11.6607028148613
663,"Q9H2G2|SLK_HUMAN","STE20-like serine/threonine-protein kinase OS=Homo sapiens OX=9606 GN=SLK PE=1 SV=1",0.803952241931075,11.4424971507268,0.98935345936934,0.334021216066684,0.343753456791429,-5.44682183431428
664,"P62136|PP1A_HUMAN","Serine/threonine-protein phosphatase PP1-alpha catalytic subunit OS=Homo sapiens OX=9606 GN=PPP1CA PE=1 SV=1",4.95009222429699,5.43189835135528,3.36650999110814,0.00299060046182186,0.00475974029682272,-1.59920478054832
665,"Q06323|PSME1_HUMAN","Proteasome activator complex subunit 1 OS=Homo sapiens OX=9606 GN=PSME1 PE=1 SV=1",12.0046759893782,8.95919023389591,24.6685884709523,1.00656134316305e-16,6.61903413275164e-15,18.6198947976867
666,"P14923|PLAK_HUMAN","Junction plakoglobin OS=Homo sapiens OX=9606 GN=JUP PE=1 SV=3",7.05418195340807,6.48394321591082,5.04128542499422,5.81877063916613e-05,0.000122819446056961,1.83983684405894
667,"Q14498|RBM39_HUMAN","RNA-binding protein 39 OS=Homo sapiens OX=9606 GN=RBM39 PE=1 SV=2",10.870170612333,8.39193754537327,18.589792315202,2.619296099384e-14,2.1922369527453e-13,16.5457308963268
668,"Q9NTK5|OLA1_HUMAN","Obg-like ATPase 1 OS=Homo sapiens OX=9606 GN=OLA1 PE=1 SV=2",11.9741960623821,8.94395027039785,20.4231633067288,4.18412812672994e-15,4.91124795363118e-14,17.3098014327818
669,"P49419|AL7A1_HUMAN","Alpha-aminoadipic semialdehyde dehydrogenase OS=Homo sapiens OX=9606 GN=ALDH7A1 PE=1 SV=5",10.0892256875772,8.00146508299538,13.0835812485697,2.04253391045305e-11,8.04064985198799e-11,13.0682342372781
670,"A5YKK6|CNOT1_HUMAN","CCR4-NOT transcription complex subunit 1 OS=Homo sapiens OX=9606 GN=CNOT1 PE=1 SV=2",8.07883090094872,6.99626768968114,5.97606875314987,1.30830053748171e-05,3.1015745500644e-05,3.12399684502248
672,"P48444|COPD_HUMAN","Coatomer subunit delta OS=Homo sapiens OX=9606 GN=ARCN1 PE=1 SV=1",11.2984271932387,8.60606583582613,20.9734250777729,2.48410510045772e-15,3.30927496081738e-14,17.5122279895811
673,"Q9BZZ5|API5_HUMAN","Apoptosis inhibitor 5 OS=Homo sapiens OX=9606 GN=API5 PE=1 SV=3",12.3100415333132,9.1118730058634,24.2997481818609,1.35757217527118e-16,6.81558704691339e-15,18.526154403561
674,"P39748|FEN1_HUMAN","Flap endonuclease 1 OS=Homo sapiens OX=9606 GN=FEN1 PE=1 SV=1",12.4098024966527,9.16175348753314,23.287132666565,3.15621991238916e-16,8.86966909686005e-15,18.2513756702423
675,"Q9BUQ8|DDX23_HUMAN","Probable ATP-dependent RNA helicase DDX23 OS=Homo sapiens OX=9606 GN=DDX23 PE=1 SV=3",11.927737943864,8.92072121113878,23.2005087901913,3.39779522963832e-16,9.08438307924134e-15,18.2266136441105
676,"Q9BYT8|NEUL_HUMAN","Neurolysin, mitochondrial OS=Homo sapiens OX=9606 GN=NLN PE=1 SV=1",9.78032969802879,7.84701708822118,11.5603311265012,3.046785673411e-10,9.96612136162476e-10,11.2444121657422
677,"P54920|SNAA_HUMAN","Alpha-soluble NSF attachment protein OS=Homo sapiens OX=9606 GN=NAPA PE=1 SV=3",8.89275998580877,7.40323223211117,5.60943308462414,0.000104479958827291,0.000211598022874841,1.40542646325476
677,"Q9H115|SNAB_HUMAN","Beta-soluble NSF attachment protein OS=Homo sapiens OX=9606 GN=NAPB PE=1 SV=2",6.05736850467935,5.98553649154646,4.4059798978125,0.000258542405963629,0.000492279061800184,0.543457666887758
678,"Q7Z5L9|I2BP2_HUMAN","Interferon regulatory factor 2-binding protein 2 OS=Homo sapiens OX=9606 GN=IRF2BP2 PE=1 SV=2",8.95150272676034,7.43260360258695,11.8326524513333,1.27341521792827e-10,4.39305429124001e-10,11.9206566780206
679,"O95573|ACSL3_HUMAN","Long-chain-fatty-acid--CoA ligase 3 OS=Homo sapiens OX=9606 GN=ACSL3 PE=1 SV=3",9.69470693346211,7.80420570593784,14.4512096172345,3.21859687881168e-12,1.46994044880486e-11,14.1444131037683
680,"P38117|ETFB_HUMAN","Electron transfer flavoprotein subunit beta OS=Homo sapiens OX=9606 GN=ETFB PE=1 SV=3",11.4727753140022,8.69323989620788,21.3151752384177,1.80824768510932e-15,2.69835410374841e-14,17.6323777445928
681,"Q9BZK7|TBL1R_HUMAN","F-box-like/WD repeat-containing protein TBL1XR1 OS=Homo sapiens OX=9606 GN=TBL1XR1 PE=1 SV=1",8.85838783341691,7.38604615591524,10.8068347401321,6.39412007545209e-10,2.02445413573113e-09,10.8440578535239
681,"O60907|TBL1X_HUMAN","F-box-like/WD repeat-containing protein TBL1X OS=Homo sapiens OX=9606 GN=TBL1X PE=1 SV=3",8.64636292411443,7.280033701264,10.4908356020944,1.07489231021226e-09,3.35359432278541e-09,10.4851292467157
681,"Q9BQ87|TBL1Y_HUMAN","F-box-like/WD repeat-containing protein TBL1Y OS=Homo sapiens OX=9606 GN=TBL1Y PE=1 SV=1",8.08540391688398,6.99955419764877,9.42982919711535,6.68146283970304e-09,1.94875999491339e-08,9.17707770051281
682,"P57740|NU107_HUMAN","Nuclear pore complex protein Nup107 OS=Homo sapiens OX=9606 GN=NUP107 PE=1 SV=1",8.45402157714905,7.18386302778131,5.71769190172428,5.08174409988963e-05,0.000108391771659696,1.9957459354654
683,"P07858|CATB_HUMAN","Cathepsin B OS=Homo sapiens OX=9606 GN=CTSB PE=1 SV=3",0.88620366419912,7.95567713594624,0.417409105776513,0.684683355014914,0.693874945198057,-5.82369714368722
684,"O60341|KDM1A_HUMAN","Lysine-specific histone demethylase 1A OS=Homo sapiens OX=9606 GN=KDM1A PE=1 SV=2",8.6800187141474,7.29686159628049,10.8342129883067,6.11587045117139e-10,1.93954705411943e-09,10.8745269090045
685,"P40925|MDHC_HUMAN","Malate dehydrogenase, cytoplasmic OS=Homo sapiens OX=9606 GN=MDH1 PE=1 SV=4",13.0577599814935,9.48573222995352,26.9133032367899,1.77609017106713e-17,6.61903413275164e-15,19.1267601122426
686,"O60664|PLIN3_HUMAN","Perilipin-3 OS=Homo sapiens OX=9606 GN=PLIN3 PE=1 SV=3",10.6116441194485,8.26267429893101,19.6579319386081,8.82894727151131e-15,8.73816118131582e-14,17.008581750645
687,"Q96GQ7|DDX27_HUMAN","Probable ATP-dependent RNA helicase DDX27 OS=Homo sapiens OX=9606 GN=DDX27 PE=1 SV=2",10.9843796928363,8.44904208562493,19.0973691670185,1.55167933060786e-14,1.38286236639821e-13,16.7721856119372
688,"Q99590|SCAFB_HUMAN","Protein SCAF11 OS=Homo sapiens OX=9606 GN=SCAF11 PE=1 SV=2",6.98902512314271,7.57366146068114,5.48569522561853,8.75521741434082e-05,0.000179295675772405,1.54449141967039
689,"Q9UHB6|LIMA1_HUMAN","LIM domain and actin-binding protein 1 OS=Homo sapiens OX=9606 GN=LIMA1 PE=1 SV=1",10.8988572747016,8.40628087655759,21.5326907170782,1.48092423168558e-15,2.34632028476933e-14,17.7067266009901
690,"P15170|ERF3A_HUMAN","Eukaryotic peptide chain release factor GTP-binding subunit ERF3A OS=Homo sapiens OX=9606 GN=GSPT1 PE=1 SV=1",10.0037803586004,7.95874241850696,18.373699536288,3.28607895254306e-14,2.65228594702113e-13,16.4455440849949
691,"Q5VTR2|BRE1A_HUMAN","E3 ubiquitin-protein ligase BRE1A OS=Homo sapiens OX=9606 GN=RNF20 PE=1 SV=2",5.05168685485751,8.56853257485739,2.70249946938057,0.0210509882506102,0.028612873312329,-3.14844585302404
692,"P32119|PRDX2_HUMAN","Peroxiredoxin-2 OS=Homo sapiens OX=9606 GN=PRDX2 PE=1 SV=5",11.7203810345741,8.81704275649385,20.0998020816534,5.71842564378787e-15,6.18425245184925e-14,17.1854165305068
693,"P25786|PSA1_HUMAN","Proteasome subunit alpha type-1 OS=Homo sapiens OX=9606 GN=PSMA1 PE=1 SV=1",14.4620413456959,10.1878729120548,23.9994656110292,1.73742810233638e-16,6.81558704691339e-15,18.4474051956026
694,"Q5T8P6|RBM26_HUMAN","RNA-binding protein 26 OS=Homo sapiens OX=9606 GN=RBM26 PE=1 SV=3",9.87964425192485,7.89667436516921,13.7153911215911,8.53793837283775e-12,3.60428319467383e-11,13.5867373258933
695,"O75179|ANR17_HUMAN","Ankyrin repeat domain-containing protein 17 OS=Homo sapiens OX=9606 GN=ANKRD17 PE=1 SV=3",4.9656212378148,5.43966285811418,3.32625944844076,0.00328348179031353,0.00514924842880126,-1.6807992178322
696,"Q14978|NOLC1_HUMAN","Nucleolar and coiled-body phosphoprotein 1 OS=Homo sapiens OX=9606 GN=NOLC1 PE=1 SV=2",11.926024598165,8.91986453828929,17.9029137261752,5.43098028995696e-14,3.99031948785006e-13,16.2190549189617
697,"P17812|PYRG1_HUMAN","CTP synthase 1 OS=Homo sapiens OX=9606 GN=CTPS1 PE=1 SV=2",7.58981529502609,6.75175988671983,5.72158611443491,1.21972872599552e-05,2.91493208881611e-05,3.18018562323836
698,"P28066|PSA5_HUMAN","Proteasome subunit alpha type-5 OS=Homo sapiens OX=9606 GN=PSMA5 PE=1 SV=3",12.5976491873324,9.25567683287299,24.5989675583679,1.06469194863433e-16,6.61903413275164e-15,18.602447099571
699,"Q9ULV4|COR1C_HUMAN","Coronin-1C OS=Homo sapiens OX=9606 GN=CORO1C PE=1 SV=1",11.1599035589267,8.53680401867015,21.7495719082009,1.21579043221262e-15,2.0419229063148e-14,17.7792656323137
700,"Q13596|SNX1_HUMAN","Sorting nexin-1 OS=Homo sapiens OX=9606 GN=SNX1 PE=1 SV=3",10.4549134652967,8.18430897185513,17.7667370469444,6.29422261540912e-14,4.52948730267759e-13,16.1513658205576
701,"P09622|DLDH_HUMAN","Dihydrolipoyl dehydrogenase, mitochondrial OS=Homo sapiens OX=9606 GN=DLD PE=1 SV=2",12.4547418129904,9.18422314570197,25.1926076620308,6.62758872432805e-17,6.61903413275164e-15,18.7476646112401
702,"P40222|TXLNA_HUMAN","Alpha-taxilin OS=Homo sapiens OX=9606 GN=TXLNA PE=1 SV=3",9.688323710393,7.80101409440328,13.6789088132802,8.97097015325803e-12,3.7582410326489e-11,13.5578276980559
703,"P35251|RFC1_HUMAN","Replication factor C subunit 1 OS=Homo sapiens OX=9606 GN=RFC1 PE=1 SV=4",9.33617916164632,7.62494182002994,14.3950456045179,3.46235472333804e-12,1.56089762117699e-11,14.1035009633142
704,"P14735|IDE_HUMAN","Insulin-degrading enzyme OS=Homo sapiens OX=9606 GN=IDE PE=1 SV=4",9.75405155380825,7.83387801611091,9.70226193804586,4.85865049835197e-08,1.33422285439765e-07,7.35532059922145
705,"P48147|PPCE_HUMAN","Prolyl endopeptidase OS=Homo sapiens OX=9606 GN=PREP PE=1 SV=2",9.37658245021234,7.64514346431295,14.0478636142726,5.46587069351712e-12,2.39676562301149e-11,13.8446180204719
706,"Q8N1G4|LRC47_HUMAN","Leucine-rich repeat-containing protein 47 OS=Homo sapiens OX=9606 GN=LRRC47 PE=1 SV=1",9.86685743665145,7.89028095753251,16.5175208404828,2.55665001073352e-13,1.47794332452313e-12,15.481028424773
707,"P33992|MCM5_HUMAN","DNA replication licensing factor MCM5 OS=Homo sapiens OX=9606 GN=MCM5 PE=1 SV=5",11.3725929290731,8.64314870374334,20.0513036979485,5.99508806548284e-15,6.41141362558582e-14,17.1664009543383
708,"O94776|MTA2_HUMAN","Metastasis-associated protein MTA2 OS=Homo sapiens OX=9606 GN=MTA2 PE=1 SV=1",10.3796008069964,8.14665264270496,13.8963301209232,6.69068845797813e-12,2.8781173813649e-11,13.7283173350351
709,"P20290|BTF3_HUMAN","Transcription factor BTF3 OS=Homo sapiens OX=9606 GN=BTF3 PE=1 SV=1",11.4427337102116,8.6782190943126,17.4126432676122,9.28060207032047e-14,6.25749876895513e-13,15.970593823694
710,"Q02878|RL6_HUMAN","60S ribosomal protein L6 OS=Homo sapiens OX=9606 GN=RPL6 PE=1 SV=3",13.2911099551157,9.60240721676461,23.5663185902318,2.4927873490466e-16,7.56755729032956e-15,18.3297965489705
711,"P43246|MSH2_HUMAN","DNA mismatch repair protein Msh2 OS=Homo sapiens OX=9606 GN=MSH2 PE=1 SV=1",10.3576113655191,8.13565792196635,16.2618650113604,3.44487811648934e-13,1.91382117582741e-12,15.3320531852126
712,"Q7L2H7|EIF3M_HUMAN","Eukaryotic translation initiation factor 3 subunit M OS=Homo sapiens OX=9606 GN=EIF3M PE=1 SV=1",11.0107929996893,8.46224873905141,16.8926606213433,1.66247996851897e-13,1.01757517945915e-12,15.6921039899649
713,"O43175|SERA_HUMAN","D-3-phosphoglycerate dehydrogenase OS=Homo sapiens OX=9606 GN=PHGDH PE=1 SV=4",7.46914100904758,10.5211767690057,5.08952532204227,0.000234211608776723,0.00044950882043389,0.728472962798741
714,"Q15435|PP1R7_HUMAN","Protein phosphatase 1 regulatory subunit 7 OS=Homo sapiens OX=9606 GN=PPP1R7 PE=1 SV=1",8.65957812741063,7.2866413029121,9.22141716732884,9.71818926207701e-09,2.80893608551025e-08,8.9004526309758
715,"P48637|GSHB_HUMAN","Glutathione synthetase OS=Homo sapiens OX=9606 GN=GSS PE=1 SV=1",1.60902056914233,14.4244094719009,2.39283961546123,0.026385811112664,0.0345203737136437,-3.47717770496866
716,"P51659|DHB4_HUMAN","Peroxisomal multifunctional enzyme type 2 OS=Homo sapiens OX=9606 GN=HSD17B4 PE=1 SV=3",3.69665027446726,11.3206691355911,1.75302025741628,0.107461329207818,0.119468741447037,-4.5526440031191
717,"Q08380|LG3BP_HUMAN","Galectin-3-binding protein OS=Homo sapiens OX=9606 GN=LGALS3BP PE=1 SV=1",10.8203792476404,8.36704186302701,19.2293841223299,1.35691095187677e-14,1.23845380076033e-13,16.8291173001885
718,"P52788|SPSY_HUMAN","Spermine synthase OS=Homo sapiens OX=9606 GN=SMS PE=1 SV=2",11.2009402721052,8.55732237525939,17.5750086633517,7.76031597105515e-14,5.38328225019141e-13,16.0543508671991
719,"O60437|PEPL_HUMAN","Periplakin OS=Homo sapiens OX=9606 GN=PPL PE=1 SV=4",4.65867843764163,5.2861914580276,2.67492117579617,0.0143572750725377,0.0202252136953056,-2.95929422748342
720,"P22087|FBRL_HUMAN","rRNA 2'-O-methyltransferase fibrillarin OS=Homo sapiens OX=9606 GN=FBL PE=1 SV=2",11.6454761376273,8.77959030802044,16.5324125451891,2.51293629753975e-13,1.46105737618345e-12,15.4895759614242
720,"A6NHQ2|FBLL1_HUMAN","rRNA/tRNA 2'-O-methyltransferase fibrillarin-like protein 1 OS=Homo sapiens OX=9606 GN=FBLL1 PE=3 SV=2",8.0756387884912,6.99467163345238,5.76430539511525,2.41986423702767e-05,5.4514203116188e-05,2.60945188570325
721,"Q9H307|PININ_HUMAN","Pinin OS=Homo sapiens OX=9606 GN=PNN PE=1 SV=5",11.4002161377254,8.65696030806948,18.9694928486102,1.76836718326929e-14,1.5615168934832e-13,16.7162771339307
722,"P39687|AN32A_HUMAN","Acidic leucine-rich nuclear phosphoprotein 32 family member A OS=Homo sapiens OX=9606 GN=ANP32A PE=1 SV=1",7.89452400783582,6.9041142431247,3.78552901174011,0.0025515335338693,0.00415893484563794,-1.32654669405498
723,"Q01813|PFKAP_HUMAN","ATP-dependent 6-phosphofructokinase, platelet type OS=Homo sapiens OX=9606 GN=PFKP PE=1 SV=2",0.352753037219561,13.018550615355,0.470995573269746,0.642615664372778,0.652444701433332,-5.80404266703821
724,"Q5H9R7|PP6R3_HUMAN","Serine/threonine-protein phosphatase 6 regulatory subunit 3 OS=Homo sapiens OX=9606 GN=PPP6R3 PE=1 SV=2",9.41913745966406,7.66642096903881,13.3247606623186,1.45835630408485e-11,5.86082648301321e-11,13.2706979067034
725,"O00291|HIP1_HUMAN","Huntingtin-interacting protein 1 OS=Homo sapiens OX=9606 GN=HIP1 PE=1 SV=5",8.56745404859288,7.24057926350322,11.5461892776855,1.97694285222733e-10,6.63577156153026e-10,11.6330842788416
726,"P53041|PPP5_HUMAN","Serine/threonine-protein phosphatase 5 OS=Homo sapiens OX=9606 GN=PPP5C PE=1 SV=1",10.2173072103548,8.06550584438419,18.8632961461181,1.97233137183554e-14,1.71410288522954e-13,16.6692686001019
727,"P18621|RL17_HUMAN","60S ribosomal protein L17 OS=Homo sapiens OX=9606 GN=RPL17 PE=1 SV=3",12.66195686253,9.2878306704718,21.6650067148138,1.31271498362394e-15,2.13246948816547e-14,17.7511680933685
728,"O76031|CLPX_HUMAN","ATP-dependent Clp protease ATP-binding subunit clpX-like, mitochondrial OS=Homo sapiens OX=9606 GN=CLPX PE=1 SV=2",8.66940365664811,7.29155406753084,5.77045497096019,5.83303661053303e-05,0.000122985711667865,1.88330891526685
729,"P09661|RU2A_HUMAN","U2 small nuclear ribonucleoprotein A' OS=Homo sapiens OX=9606 GN=SNRPA1 PE=1 SV=2",9.23637909427123,9.50581787542854,8.10137774078539,2.06181361436446e-06,5.23959235333543e-06,4.47104070971567
730,"P30084|ECHM_HUMAN","Enoyl-CoA hydratase, mitochondrial OS=Homo sapiens OX=9606 GN=ECHS1 PE=1 SV=4",12.7377229330007,9.32571370570715,25.0724190529118,7.28895448687945e-17,6.61903413275164e-15,18.7189039981341
731,"P62495|ERF1_HUMAN","Eukaryotic peptide chain release factor subunit 1 OS=Homo sapiens OX=9606 GN=ETF1 PE=1 SV=3",10.5147973858533,8.21425093213343,17.3673733055261,9.75782016551048e-14,6.52215410368322e-13,15.9469749805851
732,"P38159|RBMX_HUMAN","RNA-binding motif protein, X chromosome OS=Homo sapiens OX=9606 GN=RBMX PE=1 SV=3",12.0003628267393,8.95703365257643,25.0232575138625,7.5790725748042e-17,6.61903413275164e-15,18.7070477162343
732,"Q96E39|RMXL1_HUMAN","RNA binding motif protein, X-linked-like-1 OS=Homo sapiens OX=9606 GN=RBMXL1 PE=1 SV=1",11.9507547705143,8.93222962446394,25.2277726545829,6.44620515169567e-17,6.61903413275164e-15,18.7560194547292
732,"O75526|RMXL2_HUMAN","RNA-binding motif protein, X-linked-like-2 OS=Homo sapiens OX=9606 GN=RBMXL2 PE=1 SV=3",9.29181320002556,7.60275883921956,16.4182380270752,2.86916641492561e-13,1.63049651517822e-12,15.4236784729546
732,"Q8N7X1|RMXL3_HUMAN","RNA-binding motif protein, X-linked-like-3 OS=Homo sapiens OX=9606 GN=RBMXL3 PE=2 SV=2",9.29181320002556,7.60275883921956,16.4182380270752,2.86916641492561e-13,1.63049651517822e-12,15.4236784729546
733,"Q96SI9|STRBP_HUMAN","Spermatid perinuclear RNA-binding protein OS=Homo sapiens OX=9606 GN=STRBP PE=1 SV=1",3.70025634361787,6.74768449098956,1.62118109361004,0.130791324831224,0.140185579231685,-4.72547750576091
734,"Q9BWF3|RBM4_HUMAN","RNA-binding protein 4 OS=Homo sapiens OX=9606 GN=RBM4 PE=1 SV=1",9.63518455684098,7.77444451762728,13.6238470414932,9.66844246438343e-12,4.02416253922986e-11,13.5139616504356
735,"Q8WUM0|NU133_HUMAN","Nuclear pore complex protein Nup133 OS=Homo sapiens OX=9606 GN=NUP133 PE=1 SV=2",8.75099728131426,7.33235087986391,5.61294741993438,9.10323780503023e-05,0.000185436325658023,1.51729157781494
736,"Q641Q2|WAC2A_HUMAN","WASH complex subunit 2A OS=Homo sapiens OX=9606 GN=WASHC2A PE=1 SV=3",2.30734262455564,4.1105235514846,1.75835321736272,0.0936042921649743,0.107671504282985,-4.51721119445031
737,"Q07666|KHDR1_HUMAN","KH domain-containing, RNA-binding, signal transduction-associated protein 1 OS=Homo sapiens OX=9606 GN=KHDRBS1 PE=1 SV=1",12.2465565823977,9.95881140178748,15.3788565381379,9.96205396603513e-13,5.02672447827461e-12,14.7833460639511
737,"O75525|KHDR3_HUMAN","KH domain-containing, RNA-binding, signal transduction-associated protein 3 OS=Homo sapiens OX=9606 GN=KHDRBS3 PE=1 SV=1",11.2997911455642,8.60674781198889,24.2105196801842,1.46039612027559e-16,6.81558704691339e-15,18.5029862869288
737,"Q5VWX1|KHDR2_HUMAN","KH domain-containing, RNA-binding, signal transduction-associated protein 2 OS=Homo sapiens OX=9606 GN=KHDRBS2 PE=1 SV=1",11.2997911455642,8.60674781198889,24.2105196801842,1.46039612027559e-16,6.81558704691339e-15,18.5029862869288
738,"P63220|RS21_HUMAN","40S ribosomal protein S21 OS=Homo sapiens OX=9606 GN=RPS21 PE=1 SV=1",12.6863364391311,9.30002045877232,21.1229886335523,2.1605416254572e-15,3.06291924132817e-14,17.5653205654313
739,"Q3LXA3|TKFC_HUMAN","Triokinase/FMN cyclase OS=Homo sapiens OX=9606 GN=TKFC PE=1 SV=2",10.3768963681117,8.14530042326261,15.0342010669416,1.52928313705367e-12,7.45283554133751e-12,14.5538379365104
740,"P11171|EPB41_HUMAN","Protein 4.1 OS=Homo sapiens OX=9606 GN=EPB41 PE=1 SV=4",2.31050984436277,12.4676004850124,1.78478703067701,0.0956274379223925,0.109442816885021,-4.49470221869219
741,"Q96T23|RSF1_HUMAN","Remodeling and spacing factor 1 OS=Homo sapiens OX=9606 GN=RSF1 PE=1 SV=2",6.9891001172374,6.45140229782548,5.14948918150786,4.52544564214049e-05,9.73350040348652e-05,2.05689416380142
742,"Q9UN86|G3BP2_HUMAN","Ras GTPase-activating protein-binding protein 2 OS=Homo sapiens OX=9606 GN=G3BP2 PE=1 SV=2",10.9458865216419,8.42979550002776,19.7135742716693,8.35498003052018e-15,8.37673779101633e-14,17.0312989550062
744,"P18124|RL7_HUMAN","60S ribosomal protein L7 OS=Homo sapiens OX=9606 GN=RPL7 PE=1 SV=1",12.6636550812112,9.2886797798124,21.94975324546,1.01502493230058e-15,1.79258990337487e-14,17.8448435627879
745,"O75436|VP26A_HUMAN","Vacuolar protein sorting-associated protein 26A OS=Homo sapiens OX=9606 GN=VPS26A PE=1 SV=2",1.34674811620998,13.6596610159716,2.01235355311686,0.0575027056731694,0.0692262091437468,-4.12506613418433
746,"A0FGR8|ESYT2_HUMAN","Extended synaptotagmin-2 OS=Homo sapiens OX=9606 GN=ESYT2 PE=1 SV=1",9.13982765430295,7.52676606635826,12.4477542999793,5.08618766103927e-11,1.88286754759627e-10,12.5061232975032
747,"Q9BY44|EIF2A_HUMAN","Eukaryotic translation initiation factor 2A OS=Homo sapiens OX=9606 GN=EIF2A PE=1 SV=3",9.35800850520572,7.63585649180964,13.3871110297921,1.33778343403681e-11,5.41584250372421e-11,13.3221152168939
748,"O15143|ARC1B_HUMAN","Actin-related protein 2/3 complex subunit 1B OS=Homo sapiens OX=9606 GN=ARPC1B PE=1 SV=3",10.0221981897761,7.96795133409483,17.0281046284651,1.42612827886514e-13,8.95692312174682e-13,15.7661855577654
749,"Q15020|SART3_HUMAN","Squamous cell carcinoma antigen recognized by T-cells 3 OS=Homo sapiens OX=9606 GN=SART3 PE=1 SV=1",9.54922952265667,7.73146700053512,14.4449967984902,3.24465655140949e-12,1.47484388700431e-11,14.1399004633971
750,"P51149|RAB7A_HUMAN","Ras-related protein Rab-7a OS=Homo sapiens OX=9606 GN=RAB7A PE=1 SV=1",12.2889859529547,9.10134521568411,23.2564146947723,3.23975967889826e-16,9.0384599737379e-15,18.2426183268324
751,"Q9Y295|DRG1_HUMAN","Developmentally-regulated GTP-binding protein 1 OS=Homo sapiens OX=9606 GN=DRG1 PE=1 SV=1",9.38826084341236,7.65098266091296,13.722392593612,8.4573593698336e-12,3.5741859027288e-11,13.5922714485398
752,"P21281|VATB2_HUMAN","V-type proton ATPase subunit B, brain isoform OS=Homo sapiens OX=9606 GN=ATP6V1B2 PE=1 SV=3",9.77298096628363,7.8433427223486,16.6206989954944,2.26932923697826e-13,1.33796593604385e-12,15.5399609417904
752,"P15313|VATB1_HUMAN","V-type proton ATPase subunit B, kidney isoform OS=Homo sapiens OX=9606 GN=ATP6V1B1 PE=1 SV=3",8.60493885004623,7.2593216642299,12.4553309717907,5.03012100222618e-11,1.86390431747553e-10,12.5130726420069
753,"P47756|CAPZB_HUMAN","F-actin-capping protein subunit beta OS=Homo sapiens OX=9606 GN=CAPZB PE=1 SV=4",10.3736650790391,8.14368477872632,20.9659901579637,2.50145742168245e-15,3.32090037016464e-14,17.509567697256
754,"Q96AG4|LRC59_HUMAN","Leucine-rich repeat-containing protein 59 OS=Homo sapiens OX=9606 GN=LRRC59 PE=1 SV=1",9.3780149015653,9.62012709746531,6.77522398647811,2.26067853629013e-05,5.11676211917519e-05,2.62517263229313
755,"P55209|NP1L1_HUMAN","Nucleosome assembly protein 1-like 1 OS=Homo sapiens OX=9606 GN=NAP1L1 PE=1 SV=1",13.5109995097833,9.71235199409842,23.7519484385775,2.13387813198988e-16,7.22757729418888e-15,18.3807923558486
756,"Q13561|DCTN2_HUMAN","Dynactin subunit 2 OS=Homo sapiens OX=9606 GN=DCTN2 PE=1 SV=4",11.2472446517607,8.58047456508712,21.1345902735199,2.13736045595446e-15,3.04771768719432e-14,17.5694055180524
757,"Q9Y4E1|WAC2C_HUMAN","WASH complex subunit 2C OS=Homo sapiens OX=9606 GN=WASHC2C PE=1 SV=4",-0.108852359240503,5.07457945803869,-0.0655033662268125,0.948407619416714,0.949640919311925,-5.90929710416024
758,"Q2NKX8|ERC6L_HUMAN","DNA excision repair protein ERCC-6-like OS=Homo sapiens OX=9606 GN=ERCC6L PE=1 SV=1",7.34906517828121,6.63138482834739,5.53229459943848,1.87535745518457e-05,4.3260192944641e-05,2.81338995210192
759,"P43304|GPDM_HUMAN","Glycerol-3-phosphate dehydrogenase, mitochondrial OS=Homo sapiens OX=9606 GN=GPD2 PE=1 SV=3",8.04368877214376,8.01434685821284,7.15590562723727,5.92627071885438e-06,1.47772942147599e-05,3.71302398995181
760,"P13674|P4HA1_HUMAN","Prolyl 4-hydroxylase subunit alpha-1 OS=Homo sapiens OX=9606 GN=P4HA1 PE=1 SV=2",7.04803874386484,6.4808716111392,3.94818467234456,0.00106260995272968,0.00187576722513034,-0.646912777201684
761,"P37837|TALDO_HUMAN","Transaldolase OS=Homo sapiens OX=9606 GN=TALDO1 PE=1 SV=2",12.7691322409682,9.34141835969089,25.6993847886042,4.45848533323952e-17,6.61903413275164e-15,18.8655072771216
762,"Q9Y450|HBS1L_HUMAN","HBS1-like protein OS=Homo sapiens OX=9606 GN=HBS1L PE=1 SV=1",9.04942197181424,7.4815632251139,12.0577258205201,9.06404145169181e-11,3.20445909908296e-10,12.1398478313987
764,"Q96PK6|RBM14_HUMAN","RNA-binding protein 14 OS=Homo sapiens OX=9606 GN=RBM14 PE=1 SV=2",9.80845412549484,7.8610793019542,17.6453979242724,7.18443046485116e-14,5.04905094055394e-13,16.090203264328
765,"P46937|YAP1_HUMAN","Transcriptional coactivator YAP1 OS=Homo sapiens OX=9606 GN=YAP1 PE=1 SV=2",8.63891782879388,7.27631115360372,9.97474489137751,2.57168648904765e-09,7.76548469241839e-09,9.86927207443254
766,"P61106|RAB14_HUMAN","Ras-related protein Rab-14 OS=Homo sapiens OX=9606 GN=RAB14 PE=1 SV=4",11.0238484019025,8.46877644015804,21.2886091913423,1.85312887036413e-15,2.73354258655246e-14,17.6231854927309
768,"P61158|ARP3_HUMAN","Actin-related protein 3 OS=Homo sapiens OX=9606 GN=ACTR3 PE=1 SV=3",10.0972754771076,8.00548997776061,14.3254665272446,3.79133236534341e-12,1.69925839424588e-11,14.052447535487
769,"Q9H223|EHD4_HUMAN","EH domain-containing protein 4 OS=Homo sapiens OX=9606 GN=EHD4 PE=1 SV=1",9.65809637282019,7.78590042561688,16.2299693082354,3.57646393318355e-13,1.97552168475705e-12,15.3131668367023
770,"P17174|AATC_HUMAN","Aspartate aminotransferase, cytoplasmic OS=Homo sapiens OX=9606 GN=GOT1 PE=1 SV=3",12.9270093880586,9.4203569332361,17.6474864446098,7.16804217254065e-14,5.04905094055394e-13,16.0912628496832
771,"P54727|RD23B_HUMAN","UV excision repair protein RAD23 homolog B OS=Homo sapiens OX=9606 GN=RAD23B PE=1 SV=1",0.267766529008794,14.215022328326,0.32387499452741,0.749312725020594,0.75857322937925,-5.86047409463215
772,"P13861|KAP2_HUMAN","cAMP-dependent protein kinase type II-alpha regulatory subunit OS=Homo sapiens OX=9606 GN=PRKAR2A PE=1 SV=2",9.08889021586505,8.81242749773353,6.71381715935949,2.71528177685897e-05,6.07781095401571e-05,2.4777277959775
772,"P31323|KAP3_HUMAN","cAMP-dependent protein kinase type II-beta regulatory subunit OS=Homo sapiens OX=9606 GN=PRKAR2B PE=1 SV=3",4.75516303435321,5.33443375638339,3.23869022566335,0.0040207520048992,0.00620934425144883,-1.85753184916865
773,"Q93008|USP9X_HUMAN","Probable ubiquitin carboxyl-terminal hydrolase FAF-X OS=Homo sapiens OX=9606 GN=USP9X PE=1 SV=4",5.61524855067882,5.76447651454619,3.4769216800809,0.00231233865876151,0.0038224576368535,-1.37436291970899
774,"Q9Y263|PLAP_HUMAN","Phospholipase A-2-activating protein OS=Homo sapiens OX=9606 GN=PLAA PE=1 SV=2",8.67852917036234,7.29611682438795,12.6585327142693,3.74382267078405e-11,1.42428036388523e-10,12.6971499458356
775,"P63208|SKP1_HUMAN","S-phase kinase-associated protein 1 OS=Homo sapiens OX=9606 GN=SKP1 PE=1 SV=2",13.1191257325913,9.51641510550242,16.6145936605333,5.25544384324777e-13,2.80630496484104e-12,14.8225934517758
776,"Q9H6Z4|RANB3_HUMAN","Ran-binding protein 3 OS=Homo sapiens OX=9606 GN=RANBP3 PE=1 SV=1",9.1950330252854,7.55436875184948,13.5820223692099,1.02359379008482e-11,4.23745816325434e-11,13.4804523836478
777,"P00390|GSHR_HUMAN","Glutathione reductase, mitochondrial OS=Homo sapiens OX=9606 GN=GSR PE=1 SV=2",9.03253796452482,8.99048774738434,6.22218668184291,6.13554422473484e-05,0.000129081121667919,1.83425052538962
778,"O96019|ACL6A_HUMAN","Actin-like protein 6A OS=Homo sapiens OX=9606 GN=ACTL6A PE=1 SV=1",11.7231991158035,8.81845179710851,20.9223595210223,2.60587613585378e-15,3.40088919424985e-14,17.4939157440234
778,"O94805|ACL6B_HUMAN","Actin-like protein 6B OS=Homo sapiens OX=9606 GN=ACTL6B PE=1 SV=1",10.0472616835705,7.98048308099201,16.7160580863896,2.03373709585204e-13,1.2139360959737e-12,15.5938301962948
779,"P62241|RS8_HUMAN","40S ribosomal protein S8 OS=Homo sapiens OX=9606 GN=RPS8 PE=1 SV=2",12.9349375955326,9.42432103697308,24.4645414522792,1.18710289346501e-16,6.72811001156658e-15,18.5684362316313
780,"Q8NBS9|TXND5_HUMAN","Thioredoxin domain-containing protein 5 OS=Homo sapiens OX=9606 GN=TXNDC5 PE=1 SV=2",11.6518891144611,8.78279679643733,23.9996824060277,1.73711686222796e-16,6.81558704691339e-15,18.4474628585233
781,"O76021|RL1D1_HUMAN","Ribosomal L1 domain-containing protein 1 OS=Homo sapiens OX=9606 GN=RSL1D1 PE=1 SV=3",10.5120392770695,8.21287187774156,15.5799329793491,7.7871613883738e-13,4.02423776446163e-12,14.9131483818373
782,"P62316|SMD2_HUMAN","Small nuclear ribonucleoprotein Sm D2 OS=Homo sapiens OX=9606 GN=SNRPD2 PE=1 SV=1",12.0145893426563,8.96414691053492,19.5461868959009,9.86779107527638e-15,9.49774890995352e-14,16.9625591114501
783,"P55011|S12A2_HUMAN","Solute carrier family 12 member 2 OS=Homo sapiens OX=9606 GN=SLC12A2 PE=1 SV=1",6.24890296116289,6.08130371978823,4.14845369023606,0.000475321595920799,0.000871838086848536,0.0110681915752444
784,"Q92797|SYMPK_HUMAN","Symplekin OS=Homo sapiens OX=9606 GN=SYMPK PE=1 SV=2",9.177356119248,7.54553029883078,12.1373133280329,8.04666497349721e-11,2.86583350119928e-10,12.2159672274341
785,"P30050|RL12_HUMAN","60S ribosomal protein L12 OS=Homo sapiens OX=9606 GN=RPL12 PE=1 SV=1",8.52194999449038,11.5301199695667,6.31729697486919,1.88222158642756e-05,4.33925335793179e-05,2.80966946035296
786,"P61160|ARP2_HUMAN","Actin-related protein 2 OS=Homo sapiens OX=9606 GN=ACTR2 PE=1 SV=1",11.8567196157645,8.88521204708904,19.9211344819626,6.80913632117712e-15,7.04709000982041e-14,17.1148891613886
787,"P67775|PP2AA_HUMAN","Serine/threonine-protein phosphatase 2A catalytic subunit alpha isoform OS=Homo sapiens OX=9606 GN=PPP2CA PE=1 SV=1",4.44381454507578,5.17875951174467,2.63382055931447,0.0157104548631268,0.0220427300375504,-3.03642317173029
788,"P16401|H15_HUMAN","Histone H1.5 OS=Homo sapiens OX=9606 GN=H1-5 PE=1 SV=3",11.1902326908631,12.8397790564661,9.58547858016891,5.40203661168085e-08,1.47922055156268e-07,7.29348383698084
789,"P11177|ODPB_HUMAN","Pyruvate dehydrogenase E1 component subunit beta, mitochondrial OS=Homo sapiens OX=9606 GN=PDHB PE=1 SV=3",12.0686594736085,8.99118197601104,25.4591110971577,5.37543506632053e-17,6.61903413275164e-15,18.8103160681866
790,"P78406|RAE1L_HUMAN","mRNA export factor OS=Homo sapiens OX=9606 GN=RAE1 PE=1 SV=1",8.68567108223505,7.29968778032431,5.62524100312711,8.24308345016965e-05,0.00016961983582658,1.59830836756278
791,"P61247|RS3A_HUMAN","40S ribosomal protein S3a OS=Homo sapiens OX=9606 GN=RPS3A PE=1 SV=2",7.68516856808135,10.9183557044991,6.45349196069888,8.65629075534401e-06,2.11867256249679e-05,3.45568057411333
792,"Q96T88|UHRF1_HUMAN","E3 ubiquitin-protein ligase UHRF1 OS=Homo sapiens OX=9606 GN=UHRF1 PE=1 SV=1",7.7154279725504,6.81456622548198,5.89866060440999,8.18564383203976e-06,2.0124347862933e-05,3.51856525652051
793,"Q96HC4|PDLI5_HUMAN","PDZ and LIM domain protein 5 OS=Homo sapiens OX=9606 GN=PDLIM5 PE=1 SV=5",9.15256689952507,7.53313568896932,12.1006328057101,8.49990228908882e-11,3.01331710985193e-10,12.1809742031518
794,"Q6NZY4|ZCHC8_HUMAN","Zinc finger CCHC domain-containing protein 8 OS=Homo sapiens OX=9606 GN=ZCCHC8 PE=1 SV=2",7.95687382584924,6.9352891521314,5.72840262538909,2.1309210059233e-05,4.84300228618931e-05,2.71446723667586
795,"O15347|HMGB3_HUMAN","High mobility group protein B3 OS=Homo sapiens OX=9606 GN=HMGB3 PE=1 SV=4",9.6368897298415,7.77529710412754,5.39622014244533,0.000220029005682656,0.000425470452977512,0.799307327369435
796,"Q9H6S3|ES8L2_HUMAN","Epidermal growth factor receptor kinase substrate 8-like protein 2 OS=Homo sapiens OX=9606 GN=EPS8L2 PE=1 SV=2",8.68561728878277,7.29966088359817,12.3638399456658,5.75256307780759e-11,2.11128387507714e-10,12.4287394238778
797,"Q96KP4|CNDP2_HUMAN","Cytosolic non-specific dipeptidase OS=Homo sapiens OX=9606 GN=CNDP2 PE=1 SV=2",5.71297307540695,11.1979990161583,2.41838802650431,0.0346325213367928,0.0431784997236568,-3.58533589997586
798,"Q6UB35|C1TM_HUMAN","Monofunctional C1-tetrahydrofolate synthase, mitochondrial OS=Homo sapiens OX=9606 GN=MTHFD1L PE=1 SV=1",10.6962436774229,8.30497407791822,17.3232278747056,1.02479408226658e-13,6.7908041595978e-13,15.9238298798145
799,"Q8NI36|WDR36_HUMAN","WD repeat-containing protein 36 OS=Homo sapiens OX=9606 GN=WDR36 PE=1 SV=1",8.68129834467186,7.29750141154272,12.2244755540161,7.06783881797063e-11,2.55504032386732e-10,12.2985126128889
800,"P47897|SYQ_HUMAN","Glutamine--tRNA ligase OS=Homo sapiens OX=9606 GN=QARS1 PE=1 SV=1",8.97448640755212,8.31705091969481,9.8684861126253,3.60657324780193e-08,9.96076542613877e-08,7.57087590473825
801,"Q9H4L5|OSBL3_HUMAN","Oxysterol-binding protein-related protein 3 OS=Homo sapiens OX=9606 GN=OSBPL3 PE=1 SV=1",7.68682844627721,6.80026646234539,5.92077557091905,7.7898663652039e-06,1.92003748438124e-05,3.56049263647519
802,"P28290|ITPI2_HUMAN","Protein ITPRID2 OS=Homo sapiens OX=9606 GN=ITPRID2 PE=1 SV=3",6.08012123786616,5.99691285813986,4.43682202048827,0.000240379470701833,0.000460657522250899,0.607052065037755
803,"Q7L2E3|DHX30_HUMAN","ATP-dependent RNA helicase DHX30 OS=Homo sapiens OX=9606 GN=DHX30 PE=1 SV=1",6.34623158740691,7.76325277648214,2.99070367597146,0.0126478600713594,0.0179088860885376,-2.69929448104676
804,"O75122|CLAP2_HUMAN","CLIP-associating protein 2 OS=Homo sapiens OX=9606 GN=CLASP2 PE=1 SV=3",8.34611644228998,7.12991046035178,9.09712580706075,1.21824626972093e-08,3.48717333711938e-08,8.73226374853722
805,"P61604|CH10_HUMAN","10 kDa heat shock protein, mitochondrial OS=Homo sapiens OX=9606 GN=HSPE1 PE=1 SV=2",7.56859740383348,12.9481481902823,6.45592629412423,8.54089886717737e-06,2.09442424449891e-05,3.46688203741524
806,"Q86Y56|DAAF5_HUMAN","Dynein assembly factor 5, axonemal OS=Homo sapiens OX=9606 GN=DNAAF5 PE=1 SV=4",4.58188023563796,5.24779235702576,2.65823935174194,0.0148926429379874,0.0209410793686091,-2.99066247773045
807,"Q9UNM6|PSD13_HUMAN","26S proteasome non-ATPase regulatory subunit 13 OS=Homo sapiens OX=9606 GN=PSMD13 PE=1 SV=2",3.12937166125998,13.2351394223359,3.37623924830082,0.00292373524514444,0.00466682449991961,-1.57945040673425
808,"Q9UKK9|NUDT5_HUMAN","ADP-sugar pyrophosphatase OS=Homo sapiens OX=9606 GN=NUDT5 PE=1 SV=1",12.12720182865,9.02045315353179,25.5273769920796,5.09638997500803e-17,6.61903413275164e-15,18.8261200359466
809,"Q9BTC0|DIDO1_HUMAN","Death-inducer obliterator 1 OS=Homo sapiens OX=9606 GN=DIDO1 PE=1 SV=5",6.71840091211354,6.31605269526355,5.07564307015054,5.37182959796929e-05,0.000114325837214935,1.90889983129223
810,"E9PAV3|NACAM_HUMAN","Nascent polypeptide-associated complex subunit alpha, muscle-specific form OS=Homo sapiens OX=9606 GN=NACA PE=1 SV=1",2.31694457124673,15.7564324356066,3.40624126072902,0.00272662877788516,0.00441072302304952,-1.51846013475396
810,"Q13765|NACA_HUMAN","Nascent polypeptide-associated complex subunit alpha OS=Homo sapiens OX=9606 GN=NACA PE=1 SV=1",2.31694457124673,15.7564324356066,3.40624126072902,0.00272662877788516,0.00441072302304952,-1.51846013475396
811,"Q03001|DYST_HUMAN","Dystonin OS=Homo sapiens OX=9606 GN=DST PE=1 SV=4",3.99332905869885,4.95351676855621,2.45358337001845,0.0231911262744599,0.0310667488366982,-3.36804675926614
812,"P13489|RINI_HUMAN","Ribonuclease inhibitor OS=Homo sapiens OX=9606 GN=RNH1 PE=1 SV=2",10.5027998409001,8.20825215965684,19.9979096062091,6.31594181305589e-15,6.69872616536231e-14,17.1453552728606
813,"P28340|DPOD1_HUMAN","DNA polymerase delta catalytic subunit OS=Homo sapiens OX=9606 GN=POLD1 PE=1 SV=2",8.93130633774118,7.42250540807738,11.1835571583651,3.49096738916471e-10,1.13323983543711e-09,11.2547404857785
814,"O00425|IF2B3_HUMAN","Insulin-like growth factor 2 mRNA-binding protein 3 OS=Homo sapiens OX=9606 GN=IGF2BP3 PE=1 SV=2",10.3935768657574,8.15364067208546,18.2932552274068,3.57773159109885e-14,2.84005497437744e-13,16.4076515883335
815,"Q4V328|GRAP1_HUMAN","GRIP1-associated protein 1 OS=Homo sapiens OX=9606 GN=GRIPAP1 PE=1 SV=2",9.32350032389043,7.618602401152,12.254555068467,6.75957329213252e-11,2.45744638099246e-10,12.3268018487193
816,"P49454|CENPF_HUMAN","Centromere protein F OS=Homo sapiens OX=9606 GN=CENPF PE=1 SV=3",2.36268842009966,4.13819644925661,1.76562690356272,0.0923452568357176,0.106350355613973,-4.50649338891042
817,"Q9Y617|SERC_HUMAN","Phosphoserine aminotransferase OS=Homo sapiens OX=9606 GN=PSAT1 PE=1 SV=2",12.15911442412,9.03640945126677,25.0064769762338,7.68084734880864e-17,6.61903413275164e-15,18.7029884222784
818,"O75400|PR40A_HUMAN","Pre-mRNA-processing factor 40 homolog A OS=Homo sapiens OX=9606 GN=PRPF40A PE=1 SV=2",10.2884657089078,8.10108509366071,17.1209352360027,1.28463761811766e-13,8.16147661675411e-13,15.8163246467989
819,"Q9UBB4|ATX10_HUMAN","Ataxin-10 OS=Homo sapiens OX=9606 GN=ATXN10 PE=1 SV=1",9.44169772120621,7.67770109980989,12.8487355613907,2.84912560282773e-11,1.09911158024918e-10,12.8655010407978
820,"Q99959|PKP2_HUMAN","Plakophilin-2 OS=Homo sapiens OX=9606 GN=PKP2 PE=1 SV=2",8.43827042697564,7.1759874526946,8.21521033591818,6.40777220256576e-08,1.74592519319732e-07,7.46746224933087
821,"O43264|ZW10_HUMAN","Centromere/kinetochore protein zw10 homolog OS=Homo sapiens OX=9606 GN=ZW10 PE=1 SV=3",9.07987273528018,7.49678860684687,11.6855563180203,1.59448097343637e-10,5.42772037818748e-10,11.7742118968325
822,"P12081|HARS1_HUMAN","Histidine--tRNA ligase, cytoplasmic OS=Homo sapiens OX=9606 GN=HARS1 PE=1 SV=2",9.69555216906345,7.80462832373851,13.8557201696796,7.06539971553232e-12,3.02915243928724e-11,13.696800054454
822,"#CONTAM#SYH_HUMAN|",">sp|SYH_HUMAN|",9.69555216906345,7.80462832373851,13.8557201696796,7.06539971553232e-12,3.02915243928724e-11,13.696800054454
823,"Q8WVM8|SCFD1_HUMAN","Sec1 family domain-containing protein 1 OS=Homo sapiens OX=9606 GN=SCFD1 PE=1 SV=4",9.17769766087721,7.54570106964539,11.9677064363817,1.03781686680307e-10,3.6159230200831e-10,12.0528819552293
824,"Q9UGP8|SEC63_HUMAN","Translocation protein SEC63 homolog OS=Homo sapiens OX=9606 GN=SEC63 PE=1 SV=2",4.04835776327728,4.98103112084542,2.47663013675272,0.0220762607714955,0.0298014039166402,-3.32627849079964
825,"P49755|TMEDA_HUMAN","Transmembrane emp24 domain-containing protein 10 OS=Homo sapiens OX=9606 GN=TMED10 PE=1 SV=2",12.0310265270592,8.9723655027364,23.6342035221155,2.3547098681537e-16,7.51216032598111e-15,18.3485504534699
826,"Q71RC2|LARP4_HUMAN","La-related protein 4 OS=Homo sapiens OX=9606 GN=LARP4 PE=1 SV=3",8.68574439223424,7.2997244353239,3.84403370447984,0.00276566159365852,0.00444770139331049,-1.36490384986968
827,"Q8WVV4|POF1B_HUMAN","Protein POF1B OS=Homo sapiens OX=9606 GN=POF1B PE=1 SV=3",9.07948420861312,7.49659434351334,13.1309301496972,1.91107262753803e-11,7.54628678566298e-11,13.1084354793297
828,"P36871|PGM1_HUMAN","Phosphoglucomutase-1 OS=Homo sapiens OX=9606 GN=PGM1 PE=1 SV=3",8.38197030838796,7.14783739340076,5.77978456672948,3.93254025624245e-05,8.55728203059289e-05,2.20763769965642
829,"Q9H0S4|DDX47_HUMAN","Probable ATP-dependent RNA helicase DDX47 OS=Homo sapiens OX=9606 GN=DDX47 PE=1 SV=1",9.72366254154329,7.81868350997843,15.0840137198568,1.43669377575414e-12,7.05519264879265e-12,14.587568596799
830,"Q96G03|PGM2_HUMAN","Phosphoglucomutase-2 OS=Homo sapiens OX=9606 GN=PGM2 PE=1 SV=4",7.25431960087241,6.58401203964299,5.2786844956835,3.3564306728859e-05,7.42231940873676e-05,2.31427984962879
831,"Q96PZ0|PUS7_HUMAN","Pseudouridylate synthase 7 homolog OS=Homo sapiens OX=9606 GN=PUS7 PE=1 SV=2",7.8118342013876,6.86276933990059,6.02852457020153,6.12382868955373e-06,1.52402976436857e-05,3.76368963441451
832,"Q7L0Y3|TM10C_HUMAN","tRNA methyltransferase 10 homolog C OS=Homo sapiens OX=9606 GN=TRMT10C PE=1 SV=2",9.53573063696629,7.72471755768993,14.5332030305976,2.89443540629348e-12,1.33137112475865e-11,14.2036666821485
833,"Q9Y2U8|MAN1_HUMAN","Inner nuclear membrane protein Man1 OS=Homo sapiens OX=9606 GN=LEMD3 PE=1 SV=2",6.65973931605357,6.28672189723357,4.94973623590358,7.20292598066111e-05,0.00014917302326813,1.6551981885264
835,"Q9NYL9|TMOD3_HUMAN","Tropomodulin-3 OS=Homo sapiens OX=9606 GN=TMOD3 PE=1 SV=1",10.8326383593025,8.37317141885804,18.2451768573001,3.76485516384922e-14,2.97632287080482e-13,16.3848480226091
836,"Q9H0U4|RAB1B_HUMAN","Ras-related protein Rab-1B OS=Homo sapiens OX=9606 GN=RAB1B PE=1 SV=1",9.94631010072667,7.93000728957012,14.441965739257,3.25745020752449e-12,1.47891312487845e-11,14.1376976994361
836,"Q92928|RAB1C_HUMAN","Putative Ras-related protein Rab-1C OS=Homo sapiens OX=9606 GN=RAB1C PE=5 SV=2",9.8708552226633,7.89227985053843,14.3844546357722,3.51044135053582e-12,1.57887841116389e-11,14.09575631409
837,"Q9NSK0|KLC4_HUMAN","Kinesin light chain 4 OS=Homo sapiens OX=9606 GN=KLC4 PE=1 SV=3",3.25971806784293,4.58671127312825,2.31991615772718,0.0307588195766676,0.0390700941505016,-3.60627873269391
838,"Q9UJA5|TRM6_HUMAN","tRNA (adenine(58)-N(1))-methyltransferase non-catalytic subunit TRM6 OS=Homo sapiens OX=9606 GN=TRMT6 PE=1 SV=1",9.20749580872436,7.56060014356896,10.2806675955371,1.52777202319037e-09,4.70930527564686e-09,10.2388592012233
839,"O75947|ATP5H_HUMAN","ATP synthase subunit d, mitochondrial OS=Homo sapiens OX=9606 GN=ATP5PD PE=1 SV=3",1.8535800348309,14.1852076272797,2.85582510690104,0.00961056404822225,0.0137702536604599,-2.61394991815994
840,"O75150|BRE1B_HUMAN","E3 ubiquitin-protein ligase BRE1B OS=Homo sapiens OX=9606 GN=RNF40 PE=1 SV=5",9.16670674117059,7.54020560979208,11.9972614133095,9.92610582975152e-11,3.47729822061359e-10,12.081536734637
841,"O14745|NHRF1_HUMAN","Na(+)/H(+) exchange regulatory cofactor NHE-RF1 OS=Homo sapiens OX=9606 GN=SLC9A3R1 PE=1 SV=4",10.6154356185253,8.26457004846944,19.1247458208993,1.50901147131187e-14,1.35424106399783e-13,16.784057057921
842,"Q9Y383|LC7L2_HUMAN","Putative RNA-binding protein Luc7-like 2 OS=Homo sapiens OX=9606 GN=LUC7L2 PE=1 SV=2",12.6448540135038,9.27927924595869,24.5965151454556,1.0668026145272e-16,6.61903413275164e-15,18.6018304337974
843,"Q9UL25|RAB21_HUMAN","Ras-related protein Rab-21 OS=Homo sapiens OX=9606 GN=RAB21 PE=1 SV=3",6.65900111858118,6.28635279849737,4.93842454308576,7.39569082013493e-05,0.000152935331001005,1.6323245859343
844,"P31153|METK2_HUMAN","S-adenosylmethionine synthase isoform type-2 OS=Homo sapiens OX=9606 GN=MAT2A PE=1 SV=1",12.3697856431295,9.14174506077152,24.8904232332828,8.42508072458916e-17,6.61903413275164e-15,18.6747414169285
844,"Q00266|METK1_HUMAN","S-adenosylmethionine synthase isoform type-1 OS=Homo sapiens OX=9606 GN=MAT1A PE=1 SV=2",5.43784551031488,5.67577499436422,3.55824672751333,0.00191179320094173,0.00322937619064083,-1.20792619632877
845,"Q99536|VAT1_HUMAN","Synaptic vesicle membrane protein VAT-1 homolog OS=Homo sapiens OX=9606 GN=VAT1 PE=1 SV=2",7.07859954281266,8.36012946529019,6.5145526278628,1.75398314183368e-05,4.07533801814102e-05,2.85751484185911
846,"P19367|HXK1_HUMAN","Hexokinase-1 OS=Homo sapiens OX=9606 GN=HK1 PE=1 SV=3",9.04270796566515,7.47820622203936,13.3284866858542,1.4508417160871e-11,5.84894304391135e-11,13.2737811316132
847,"Q9Y5A9|YTHD2_HUMAN","YTH domain-containing family protein 2 OS=Homo sapiens OX=9606 GN=YTHDF2 PE=1 SV=2",9.71361605878835,7.81366026860096,13.8070700467565,7.54332507234872e-12,3.2172835337586e-11,13.6588462857322
848,"Q9BVG4|PBDC1_HUMAN","Protein PBDC1 OS=Homo sapiens OX=9606 GN=PBDC1 PE=1 SV=1",8.21981658430942,8.13949520781947,5.87712366573298,8.62735613594921e-05,0.000177053950551196,1.56356284338927
849,"Q9H3P7|GCP60_HUMAN","Golgi resident protein GCP60 OS=Homo sapiens OX=9606 GN=ACBD3 PE=1 SV=4",9.44958757039156,7.68164602440256,14.2645096138717,4.10636535450553e-12,1.82980400634795e-11,14.0073820688986
850,"Q15084|PDIA6_HUMAN","Protein disulfide-isomerase A6 OS=Homo sapiens OX=9606 GN=PDIA6 PE=1 SV=1",2.21083766166557,14.7815138618243,3.16725081153571,0.00473953546185961,0.00717828935018076,-2.00082816182307
851,"Q8TEX9|IPO4_HUMAN","Importin-4 OS=Homo sapiens OX=9606 GN=IPO4 PE=1 SV=2",5.59925191700835,5.75647819771096,3.59686918853285,0.00174631436578975,0.00297887031825012,-1.1286740027146
852,"P55036|PSMD4_HUMAN","26S proteasome non-ATPase regulatory subunit 4 OS=Homo sapiens OX=9606 GN=PSMD4 PE=1 SV=1",14.5450093314595,10.2293569049365,22.6915303981326,5.26831383961184e-16,1.17924466758753e-14,18.0768577761414
852,"A2A3N6|PIPSL_HUMAN","Putative PIP5K1A and PSMD4-like protein OS=Homo sapiens OX=9606 GN=PIPSL PE=5 SV=1",10.9678192860975,8.44076188225555,22.4785962966937,6.34652281727711e-16,1.29281020351941e-14,18.0119749297823
853,"Q5VT52|RPRD2_HUMAN","Regulation of nuclear pre-mRNA domain-containing protein 2 OS=Homo sapiens OX=9606 GN=RPRD2 PE=1 SV=1",3.90226042902293,4.90798245371825,2.50101623003598,0.0209512296890244,0.0285025562907223,-3.28187199686016
854,"Q13126|MTAP_HUMAN","S-methyl-5'-thioadenosine phosphorylase OS=Homo sapiens OX=9606 GN=MTAP PE=1 SV=2",11.1239650301154,8.5188347542645,19.338749438343,1.21497284527027e-14,1.13811324921911e-13,16.8756857274515
855,"Q9H845|ACAD9_HUMAN","Complex I assembly factor ACAD9, mitochondrial OS=Homo sapiens OX=9606 GN=ACAD9 PE=1 SV=1",9.69314572138361,7.80342509989859,11.9213285528448,1.11312906869625e-10,3.86782212498247e-10,12.0077138845501
857,"Q9UBC2|EP15R_HUMAN","Epidermal growth factor receptor substrate 15-like 1 OS=Homo sapiens OX=9606 GN=EPS15L1 PE=1 SV=1",9.26769378343394,7.59069913092376,13.194365418181,1.74863546948487e-11,6.94762286637437e-11,13.1619458420567
858,"Q3ZCQ8|TIM50_HUMAN","Mitochondrial import inner membrane translocase subunit TIM50 OS=Homo sapiens OX=9606 GN=TIMM50 PE=1 SV=2",8.79674635813549,7.35522541827453,9.92402923987004,2.80649831049427e-09,8.44142069953356e-09,9.8067029539529
859,"P46063|RECQ1_HUMAN","ATP-dependent DNA helicase Q1 OS=Homo sapiens OX=9606 GN=RECQL PE=1 SV=3",8.13920081703279,7.02645264772318,8.83679891253285,1.96806774433266e-08,5.53878714596545e-08,8.37206840280552
860,"Q12849|GRSF1_HUMAN","G-rich sequence factor 1 OS=Homo sapiens OX=9606 GN=GRSF1 PE=1 SV=3",9.21032011915955,9.42513777353539,4.95859919244311,0.00046814802300164,0.00085990929797534,0.172513303192775
861,"O43823|AKAP8_HUMAN","A-kinase anchor protein 8 OS=Homo sapiens OX=9606 GN=AKAP8 PE=1 SV=1",8.23257556881193,7.07314002361275,9.59256540120969,5.00519474642539e-09,1.47776071884492e-08,9.38844928237897
863,"Q5JTV8|TOIP1_HUMAN","Torsin-1A-interacting protein 1 OS=Homo sapiens OX=9606 GN=TOR1AIP1 PE=1 SV=2",6.51707177919511,8.86563614391731,5.45596942789136,0.000141980471256474,0.000282932098518336,1.15258937494718
864,"O95292|VAPB_HUMAN","Vesicle-associated membrane protein-associated protein B/C OS=Homo sapiens OX=9606 GN=VAPB PE=1 SV=3",9.96238400903036,7.93804424372196,12.3227153956618,6.16226204963354e-11,2.2466580389289e-10,12.3832486848735
865,"P15559|NQO1_HUMAN","NAD(P)H dehydrogenase [quinone] 1 OS=Homo sapiens OX=9606 GN=NQO1 PE=1 SV=1",11.5284176638385,8.72106107112603,18.1888442690183,3.99720148775761e-14,3.127891408103e-13,16.3579791168115
865,"#CONTAM#NQO1_HUMAN|",">sp|NQO1_HUMAN|",11.5284176638385,8.72106107112603,18.1888442690183,3.99720148775761e-14,3.127891408103e-13,16.3579791168115
866,"Q9UNF0|PACN2_HUMAN","Protein kinase C and casein kinase substrate in neurons protein 2 OS=Homo sapiens OX=9606 GN=PACSIN2 PE=1 SV=2",9.36919599478267,8.83079279872673,8.26508833538862,2.0357387106046e-06,5.17674639090338e-06,4.45223607965018
867,"Q969G3|SMCE1_HUMAN","SWI/SNF-related matrix-associated actin-dependent regulator of chromatin subfamily E member 1 OS=Homo sapiens OX=9606 GN=SMARCE1 PE=1 SV=2",9.97493096949701,7.94431772395529,17.3901276432435,9.51482570769484e-14,6.39303297986477e-13,15.9588612939326
868,"P33240|CSTF2_HUMAN","Cleavage stimulation factor subunit 2 OS=Homo sapiens OX=9606 GN=CSTF2 PE=1 SV=1",8.32118073898505,7.11744260869931,10.071358831431,2.17915772635829e-09,6.62174999722131e-09,9.98743702562096
869,"P42765|THIM_HUMAN","3-ketoacyl-CoA thiolase, mitochondrial OS=Homo sapiens OX=9606 GN=ACAA2 PE=1 SV=2",4.10507331757729,11.8861821964872,3.19210017768981,0.00629091765020137,0.00930823710733101,-2.16952766480194
870,"Q9H4M9|EHD1_HUMAN","EH domain-containing protein 1 OS=Homo sapiens OX=9606 GN=EHD1 PE=1 SV=2",10.0260338890774,7.96986918374548,16.4996058553047,2.61029386429646e-13,1.50669136095073e-12,15.4707267994318
871,"Q6P996|PDXD1_HUMAN","Pyridoxal-dependent decarboxylase domain-containing protein 1 OS=Homo sapiens OX=9606 GN=PDXDC1 PE=1 SV=2",8.79788023537623,8.39177884022373,6.07751851045935,7.11437891555395e-05,0.000147497893510408,1.71776948156963
871,"Q6P474|PDXD2_HUMAN","Putative pyridoxal-dependent decarboxylase domain-containing protein 2 OS=Homo sapiens OX=9606 GN=PDXDC2P PE=5 SV=3",9.44913876035552,7.68142161938454,9.94765979946185,9.35808674821003e-09,2.70688459658968e-08,8.73289958025024
872,"Q9BRK5|CAB45_HUMAN","45 kDa calcium-binding protein OS=Homo sapiens OX=9606 GN=SDF4 PE=1 SV=1",7.38667450554223,6.6501894919779,5.35644164176888,2.80597034098563e-05,6.27351092496787e-05,2.46819973951968
873,"P14550|AK1A1_HUMAN","Aldo-keto reductase family 1 member A1 OS=Homo sapiens OX=9606 GN=AKR1A1 PE=1 SV=3",0.315177084535094,15.107350556058,0.540281820851984,0.59482257057491,0.604558314866263,-5.7703942017474
874,"O94826|TOM70_HUMAN","Mitochondrial import receptor subunit TOM70 OS=Homo sapiens OX=9606 GN=TOMM70 PE=1 SV=1",8.85204056172124,7.3828725200674,9.77564880157573,3.63027830421765e-09,1.08598068929588e-08,9.62148277071624
875,"Q01844|EWS_HUMAN","RNA-binding protein EWS OS=Homo sapiens OX=9606 GN=EWSR1 PE=1 SV=1",11.7214840253569,8.81759425188521,23.5971496464993,2.42905513963916e-16,7.52526700037367e-15,18.3383289998759
876,"Q9UQB8|BAIP2_HUMAN","Brain-specific angiogenesis inhibitor 1-associated protein 2 OS=Homo sapiens OX=9606 GN=BAIAP2 PE=1 SV=1",9.4012722612498,7.65748836983168,13.7734889261598,7.89281310714343e-12,3.35771607320466e-11,13.6325227651742
877,"O75955|FLOT1_HUMAN","Flotillin-1 OS=Homo sapiens OX=9606 GN=FLOT1 PE=1 SV=3",5.65728035107287,9.37747125575895,3.42510100791493,0.00577996709785896,0.00859848273831414,-2.01194512745173
878,"P26232|CTNA2_HUMAN","Catenin alpha-2 OS=Homo sapiens OX=9606 GN=CTNNA2 PE=1 SV=5",4.83775453133872,5.37572950487614,3.16359543165803,0.00477949230453668,0.00722459574890704,-2.00813718979496
879,"Q86U86|PB1_HUMAN","Protein polybromo-1 OS=Homo sapiens OX=9606 GN=PBRM1 PE=1 SV=1",7.16788048569701,6.54079248205529,5.25878902061574,3.51416197549956e-05,7.74000206274216e-05,2.27477517293899
881,"P30085|KCY_HUMAN","UMP-CMP kinase OS=Homo sapiens OX=9606 GN=CMPK1 PE=1 SV=3",10.838051298914,8.37587788866379,19.117375059311,1.52037701421172e-14,1.36126779179421e-13,16.7808642184889
882,"Q01581|HMCS1_HUMAN","Hydroxymethylglutaryl-CoA synthase, cytoplasmic OS=Homo sapiens OX=9606 GN=HMGCS1 PE=1 SV=2",1.52690267681663,11.3112312262804,1.20308305309635,0.247783641997864,0.256236105745844,-5.22964742560198
883,"Q9NU22|MDN1_HUMAN","Midasin OS=Homo sapiens OX=9606 GN=MDN1 PE=1 SV=2",7.53841252812688,6.72605850327022,7.81111896281632,1.41849128027009e-07,3.79249404794434e-07,6.84471519583791
884,"Q13151|ROA0_HUMAN","Heterogeneous nuclear ribonucleoprotein A0 OS=Homo sapiens OX=9606 GN=HNRNPA0 PE=1 SV=1",11.9774694934799,8.94558698594671,18.9032412546646,1.8928661922276e-14,1.65250223130981e-13,16.6870126164819
885,"O95793|STAU1_HUMAN","Double-stranded RNA-binding protein Staufen homolog 1 OS=Homo sapiens OX=9606 GN=STAU1 PE=1 SV=2",11.4641984592962,8.68895146885487,17.6482889021408,7.16175581370066e-14,5.04905094055394e-13,16.0916699027036
886,"O75312|ZPR1_HUMAN","Zinc finger protein ZPR1 OS=Homo sapiens OX=9606 GN=ZPR1 PE=1 SV=1",9.97510132180337,7.94440290010847,12.830732022835,2.92333419411719e-11,1.12548366473512e-10,12.8497269654016
887,"P00813|ADA_HUMAN","Adenosine deaminase OS=Homo sapiens OX=9606 GN=ADA PE=1 SV=3",6.19296515115967,8.88911689266423,3.43408496238663,0.00581317989888979,0.00864455102770401,-2.01213723719244
888,"P36551|HEM6_HUMAN","Oxygen-dependent coproporphyrinogen-III oxidase, mitochondrial OS=Homo sapiens OX=9606 GN=CPOX PE=1 SV=3",3.88547503830073,4.89958975835715,2.48608187413343,0.0216336755687943,0.0293149719050807,-3.30909260712092
889,"P49959|MRE11_HUMAN","Double-strand break repair protein MRE11 OS=Homo sapiens OX=9606 GN=MRE11 PE=1 SV=3",9.36008265273611,7.63689356557484,13.8998158013954,6.6595076276817e-12,2.87112030980678e-11,13.7310156344949
890,"Q9HAV7|GRPE1_HUMAN","GrpE protein homolog 1, mitochondrial OS=Homo sapiens OX=9606 GN=GRPEL1 PE=1 SV=2",11.5510458732281,8.73237517582081,20.179004543882,5.2949676343776e-15,5.85756248182679e-14,17.2162667755053
891,"O00154|BACH_HUMAN","Cytosolic acyl coenzyme A thioester hydrolase OS=Homo sapiens OX=9606 GN=ACOT7 PE=1 SV=3",11.4353710092733,8.67453774384345,21.6987309437127,1.27312648090557e-15,2.08576040488785e-14,17.7624016543845
892,"P42330|AK1C3_HUMAN","Aldo-keto reductase family 1 member C3 OS=Homo sapiens OX=9606 GN=AKR1C3 PE=1 SV=4",9.48845143296413,7.70107795568885,13.9516456654499,6.21334967245851e-12,2.6938509278114e-11,13.7710089431648
892,"P17516|AK1C4_HUMAN","Aldo-keto reductase family 1 member C4 OS=Homo sapiens OX=9606 GN=AKR1C4 PE=1 SV=3",6.34312001117633,6.12841224479495,4.78566655612825,0.000105740704248957,0.000213813924032817,1.32222665706368
893,"O94979|SC31A_HUMAN","Protein transport protein Sec31A OS=Homo sapiens OX=9606 GN=SEC31A PE=1 SV=3",8.78410744441266,7.34890596141311,12.2247812755159,7.06463301670396e-11,2.55504032386732e-10,12.298800645063
894,"O00139|KIF2A_HUMAN","Kinesin-like protein KIF2A OS=Homo sapiens OX=9606 GN=KIF2A PE=1 SV=3",8.34709185373433,7.13039816607395,8.87482020591929,1.83393604894973e-08,5.18023021897026e-08,8.42535125449255
895,"O60488|ACSL4_HUMAN","Long-chain-fatty-acid--CoA ligase 4 OS=Homo sapiens OX=9606 GN=ACSL4 PE=1 SV=2",7.21242859132737,6.56306653487047,5.48996124527411,2.06580302728623e-05,4.70890565722439e-05,2.7306714178261
896,"P60953|CDC42_HUMAN","Cell division control protein 42 homolog OS=Homo sapiens OX=9606 GN=CDC42 PE=1 SV=2",11.8547920008915,8.88424823965254,18.080887947082,4.48536936424681e-14,3.42632381991076e-13,16.3060297215145
896,"P17081|RHOQ_HUMAN","Rho-related GTP-binding protein RhoQ OS=Homo sapiens OX=9606 GN=RHOQ PE=1 SV=2",5.43899282696745,5.67634865269051,3.35904761132767,0.0030428982913698,0.00482900182266023,-1.6143482898118
897,"O60231|DHX16_HUMAN","Pre-mRNA-splicing factor ATP-dependent RNA helicase DHX16 OS=Homo sapiens OX=9606 GN=DHX16 PE=1 SV=2",6.17889599680748,6.04630023761052,4.27506217561008,0.000352308032122833,0.000656527552600632,0.273061465564569
898,"P56537|IF6_HUMAN","Eukaryotic translation initiation factor 6 OS=Homo sapiens OX=9606 GN=EIF6 PE=1 SV=1",12.3456880480312,9.12969626322238,23.8775944531843,1.92198318010199e-16,6.91554695644174e-15,18.4148020611994
899,"Q9Y2B0|CNPY2_HUMAN","Protein canopy homolog 2 OS=Homo sapiens OX=9606 GN=CNPY2 PE=1 SV=1",10.7283102554917,8.32100736695262,17.9984062440091,4.90016699677297e-14,3.6846958862453e-13,16.2659293622226
900,"P52732|KIF11_HUMAN","Kinesin-like protein KIF11 OS=Homo sapiens OX=9606 GN=KIF11 PE=1 SV=2",7.51183022740476,6.71276735290916,5.71013804842603,1.25173999303942e-05,2.98587296976566e-05,3.15814859886544
901,"O15027|SC16A_HUMAN","Protein transport protein Sec16A OS=Homo sapiens OX=9606 GN=SEC16A PE=1 SV=4",6.01001671210194,5.96186059525775,4.41259261409062,0.000254535408933287,0.000485850929297549,0.557096517882494
902,"Q12830|BPTF_HUMAN","Nucleosome-remodeling factor subunit BPTF OS=Homo sapiens OX=9606 GN=BPTF PE=1 SV=3",3.0983735243458,4.50603900137968,1.95420374851992,0.0644507790826399,0.0771805597101597,-4.2179708503934
903,"P31947|1433S_HUMAN","14-3-3 protein sigma OS=Homo sapiens OX=9606 GN=SFN PE=1 SV=1",8.51685675950582,9.24987948823525,5.9461952276375,8.8709236529098e-05,0.000181356302981798,1.54020408885168
904,"O75717|WDHD1_HUMAN","WD repeat and HMG-box DNA-binding protein 1 OS=Homo sapiens OX=9606 GN=WDHD1 PE=1 SV=1",4.25386011234991,5.08378229538174,2.5847153562156,0.0174850383910916,0.0243727001468873,-3.12786875169041
905,"Q08752|PPID_HUMAN","Peptidyl-prolyl cis-trans isomerase D OS=Homo sapiens OX=9606 GN=PPID PE=1 SV=3",10.7648898822522,8.33929718033288,20.1598616908961,5.39421411950793e-15,5.88320803402423e-14,17.2088335038498
906,"P61011|SRP54_HUMAN","Signal recognition particle 54 kDa protein OS=Homo sapiens OX=9606 GN=SRP54 PE=1 SV=1",9.75966988451544,7.8366871814645,12.2451763120344,6.85415723338142e-11,2.48948163665269e-10,12.317992096568
907,"O14744|ANM5_HUMAN","Protein arginine N-methyltransferase 5 OS=Homo sapiens OX=9606 GN=PRMT5 PE=1 SV=4",8.73607671431832,7.32489059636594,5.61957950961622,8.86082064592889e-05,0.000181265459547429,1.53939314023198
908,"Q13618|CUL3_HUMAN","Cullin-3 OS=Homo sapiens OX=9606 GN=CUL3 PE=1 SV=2",6.04487703886107,5.97929075863732,3.78210463136606,0.00112961093339597,0.00198766092028085,-0.747117878375527
909,"P17931|LEG3_HUMAN","Galectin-3 OS=Homo sapiens OX=9606 GN=LGALS3 PE=1 SV=5",-1.62163208789735,17.1090958510444,-2.20878260700959,0.0387198605924981,0.0476723579408754,-3.79874859641897
910,"Q9UKY7|CDV3_HUMAN","Protein CDV3 homolog OS=Homo sapiens OX=9606 GN=CDV3 PE=1 SV=1",7.86666397697463,9.74859513130959,4.45098301624269,0.00100358316247098,0.00178137168073457,-0.482109983409264
911,"Q7Z4S6|KI21A_HUMAN","Kinesin-like protein KIF21A OS=Homo sapiens OX=9606 GN=KIF21A PE=1 SV=2",3.98159710797502,6.4238731351922,2.14789929628625,0.0469392053569623,0.0569184064958441,-3.92860880295743
912,"Q7Z460|CLAP1_HUMAN","CLIP-associating protein 1 OS=Homo sapiens OX=9606 GN=CLASP1 PE=1 SV=1",3.2387584165462,4.57623144747988,2.31464804607843,0.0310993158325688,0.0394115753638545,-3.61552140241606
913,"P30876|RPB2_HUMAN","DNA-directed RNA polymerase II subunit RPB2 OS=Homo sapiens OX=9606 GN=POLR2B PE=1 SV=1",8.75313695596968,7.33342071719163,11.3623176556441,2.63318788676561e-10,8.68703801546495e-10,11.4432820027177
914,"Q9HAV4|XPO5_HUMAN","Exportin-5 OS=Homo sapiens OX=9606 GN=XPO5 PE=1 SV=1",8.51342987442717,7.21356717642037,5.78601743590845,4.65172794631628e-05,9.98280523596304e-05,2.06931561834792
915,"Q14254|FLOT2_HUMAN","Flotillin-2 OS=Homo sapiens OX=9606 GN=FLOT2 PE=1 SV=2",9.99442807357521,7.95406627599439,17.5763184162971,7.74917060753711e-14,5.38328225019141e-13,16.0550204958909
916,"Q15008|PSMD6_HUMAN","26S proteasome non-ATPase regulatory subunit 6 OS=Homo sapiens OX=9606 GN=PSMD6 PE=1 SV=1",11.3404623569273,8.62708341767045,17.329298123812,1.01790475240349e-13,6.77789520428489e-13,15.9270191016587
917,"P35573|GDE_HUMAN","Glycogen debranching enzyme OS=Homo sapiens OX=9606 GN=AGL PE=1 SV=3",5.00295846986061,5.45833147413709,3.67317515787855,0.00145982064272773,0.00253053105560637,-0.971757626750656
918,"Q6KC79|NIPBL_HUMAN","Nipped-B-like protein OS=Homo sapiens OX=9606 GN=NIPBL PE=1 SV=2",6.72879616473151,6.32125032157254,4.94419533654584,7.29670515672329e-05,0.000151033950824649,1.64399542913697
919,"O60684|IMA7_HUMAN","Importin subunit alpha-7 OS=Homo sapiens OX=9606 GN=KPNA6 PE=1 SV=1",5.59417586442406,5.75394017141881,3.47602849363226,0.0023171667221308,0.00382879479837064,-1.37618726790148
920,"Q13155|AIMP2_HUMAN","Aminoacyl tRNA synthase complex-interacting multifunctional protein 2 OS=Homo sapiens OX=9606 GN=AIMP2 PE=1 SV=2",7.46849008075008,6.69109727958182,5.46202253334635,2.20218692996929e-05,4.99318002378196e-05,2.67594605804434
921,"P12955|PEPD_HUMAN","Xaa-Pro dipeptidase OS=Homo sapiens OX=9606 GN=PEPD PE=1 SV=3",8.22607854684316,7.06989151262836,5.77195418913019,3.08920475597967e-05,6.85500767177046e-05,2.40703079847509
922,"Q13136|LIPA1_HUMAN","Liprin-alpha-1 OS=Homo sapiens OX=9606 GN=PPFIA1 PE=1 SV=1",6.82189453437173,6.36779950639265,5.81086619254502,9.97099348257624e-06,2.42017730533684e-05,3.35138250447748
923,"P39656|OST48_HUMAN","Dolichyl-diphosphooligosaccharide--protein glycosyltransferase 48 kDa subunit OS=Homo sapiens OX=9606 GN=DDOST PE=1 SV=4",10.4335226104132,8.17361354441337,13.4752188372244,1.27190243980932e-11,5.15998355454781e-11,13.3317288060625
924,"P16435|NCPR_HUMAN","NADPH--cytochrome P450 reductase OS=Homo sapiens OX=9606 GN=POR PE=1 SV=2",7.45291500670789,6.68330974256073,6.3276486388558,3.16299587513075e-06,7.97480950835192e-06,4.31812418150596
925,"Q08257|QOR_HUMAN","Quinone oxidoreductase OS=Homo sapiens OX=9606 GN=CRYZ PE=1 SV=1",9.69394573396013,7.80382510618685,17.1372089332307,1.26138548029099e-13,8.04028824357667e-13,15.8250616561908
926,"Q9Y5X1|SNX9_HUMAN","Sorting nexin-9 OS=Homo sapiens OX=9606 GN=SNX9 PE=1 SV=1",7.39856353831591,6.65613400836474,5.61754598494004,1.54432796189609e-05,3.61658312244522e-05,2.97921506383
927,"Q9Y277|VDAC3_HUMAN","Voltage-dependent anion-selective channel protein 3 OS=Homo sapiens OX=9606 GN=VDAC3 PE=1 SV=1",8.46135829589221,7.18753138715289,5.81623936725727,4.04375745193078e-05,8.7660282600977e-05,2.18493985946118
928,"P10412|H14_HUMAN","Histone H1.4 OS=Homo sapiens OX=9606 GN=H1-4 PE=1 SV=2",11.4732414847804,8.69347298159699,24.7427805731672,9.48257878364207e-17,6.61903413275164e-15,18.6383640385086
929,"Q14692|BMS1_HUMAN","Ribosome biogenesis protein BMS1 homolog OS=Homo sapiens OX=9606 GN=BMS1 PE=1 SV=1",8.80595621312033,7.35983034576695,10.7343260900888,7.196551052826e-10,2.27477188451397e-09,10.7628836900767
930,"P08708|RS17_HUMAN","40S ribosomal protein S17 OS=Homo sapiens OX=9606 GN=RPS17 PE=1 SV=2",11.3354627136877,9.54899096518582,11.0230728703048,2.45217800874373e-08,6.86110852737163e-08,7.57857113669719
931,"P05141|ADT2_HUMAN","ADP/ATP translocase 2 OS=Homo sapiens OX=9606 GN=SLC25A5 PE=1 SV=7",13.0736288207612,9.4936666495874,25.650891447649,4.62938263942343e-17,6.61903413275164e-15,18.8544654025873
932,"O14818|PSA7_HUMAN","Proteasome subunit alpha type-7 OS=Homo sapiens OX=9606 GN=PSMA7 PE=1 SV=1",12.7292676025216,9.32148604046757,24.014670295603,1.71574051843589e-16,6.81558704691339e-15,18.4514464592631
932,"Q8TAA3|PSMA8_HUMAN","Proteasome subunit alpha-type 8 OS=Homo sapiens OX=9606 GN=PSMA8 PE=2 SV=3",11.9113121429905,8.91250831070202,21.0483307021738,2.31615077538686e-15,3.16479468067679e-14,17.5389186017832
933,"Q8N684|CPSF7_HUMAN","Cleavage and polyadenylation specificity factor subunit 7 OS=Homo sapiens OX=9606 GN=CPSF7 PE=1 SV=1",10.9835517325582,8.44862810548591,19.3117229651944,1.24853823468021e-14,1.16389157470189e-13,16.8642274387162
934,"P09110|THIK_HUMAN","3-ketoacyl-CoA thiolase, peroxisomal OS=Homo sapiens OX=9606 GN=ACAA1 PE=1 SV=2",8.72591914341883,7.3198118109162,11.1020008046052,3.97461733202683e-10,1.2805252492304e-09,11.1673832649895
935,"O43615|TIM44_HUMAN","Mitochondrial import inner membrane translocase subunit TIM44 OS=Homo sapiens OX=9606 GN=TIMM44 PE=1 SV=2",8.96220461120928,8.61026232746511,7.42324900062553,7.62146402877058e-06,1.88214474090871e-05,3.46592030209118
936,"P55084|ECHB_HUMAN","Trifunctional enzyme subunit beta, mitochondrial OS=Homo sapiens OX=9606 GN=HADHB PE=1 SV=3",10.7198527965362,8.31677863747486,15.91081457678,5.22263170917846e-13,2.79265723338015e-12,15.1204215700558
937,"O75822|EIF3J_HUMAN","Eukaryotic translation initiation factor 3 subunit J OS=Homo sapiens OX=9606 GN=EIF3J PE=1 SV=2",9.57924957744586,10.2835803221763,8.45519534847309,4.02923245456932e-07,1.05169796271809e-06,5.80914063934701
938,"O60832|DKC1_HUMAN","H/ACA ribonucleoprotein complex subunit DKC1 OS=Homo sapiens OX=9606 GN=DKC1 PE=1 SV=3",10.6525755789356,8.28314002867458,14.0862829456449,5.19420853143601e-12,2.28284279064254e-11,13.8737809216976
939,"P62820|RAB1A_HUMAN","Ras-related protein Rab-1A OS=Homo sapiens OX=9606 GN=RAB1A PE=1 SV=3",10.79824863703,8.35597655772181,19.1253962174935,1.50801285172404e-14,1.35424106399783e-13,16.7843386751415
940,"P11717|MPRI_HUMAN","Cation-independent mannose-6-phosphate receptor OS=Homo sapiens OX=9606 GN=IGF2R PE=1 SV=3",7.40340729080945,6.65855588461151,5.6821274784934,1.33373206701714e-05,3.15797568143665e-05,3.10414890926458
941,"O15144|ARPC2_HUMAN","Actin-related protein 2/3 complex subunit 2 OS=Homo sapiens OX=9606 GN=ARPC2 PE=1 SV=1",9.38448322198344,8.14611303672796,8.8688881041108,4.07300119990421e-07,1.06240207450076e-06,5.71151357526396
942,"P16152|CBR1_HUMAN","Carbonyl reductase [NADPH] 1 OS=Homo sapiens OX=9606 GN=CBR1 PE=1 SV=3",9.6059056460656,7.75980506223959,13.5827714337253,1.02254742100539e-11,4.23745816325434e-11,13.4810539619187
943,"Q5BKZ1|ZN326_HUMAN","DBIRD complex subunit ZNF326 OS=Homo sapiens OX=9606 GN=ZNF326 PE=1 SV=2",10.2757282699353,8.09471637417441,14.8638585046986,1.89590444851063e-12,9.07864692383821e-12,14.4370277505155
944,"Q92820|GGH_HUMAN","Gamma-glutamyl hydrolase OS=Homo sapiens OX=9606 GN=GGH PE=1 SV=2",10.3273241592098,8.12051431881168,17.3418137454058,1.00385276413029e-13,6.69815102582601e-13,15.9335879415121
945,"P35613|BASI_HUMAN","Basigin OS=Homo sapiens OX=9606 GN=BSG PE=1 SV=2",10.0589719423602,7.98633821038691,17.2495377015079,1.11242593845623e-13,7.28374126370152e-13,15.8849444481066
946,"Q92552|RT27_HUMAN","28S ribosomal protein S27, mitochondrial OS=Homo sapiens OX=9606 GN=MRPS27 PE=1 SV=3",6.60565023943333,6.25967735892345,4.05690669286157,0.0005902519397073,0.00107343881335527,-0.178518875289034
947,"Q8TED0|UTP15_HUMAN","U3 small nucleolar RNA-associated protein 15 homolog OS=Homo sapiens OX=9606 GN=UTP15 PE=1 SV=3",6.45705351023977,6.18537899432667,4.70208914528538,0.000128663853483991,0.000257729363118297,1.15168817558229
948,"O00330|ODPX_HUMAN","Pyruvate dehydrogenase protein X component, mitochondrial OS=Homo sapiens OX=9606 GN=PDHX PE=1 SV=3",11.0628872655173,8.48829587196543,20.9557858737321,2.52547995234043e-15,3.34127072732324e-14,17.5059132336663
949,"Q9Y5L0|TNPO3_HUMAN","Transportin-3 OS=Homo sapiens OX=9606 GN=TNPO3 PE=1 SV=3",8.38139407802543,7.1475492782195,10.430559249715,1.18833178440272e-09,3.69255639221183e-09,10.4151243170386
950,"Q13586|STIM1_HUMAN","Stromal interaction molecule 1 OS=Homo sapiens OX=9606 GN=STIM1 PE=1 SV=3",5.11748959429673,5.51559703635515,3.27808901599947,0.00367097084999789,0.00569429402598383,-1.77815639636466
951,"Q13442|HAP28_HUMAN","28 kDa heat- and acid-stable phosphoprotein OS=Homo sapiens OX=9606 GN=PDAP1 PE=1 SV=1",11.7895140126024,8.85160924550799,23.3693284122812,2.94358776034696e-16,8.58546430101195e-15,18.2746820561462
952,"P51812|KS6A3_HUMAN","Ribosomal protein S6 kinase alpha-3 OS=Homo sapiens OX=9606 GN=RPS6KA3 PE=1 SV=1",7.43189764150275,6.67280105995816,5.51061990469416,1.97051889370406e-05,4.52385076968433e-05,2.77106869754111
952,"Q15349|KS6A2_HUMAN","Ribosomal protein S6 kinase alpha-2 OS=Homo sapiens OX=9606 GN=RPS6KA2 PE=1 SV=2",2.48212530520295,4.19791489180826,1.72972120494358,0.0987049623420181,0.112131633230088,-4.55909117172887
953,"P10515|ODP2_HUMAN","Dihydrolipoyllysine-residue acetyltransferase component of pyruvate dehydrogenase complex, mitochondrial OS=Homo sapiens OX=9606 GN=DLAT PE=1 SV=3",11.616565549154,8.7651350137838,22.5905869435107,5.75331392236321e-16,1.2596502225269e-14,18.0462675871324
954,"Q9NQX3|GEPH_HUMAN","Gephyrin OS=Homo sapiens OX=9606 GN=GPHN PE=1 SV=1",8.66378660006509,7.28874553923933,12.2104464504241,7.216591877585e-11,2.60636761057244e-10,12.2852840314484
955,"Q12792|TWF1_HUMAN","Twinfilin-1 OS=Homo sapiens OX=9606 GN=TWF1 PE=1 SV=3",9.47099107471637,7.69234777656497,14.9558412050969,1.68775486637226e-12,8.16313597428796e-12,14.5003863739965
956,"Q96FV9|THOC1_HUMAN","THO complex subunit 1 OS=Homo sapiens OX=9606 GN=THOC1 PE=1 SV=1",7.4675073581192,6.69060591826638,5.54424795409232,1.8248953178087e-05,4.22480275018852e-05,2.83670194458877
957,"Q08378|GOGA3_HUMAN","Golgin subfamily A member 3 OS=Homo sapiens OX=9606 GN=GOLGA3 PE=1 SV=2",4.94682132825192,5.43026290333274,3.18818051372911,0.00451692546247341,0.00688174239435008,-1.95893434657865
958,"Q01780|EXOSX_HUMAN","Exosome component 10 OS=Homo sapiens OX=9606 GN=EXOSC10 PE=1 SV=2",9.42809970103809,7.67090208972583,15.9745323940128,4.83989062683464e-13,2.59882551092237e-12,15.1594560760011
959,"Q15024|EXOS7_HUMAN","Exosome complex component RRP42 OS=Homo sapiens OX=9606 GN=EXOSC7 PE=1 SV=3",8.4682528263927,7.19097865240313,10.0222280121703,2.37032514352025e-09,7.17433317810768e-09,9.92751516208272
960,"P49257|LMAN1_HUMAN","Protein ERGIC-53 OS=Homo sapiens OX=9606 GN=LMAN1 PE=1 SV=2",8.00993132359764,6.9618179010056,5.97064619972072,1.1339004411064e-05,2.72844793641227e-05,3.24418971052956
961,"Q9UNF1|MAGD2_HUMAN","Melanoma-associated antigen D2 OS=Homo sapiens OX=9606 GN=MAGED2 PE=1 SV=2",6.54203070542727,6.22786759192042,4.865724314955,8.7657252533686e-05,0.000179415429162515,1.48501594106635
962,"Q9Y3Z3|SAMH1_HUMAN","Deoxynucleoside triphosphate triphosphohydrolase SAMHD1 OS=Homo sapiens OX=9606 GN=SAMHD1 PE=1 SV=2",9.34936167317775,7.63153307579566,13.8336922517325,7.27775555758802e-12,3.11672512755438e-11,13.6796418694941
963,"O00264|PGRC1_HUMAN","Membrane-associated progesterone receptor component 1 OS=Homo sapiens OX=9606 GN=PGRMC1 PE=1 SV=3",10.1465305736515,8.03011752603255,14.7761036006175,2.11956566582933e-12,1.00373035835706e-11,14.3759556658991
964,"Q9H0P0|5NT3A_HUMAN","Cytosolic 5'-nucleotidase 3A OS=Homo sapiens OX=9606 GN=NT5C3A PE=1 SV=3",10.5021737181877,8.20793909830063,17.7178897010619,6.63785847841973e-14,4.75014036095092e-13,16.126840632916
965,"P35637|FUS_HUMAN","RNA-binding protein FUS OS=Homo sapiens OX=9606 GN=FUS PE=1 SV=1",10.2713687196757,8.09253659904461,15.2131379870538,1.22293727269296e-12,6.09884520708277e-12,14.6741176304042
966,"Q5JSH3|WDR44_HUMAN","WD repeat-containing protein 44 OS=Homo sapiens OX=9606 GN=WDR44 PE=1 SV=1",9.51432066105064,7.7140125697321,11.1063336827443,3.94724449649599e-10,1.27439402313199e-09,11.1720456366139
967,"Q86W92|LIPB1_HUMAN","Liprin-beta-1 OS=Homo sapiens OX=9606 GN=PPFIBP1 PE=1 SV=2",9.5147489117234,7.71422669506848,13.6197113984113,9.72306413146855e-12,4.04252666373152e-11,13.5106555198203
967,"Q8ND30|LIPB2_HUMAN","Liprin-beta-2 OS=Homo sapiens OX=9606 GN=PPFIBP2 PE=1 SV=3",2.28508628782256,4.09939538311806,1.67626952010564,0.108866080513488,0.120718436053263,-4.6359325832238
968,"P28074|PSB5_HUMAN","Proteasome subunit beta type-5 OS=Homo sapiens OX=9606 GN=PSMB5 PE=1 SV=3",10.7322217665873,8.32296312250045,19.2289745042293,1.35747403615808e-14,1.23845380076033e-13,16.8289418734704
969,"Q08AM6|VAC14_HUMAN","Protein VAC14 homolog OS=Homo sapiens OX=9606 GN=VAC14 PE=1 SV=1",7.73157979182177,6.82264213511767,5.64521560190898,1.7179675904368e-05,3.99889674920295e-05,2.89142002540266
970,"Q9Y6E0|STK24_HUMAN","Serine/threonine-protein kinase 24 OS=Homo sapiens OX=9606 GN=STK24 PE=1 SV=1",8.67822831857418,7.29596639849388,11.5784632313467,1.88059835969555e-10,6.32893678743694e-10,11.6659739191717
971,"P78318|IGBP1_HUMAN","Immunoglobulin-binding protein 1 OS=Homo sapiens OX=9606 GN=IGBP1 PE=1 SV=1",9.00371236557252,7.45870842199304,5.51050705323378,0.000135645161930067,0.000271290323860134,1.19149482296324
972,"P60900|PSA6_HUMAN","Proteasome subunit alpha type-6 OS=Homo sapiens OX=9606 GN=PSMA6 PE=1 SV=1",11.7368926241699,8.82529855129176,22.3764536229601,6.94348834348062e-16,1.34333819710555e-14,17.9803683466891
973,"Q96I25|SPF45_HUMAN","Splicing factor 45 OS=Homo sapiens OX=9606 GN=RBM17 PE=1 SV=1",9.92932875566666,7.92151661704011,16.2849221379641,3.35291347379593e-13,1.86812111058095e-12,15.3456640769251
974,"P30044|PRDX5_HUMAN","Peroxiredoxin-5, mitochondrial OS=Homo sapiens OX=9606 GN=PRDX5 PE=1 SV=4",10.2220296985799,10.251635509703,10.3557359767329,5.54275002276442e-09,1.62897615172847e-08,9.07441987063039
975,"Q04837|SSBP_HUMAN","Single-stranded DNA-binding protein, mitochondrial OS=Homo sapiens OX=9606 GN=SSBP1 PE=1 SV=1",10.716815213801,11.8193515935447,10.480348071591,1.86353065687438e-09,5.68960589132938e-09,9.99964390241828
976,"Q96FW1|OTUB1_HUMAN","Ubiquitin thioesterase OTUB1 OS=Homo sapiens OX=9606 GN=OTUB1 PE=1 SV=2",11.1358122279875,8.52475835320051,20.2171258814575,5.1029756832017e-15,5.66180299144857e-14,17.2310258782637
977,"O00193|SMAP_HUMAN","Small acidic protein OS=Homo sapiens OX=9606 GN=SMAP PE=1 SV=1",11.0866604630764,8.50018247074497,18.3224249715447,3.46896607891775e-14,2.78820864380655e-13,16.4214295179659
978,"Q8IWZ3|ANKH1_HUMAN","Ankyrin repeat and KH domain-containing protein 1 OS=Homo sapiens OX=9606 GN=ANKHD1 PE=1 SV=1",4.46364956956281,5.18867702398819,3.03979169360989,0.00634330156189818,0.00937853725549463,-2.25423113204622
979,"P46108|CRK_HUMAN","Adapter molecule crk OS=Homo sapiens OX=9606 GN=CRK PE=1 SV=2",8.99228556653758,7.45299502247557,12.4317420720799,5.20683098232056e-11,1.91872923810735e-10,12.4914163611453
980,"Q9UJS0|CMC2_HUMAN","Calcium-binding mitochondrial carrier protein Aralar2 OS=Homo sapiens OX=9606 GN=SLC25A13 PE=1 SV=2",10.4876265999768,8.20066553919519,14.7301532199981,2.24751284339534e-12,1.05531741595378e-11,14.343730898131
981,"P16422|EPCAM_HUMAN","Epithelial cell adhesion molecule OS=Homo sapiens OX=9606 GN=EPCAM PE=1 SV=2",11.0615729518907,8.48763871515215,19.975184218259,6.4579071554074e-15,6.83047872206551e-14,17.1363625526966
982,"Q99615|DNJC7_HUMAN","DnaJ homolog subfamily C member 7 OS=Homo sapiens OX=9606 GN=DNAJC7 PE=1 SV=2",10.7374055169061,8.32555499765983,16.8215466291231,1.8026437735914e-13,1.09639471221594e-12,15.652762078113
983,"P35249|RFC4_HUMAN","Replication factor C subunit 4 OS=Homo sapiens OX=9606 GN=RFC4 PE=1 SV=2",10.1747538208139,8.04422914961376,14.2126594194315,4.39582914281474e-12,1.94751924048754e-11,13.9687983816118
984,"Q5T9A4|ATD3B_HUMAN","ATPase family AAA domain-containing protein 3B OS=Homo sapiens OX=9606 GN=ATAD3B PE=1 SV=1",4.27320760199274,5.09345604020315,2.9956324488994,0.00701271621815492,0.0102931595272194,-2.341272905709
985,"Q9Y285|SYFA_HUMAN","Phenylalanine--tRNA ligase alpha subunit OS=Homo sapiens OX=9606 GN=FARSA PE=1 SV=3",10.6285336560718,8.27111906724268,17.246716583614,1.11593262050698e-13,7.29429641587754e-13,15.8834495243283
986,"Q07960|RHG01_HUMAN","Rho GTPase-activating protein 1 OS=Homo sapiens OX=9606 GN=ARHGAP1 PE=1 SV=1",0.117431263801056,14.5990218322535,0.177767214323489,0.860650089143805,0.865822535459537,-5.89601805095356
987,"P26368|U2AF2_HUMAN","Splicing factor U2AF 65 kDa subunit OS=Homo sapiens OX=9606 GN=U2AF2 PE=1 SV=4",11.8160580006964,9.45139326182009,17.7720879231042,6.25772702765877e-14,4.51165712668282e-13,16.1540444819343
988,"Q16822|PCKGM_HUMAN","Phosphoenolpyruvate carboxykinase [GTP], mitochondrial OS=Homo sapiens OX=9606 GN=PCK2 PE=1 SV=4",10.2887651430628,8.10123481073821,18.9720210370379,1.76378943824074e-14,1.56105502005215e-13,16.7173898183768
989,"P25787|PSA2_HUMAN","Proteasome subunit alpha type-2 OS=Homo sapiens OX=9606 GN=PSMA2 PE=1 SV=2",11.5079264222344,8.71081545032397,20.0874053988221,5.78784761597013e-15,6.22436126298463e-14,17.1805650158749
990,"P51116|FXR2_HUMAN","Fragile X mental retardation syndrome-related protein 2 OS=Homo sapiens OX=9606 GN=FXR2 PE=1 SV=2",8.4204826006717,7.16709353954263,11.3546357527297,2.66511037303332e-10,8.7773096117864e-10,11.4352618040059
991,"Q00796|DHSO_HUMAN","Sorbitol dehydrogenase OS=Homo sapiens OX=9606 GN=SORD PE=1 SV=4",10.9093650429613,8.41153476068744,17.8426015969868,5.79693598274752e-14,4.24300447406425e-13,16.189198908027
992,"O94874|UFL1_HUMAN","E3 UFM1-protein ligase 1 OS=Homo sapiens OX=9606 GN=UFL1 PE=1 SV=2",9.75362891352173,7.83366669596765,16.1409870313991,3.9720785340481e-13,2.16607682097524e-12,15.2601201119905
993,"Q9UNS2|CSN3_HUMAN","COP9 signalosome complex subunit 3 OS=Homo sapiens OX=9606 GN=COPS3 PE=1 SV=3",10.2333952431988,8.07354986080618,17.2350784621986,1.13052158552105e-13,7.36464992259903e-13,15.8772775347288
994,"Q9NQW6|ANLN_HUMAN","Anillin OS=Homo sapiens OX=9606 GN=ANLN PE=1 SV=2",5.34685075787113,5.63027761814235,3.420499787883,0.00263757717669792,0.00428467178493122,-1.48943647100698
995,"#CONTAM#ANXA5_HUMAN|",">sp|ANXA5_HUMAN|",10.7107568536541,8.31223066603381,18.2949113942486,3.57146171537998e-14,2.84005497437744e-13,16.4084350118928
995,"P08758|ANXA5_HUMAN","Annexin A5 OS=Homo sapiens OX=9606 GN=ANXA5 PE=1 SV=2",10.7107568536541,8.31223066603381,18.2949113942486,3.57146171537998e-14,2.84005497437744e-13,16.4084350118928
996,"Q9Y5M8|SRPRB_HUMAN","Signal recognition particle receptor subunit beta OS=Homo sapiens OX=9606 GN=SRPRB PE=1 SV=3",9.74988690440604,7.8317956914098,16.3692776427985,3.03774276945298e-13,1.71485478920733e-12,15.3951623993254
997,"O75439|MPPB_HUMAN","Mitochondrial-processing peptidase subunit beta OS=Homo sapiens OX=9606 GN=PMPCB PE=1 SV=2",6.60682503362653,6.26026475602005,4.03442415331476,0.000622486315447694,0.00112992565510308,-0.225082663258541
998,"P38919|IF4A3_HUMAN","Eukaryotic initiation factor 4A-III OS=Homo sapiens OX=9606 GN=EIF4A3 PE=1 SV=4",10.7707783527343,9.39167775554613,11.2642898238158,1.2208223460129e-08,3.49195098971001e-08,8.10906326638324
999,"#CONTAM#CATD_HUMAN|",">sp|CATD_HUMAN|",10.4886445664196,8.20117452241656,17.6351560191687,7.2653661933292e-14,5.08575633533044e-13,16.0850036707345
999,"P07339|CATD_HUMAN","Cathepsin D OS=Homo sapiens OX=9606 GN=CTSD PE=1 SV=1",10.4886445664196,8.20117452241656,17.6351560191687,7.2653661933292e-14,5.08575633533044e-13,16.0850036707345
1000,"Q9NP81|SYSM_HUMAN","Serine--tRNA ligase, mitochondrial OS=Homo sapiens OX=9606 GN=SARS2 PE=1 SV=1",7.11912488441035,6.51641468141196,6.9466513761697,8.35719534487897e-07,2.16522221250229e-06,5.41831172922561
1001,"Q9Y224|RTRAF_HUMAN","RNA transcription, translation and transport factor protein OS=Homo sapiens OX=9606 GN=RTRAF PE=1 SV=1",9.68282498200972,7.79826473021164,12.0272197640109,9.48877522370624e-11,3.33623603755882e-10,12.1104803841038
1002,"Q9BPX3|CND3_HUMAN","Condensin complex subunit 3 OS=Homo sapiens OX=9606 GN=NCAPG PE=1 SV=1",7.45496849884717,6.68433648863037,5.73259727351348,1.18972801746091e-05,2.85031292297728e-05,3.20136350746234
1003,"Q9NR28|DBLOH_HUMAN","Diablo homolog, mitochondrial OS=Homo sapiens OX=9606 GN=DIABLO PE=1 SV=1",10.5162191269629,8.21496180268822,16.4649724638985,2.71736131579951e-13,1.56146881579524e-12,15.4507532704281
1004,"P61026|RAB10_HUMAN","Ras-related protein Rab-10 OS=Homo sapiens OX=9606 GN=RAB10 PE=1 SV=1",9.009998467137,7.46185147277529,11.7055273622825,1.54634878781768e-10,5.28255797080575e-10,11.7942447305372
1005,"O15371|EIF3D_HUMAN","Eukaryotic translation initiation factor 3 subunit D OS=Homo sapiens OX=9606 GN=EIF3D PE=1 SV=1",10.1349878049799,8.02434614169671,15.2658756197992,1.14544669145764e-12,5.74214812774989e-12,14.709101745855
1006,"P19174|PLCG1_HUMAN","1-phosphatidylinositol 4,5-bisphosphate phosphodiesterase gamma-1 OS=Homo sapiens OX=9606 GN=PLCG1 PE=1 SV=1",6.57727590957082,6.24549019399219,4.62938190268187,0.000152658619703682,0.000302177730518856,1.00288008333984
1007,"Q13616|CUL1_HUMAN","Cullin-1 OS=Homo sapiens OX=9606 GN=CUL1 PE=1 SV=2",7.51421817898617,6.71396132869987,5.7082617812056,1.25706772262679e-05,2.99487050254526e-05,3.1545350398782
1008,"Q9NSD9|SYFB_HUMAN","Phenylalanine--tRNA ligase beta subunit OS=Homo sapiens OX=9606 GN=FARSB PE=1 SV=3",8.96694396325517,7.44032422083437,12.7094551567863,3.47876583994592e-11,1.33133682741469e-10,12.7425925372587
1009,"Q92614|MY18A_HUMAN","Unconventional myosin-XVIIIa OS=Homo sapiens OX=9606 GN=MYO18A PE=1 SV=3",8.78313620286957,7.34842034064157,10.6718774500937,7.97155690313091e-10,2.50739330694886e-09,10.6924100090871
1010,"Q9UJC3|HOOK1_HUMAN","Protein Hook homolog 1 OS=Homo sapiens OX=9606 GN=HOOK1 PE=1 SV=2",7.79500864985952,6.85435656413654,5.82894593517107,1.10927458440201e-05,2.67420610516451e-05,3.26206962492733
1011,"Q96I99|SUCB2_HUMAN","Succinate--CoA ligase [GDP-forming] subunit beta, mitochondrial OS=Homo sapiens OX=9606 GN=SUCLG2 PE=1 SV=2",11.0508316751011,8.48226807675733,22.0347776376993,9.40555002326329e-16,1.68424965532854e-14,17.8723054693105
1012,"Q96ST3|SIN3A_HUMAN","Paired amphipathic helix protein Sin3a OS=Homo sapiens OX=9606 GN=SIN3A PE=1 SV=2",6.24351059047253,6.07860753444305,3.69401827950985,0.00138999229384148,0.00241383415935485,-0.928826236141282
1013,"P30520|PURA2_HUMAN","Adenylosuccinate synthetase isozyme 2 OS=Homo sapiens OX=9606 GN=ADSS2 PE=1 SV=3",10.3905333987241,8.15211893856882,16.8516115025941,1.74193637936367e-13,1.06114795261869e-12,15.6694324117576
1015,"P07384|CAN1_HUMAN","Calpain-1 catalytic subunit OS=Homo sapiens OX=9606 GN=CAPN1 PE=1 SV=1",8.8457759617348,8.23980435752276,8.64241077851251,5.04960013289062e-07,1.31535592094918e-06,5.57479398317626
1016,"Q01085|TIAR_HUMAN","Nucleolysin TIAR OS=Homo sapiens OX=9606 GN=TIAL1 PE=1 SV=1",7.5885174241952,6.75111095130438,5.82163946301011,9.73202723495411e-06,2.36691755240514e-05,3.37196024510447
1017,"O75152|ZC11A_HUMAN","Zinc finger CCCH domain-containing protein 11A OS=Homo sapiens OX=9606 GN=ZC3H11A PE=1 SV=3",7.89528072902468,6.90449260371913,8.5785914355031,3.19415601488179e-08,8.85349219387681e-08,8.00401998579525
1018,"P16403|H12_HUMAN","Histone H1.2 OS=Homo sapiens OX=9606 GN=H1-2 PE=1 SV=2",9.41692255094534,7.66531351467945,10.4005184466151,2.03061410725025e-09,6.18501923489988e-09,9.94855838582473
1019,"Q16204|CCDC6_HUMAN","Coiled-coil domain-containing protein 6 OS=Homo sapiens OX=9606 GN=CCDC6 PE=1 SV=2",10.4812357423784,8.19747011039598,17.2801528255514,1.07510356567155e-13,7.07546791082985e-13,15.9011378365255
1020,"P51114|FXR1_HUMAN","Fragile X mental retardation syndrome-related protein 1 OS=Homo sapiens OX=9606 GN=FXR1 PE=1 SV=3",8.39014793635038,7.15192620738197,10.1243058791632,1.99098664949808e-09,6.06912003212005e-09,10.0516256029846
1021,"Q9UHD9|UBQL2_HUMAN","Ubiquilin-2 OS=Homo sapiens OX=9606 GN=UBQLN2 PE=1 SV=2",5.4348763979732,5.67429043819338,4.09120301040034,0.000544259680506729,0.000993551337103321,-0.107487839095218
1022,"P11908|PRPS2_HUMAN","Ribose-phosphate pyrophosphokinase 2 OS=Homo sapiens OX=9606 GN=PRPS2 PE=1 SV=2",8.37279088707646,7.14324768274501,11.1696521339574,3.56887932958928e-10,1.15755563765112e-09,11.2399061945599
1023,"Q9NVA2|SEP11_HUMAN","Septin-11 OS=Homo sapiens OX=9606 GN=SEPTIN11 PE=1 SV=3",8.88894164651406,7.40132306246382,10.3824379147411,1.28780575455336e-09,3.98877888578474e-09,10.3588764349033
1024,"Q00534|CDK6_HUMAN","Cyclin-dependent kinase 6 OS=Homo sapiens OX=9606 GN=CDK6 PE=1 SV=1",8.46602574255509,7.18986511048433,5.73138880628042,4.96419992300087e-05,0.000106002050491145,2.0151921641578
1025,"Q96A65|EXOC4_HUMAN","Exocyst complex component 4 OS=Homo sapiens OX=9606 GN=EXOC4 PE=1 SV=1",4.16148600771486,5.03759524306421,2.56488230753446,0.0182539381685321,0.0253252835851707,-3.16457765314525
1026,"Q13148|TADBP_HUMAN","TAR DNA-binding protein 43 OS=Homo sapiens OX=9606 GN=TARDBP PE=1 SV=1",10.6305623470961,8.27213341275486,17.2772586433936,1.07857510409467e-13,7.08620162246499e-13,15.8996093299528
1027,"P06239|LCK_HUMAN","Tyrosine-protein kinase Lck OS=Homo sapiens OX=9606 GN=LCK PE=1 SV=6",8.78709844021839,7.35040145931598,12.119026550265,8.2693870723117e-11,2.93700555612547e-10,12.1985407331606
1028,"#CONTAM#SODC_HUMAN|",">sp|SODC_HUMAN|",12.5623152070726,9.23800984274306,21.0480762657239,2.31670071039255e-15,3.16479468067679e-14,17.5388282820944
1028,"P00441|SODC_HUMAN","Superoxide dismutase [Cu-Zn] OS=Homo sapiens OX=9606 GN=SOD1 PE=1 SV=2",12.5623152070726,9.23800984274306,21.0480762657239,2.31670071039255e-15,3.16479468067679e-14,17.5388282820944
1029,"Q9Y6G9|DC1L1_HUMAN","Cytoplasmic dynein 1 light intermediate chain 1 OS=Homo sapiens OX=9606 GN=DYNC1LI1 PE=1 SV=3",10.048377127067,7.98104080274027,18.2020433580352,3.94144831583838e-14,3.09685224815873e-13,16.3642892863642
1030,"Q9UNP9|PPIE_HUMAN","Peptidyl-prolyl cis-trans isomerase E OS=Homo sapiens OX=9606 GN=PPIE PE=1 SV=1",7.36975289136693,6.64172868489025,5.48731637109833,2.07833665103331e-05,4.73187232789961e-05,2.72549526129058
1031,"Q8NFC6|BD1L1_HUMAN","Biorientation of chromosomes in cell division protein 1-like 1 OS=Homo sapiens OX=9606 GN=BOD1L1 PE=1 SV=2",5.24298711821478,6.47066646889441,3.40886178783941,0.00271004415832466,0.00438758200569804,-1.5131277677712
1032,"Q14C86|GAPD1_HUMAN","GTPase-activating protein and VPS9 domain-containing protein 1 OS=Homo sapiens OX=9606 GN=GAPVD1 PE=1 SV=2",7.82221511116177,6.86795979478767,8.2132184918739,6.43257899595925e-08,1.75144477612752e-07,7.46446041092312
1033,"Q14258|TRI25_HUMAN","E3 ubiquitin/ISG15 ligase TRIM25 OS=Homo sapiens OX=9606 GN=TRIM25 PE=1 SV=2",7.8619315566437,6.88781801752863,5.92900135794832,9.22617216341183e-06,2.2524263049547e-05,3.41780885331353
1034,"Q5T6F2|UBAP2_HUMAN","Ubiquitin-associated protein 2 OS=Homo sapiens OX=9606 GN=UBAP2 PE=1 SV=1",9.41836550210863,7.6660349902611,11.4574169477154,2.26939869731858e-10,7.54506475360667e-10,11.5419658515585
1035,"#CONTAM#RS27A_HUMAN|",">sp|RS27A_HUMAN|",14.0289205992585,11.1626909408971,17.1770918155043,1.20624159234312e-13,7.71433576498506e-13,15.8464079734361
1035,"P62979|RS27A_HUMAN","Ubiquitin-40S ribosomal protein S27a OS=Homo sapiens OX=9606 GN=RPS27A PE=1 SV=2",14.0289205992585,11.1626909408971,17.1770918155043,1.20624159234312e-13,7.71433576498506e-13,15.8464079734361
1035,"P0CG48|UBC_HUMAN","Polyubiquitin-C OS=Homo sapiens OX=9606 GN=UBC PE=1 SV=3",14.0289205992585,11.1626909408971,17.1770918155043,1.20624159234312e-13,7.71433576498506e-13,15.8464079734361
1035,"P0CG47|UBB_HUMAN","Polyubiquitin-B OS=Homo sapiens OX=9606 GN=UBB PE=1 SV=1",14.0289205992585,11.1626909408971,17.1770918155043,1.20624159234312e-13,7.71433576498506e-13,15.8464079734361
1035,"P62987|RL40_HUMAN","Ubiquitin-60S ribosomal protein L40 OS=Homo sapiens OX=9606 GN=UBA52 PE=1 SV=2",14.0289205992585,11.1626909408971,17.1770918155043,1.20624159234312e-13,7.71433576498506e-13,15.8464079734361
1036,"Q9BVP2|GNL3_HUMAN","Guanine nucleotide-binding protein-like 3 OS=Homo sapiens OX=9606 GN=GNL3 PE=1 SV=2",9.89748102219096,7.90559275030226,16.2970780372231,3.30546555019956e-13,1.84521570233334e-12,15.3528257377155
1037,"P82979|SARNP_HUMAN","SAP domain-containing ribonucleoprotein OS=Homo sapiens OX=9606 GN=SARNP PE=1 SV=3",9.61278347468282,7.76324397654819,15.431056969962,9.34254852081434e-13,4.77039944365189e-12,14.8173284387204
1038,"Q99575|POP1_HUMAN","Ribonucleases P/MRP protein subunit POP1 OS=Homo sapiens OX=9606 GN=POP1 PE=1 SV=2",4.47029810006059,5.19200128923708,3.08797220308472,0.00568335932539647,0.00846457771867559,-2.15880697503896
1039,"P78316|NOP14_HUMAN","Nucleolar protein 14 OS=Homo sapiens OX=9606 GN=NOP14 PE=1 SV=3",8.57948426388439,7.24659437114898,8.09192630388733,8.14703417745187e-08,2.20422217731481e-07,7.2804052472183
1040,"Q13206|DDX10_HUMAN","Probable ATP-dependent RNA helicase DDX10 OS=Homo sapiens OX=9606 GN=DDX10 PE=1 SV=2",4.88591961051478,5.39981204446417,3.18221123825454,0.00457935806193176,0.00697134382698192,-1.97089033793216
1041,"Q9H2U1|DHX36_HUMAN","ATP-dependent DNA/RNA helicase DHX36 OS=Homo sapiens OX=9606 GN=DHX36 PE=1 SV=2",6.20438060135986,6.05904253988671,3.83709984188814,0.000992205194526615,0.00176361495795359,-0.633485928863614
1042,"Q9Y2R9|RT07_HUMAN","28S ribosomal protein S7, mitochondrial OS=Homo sapiens OX=9606 GN=MRPS7 PE=1 SV=2",5.61381198140449,5.76375822990903,3.41156372186964,0.00269304786477651,0.0043618991499325,-1.50762889913439
1043,"O43765|SGTA_HUMAN","Small glutamine-rich tetratricopeptide repeat-containing protein alpha OS=Homo sapiens OX=9606 GN=SGTA PE=1 SV=1",10.552124330095,8.23291440425429,16.1881458521149,3.75701520349944e-13,2.06931452553259e-12,15.2882996323907
1044,"P11498|PYC_HUMAN","Pyruvate carboxylase, mitochondrial OS=Homo sapiens OX=9606 GN=PC PE=1 SV=2",-1.10614657843628,10.6945509483921,-0.814413215313027,0.429509880793873,0.439556895549285,-5.58925471297583
1045,"P30154|2AAB_HUMAN","Serine/threonine-protein phosphatase 2A 65 kDa regulatory subunit A beta isoform OS=Homo sapiens OX=9606 GN=PPP2R1B PE=1 SV=3",5.55553349851498,5.73461898846427,3.56997112781297,0.00185999038702224,0.00315599955488568,-1.18388130105848
1046,"Q16543|CDC37_HUMAN","Hsp90 co-chaperone Cdc37 OS=Homo sapiens OX=9606 GN=CDC37 PE=1 SV=1",10.6102139173735,8.26195919789353,5.31120286707832,0.000278266764569011,0.000527747312113641,0.608491665920891
1047,"Q15417|CNN3_HUMAN","Calponin-3 OS=Homo sapiens OX=9606 GN=CNN3 PE=1 SV=1",10.9163269103387,8.41501569437613,18.9752170697442,1.75802017480219e-14,1.5595340260342e-13,16.7187960026454
1048,"Q14137|BOP1_HUMAN","Ribosome biogenesis protein BOP1 OS=Homo sapiens OX=9606 GN=BOP1 PE=1 SV=2",8.93088808292049,7.42229628066703,12.6350915129024,3.87283601299468e-11,1.46756089075094e-10,12.676139416835
1049,"P08754|GNAI3_HUMAN","Guanine nucleotide-binding protein G(i) subunit alpha OS=Homo sapiens OX=9606 GN=GNAI3 PE=1 SV=3",8.15799234859592,7.03584841350474,9.72282144255636,3.98114290472805e-09,1.18358302572996e-08,9.55475573357178
1050,"Q96C86|DCPS_HUMAN","m7GpppX diphosphatase OS=Homo sapiens OX=9606 GN=DCPS PE=1 SV=2",9.71485244278256,7.81427846059806,16.2303918091061,3.57468698781602e-13,1.97552168475705e-12,15.3134174520479
1051,"P30837|AL1B1_HUMAN","Aldehyde dehydrogenase X, mitochondrial OS=Homo sapiens OX=9606 GN=ALDH1B1 PE=1 SV=3",10.9080154061322,8.41085994227289,17.7968197058733,6.09189675275387e-14,4.40860949212451e-13,16.1664050810608
1052,"Q9H9B4|SFXN1_HUMAN","Sideroflexin-1 OS=Homo sapiens OX=9606 GN=SFXN1 PE=1 SV=4",10.6822286926656,8.29796658553959,21.3089989484011,1.81857951863593e-15,2.70329387905341e-14,17.6302428451229
1053,"Q96TA1|NIBA2_HUMAN","Protein Niban 2 OS=Homo sapiens OX=9606 GN=NIBAN2 PE=1 SV=3",6.44484569612833,6.17927508727095,3.97939289992716,0.000708988712777803,0.0012803032571269,-0.339047125662815
1054,"Q04726|TLE3_HUMAN","Transducin-like enhancer protein 3 OS=Homo sapiens OX=9606 GN=TLE3 PE=1 SV=2",7.7548921212863,6.83429829984993,8.59921702113009,3.07198406467809e-08,8.53328906855024e-08,8.03381947348292
1054,"Q04727|TLE4_HUMAN","Transducin-like enhancer protein 4 OS=Homo sapiens OX=9606 GN=TLE4 PE=1 SV=3",1.77810060509561,3.84590254175459,1.57115508387967,0.13144926957283,0.140616751279632,-4.78177225321961
1054,"Q04724|TLE1_HUMAN","Transducin-like enhancer protein 1 OS=Homo sapiens OX=9606 GN=TLE1 PE=1 SV=2",1.77810060509561,3.84590254175459,1.57115508387967,0.13144926957283,0.140616751279632,-4.78177225321961
1054,"Q04725|TLE2_HUMAN","Transducin-like enhancer protein 2 OS=Homo sapiens OX=9606 GN=TLE2 PE=1 SV=2",1.77810060509561,3.84590254175459,1.57115508387967,0.13144926957283,0.140616751279632,-4.78177225321961
1055,"Q53GS9|SNUT2_HUMAN","U4/U6.U5 tri-snRNP-associated protein 2 OS=Homo sapiens OX=9606 GN=USP39 PE=1 SV=2",9.2125966979395,7.56315058817653,12.01778420817,9.62430613639382e-11,3.38080096944491e-10,12.1013754932326
1056,"Q12907|LMAN2_HUMAN","Vesicular integral-membrane protein VIP36 OS=Homo sapiens OX=9606 GN=LMAN2 PE=1 SV=1",10.6929922474073,8.30334836291042,17.3092089465658,1.04089160979019e-13,6.88562319191106e-13,15.9164564269681
1057,"O75792|RNH2A_HUMAN","Ribonuclease H2 subunit A OS=Homo sapiens OX=9606 GN=RNASEH2A PE=1 SV=2",9.29352058849203,7.6036125334528,14.2577530717419,4.14292918838339e-12,1.8418334151589e-11,14.0023673744752
1058,"Q92667|AKAP1_HUMAN","A-kinase anchor protein 1, mitochondrial OS=Homo sapiens OX=9606 GN=AKAP1 PE=1 SV=1",4.42110583536157,5.16740515688757,2.63001801620801,0.0158415610957007,0.0222024063408983,-3.04353219826971
1059,"P06493|CDK1_HUMAN","Cyclin-dependent kinase 1 OS=Homo sapiens OX=9606 GN=CDK1 PE=1 SV=3",10.5856981129842,8.24970129569888,16.3715130428417,3.02982478831093e-13,1.71289653964715e-12,15.3964677627753
1060,"P52565|GDIR1_HUMAN","Rho GDP-dissociation inhibitor 1 OS=Homo sapiens OX=9606 GN=ARHGDIA PE=1 SV=3",13.06253083549,10.6018267385615,13.1395750293363,4.61173396037011e-11,1.71879726499757e-10,12.3300817802999
1061,"Q9UGU0|TCF20_HUMAN","Transcription factor 20 OS=Homo sapiens OX=9606 GN=TCF20 PE=1 SV=3",4.88630563312798,5.40000505577077,3.180275576408,0.00459978258496251,0.0069996691510299,-1.97476601834069
1062,"Q9BYJ9|YTHD1_HUMAN","YTH domain-containing family protein 1 OS=Homo sapiens OX=9606 GN=YTHDF1 PE=1 SV=1",2.64464199167894,4.27917323504625,1.84486738443673,0.0795503952077895,0.0936544645052563,-4.3877129083662
1063,"Q9NQR4|NIT2_HUMAN","Omega-amidase NIT2 OS=Homo sapiens OX=9606 GN=NIT2 PE=1 SV=1",5.88878273046822,5.90124360444089,3.6758053821248,0.00145082124869218,0.00251606387723645,-0.966341573290427
1064,"P09543|CN37_HUMAN","2',3'-cyclic-nucleotide 3'-phosphodiesterase OS=Homo sapiens OX=9606 GN=CNP PE=1 SV=2",8.97715712561826,7.44543080201591,10.4886208411127,1.07885445669382e-09,3.36050943225825e-09,10.4825658589998
1065,"P50552|VASP_HUMAN","Vasodilator-stimulated phosphoprotein OS=Homo sapiens OX=9606 GN=VASP PE=1 SV=3",10.1272866639351,8.02049557117432,16.9141258666476,1.62244859959368e-13,9.96240368171557e-13,15.7039184445811
1066,"O95218|ZRAB2_HUMAN","Zinc finger Ran-binding domain-containing protein 2 OS=Homo sapiens OX=9606 GN=ZRANB2 PE=1 SV=2",7.28738977279463,6.6005471256041,5.49250070782757,2.05384143660531e-05,4.68719000055153e-05,2.7356403835466
1067,"Q9UBS4|DJB11_HUMAN","DnaJ homolog subfamily B member 11 OS=Homo sapiens OX=9606 GN=DNAJB11 PE=1 SV=1",-0.738441208803032,14.3971264756337,-0.297478656651584,0.771832729988101,0.78055056749519,-5.86665638749133
1068,"P78540|ARGI2_HUMAN","Arginase-2, mitochondrial OS=Homo sapiens OX=9606 GN=ARG2 PE=1 SV=1",8.92409411649873,7.41889929745615,14.1189437111917,4.97435630452657e-12,2.19122102659351e-11,13.8984707223222
1069,"P50579|MAP2_HUMAN","Methionine aminopeptidase 2 OS=Homo sapiens OX=9606 GN=METAP2 PE=1 SV=1",8.48377051119721,7.19873749480539,10.2715830636371,1.55134169237864e-09,4.7781324125262e-09,10.2280754495787
1070,"Q96JM3|CHAP1_HUMAN","Chromosome alignment-maintaining phosphoprotein 1 OS=Homo sapiens OX=9606 GN=CHAMP1 PE=1 SV=2",7.47062601257727,6.69216524549542,7.51227292084137,2.58917976669179e-07,6.83699732631233e-07,6.36620160416076
1071,"P82673|RT35_HUMAN","28S ribosomal protein S35, mitochondrial OS=Homo sapiens OX=9606 GN=MRPS35 PE=1 SV=1",5.54962766220552,5.73166607030954,3.40203628281169,0.00275344903474518,0.004437328917442,-1.52701490523738
1072,"Q15942|ZYX_HUMAN","Zyxin OS=Homo sapiens OX=9606 GN=ZYX PE=1 SV=1",-4.05020485297909,9.84838657624042,-2.97533559134459,0.011498508232447,0.0163536227170007,-2.65110852722445
1073,"Q6KB66|K2C80_HUMAN","Keratin, type II cytoskeletal 80 OS=Homo sapiens OX=9606 GN=KRT80 PE=1 SV=2",9.48406133095953,7.69888290468655,15.7453503655737,6.37172718439633e-13,3.34211848227873e-12,15.0177379320399
1074,"O14929|HAT1_HUMAN","Histone acetyltransferase type B catalytic subunit OS=Homo sapiens OX=9606 GN=HAT1 PE=1 SV=1",10.7428824227333,8.32829345057343,18.0399044228339,4.68667927917378e-14,3.55191244583052e-13,16.2861492741234
1075,"Q9BQ04|RBM4B_HUMAN","RNA-binding protein 4B OS=Homo sapiens OX=9606 GN=RBM4B PE=1 SV=1",1.98760193104141,3.95065320472749,1.55198888272075,0.135962321388867,0.144760768071665,-4.80758755536002
1076,"Q9NUQ9|CYRIB_HUMAN","CYFIP-related Rac1 interactor B OS=Homo sapiens OX=9606 GN=CYRIB PE=1 SV=1",10.2188027529347,8.06625361567415,18.8598948563684,1.9792570850542e-14,1.71624769762583e-13,16.6677542373373
1076,"Q9H0Q0|CYRIA_HUMAN","CYFIP-related Rac1 interactor A OS=Homo sapiens OX=9606 GN=CYRIA PE=2 SV=1",8.45726833148464,7.1854864049491,12.3485684870366,5.88331905815181e-11,2.15516445041717e-10,12.4145737192095
1077,"Q14671|PUM1_HUMAN","Pumilio homolog 1 OS=Homo sapiens OX=9606 GN=PUM1 PE=1 SV=3",4.42989022336209,5.17179735088783,2.63324795910516,0.0157301315668707,0.0220622974617313,-3.03749396763039
1078,"Q9Y2W2|WBP11_HUMAN","WW domain-binding protein 11 OS=Homo sapiens OX=9606 GN=WBP11 PE=1 SV=1",8.14511734741584,7.02941091291471,5.9341426774059,1.70999552434132e-05,3.98515906096494e-05,2.89994568571221
1079,"Q6RFH5|WDR74_HUMAN","WD repeat-containing protein 74 OS=Homo sapiens OX=9606 GN=WDR74 PE=1 SV=1",8.82351125219695,7.36860786530526,11.791962277761,1.35484611699339e-10,4.65312894774715e-10,11.8804019682866
1080,"P84103|SRSF3_HUMAN","Serine/arginine-rich splicing factor 3 OS=Homo sapiens OX=9606 GN=SRSF3 PE=1 SV=1",9.6187553396046,7.76622990900908,5.39986065624011,0.000217819838372979,0.000421410240068326,0.807515182659842
1081,"Q9NQG5|RPR1B_HUMAN","Regulation of nuclear pre-mRNA domain-containing protein 1B OS=Homo sapiens OX=9606 GN=RPRD1B PE=1 SV=1",11.0109328219188,8.46231865016616,22.6412916552098,5.50410651595112e-16,1.21957039297085e-14,18.0616709280998
1082,"Q96P70|IPO9_HUMAN","Importin-9 OS=Homo sapiens OX=9606 GN=IPO9 PE=1 SV=3",4.85776060857964,11.1270055199122,2.08702789708698,0.0615547562813401,0.0739425309463836,-4.08174431616169
1083,"Q9H8H0|NOL11_HUMAN","Nucleolar protein 11 OS=Homo sapiens OX=9606 GN=NOL11 PE=1 SV=1",5.41474209196245,5.66422328518801,3.53253122372146,0.0020304410662858,0.00340915748155269,-1.26062215381823
1084,"P53992|SC24C_HUMAN","Protein transport protein Sec24C OS=Homo sapiens OX=9606 GN=SEC24C PE=1 SV=3",9.95119900152532,7.93245173996944,14.8849390214575,1.84594247362116e-12,8.86144454294448e-12,14.4516072284009
1085,"Q9H4A3|WNK1_HUMAN","Serine/threonine-protein kinase WNK1 OS=Homo sapiens OX=9606 GN=WNK1 PE=1 SV=2",8.85069782392758,7.38220115117057,10.1042031590499,2.06035871098829e-09,6.2706569464861e-09,10.0273019712073
1086,"Q13619|CUL4A_HUMAN","Cullin-4A OS=Homo sapiens OX=9606 GN=CUL4A PE=1 SV=3",6.29586381509113,7.4131474755119,3.52163952300052,0.00444958270965111,0.00678989038135424,-1.80089781862667
1087,"Q9P0L0|VAPA_HUMAN","Vesicle-associated membrane protein-associated protein A OS=Homo sapiens OX=9606 GN=VAPA PE=1 SV=3",11.1606077270627,8.53715610273814,21.7958738353408,1.16592350982641e-15,1.98619712957153e-14,17.794549940044
1088,"Q9Y4E8|UBP15_HUMAN","Ubiquitin carboxyl-terminal hydrolase 15 OS=Homo sapiens OX=9606 GN=USP15 PE=1 SV=3",5.73744085724018,5.82557266782687,3.65248050346298,0.00153257923727174,0.0026423779952961,-1.0143552737133
1089,"P53367|ARFP1_HUMAN","Arfaptin-1 OS=Homo sapiens OX=9606 GN=ARFIP1 PE=1 SV=2",6.25312276187615,8.9202984554251,3.77264170110851,0.00318959970143301,0.00502314223744101,-1.48648598511196
1090,"P53634|CATC_HUMAN","Dipeptidyl peptidase 1 OS=Homo sapiens OX=9606 GN=CTSC PE=1 SV=2",5.26119593194959,5.58745020518158,3.50339951244243,0.00217361944758022,0.003611754369091,-1.32024448741059
1091,"Q8TAT6|NPL4_HUMAN","Nuclear protein localization protein 4 homolog OS=Homo sapiens OX=9606 GN=NPLOC4 PE=1 SV=3",9.55547758160505,7.73459103000931,15.1810707843161,1.27271571260376e-12,6.30624902641501e-12,14.6527425092016
1092,"Q9Y2S7|PDIP2_HUMAN","Polymerase delta-interacting protein 2 OS=Homo sapiens OX=9606 GN=POLDIP2 PE=1 SV=1",7.788267823434,6.85098615092378,7.7836646539737,1.49836546715673e-07,4.00326651530424e-07,6.80139562528817
1093,"Q9HA77|SYCM_HUMAN","Probable cysteine--tRNA ligase, mitochondrial OS=Homo sapiens OX=9606 GN=CARS2 PE=1 SV=1",5.93985288019532,5.92677867930444,4.3149448657146,0.000320602019572072,0.000601812664725732,0.355503255085957
1094,"P52294|IMA5_HUMAN","Importin subunit alpha-5 OS=Homo sapiens OX=9606 GN=KPNA1 PE=1 SV=3",8.72510425437996,7.31940436639676,12.9563794370592,2.44456354065888e-11,9.53553154157719e-11,12.9591208861057
1095,"P62906|RL10A_HUMAN","60S ribosomal protein L10a OS=Homo sapiens OX=9606 GN=RPL10A PE=1 SV=2",11.5914747967621,8.75258963758785,18.5820882838758,2.64045291776176e-14,2.20037743146814e-13,16.5421987191795
1096,"Q5SW79|CE170_HUMAN","Centrosomal protein of 170 kDa OS=Homo sapiens OX=9606 GN=CEP170 PE=1 SV=1",1.38187371902246,7.90630127641691,0.573187125337789,0.578598128269607,0.588845570668249,-5.74713519949793
1097,"Q6UX04|CWC27_HUMAN","Spliceosome-associated protein CWC27 homolog OS=Homo sapiens OX=9606 GN=CWC27 PE=1 SV=1",7.7785924335172,6.84614845596538,7.92072930722654,1.1409808450496e-07,3.06330282666733e-07,7.01638146179159
1098,"Q13123|RED_HUMAN","Protein Red OS=Homo sapiens OX=9606 GN=IK PE=1 SV=3",7.49430004690142,6.70400226265749,5.65736751330534,1.41077040692736e-05,3.31996703341708e-05,3.05632117652345
1099,"P62424|RL7A_HUMAN","60S ribosomal protein L7a OS=Homo sapiens OX=9606 GN=RPL7A PE=1 SV=2",10.5060154369296,8.20985995767156,17.880793094919,5.5623128669107e-14,4.07902943573451e-13,16.2081272955426
1100,"P10606|COX5B_HUMAN","Cytochrome c oxidase subunit 5B, mitochondrial OS=Homo sapiens OX=9606 GN=COX5B PE=1 SV=2",12.6015287932929,9.25761663585324,25.9556734399296,3.65874594476867e-17,6.61903413275164e-15,18.9230634337021
1101,"Q9BXW7|HDHD5_HUMAN","Haloacid dehalogenase-like hydrolase domain-containing 5 OS=Homo sapiens OX=9606 GN=HDHD5 PE=1 SV=1",9.01311918556193,7.46341183198775,12.3956972989705,5.48945550214269e-11,2.01856768703432e-10,12.4582079242576
1102,"Q8IX12|CCAR1_HUMAN","Cell division cycle and apoptosis regulator protein 1 OS=Homo sapiens OX=9606 GN=CCAR1 PE=1 SV=2",11.1194107888637,8.51655763363866,22.4195846089478,6.68454323482325e-16,1.31976879251639e-14,17.993753215443
1103,"O75592|MYCB2_HUMAN","E3 ubiquitin-protein ligase MYCBP2 OS=Homo sapiens OX=9606 GN=MYCBP2 PE=1 SV=4",4.57755763426914,5.24563105634135,3.10990412138387,0.00540543335051561,0.00809448401380206,-2.11521937478915
1104,"Q13564|ULA1_HUMAN","NEDD8-activating enzyme E1 regulatory subunit OS=Homo sapiens OX=9606 GN=NAE1 PE=1 SV=1",5.4771970625063,5.69545077045993,3.50426119452701,0.00216924526109899,0.00360604242453848,-1.31848210231889
1105,"P61204|ARF3_HUMAN","ADP-ribosylation factor 3 OS=Homo sapiens OX=9606 GN=ARF3 PE=1 SV=2",11.4419300901144,8.67781728426399,11.5519090230575,1.48683930355975e-08,4.21837237929627e-08,7.85218742549061
1105,"P84077|ARF1_HUMAN","ADP-ribosylation factor 1 OS=Homo sapiens OX=9606 GN=ARF1 PE=1 SV=2",11.4419300901144,8.67781728426399,11.5519090230575,1.48683930355975e-08,4.21837237929627e-08,7.85218742549061
1106,"Q9H4A4|AMPB_HUMAN","Aminopeptidase B OS=Homo sapiens OX=9606 GN=RNPEP PE=1 SV=2",7.00185599319572,6.45778023580464,5.26321994227551,3.4783931933095e-05,7.66560606424818e-05,2.28357748710058
1107,"Q8WUA2|PPIL4_HUMAN","Peptidyl-prolyl cis-trans isomerase-like 4 OS=Homo sapiens OX=9606 GN=PPIL4 PE=1 SV=1",9.78091928554319,7.84731188197838,14.9389906685342,1.72402016395498e-12,8.30723107788071e-12,14.4888294117447
1108,"P46109|CRKL_HUMAN","Crk-like protein OS=Homo sapiens OX=9606 GN=CRKL PE=1 SV=1",10.0940387849479,8.00387163168075,16.9786453593813,1.50807841076329e-13,9.34960045320234e-13,15.7392618486063
1109,"Q14847|LASP1_HUMAN","LIM and SH3 domain protein 1 OS=Homo sapiens OX=9606 GN=LASP1 PE=1 SV=2",0.126756465337753,16.5428362394195,0.220016768621299,0.828033595460929,0.834536477100675,-5.8878558573843
1110,"Q9GZS3|WDR61_HUMAN","WD repeat-containing protein 61 OS=Homo sapiens OX=9606 GN=WDR61 PE=1 SV=1",7.11059460364573,8.9112118349383,4.33745633844757,0.00122678652916038,0.00214590101647773,-0.65381429210908
1111,"Q6Y7W6|GGYF2_HUMAN","GRB10-interacting GYF protein 2 OS=Homo sapiens OX=9606 GN=GIGYF2 PE=1 SV=1",5.3628931346129,5.63829880651323,3.37869999695958,0.00290705675912483,0.00464212713506039,-1.57445218989781
1112,"Q96JJ7|TMX3_HUMAN","Protein disulfide-isomerase TMX3 OS=Homo sapiens OX=9606 GN=TMX3 PE=1 SV=2",6.8857060564271,6.39970526742033,4.98673575017278,6.6072464788358e-05,0.000137725495092138,1.72992490633148
1113,"Q9UK76|JUPI1_HUMAN","Jupiter microtubule associated homolog 1 OS=Homo sapiens OX=9606 GN=JPT1 PE=1 SV=3",9.46817215261695,7.69093831551526,5.44490256421307,0.000192997573092326,0.000376798634258034,0.906035585093205
1114,"P23193|TCEA1_HUMAN","Transcription elongation factor A protein 1 OS=Homo sapiens OX=9606 GN=TCEA1 PE=1 SV=2",11.5441080798118,8.72890627911268,22.2993503930694,7.43289702433969e-16,1.42371410665213e-14,17.9562992194781
1114,"Q15560|TCEA2_HUMAN","Transcription elongation factor A protein 2 OS=Homo sapiens OX=9606 GN=TCEA2 PE=1 SV=1",5.29431940708141,5.60401194274749,3.90672023894821,0.000841820869481011,0.00150464732938807,-0.489484472664463
1115,"P18615|NELFE_HUMAN","Negative elongation factor E OS=Homo sapiens OX=9606 GN=NELFE PE=1 SV=3",5.93217769616871,5.92294108729114,3.31895258246817,0.00333957727008757,0.00522657418286063,-1.69558812691318
1116,"Q9P287|BCCIP_HUMAN","BRCA2 and CDKN1A-interacting protein OS=Homo sapiens OX=9606 GN=BCCIP PE=1 SV=1",11.3380613303345,8.62588290437404,21.0407566996765,2.33257976365232e-15,3.16479468067679e-14,17.536228991991
1117,"Q9NW82|WDR70_HUMAN","WD repeat-containing protein 70 OS=Homo sapiens OX=9606 GN=WDR70 PE=1 SV=1",6.77168860684838,6.34269654263097,4.64004395256298,0.00014887565156283,0.000295906689993235,1.02472645827461
1118,"O15160|RPAC1_HUMAN","DNA-directed RNA polymerases I and III subunit RPAC1 OS=Homo sapiens OX=9606 GN=POLR1C PE=1 SV=1",9.02879489729801,7.47124968785579,11.1680495656813,3.57797440722074e-10,1.1595287430808e-09,11.2381949527278
1119,"P61201|CSN2_HUMAN","COP9 signalosome complex subunit 2 OS=Homo sapiens OX=9606 GN=COPS2 PE=1 SV=1",9.88785081812194,7.90077764826775,15.5434404264599,8.14151366631093e-13,4.1904849753071e-12,14.8898103096154
1120,"Q9UL46|PSME2_HUMAN","Proteasome activator complex subunit 2 OS=Homo sapiens OX=9606 GN=PSME2 PE=1 SV=4",6.05862980388561,5.98616714114959,3.7648993360567,0.00117635504602083,0.00206425110628085,-0.78264106551368
1121,"Q13242|SRSF9_HUMAN","Serine/arginine-rich splicing factor 9 OS=Homo sapiens OX=9606 GN=SRSF9 PE=1 SV=1",0.732773605561386,14.2665366876141,1.14933126447386,0.263648481388876,0.272203446861671,-5.28977866360026
1122,"Q0VDF9|HSP7E_HUMAN","Heat shock 70 kDa protein 14 OS=Homo sapiens OX=9606 GN=HSPA14 PE=1 SV=1",7.21612918160982,6.56491683001169,5.52790374611592,1.89424926163256e-05,4.36436843643648e-05,2.80482174652671
1123,"Q15003|CND2_HUMAN","Condensin complex subunit 2 OS=Homo sapiens OX=9606 GN=NCAPH PE=1 SV=3",8.45714771921702,7.18542609881529,11.019653988417,4.53417225157326e-10,1.45471359737975e-09,11.078316896096
1124,"P35269|T2FA_HUMAN","General transcription factor IIF subunit 1 OS=Homo sapiens OX=9606 GN=GTF2F1 PE=1 SV=2",4.09388070130771,5.00379258986064,2.51667872914686,0.0202571808160466,0.0276953643969387,-3.25323860566624
1125,"O75489|NDUS3_HUMAN","NADH dehydrogenase [ubiquinone] iron-sulfur protein 3, mitochondrial OS=Homo sapiens OX=9606 GN=NDUFS3 PE=1 SV=1",10.9493778752537,8.43154117683363,20.1279316132247,5.56411110489336e-15,6.05136377227103e-14,17.1964021811475
1126,"Q12904|AIMP1_HUMAN","Aminoacyl tRNA synthase complex-interacting multifunctional protein 1 OS=Homo sapiens OX=9606 GN=AIMP1 PE=1 SV=2",10.5812802613065,8.24749236986001,17.5669800339239,7.82900303497164e-14,5.42116217349655e-13,16.0502440337108
1127,"O00443|P3C2A_HUMAN","Phosphatidylinositol 4-phosphate 3-kinase C2 domain-containing subunit alpha OS=Homo sapiens OX=9606 GN=PIK3C2A PE=1 SV=2",6.13602741534844,6.024865946881,4.17151921548655,0.000450079873249862,0.000828697997136283,0.0588221260132356
1128,"O75390|CISY_HUMAN","Citrate synthase, mitochondrial OS=Homo sapiens OX=9606 GN=CS PE=1 SV=2",11.6484386872269,8.78107158282024,24.1014721014319,1.59723926883167e-16,6.81558704691339e-15,18.4744067580113
1129,"O60884|DNJA2_HUMAN","DnaJ homolog subfamily A member 2 OS=Homo sapiens OX=9606 GN=DNAJA2 PE=1 SV=1",12.2312824418484,9.07249346013098,18.926974944903,1.84724412772068e-14,1.61923798930029e-13,16.6975198292993
1130,"P07686|HEXB_HUMAN","Beta-hexosaminidase subunit beta OS=Homo sapiens OX=9606 GN=HEXB PE=1 SV=3",4.15514382889565,7.63005351426949,1.91530909329306,0.0825747628146525,0.096682768750371,-4.32941865735467
1131,"Q7Z3B4|NUP54_HUMAN","Nucleoporin p54 OS=Homo sapiens OX=9606 GN=NUP54 PE=1 SV=2",9.17662064275513,7.54516256058434,11.9749280443259,1.02657643306552e-10,3.5799993363245e-10,12.0598928710742
1132,"Q6WCQ1|MPRIP_HUMAN","Myosin phosphatase Rho-interacting protein OS=Homo sapiens OX=9606 GN=MPRIP PE=1 SV=3",2.84047433465973,4.37708940653665,2.37178870665873,0.0275850856257567,0.0358671326103219,-3.51466431709524
1133,"Q9Y4W2|LAS1L_HUMAN","Ribosomal biogenesis protein LAS1L OS=Homo sapiens OX=9606 GN=LAS1L PE=1 SV=2",3.75446656177108,4.83408552009232,2.42022090996103,0.0248982264836644,0.0329409525642983,-3.4281594112016
1134,"P09972|ALDOC_HUMAN","Fructose-bisphosphate aldolase C OS=Homo sapiens OX=9606 GN=ALDOC PE=1 SV=2",6.31590488939111,8.88024381443693,3.91343180058972,0.00248565925701742,0.0040639909356644,-1.26930165436569
1135,"P55735|SEC13_HUMAN","Protein SEC13 homolog OS=Homo sapiens OX=9606 GN=SEC13 PE=1 SV=3",0.144632387746139,9.38779829578901,0.070627999856882,0.945011069656855,0.946486112949763,-5.90885208652713
1136,"Q99848|EBP2_HUMAN","Probable rRNA-processing protein EBP2 OS=Homo sapiens OX=9606 GN=EBNA1BP2 PE=1 SV=2",8.73912669876727,7.32641558859042,12.6075352029792,4.03044813003877e-11,1.52129659810287e-10,12.6513660969854
1137,"Q15758|AAAT_HUMAN","Neutral amino acid transporter B(0) OS=Homo sapiens OX=9606 GN=SLC1A5 PE=1 SV=2",11.4576706629194,9.85216434059859,10.3811212715566,5.26500784104459e-08,1.44272456854247e-07,7.10143842151743
1138,"Q8N3U4|STAG2_HUMAN","Cohesin subunit SA-2 OS=Homo sapiens OX=9606 GN=STAG2 PE=1 SV=3",5.82150319037827,5.86760383439592,4.21847215108697,0.000402764782716043,0.000745502121854213,0.15600278132418
1139,"Q06124|PTN11_HUMAN","Tyrosine-protein phosphatase non-receptor type 11 OS=Homo sapiens OX=9606 GN=PTPN11 PE=1 SV=3",8.91484295796528,7.41427371818942,12.0991366532866,8.51894467714785e-11,3.01728951306525e-10,12.1795436534238
1140,"P24539|AT5F1_HUMAN","ATP synthase F(0) complex subunit B1, mitochondrial OS=Homo sapiens OX=9606 GN=ATP5PB PE=1 SV=2",10.3446023337797,8.12915340609662,16.1207683042005,4.0681889831856e-13,2.2153504363882e-12,15.2479928326645
1141,"O43172|PRP4_HUMAN","U4/U6 small nuclear ribonucleoprotein Prp4 OS=Homo sapiens OX=9606 GN=PRPF4 PE=1 SV=2",7.84459536356707,6.87914992099032,6.05709631213443,5.9427027218484e-06,1.48086766855122e-05,3.78882018209159
1142,"Q15717|ELAV1_HUMAN","ELAV-like protein 1 OS=Homo sapiens OX=9606 GN=ELAVL1 PE=1 SV=2",11.7799903822401,8.84684743032683,21.7209395796169,1.24774009449656e-15,2.06549393837579e-14,17.769778775391
1143,"Q9P2I0|CPSF2_HUMAN","Cleavage and polyadenylation specificity factor subunit 2 OS=Homo sapiens OX=9606 GN=CPSF2 PE=1 SV=2",5.8851475660964,5.89942602225498,4.24214522974378,0.000380831500272397,0.000706603024601796,0.204981793770989
1144,"P05386|RLA1_HUMAN","60S acidic ribosomal protein P1 OS=Homo sapiens OX=9606 GN=RPLP1 PE=1 SV=1",13.0654251315022,9.48956480495791,22.4626807073993,6.43588730890777e-16,1.2987401708681e-14,18.0070708583745
1145,"Q99439|CNN2_HUMAN","Calponin-2 OS=Homo sapiens OX=9606 GN=CNN2 PE=1 SV=4",7.39890130091291,6.65630288966324,5.53929108985061,1.84565092853703e-05,4.26515970880407e-05,2.82703723461589
1146,"Q96GX9|MTNB_HUMAN","Methylthioribulose-1-phosphate dehydratase OS=Homo sapiens OX=9606 GN=APIP PE=1 SV=1",9.10549428352617,7.50959938096987,14.4358413064272,3.28346155146594e-12,1.4889666635034e-11,14.1332445350105
1147,"O95747|OXSR1_HUMAN","Serine/threonine-protein kinase OSR1 OS=Homo sapiens OX=9606 GN=OXSR1 PE=1 SV=1",8.89726657562728,7.40548552702042,11.2087135758214,3.35448006170106e-10,1.09261829420889e-09,11.2815159358409
1148,"Q03701|CEBPZ_HUMAN","CCAAT/enhancer-binding protein zeta OS=Homo sapiens OX=9606 GN=CEBPZ PE=1 SV=3",6.07604692921453,5.99487570381405,3.74549790647366,0.00123136792267231,0.0021529366495406,-0.82268137592616
1149,"Q92896|GSLG1_HUMAN","Golgi apparatus protein 1 OS=Homo sapiens OX=9606 GN=GLG1 PE=1 SV=2",5.43692253304479,5.67531350572918,3.52487771480808,0.0020671323979028,0.00346170497256451,-1.27629399334539
1150,"Q9H3S7|PTN23_HUMAN","Tyrosine-protein phosphatase non-receptor type 23 OS=Homo sapiens OX=9606 GN=PTPN23 PE=1 SV=1",5.43390444497468,5.67380446169412,3.97554214842981,0.000715471885938794,0.00129019520415192,-0.347020590024116
1151,"O75475|PSIP1_HUMAN","PC4 and SFRS1-interacting protein OS=Homo sapiens OX=9606 GN=PSIP1 PE=1 SV=1",9.56874451639238,7.74122449740297,7.84596773491915,2.25365015963154e-06,5.72331999642575e-06,4.43875938301429
1152,"Q9C0B1|FTO_HUMAN","Alpha-ketoglutarate-dependent dioxygenase FTO OS=Homo sapiens OX=9606 GN=FTO PE=1 SV=3",7.55173327690785,6.73271887766071,7.9984058804863,9.78808431708421e-08,2.63894430117466e-07,7.136793312272
1153,"Q969X6|UTP4_HUMAN","U3 small nucleolar RNA-associated protein 4 homolog OS=Homo sapiens OX=9606 GN=UTP4 PE=1 SV=1",7.66193073607287,6.78781760724322,5.8335980415585,9.47361669953816e-06,2.309906541686e-05,3.39478157278157
1154,"Q99567|NUP88_HUMAN","Nuclear pore complex protein Nup88 OS=Homo sapiens OX=9606 GN=NUP88 PE=1 SV=2",7.54253279837513,6.72811863839435,8.20567281854632,6.52745939040694e-08,1.77476826645952e-07,7.45308253959614
1155,"P30419|NMT1_HUMAN","Glycylpeptide N-tetradecanoyltransferase 1 OS=Homo sapiens OX=9606 GN=NMT1 PE=1 SV=2",10.2708577780627,8.09228112823815,18.2274868623775,3.83625736169321e-14,3.02655550051616e-13,16.3764279660337
1155,"O60551|NMT2_HUMAN","Glycylpeptide N-tetradecanoyltransferase 2 OS=Homo sapiens OX=9606 GN=NMT2 PE=1 SV=1",7.41956530452305,6.66663489146831,5.72289094478728,1.21613362307581e-05,2.90814562039867e-05,3.18269614665041
1156,"Q13526|PIN1_HUMAN","Peptidyl-prolyl cis-trans isomerase NIMA-interacting 1 OS=Homo sapiens OX=9606 GN=PIN1 PE=1 SV=1",9.04554597246947,7.47962522544152,12.2375402901586,6.93218447306196e-11,2.51544865422135e-10,12.3108121262839
1157,"Q15554|TERF2_HUMAN","Telomeric repeat-binding factor 2 OS=Homo sapiens OX=9606 GN=TERF2 PE=1 SV=3",9.44700166830194,7.68035307335775,13.8630905678347,6.99579937471518e-12,3.00600754382293e-11,13.7025312625534
1158,"Q15067|ACOX1_HUMAN","Peroxisomal acyl-coenzyme A oxidase 1 OS=Homo sapiens OX=9606 GN=ACOX1 PE=1 SV=3",9.06814142470671,7.49092295156014,12.6618845872322,3.72574454551383e-11,1.41880479725304e-10,12.7001495124655
1159,"P08397|HEM3_HUMAN","Porphobilinogen deaminase OS=Homo sapiens OX=9606 GN=HMBS PE=1 SV=2",9.27811455256868,7.59590951549112,15.4003800287692,9.70157237840172e-13,4.91461232326929e-12,14.7973822214327
1160,"Q9BTE3|MCMBP_HUMAN","Mini-chromosome maintenance complex-binding protein OS=Homo sapiens OX=9606 GN=MCMBP PE=1 SV=2",3.67270781378272,4.79320614609814,2.41802643218457,0.0250145140527734,0.0330328469251879,-3.43209864152273
1161,"Q15019|SEPT2_HUMAN","Septin-2 OS=Homo sapiens OX=9606 GN=SEPTIN2 PE=1 SV=1",9.69548440099169,8.69426848893135,12.3018328101924,2.61396032444716e-10,8.63100107128778e-10,11.1166668543847
1162,"Q13247|SRSF6_HUMAN","Serine/arginine-rich splicing factor 6 OS=Homo sapiens OX=9606 GN=SRSF6 PE=1 SV=2",9.28597447589902,7.59983947715629,10.2589457083304,1.67824006374227e-09,5.160722240741e-09,10.1620620792175
1163,"P62263|RS14_HUMAN","40S ribosomal protein S14 OS=Homo sapiens OX=9606 GN=RPS14 PE=1 SV=3",12.1124267688678,9.01306562364066,24.1815232565796,1.49554063739007e-16,6.81558704691339e-15,18.495415438073
1164,"P00492|HPRT_HUMAN","Hypoxanthine-guanine phosphoribosyltransferase OS=Homo sapiens OX=9606 GN=HPRT1 PE=1 SV=2",12.6348617971797,9.27428313779663,26.3186804224254,2.77387192921668e-17,6.61903413275164e-15,19.0023394438895
1165,"Q2NL82|TSR1_HUMAN","Pre-rRNA-processing protein TSR1 homolog OS=Homo sapiens OX=9606 GN=TSR1 PE=1 SV=1",9.24940021339683,7.5815523459052,13.9194876485982,6.48635591325639e-12,2.80229217528302e-11,13.7462233265774
1166,"Q9UMS4|PRP19_HUMAN","Pre-mRNA-processing factor 19 OS=Homo sapiens OX=9606 GN=PRPF19 PE=1 SV=1",10.8240757273618,8.3688901028877,19.6406313574897,8.98198382654738e-15,8.84415287268731e-14,17.0014915105404
1167,"Q15007|FL2D_HUMAN","Pre-mRNA-splicing regulator WTAP OS=Homo sapiens OX=9606 GN=WTAP PE=1 SV=2",5.17314813572374,9.68069476121766,3.87175200829569,0.00222755922995035,0.00369182222785573,-1.20382622842374
1168,"P04792|HSPB1_HUMAN","Heat shock protein beta-1 OS=Homo sapiens OX=9606 GN=HSPB1 PE=1 SV=2",12.8049705089975,9.35933749370555,25.7123089713497,4.41406306067166e-17,6.61903413275164e-15,18.868441888394
1169,"P25788|PSA3_HUMAN","Proteasome subunit alpha type-3 OS=Homo sapiens OX=9606 GN=PSMA3 PE=1 SV=2",11.7661780110576,8.83994124473556,24.9307426446943,8.15830735029457e-17,6.61903413275164e-15,18.6845893937966
1170,"P13995|MTDC_HUMAN","Bifunctional methylenetetrahydrofolate dehydrogenase/cyclohydrolase, mitochondrial OS=Homo sapiens OX=9606 GN=MTHFD2 PE=1 SV=2",10.6911392268391,8.30242185262632,19.8823222195436,7.07364152726206e-15,7.26227196798905e-14,17.099395068387
1171,"O14974|MYPT1_HUMAN","Protein phosphatase 1 regulatory subunit 12A OS=Homo sapiens OX=9606 GN=PPP1R12A PE=1 SV=1",5.09808501799698,5.50589474820527,3.29725810278231,0.0035117001810298,0.00546264472604635,-1.73945337128311
1172,"P29317|EPHA2_HUMAN","Ephrin type-A receptor 2 OS=Homo sapiens OX=9606 GN=EPHA2 PE=1 SV=2",7.22005240582206,6.56687844211781,5.4623595567162,2.20048821088095e-05,4.99226848078471e-05,2.67660683531082
1173,"Q9NRF8|PYRG2_HUMAN","CTP synthase 2 OS=Homo sapiens OX=9606 GN=CTPS2 PE=1 SV=1",6.46363093680925,6.18866770761141,4.71995184619587,0.000123375687904184,0.000247910437594524,1.18818495760809
1174,"O95104|SCAF4_HUMAN","SR-related and CTD-associated factor 4 OS=Homo sapiens OX=9606 GN=SCAF4 PE=1 SV=3",9.360704708296,7.63720459335478,12.1194148606765,8.26459150136905e-11,2.93700555612547e-10,12.1989111680725
1175,"Q8N3X1|FNBP4_HUMAN","Formin-binding protein 4 OS=Homo sapiens OX=9606 GN=FNBP4 PE=1 SV=3",5.00081927396335,5.45726187618846,3.12917328574936,0.00517215228650022,0.00777545525928471,-2.0768491383592
1176,"O43237|DC1L2_HUMAN","Cytoplasmic dynein 1 light intermediate chain 2 OS=Homo sapiens OX=9606 GN=DYNC1LI2 PE=1 SV=1",10.4868381248956,8.20027130165456,18.1136272323699,4.33106045700332e-14,3.34159975139535e-13,16.3218480009363
1177,"P51148|RAB5C_HUMAN","Ras-related protein Rab-5C OS=Homo sapiens OX=9606 GN=RAB5C PE=1 SV=2",10.1006286727737,8.00716657559366,13.4884572874969,1.16350130898383e-11,4.77047927538631e-11,13.4048943904266
1178,"Q9Y281|COF2_HUMAN","Cofilin-2 OS=Homo sapiens OX=9606 GN=CFL2 PE=1 SV=1",3.14373714237602,4.52872081039479,2.25520449500969,0.0351892292251891,0.0437808031428194,-3.71900173157504
1180,"O00505|IMA4_HUMAN","Importin subunit alpha-4 OS=Homo sapiens OX=9606 GN=KPNA3 PE=1 SV=2",7.87232558699401,6.89301503270379,5.99374944543318,7.73464566760979e-06,1.90764803461228e-05,3.56641124425714
1181,"O75391|SPAG7_HUMAN","Sperm-associated antigen 7 OS=Homo sapiens OX=9606 GN=SPAG7 PE=1 SV=2",4.07639699748835,4.99505073795096,2.52972422682581,0.0196955957334609,0.0269863195137793,-3.2293234172757
1182,"Q92925|SMRD2_HUMAN","SWI/SNF-related matrix-associated actin-dependent regulator of chromatin subfamily D member 2 OS=Homo sapiens OX=9606 GN=SMARCD2 PE=1 SV=3",7.00553687592885,6.45962067717121,4.99621181627001,6.46288298592911e-05,0.000135052203401453,1.74904071419335
1182,"Q6STE5|SMRD3_HUMAN","SWI/SNF-related matrix-associated actin-dependent regulator of chromatin subfamily D member 3 OS=Homo sapiens OX=9606 GN=SMARCD3 PE=1 SV=1",4.33551616095846,5.12461031968601,2.95754345821446,0.00764435486245768,0.011135363685381,-2.41601096929231
1183,"P62081|RS7_HUMAN","40S ribosomal protein S7 OS=Homo sapiens OX=9606 GN=RPS7 PE=1 SV=1",1.96505945922224,14.4978694892988,2.542401320717,0.0191638795123706,0.0263503343295095,-3.20602675227832
1184,"P62753|RS6_HUMAN","40S ribosomal protein S6 OS=Homo sapiens OX=9606 GN=RPS6 PE=1 SV=1",13.468669725615,9.69118710201429,16.6501332871378,3.91883717828e-13,2.14007420374156e-12,15.0590126615273
1185,"P61758|PFD3_HUMAN","Prefoldin subunit 3 OS=Homo sapiens OX=9606 GN=VBP1 PE=1 SV=4",11.2803908300679,8.59704765424075,19.1147924915469,1.52438042963144e-14,1.36168553458957e-13,16.7797449237414
1186,"Q6IN85|P4R3A_HUMAN","Serine/threonine-protein phosphatase 4 regulatory subunit 3A OS=Homo sapiens OX=9606 GN=PPP4R3A PE=1 SV=1",7.10346517137725,6.50858482489541,5.3875217553411,2.61250735160618e-05,5.86139469911642e-05,2.52950651610536
1187,"O43837|IDH3B_HUMAN","Isocitrate dehydrogenase [NAD] subunit beta, mitochondrial OS=Homo sapiens OX=9606 GN=IDH3B PE=1 SV=2",9.30476991415201,7.60923719628279,14.029014013173,5.60454068498672e-12,2.44642648947833e-11,13.8302622898403
1188,"Q9HC35|EMAL4_HUMAN","Echinoderm microtubule-associated protein-like 4 OS=Homo sapiens OX=9606 GN=EML4 PE=1 SV=3",2.67231788985687,11.6147808453876,2.01020000716447,0.0638545541411637,0.0765618291633385,-4.16235714031253
1189,"Q9Y696|CLIC4_HUMAN","Chloride intracellular channel protein 4 OS=Homo sapiens OX=9606 GN=CLIC4 PE=1 SV=4",9.17940878451545,7.54655663146451,11.5991092898694,1.82154218579215e-10,6.14092593283693e-10,11.6869478643862
1190,"Q14165|MLEC_HUMAN","Malectin OS=Homo sapiens OX=9606 GN=MLEC PE=1 SV=1",8.00816980926361,6.96093714383859,8.2217747141093,6.32671685491657e-08,1.7250608988264e-07,7.47735047254858
1191,"Q9H444|CHM4B_HUMAN","Charged multivesicular body protein 4b OS=Homo sapiens OX=9606 GN=CHMP4B PE=1 SV=1",11.6444811315702,8.7790928049919,21.1770576057531,2.05470311042308e-15,2.9407460874085e-14,17.584317602793
1192,"Q16181|SEPT7_HUMAN","Septin-7 OS=Homo sapiens OX=9606 GN=SEPTIN7 PE=1 SV=2",9.65440352887867,7.78405400364612,13.0638350904769,2.10011418881203e-11,8.25887602341808e-11,13.0514027621673
1193,"Q9NR09|BIRC6_HUMAN","Baculoviral IAP repeat-containing protein 6 OS=Homo sapiens OX=9606 GN=BIRC6 PE=1 SV=2",5.5181650242812,5.71593475134738,3.92540754671437,0.000805466898504729,0.001445709817829,-0.450810004137663
1194,"Q12965|MYO1E_HUMAN","Unconventional myosin-Ie OS=Homo sapiens OX=9606 GN=MYO1E PE=1 SV=2",7.52616748573933,6.71993598207645,5.74303214655906,1.16199313283828e-05,2.79255528178987e-05,3.22141657367432
1194,"O00160|MYO1F_HUMAN","Unconventional myosin-If OS=Homo sapiens OX=9606 GN=MYO1F PE=1 SV=3",6.93415992587828,6.42393220214593,5.17754856531529,4.24053157636472e-05,9.16164229461513e-05,2.1129638124745
1195,"P49916|DNLI3_HUMAN","DNA ligase 3 OS=Homo sapiens OX=9606 GN=LIG3 PE=1 SV=2",5.53062350766083,5.7221639930372,3.45602642605982,0.00242791756314632,0.00398783388144767,-1.41701978705762
1196,"Q99614|TTC1_HUMAN","Tetratricopeptide repeat protein 1 OS=Homo sapiens OX=9606 GN=TTC1 PE=1 SV=1",6.20893742949447,6.06132095395402,4.47886174721963,0.00021766976761047,0.000421331626596435,0.693657161680156
1197,"Q9HD20|AT131_HUMAN","Manganese-transporting ATPase 13A1 OS=Homo sapiens OX=9606 GN=ATP13A1 PE=1 SV=2",4.89915620592051,5.40643034216704,3.1633184756628,0.0047825329960047,0.00722635480165546,-2.00869087566521
1198,"Q13330|MTA1_HUMAN","Metastasis-associated protein MTA1 OS=Homo sapiens OX=9606 GN=MTA1 PE=1 SV=2",6.98105213532629,6.44737830686993,5.23274316976478,3.73211282829498e-05,8.15010458816544e-05,2.22298481006741
1198,"Q9BTC8|MTA3_HUMAN","Metastasis-associated protein MTA3 OS=Homo sapiens OX=9606 GN=MTA3 PE=1 SV=2",4.7784557032522,5.34608009083288,3.08964462847215,0.00566168772355304,0.00843882994025521,-2.15548642827713
1199,"P11166|GTR1_HUMAN","Solute carrier family 2, facilitated glucose transporter member 1 OS=Homo sapiens OX=9606 GN=SLC2A1 PE=1 SV=2",10.6713276532446,8.29251606582909,11.9554917421222,1.71952100164079e-09,5.27502458670682e-09,9.58976734410163
1200,"Q04323|UBXN1_HUMAN","UBX domain-containing protein 1 OS=Homo sapiens OX=9606 GN=UBXN1 PE=1 SV=2",1.9569202374478,3.93531235793068,1.58115623152129,0.129144258290523,0.138574524642841,-4.76820490601493
1201,"Q9Y5Q9|TF3C3_HUMAN","General transcription factor 3C polypeptide 3 OS=Homo sapiens OX=9606 GN=GTF3C3 PE=1 SV=1",5.28971333659372,5.60170890750364,3.36885545545767,0.00297434541336734,0.00473594128847236,-1.59444362546277
1202,"Q6PJT7|ZC3HE_HUMAN","Zinc finger CCCH domain-containing protein 14 OS=Homo sapiens OX=9606 GN=ZC3H14 PE=1 SV=1",8.9889748515841,7.45133966499883,12.0101401705279,9.73558277237345e-11,3.41677244062332e-10,12.0939918720012
1203,"Q99729|ROAA_HUMAN","Heterogeneous nuclear ribonucleoprotein A/B OS=Homo sapiens OX=9606 GN=HNRNPAB PE=1 SV=2",11.3839815671602,8.6488430227869,18.4490651422168,3.03535973333181e-14,2.45507037254779e-13,16.4807490578142
1204,"P55327|TPD52_HUMAN","Tumor protein D52 OS=Homo sapiens OX=9606 GN=TPD52 PE=1 SV=2",10.7956631187624,8.35468379858798,20.0642835377896,5.91969785541318e-15,6.34842249118126e-14,17.1714995213482
1205,"Q9H078|CLPB_HUMAN","Caseinolytic peptidase B protein homolog OS=Homo sapiens OX=9606 GN=CLPB PE=1 SV=1",8.73437466659459,7.32403957250408,11.8181110879525,1.30191402177484e-10,4.47932885061048e-10,11.9062932335988
1206,"O60547|GMDS_HUMAN","GDP-mannose 4,6 dehydratase OS=Homo sapiens OX=9606 GN=GMDS PE=1 SV=1",10.4039266642634,8.15881557133847,18.2075795937274,3.91830584629672e-14,3.08496472561193e-13,16.3669333622532
1207,"P13693|TCTP_HUMAN","Translationally-controlled tumor protein OS=Homo sapiens OX=9606 GN=TPT1 PE=1 SV=1",11.9655253034284,8.93961489092099,19.5284803707207,1.00437972379506e-14,9.64304722346882e-14,16.9552171748417
1207,"Q56UQ5|TPT1L_HUMAN","TPT1-like protein OS=Homo sapiens OX=9606 PE=2 SV=2",4.20541886121893,5.05956166981625,2.57100508759645,0.0180132383107714,0.0250454920536186,-3.15325910143973
1208,"Q92541|RTF1_HUMAN","RNA polymerase-associated protein RTF1 homolog OS=Homo sapiens OX=9606 GN=RTF1 PE=1 SV=4",9.34888232455936,7.63129340148646,13.5651773297576,1.04742215360437e-11,4.3221600121938e-11,13.4669101278633
1209,"Q8WW12|PCNP_HUMAN","PEST proteolytic signal-containing nuclear protein OS=Homo sapiens OX=9606 GN=PCNP PE=1 SV=2",7.01820080719009,6.46595264280183,5.17559821044542,4.25973260159118e-05,9.19280858527245e-05,2.10906949428438
1210,"Q99805|TM9S2_HUMAN","Transmembrane 9 superfamily member 2 OS=Homo sapiens OX=9606 GN=TM9SF2 PE=1 SV=1",5.01079668434969,5.46225058138163,3.37264865939329,0.00294823975903423,0.00470138937807641,-1.58674216532046
1211,"Q09161|NCBP1_HUMAN","Nuclear cap-binding protein subunit 1 OS=Homo sapiens OX=9606 GN=NCBP1 PE=1 SV=1",9.50104306599182,7.7073737722027,13.6812393634258,8.94263354266115e-12,3.75045088662804e-11,13.5596781710802
1212,"Q6PD62|CTR9_HUMAN","RNA polymerase-associated protein CTR9 homolog OS=Homo sapiens OX=9606 GN=CTR9 PE=1 SV=1",8.58955224851603,7.2516283634648,11.6168488033959,1.77234356476581e-10,5.99080133832166e-10,11.7049281037633
1213,"P00491|PNPH_HUMAN","Purine nucleoside phosphorylase OS=Homo sapiens OX=9606 GN=PNP PE=1 SV=2",10.2749308393414,8.0943176588775,15.5679306782622,7.9018936634247e-13,4.07259579707967e-12,14.9054831943499
1214,"Q10570|CPSF1_HUMAN","Cleavage and polyadenylation specificity factor subunit 1 OS=Homo sapiens OX=9606 GN=CPSF1 PE=1 SV=2",4.0533718054489,4.98353814193123,2.5375831033626,0.0193643640131038,0.026588017635681,-3.21488773892096
1215,"Q8TEQ6|GEMI5_HUMAN","Gem-associated protein 5 OS=Homo sapiens OX=9606 GN=GEMIN5 PE=1 SV=3",-8.30593677868485,12.5938707737799,-5.70184501579598,7.52040081540717e-05,0.000155330167056425,1.67465807878611
1216,"P11310|ACADM_HUMAN","Medium-chain specific acyl-CoA dehydrogenase, mitochondrial OS=Homo sapiens OX=9606 GN=ACADM PE=1 SV=1",10.4725940100516,8.19314924423258,19.5825447886454,9.51642706932024e-15,9.20813317272248e-14,16.9775922320191
1217,"Q9H0B6|KLC2_HUMAN","Kinesin light chain 2 OS=Homo sapiens OX=9606 GN=KLC2 PE=1 SV=1",3.59427438036515,4.75398942938936,2.4180672754661,0.0250123451235498,0.0330328469251879,-3.43202534201255
1218,"Q15637|SF01_HUMAN","Splicing factor 1 OS=Homo sapiens OX=9606 GN=SF1 PE=1 SV=4",9.77124588756926,7.84247518299141,14.3986210463057,3.44627670851628e-12,1.55547073010406e-11,14.1061133693728
1219,"Q9NQZ2|SAS10_HUMAN","Something about silencing protein 10 OS=Homo sapiens OX=9606 GN=UTP3 PE=1 SV=1",7.81257867813629,6.86314157827493,5.91547548464709,8.83139452074947e-06,2.15741553965009e-05,3.45462636220997
1220,"Q5T0N5|FBP1L_HUMAN","Formin-binding protein 1-like OS=Homo sapiens OX=9606 GN=FNBP1L PE=1 SV=3",6.71460549395105,6.31415498618231,5.02360274786842,6.06331894534139e-05,0.000127701192229564,1.80424267939235
1221,"P25685|DNJB1_HUMAN","DnaJ homolog subfamily B member 1 OS=Homo sapiens OX=9606 GN=DNAJB1 PE=1 SV=4",11.3010537631149,8.60737912076425,21.0536452480023,2.30469517595307e-15,3.16479468067679e-14,17.540804624845
1222,"P62760|VISL1_HUMAN","Visinin-like protein 1 OS=Homo sapiens OX=9606 GN=VSNL1 PE=1 SV=2",10.2470843173128,8.08039439786318,12.8928504572141,3.39537855357304e-11,1.30071715733892e-10,12.693664943356
1223,"Q9BY77|PDIP3_HUMAN","Polymerase delta-interacting protein 3 OS=Homo sapiens OX=9606 GN=POLDIP3 PE=1 SV=2",9.50274219137858,7.70822333489607,13.7001761941898,8.71582003846165e-12,3.66731225662048e-11,13.5746955224148
1224,"P62917|RL8_HUMAN","60S ribosomal protein L8 OS=Homo sapiens OX=9606 GN=RPL8 PE=1 SV=2",7.64577043475221,9.92080206626298,5.44414714126181,0.000148970986979721,0.000295943395186751,1.11344384380357
1225,"P00387|NB5R3_HUMAN","NADH-cytochrome b5 reductase 3 OS=Homo sapiens OX=9606 GN=CYB5R3 PE=1 SV=3",5.2867027409477,5.60020360968063,3.46212194704074,0.00239362738842369,0.00393655080966733,-1.4045808129074
1226,"P04439|HLAA_HUMAN","HLA class I histocompatibility antigen, A alpha chain OS=Homo sapiens OX=9606 GN=HLA-A PE=1 SV=2",3.72984152533187,10.4663378269929,2.46535707993632,0.0294440490945876,0.0377739383586012,-3.47537673212587
1227,"Q8WVX9|FACR1_HUMAN","Fatty acyl-CoA reductase 1 OS=Homo sapiens OX=9606 GN=FAR1 PE=1 SV=1",9.77844341826614,7.84607394833986,18.1586548480498,4.12784560026639e-14,3.21054657798497e-13,16.3435125326084
1228,"Q7Z434|MAVS_HUMAN","Mitochondrial antiviral-signaling protein OS=Homo sapiens OX=9606 GN=MAVS PE=1 SV=2",5.92706842819829,5.92038645330593,4.46227825833297,0.000226358382388143,0.000436176062159335,0.659505099471482
1229,"P19387|RPB3_HUMAN","DNA-directed RNA polymerase II subunit RPB3 OS=Homo sapiens OX=9606 GN=POLR2C PE=1 SV=2",5.11992297214327,10.3668093229172,3.21863453953908,0.00751165335289248,0.0109586454750421,-2.26928343024884
1230,"P49643|PRI2_HUMAN","DNA primase large subunit OS=Homo sapiens OX=9606 GN=PRIM2 PE=1 SV=2",9.01851516546003,7.4661098219368,11.871702472061,1.20005465372186e-10,4.15486548276004e-10,11.9591065842612
1231,"Q12959|DLG1_HUMAN","Disks large homolog 1 OS=Homo sapiens OX=9606 GN=DLG1 PE=1 SV=2",7.726110029084,6.81990725374879,5.98066177099519,6.8135289131137e-06,1.69130150325517e-05,3.67365119267902
1232,"Q9NUQ3|TXLNG_HUMAN","Gamma-taxilin OS=Homo sapiens OX=9606 GN=TXLNG PE=1 SV=2",9.3401196331555,7.62691205578453,13.6508951382938,9.31901008576712e-12,3.89134369091143e-11,13.5355452520488
1233,"Q13884|SNTB1_HUMAN","Beta-1-syntrophin OS=Homo sapiens OX=9606 GN=SNTB1 PE=1 SV=3",5.12394642716029,5.51882545278693,3.22536493859649,0.0041462433304664,0.00638266166425255,-1.88432354235452
1234,"Q92878|RAD50_HUMAN","DNA repair protein RAD50 OS=Homo sapiens OX=9606 GN=RAD50 PE=1 SV=1",7.59484565243774,6.75427506542565,5.69957336031882,1.28204243709809e-05,3.04682924865904e-05,3.13779505690478
1235,"P51398|RT29_HUMAN","28S ribosomal protein S29, mitochondrial OS=Homo sapiens OX=9606 GN=DAP3 PE=1 SV=1",8.24699811337952,7.08035129589654,6.01318883734522,1.65962834351619e-05,3.87481450729979e-05,2.92430545319053
1236,"Q6L8Q7|PDE12_HUMAN","2',5'-phosphodiesterase 12 OS=Homo sapiens OX=9606 GN=PDE12 PE=1 SV=2",9.03435258410077,7.47402853125717,13.1865658209722,1.76780589858748e-11,7.01127066327049e-11,13.1553879965382
1237,"Q6PGP7|TTC37_HUMAN","Tetratricopeptide repeat protein 37 OS=Homo sapiens OX=9606 GN=TTC37 PE=1 SV=1",4.90088447489205,5.40729447665281,3.21481259536144,0.0042483177709716,0.00651634399133094,-1.90551987600979
1238,"P50502|F10A1_HUMAN","Hsc70-interacting protein OS=Homo sapiens OX=9606 GN=ST13 PE=1 SV=2",6.954253711602,10.7190062331689,4.1266194359336,0.00146270721593914,0.00253439369098365,-0.83081498432329
1238,"Q8IZP2|ST134_HUMAN","Putative protein FAM10A4 OS=Homo sapiens OX=9606 GN=ST13P4 PE=5 SV=1",11.1694326591334,8.5415685687735,20.7351301443775,3.10853257400346e-15,3.89440499045791e-14,17.4259569387652
1239,"Q15276|RABE1_HUMAN","Rab GTPase-binding effector protein 1 OS=Homo sapiens OX=9606 GN=RABEP1 PE=1 SV=2",7.43174303314857,6.67272375578107,5.67802946940821,1.3461795771579e-05,3.18353278381937e-05,3.09623908137424
1241,"Q12769|NU160_HUMAN","Nuclear pore complex protein Nup160 OS=Homo sapiens OX=9606 GN=NUP160 PE=1 SV=3",7.51190425361702,6.71280436601529,5.70389981699483,1.26954338267796e-05,3.02085415532148e-05,3.14613221768245
1242,"#CONTAM#K1C9_HUMAN|",">sp|K1C9_HUMAN|",2.09180631626714,4.54703432414856,1.32237795350994,0.200602623557586,0.208566054738511,-5.09714008759384
1242,"P35527|K1C9_HUMAN","Keratin, type I cytoskeletal 9 OS=Homo sapiens OX=9606 GN=KRT9 PE=1 SV=3",2.09180631626714,4.54703432414856,1.32237795350994,0.200602623557586,0.208566054738511,-5.09714008759384
1243,"Q6YN16|HSDL2_HUMAN","Hydroxysteroid dehydrogenase-like protein 2 OS=Homo sapiens OX=9606 GN=HSDL2 PE=1 SV=1",9.54017510884111,7.72693979362734,10.362942133566,3.88152801544092e-09,1.15844053174012e-08,9.38659393880029
1244,"Q8IVT2|MISP_HUMAN","Mitotic interactor and substrate of PLK1 OS=Homo sapiens OX=9606 GN=MISP PE=1 SV=1",7.0030865526562,6.45839551553489,5.00436850019222,6.34118256281206e-05,0.000132754501722819,1.76548745439786
1245,"Q9BRA2|TXD17_HUMAN","Thioredoxin domain-containing protein 17 OS=Homo sapiens OX=9606 GN=TXNDC17 PE=1 SV=1",5.65838563222512,12.5236166730016,6.88697946973013,9.48053478544799e-07,2.44966838415938e-06,5.31509137623285
1246,"Q96T58|MINT_HUMAN","Msx2-interacting protein OS=Homo sapiens OX=9606 GN=SPEN PE=1 SV=1",3.29455759372651,4.60413103607004,2.32873520576768,0.0301964972693369,0.0385338132207315,-3.59078040436477
1247,"Q96GM5|SMRD1_HUMAN","SWI/SNF-related matrix-associated actin-dependent regulator of chromatin subfamily D member 1 OS=Homo sapiens OX=9606 GN=SMARCD1 PE=1 SV=2",6.54155929190614,6.22763188515985,4.85534136846401,8.98135494294339e-05,0.00018324439072778,1.46393627876601
1248,"Q9NX63|MIC19_HUMAN","MICOS complex subunit MIC19 OS=Homo sapiens OX=9606 GN=CHCHD3 PE=1 SV=1",10.9180638204781,8.41588414944586,20.3860392772967,4.33592023006229e-15,5.02810026678911e-14,17.2957304316387
1249,"O00566|MPP10_HUMAN","U3 small nucleolar ribonucleoprotein protein MPP10 OS=Homo sapiens OX=9606 GN=MPHOSPH10 PE=1 SV=2",8.67034706114773,7.29202576978065,10.0447987222572,2.28042553161011e-09,6.91310102102276e-09,9.95508640479856
1250,"Q16630|CPSF6_HUMAN","Cleavage and polyadenylation specificity factor subunit 6 OS=Homo sapiens OX=9606 GN=CPSF6 PE=1 SV=2",11.2313421880747,8.57252333324412,21.1213024814274,2.16393255491237e-15,3.06291924132817e-14,17.5647264708305
1251,"P35659|DEK_HUMAN","Protein DEK OS=Homo sapiens OX=9606 GN=DEK PE=1 SV=1",10.871073466463,8.39238897243828,16.7304746853372,2.00040845668728e-13,1.19775622989829e-12,15.601924805962
1252,"P17655|CAN2_HUMAN","Calpain-2 catalytic subunit OS=Homo sapiens OX=9606 GN=CAPN2 PE=1 SV=6",5.54969149334182,5.73169798587769,3.76686391703769,0.00117092210602328,0.00205659220264125,-0.778585566474759
1253,"Q969S3|ZN622_HUMAN","Zinc finger protein 622 OS=Homo sapiens OX=9606 GN=ZNF622 PE=1 SV=1",9.11531584042878,7.51451015942117,12.571806704403,4.24482182246783e-11,1.5944824479791e-10,12.6191257957276
1254,"Q9BZE4|NOG1_HUMAN","Nucleolar GTP-binding protein 1 OS=Homo sapiens OX=9606 GN=GTPBP4 PE=1 SV=3",10.1534208856294,8.03356268202148,14.8938435125788,1.82525329488871e-12,8.77306515021416e-12,14.4577550872103
1255,"O00303|EIF3F_HUMAN","Eukaryotic translation initiation factor 3 subunit F OS=Homo sapiens OX=9606 GN=EIF3F PE=1 SV=1",9.8410157495425,7.87736011397803,13.8068076591604,7.54599228827017e-12,3.2172835337586e-11,13.6586410043295
1256,"Q9ULU4|PKCB1_HUMAN","Protein kinase C-binding protein 1 OS=Homo sapiens OX=9606 GN=ZMYND8 PE=1 SV=2",6.36210704512927,6.13790576177142,4.56741254944532,0.000176646631674184,0.000346807512465888,0.875748611133252
1257,"P30566|PUR8_HUMAN","Adenylosuccinate lyase OS=Homo sapiens OX=9606 GN=ADSL PE=1 SV=2",10.1820331395623,8.04786880898793,15.604509787675,7.55762480305169e-13,3.92670114598502e-12,14.928811734579
1258,"Q9NQC3|RTN4_HUMAN","Reticulon-4 OS=Homo sapiens OX=9606 GN=RTN4 PE=1 SV=2",5.74946722688989,9.59863277776994,3.72922934729843,0.00323806598925644,0.00508216635085091,-1.51090322679065
1259,"Q12789|TF3C1_HUMAN","General transcription factor 3C polypeptide 1 OS=Homo sapiens OX=9606 GN=GTF3C1 PE=1 SV=4",3.60853809948616,4.76112128894986,2.21832549598733,0.0379686877199703,0.0468437749477206,-3.78243323756813
1260,"P20073|ANXA7_HUMAN","Annexin A7 OS=Homo sapiens OX=9606 GN=ANXA7 PE=1 SV=3",10.8770320526615,8.39536826553755,21.4071877425863,1.6613957666116e-15,2.53922993779121e-14,17.6640264968499
1261,"Q969V3|NCLN_HUMAN","Nicalin OS=Homo sapiens OX=9606 GN=NCLN PE=1 SV=2",7.38227974546477,6.64799211193917,7.4562965341686,2.9019669503066e-07,7.64197863110834e-07,6.27486019235703
1262,"Q8N6H7|ARFG2_HUMAN","ADP-ribosylation factor GTPase-activating protein 2 OS=Homo sapiens OX=9606 GN=ARFGAP2 PE=1 SV=1",9.61606862285997,7.76488655063677,15.4580895675322,9.03768097775696e-13,4.62700422398462e-12,14.834847623073
1263,"P63151|2ABA_HUMAN","Serine/threonine-protein phosphatase 2A 55 kDa regulatory subunit B alpha isoform OS=Homo sapiens OX=9606 GN=PPP2R2A PE=1 SV=1",10.2144104619844,8.06405747019896,16.549874870974,2.46267005366999e-13,1.43655753130749e-12,15.4995809622434
1263,"Q66LE6|2ABD_HUMAN","Serine/threonine-protein phosphatase 2A 55 kDa regulatory subunit B delta isoform OS=Homo sapiens OX=9606 GN=PPP2R2D PE=1 SV=1",5.4606976197339,5.68720104907374,3.51604542808972,0.00211028614030946,0.00352630279522197,-1.29437272462332
1263,"Q00005|2ABB_HUMAN","Serine/threonine-protein phosphatase 2A 55 kDa regulatory subunit B beta isoform OS=Homo sapiens OX=9606 GN=PPP2R2B PE=1 SV=1",3.6833702318596,4.79853735513658,2.40618832787878,0.0256505801620141,0.0337242926906106,-3.45331690956119
1263,"Q9Y2T4|2ABG_HUMAN","Serine/threonine-protein phosphatase 2A 55 kDa regulatory subunit B gamma isoform OS=Homo sapiens OX=9606 GN=PPP2R2C PE=1 SV=4",2.36721497317871,4.14045972579614,1.70335570089191,0.103610844100704,0.116172026401444,-4.59721450951836
1264,"Q86TX2|ACOT1_HUMAN","Acyl-coenzyme A thioesterase 1 OS=Homo sapiens OX=9606 GN=ACOT1 PE=1 SV=1",7.7003557820649,6.80703013023924,8.60848392083151,3.01867962050027e-08,8.39127547936898e-08,8.04718540137695
1264,"P49753|ACOT2_HUMAN","Acyl-coenzyme A thioesterase 2, mitochondrial OS=Homo sapiens OX=9606 GN=ACOT2 PE=1 SV=6",7.7003557820649,6.80703013023924,8.60848392083151,3.01867962050027e-08,8.39127547936898e-08,8.04718540137695
1265,"Q96SB4|SRPK1_HUMAN","SRSF protein kinase 1 OS=Homo sapiens OX=9606 GN=SRPK1 PE=1 SV=2",8.23833397650847,7.07601922746102,9.19698922379215,1.01580305868287e-08,2.92071827925993e-08,8.86758827519214
1266,"Q15185|TEBP_HUMAN","Prostaglandin E synthase 3 OS=Homo sapiens OX=9606 GN=PTGES3 PE=1 SV=1",10.9889086931117,8.45130658576265,10.5954574927637,5.62145630122613e-08,1.53602602978854e-07,6.98554391565807
1267,"Q9NTZ6|RBM12_HUMAN","RNA-binding protein 12 OS=Homo sapiens OX=9606 GN=RBM12 PE=1 SV=1",9.31617140225183,7.6149379403327,14.1885043792917,4.53787892515562e-12,2.0058362642766e-11,13.9507445069273
1268,"P62750|RL23A_HUMAN","60S ribosomal protein L23a OS=Homo sapiens OX=9606 GN=RPL23A PE=1 SV=1",13.0550629833523,9.48438373088295,25.1543949200823,6.83076619738068e-17,6.61903413275164e-15,18.7385549613301
1269,"Q7Z6E9|RBBP6_HUMAN","E3 ubiquitin-protein ligase RBBP6 OS=Homo sapiens OX=9606 GN=RBBP6 PE=1 SV=1",6.36277359187447,6.13823903514402,4.76523329488076,0.000110932678007448,0.00022395952298305,1.28058678748844
1270,"Q9BZE9|ASPC1_HUMAN","Tether containing UBX domain for GLUT4 OS=Homo sapiens OX=9606 GN=ASPSCR1 PE=1 SV=1",4.10185666647227,5.00778057244292,2.43381735510886,0.0241888700187178,0.0322127808965976,-3.40371198920764
1271,"Q9H0L4|CSTFT_HUMAN","Cleavage stimulation factor subunit 2 tau variant OS=Homo sapiens OX=9606 GN=CSTF2T PE=1 SV=1",-1.35612155614303,9.90381771046253,-1.23809653399848,0.235490349348865,0.243785384510118,-5.19118187572068
1272,"P55010|IF5_HUMAN","Eukaryotic translation initiation factor 5 OS=Homo sapiens OX=9606 GN=EIF5 PE=1 SV=2",11.2445328130168,8.57911864571516,21.3829704061463,1.69879364396652e-15,2.5648453055965e-14,17.6557249913936
1273,"O43660|PLRG1_HUMAN","Pleiotropic regulator 1 OS=Homo sapiens OX=9606 GN=PLRG1 PE=1 SV=1",7.06453638626683,6.4891204323402,6.65068293099142,1.56940803493424e-06,4.02010707551351e-06,4.90035961744147
1274,"Q14126|DSG2_HUMAN","Desmoglein-2 OS=Homo sapiens OX=9606 GN=DSG2 PE=1 SV=2",7.77254667849485,6.84312557845421,9.28680913892587,8.6353832450993e-09,2.50536740720666e-08,8.98797076374453
1275,"Q9NUP9|LIN7C_HUMAN","Protein lin-7 homolog C OS=Homo sapiens OX=9606 GN=LIN7C PE=1 SV=1",4.98613536039457,5.44991991940407,3.36253817915732,0.00301832525153404,0.00479593570714241,-1.60726572331165
1275,"O14910|LIN7A_HUMAN","Protein lin-7 homolog A OS=Homo sapiens OX=9606 GN=LIN7A PE=1 SV=2",3.17603815560119,4.54487131700738,2.23739324258253,0.0365074863589369,0.0452086916956923,-3.74971175158615
1275,"Q9HAP6|LIN7B_HUMAN","Protein lin-7 homolog B OS=Homo sapiens OX=9606 GN=LIN7B PE=1 SV=1",2.17393148562444,4.043817982019,1.64391222449016,0.115439187781271,0.12601102153612,-4.68158198800124
1276,"Q13951|PEBB_HUMAN","Core-binding factor subunit beta OS=Homo sapiens OX=9606 GN=CBFB PE=1 SV=2",9.10565996406672,7.50968222124014,13.6972172372329,8.75086095247799e-12,3.67402559073503e-11,13.5723511846565
1277,"O43396|TXNL1_HUMAN","Thioredoxin-like protein 1 OS=Homo sapiens OX=9606 GN=TXNL1 PE=1 SV=3",5.95800616310394,5.93585532075875,3.41226754520969,0.00268863770228899,0.00435842322265794,-1.50619636451927
1278,"Q969G9|NKD1_HUMAN","Protein naked cuticle homolog 1 OS=Homo sapiens OX=9606 GN=NKD1 PE=1 SV=1",2.32521614413624,4.1194603112749,1.68324830477911,0.107490836460399,0.119468741447037,-4.62600054585985
1279,"O43583|DENR_HUMAN","Density-regulated protein OS=Homo sapiens OX=9606 GN=DENR PE=1 SV=2",9.58883276961439,7.75126862401398,11.9509210222791,1.06444176310365e-10,3.70533525131016e-10,12.0365630624972
1280,"Q06203|PUR1_HUMAN","Amidophosphoribosyltransferase OS=Homo sapiens OX=9606 GN=PPAT PE=1 SV=1",9.79798606933477,7.85584527387417,13.6983703983236,8.73718739670999e-12,3.67228946259099e-11,13.5732649132531
1281,"Q9NWH9|SLTM_HUMAN","SAFB-like transcription modulator OS=Homo sapiens OX=9606 GN=SLTM PE=1 SV=2",3.81286612175428,4.86328530008392,2.47158172299714,0.022316107010051,0.0300619356153591,-3.33544457203911
1282,"Q76FK4|NOL8_HUMAN","Nucleolar protein 8 OS=Homo sapiens OX=9606 GN=NOL8 PE=1 SV=1",7.89900300638058,6.90635374239707,8.82194171299353,2.02320956468663e-08,5.68566191536023e-08,8.35118433720779
1283,"P54709|AT1B3_HUMAN","Sodium/potassium-transporting ATPase subunit beta-3 OS=Homo sapiens OX=9606 GN=ATP1B3 PE=1 SV=1",8.64041977312682,7.27706212577019,5.77554769776725,5.56241008751818e-05,0.000117990517007961,1.9223150015499
1284,"Q9BYG3|MK67I_HUMAN","MKI67 FHA domain-interacting nucleolar phosphoprotein OS=Homo sapiens OX=9606 GN=NIFK PE=1 SV=1",9.12187027034302,7.51778737437829,11.3594321232086,2.64513188860004e-10,8.71897069444363e-10,11.4402702549227
1285,"Q9BRJ6|CG050_HUMAN","Uncharacterized protein C7orf50 OS=Homo sapiens OX=9606 GN=C7orf50 PE=1 SV=1",5.98809220111877,5.95089833976617,3.69960106928732,0.00137185652165002,0.00238341498571867,-0.917322568229589
1286,"Q9Y5K5|UCHL5_HUMAN","Ubiquitin carboxyl-terminal hydrolase isozyme L5 OS=Homo sapiens OX=9606 GN=UCHL5 PE=1 SV=3",9.85065955037989,7.88218201439673,15.3321313665808,1.05529989921888e-12,5.31098642090547e-12,14.7527566858089
1287,"O14562|UBFD1_HUMAN","Ubiquitin domain-containing protein UBFD1 OS=Homo sapiens OX=9606 GN=UBFD1 PE=1 SV=2",10.032516191697,7.97311033505527,17.0618347536461,1.37292078463006e-13,8.67938427064982e-13,15.7844629552614
1288,"Q52LJ0|FA98B_HUMAN","Protein FAM98B OS=Homo sapiens OX=9606 GN=FAM98B PE=1 SV=2",10.8844259196087,8.39906519901114,18.8058978610032,2.0926799465302e-14,1.79439149090006e-13,16.643639679156
1289,"Q9BZJ0|CRNL1_HUMAN","Crooked neck-like protein 1 OS=Homo sapiens OX=9606 GN=CRNKL1 PE=1 SV=4",8.90046402467996,7.70821718564887,11.7416914593507,1.46300359601386e-10,5.00672341746964e-10,11.8304001513716
1290,"P63096|GNAI1_HUMAN","Guanine nucleotide-binding protein G(i) subunit alpha-1 OS=Homo sapiens OX=9606 GN=GNAI1 PE=1 SV=2",4.86239455640923,5.3880495174114,3.11190166085314,0.00538078441453298,0.00806070816963111,-2.11124492917568
1290,"A8MTJ3|GNAT3_HUMAN","Guanine nucleotide-binding protein G(t) subunit alpha-3 OS=Homo sapiens OX=9606 GN=GNAT3 PE=2 SV=2",3.79002693182397,4.85186570511877,2.40597388537586,0.0256622395598462,0.0337242926906106,-3.45370077173524
1291,"O14617|AP3D1_HUMAN","AP-3 complex subunit delta-1 OS=Homo sapiens OX=9606 GN=AP3D1 PE=1 SV=1",6.3206912402569,6.11719785933523,4.44409166251053,0.000236288597095296,0.000453269107532082,0.622034714968167
1292,"P28482|MK01_HUMAN","Mitogen-activated protein kinase 1 OS=Homo sapiens OX=9606 GN=MAPK1 PE=1 SV=3",8.50035038598988,7.20702743220172,12.4696441390261,4.92595646422832e-11,1.82882665258236e-10,12.5261837607327
1293,"P18031|PTN1_HUMAN","Tyrosine-protein phosphatase non-receptor type 1 OS=Homo sapiens OX=9606 GN=PTPN1 PE=1 SV=1",8.67896671295167,7.29633559568262,12.0360542131798,9.36368121761499e-11,3.29827746457619e-10,12.1189960141459
1294,"Q7LBC6|KDM3B_HUMAN","Lysine-specific demethylase 3B OS=Homo sapiens OX=9606 GN=KDM3B PE=1 SV=2",4.05006723444937,4.98188585643147,2.89161092422304,0.00886914700550448,0.0127984317733104,-2.54459754878863
1295,"O96008|TOM40_HUMAN","Mitochondrial import receptor subunit TOM40 homolog OS=Homo sapiens OX=9606 GN=TOMM40 PE=1 SV=1",11.996586825709,8.9551456520613,23.1473080714955,3.55568938035679e-16,9.25561271318975e-15,18.2113031918705
1296,"Q86YP4|P66A_HUMAN","Transcriptional repressor p66-alpha OS=Homo sapiens OX=9606 GN=GATAD2A PE=1 SV=1",5.11018409405005,5.51194428623181,3.29985519210818,0.0034906472714454,0.00543209053963815,-1.73420567980346
1297,"P31937|3HIDH_HUMAN","3-hydroxyisobutyrate dehydrogenase, mitochondrial OS=Homo sapiens OX=9606 GN=HIBADH PE=1 SV=2",10.2609171954024,8.08731083690797,17.4988541435246,8.4380600273012e-14,5.82195897941032e-13,16.0152509637816
1298,"Q8WXF1|PSPC1_HUMAN","Paraspeckle component 1 OS=Homo sapiens OX=9606 GN=PSPC1 PE=1 SV=1",9.35954513475943,7.6366248065865,15.1237602205524,1.36702279464364e-12,6.73884476232782e-12,14.6143456899209
1299,"Q9HCS7|SYF1_HUMAN","Pre-mRNA-splicing factor SYF1 OS=Homo sapiens OX=9606 GN=XAB2 PE=1 SV=2",5.68870304625944,5.80120376233651,3.58619661213903,0.00179057476281416,0.00304761840708865,-1.15058619152516
1300,"P53999|TCP4_HUMAN","Activated RNA polymerase II transcriptional coactivator p15 OS=Homo sapiens OX=9606 GN=SUB1 PE=1 SV=3",13.9290746782168,9.92138957831517,26.5466115423069,2.33551558794e-17,6.61903413275164e-15,19.0508129368406
1301,"Q99426|TBCB_HUMAN","Tubulin-folding cofactor B OS=Homo sapiens OX=9606 GN=TBCB PE=1 SV=2",0.534556363665152,12.8424724060864,0.68980776991825,0.4980479133049,0.507942904959964,-5.68264111919521
1302,"Q9H3U1|UN45A_HUMAN","Protein unc-45 homolog A OS=Homo sapiens OX=9606 GN=UNC45A PE=1 SV=1",8.87994099257658,7.39682273549507,13.4406120269058,1.24262184691635e-11,5.05184172188803e-11,13.365936824842
1303,"Q9NY27|PP4R2_HUMAN","Serine/threonine-protein phosphatase 4 regulatory subunit 2 OS=Homo sapiens OX=9606 GN=PPP4R2 PE=1 SV=3",5.69863355698982,5.80616901770169,3.61868632310541,0.00165916650348395,0.00284154405623363,-1.08385260723055
1304,"Q00169|PIPNA_HUMAN","Phosphatidylinositol transfer protein alpha isoform OS=Homo sapiens OX=9606 GN=PITPNA PE=1 SV=2",9.0828007585353,7.49825261847443,12.197844533285,7.35299509609905e-11,2.65065834456754e-10,12.2733824631307
1305,"Q9NQW7|XPP1_HUMAN","Xaa-Pro aminopeptidase 1 OS=Homo sapiens OX=9606 GN=XPNPEP1 PE=1 SV=3",9.97839644868622,7.94605046354989,16.9630265440171,1.53496874386583e-13,9.48576190029445e-13,15.7307290212051
1306,"Q13547|HDAC1_HUMAN","Histone deacetylase 1 OS=Homo sapiens OX=9606 GN=HDAC1 PE=1 SV=1",5.64234684717737,5.77802566279547,3.56469444136895,0.00188313136867495,0.00318823912462558,-1.19470441720782
1307,"Q14694|UBP10_HUMAN","Ubiquitin carboxyl-terminal hydrolase 10 OS=Homo sapiens OX=9606 GN=USP10 PE=1 SV=2",9.8241174395703,7.86891095899194,17.4734973790376,8.67723182201902e-14,5.92328767992433e-13,16.00215981289
1308,"Q9NXF1|TEX10_HUMAN","Testis-expressed protein 10 OS=Homo sapiens OX=9606 GN=TEX10 PE=1 SV=2",4.75598702954158,5.33484575397758,3.20919609688401,0.00430363987177784,0.00658284207641822,-1.91679430061323
1309,"Q16629|SRSF7_HUMAN","Serine/arginine-rich splicing factor 7 OS=Homo sapiens OX=9606 GN=SRSF7 PE=1 SV=1",9.34029406615039,7.62699927228198,11.4973773958726,2.13253881912201e-10,7.12697435210047e-10,11.5831012324127
1310,"Q86TU7|SETD3_HUMAN","Actin-histidine N-methyltransferase OS=Homo sapiens OX=9606 GN=SETD3 PE=1 SV=1",6.87862912692159,6.39616680266758,5.23912986074474,3.67742869604855e-05,8.04894853882144e-05,2.23569195404984
1312,"P62318|SMD3_HUMAN","Small nuclear ribonucleoprotein Sm D3 OS=Homo sapiens OX=9606 GN=SNRPD3 PE=1 SV=1",10.8536094701781,8.38365697429585,21.8522346575754,1.10809744674948e-15,1.9122790324862e-14,17.8130600085905
1313,"Q15042|RB3GP_HUMAN","Rab3 GTPase-activating protein catalytic subunit OS=Homo sapiens OX=9606 GN=RAB3GAP1 PE=1 SV=3",7.55188410159649,6.73279429000503,5.29145019063637,3.77151762433573e-05,8.23148687851052e-05,2.21963035495773
1314,"O15511|ARPC5_HUMAN","Actin-related protein 2/3 complex subunit 5 OS=Homo sapiens OX=9606 GN=ARPC5 PE=1 SV=3",6.58822662215491,6.25096555028424,4.05078716501388,0.000598857123472984,0.00108857409129886,-0.191193166094331
1315,"Q9BXS5|AP1M1_HUMAN","AP-1 complex subunit mu-1 OS=Homo sapiens OX=9606 GN=AP1M1 PE=1 SV=3",8.9022018571093,7.40795316776143,11.6978909519074,1.56457201864576e-10,5.34007293598065e-10,11.7865902975486
1316,"P46783|RS10_HUMAN","40S ribosomal protein S10 OS=Homo sapiens OX=9606 GN=RPS10 PE=1 SV=1",10.4391448241271,8.17642465127036,16.3561964130078,3.08451328327635e-13,1.73870807329633e-12,15.3875170740777
1316,"Q9NQ39|RS10L_HUMAN","Putative 40S ribosomal protein S10-like OS=Homo sapiens OX=9606 GN=RPS10P5 PE=5 SV=1",8.90067983836069,7.40719215838713,11.518913981977,2.06237138104326e-10,6.91046981463581e-10,11.6051902581701
1317,"O75976|CBPD_HUMAN","Carboxypeptidase D OS=Homo sapiens OX=9606 GN=CPD PE=1 SV=2",7.88298087178345,6.89834267509851,9.73969586811423,3.86539070752865e-09,1.15451933467691e-08,9.57611508904809
1318,"Q9UGI8|TES_HUMAN","Testin OS=Homo sapiens OX=9606 GN=TES PE=1 SV=1",9.56729007733809,7.74049727787583,16.7316212291296,1.99778247654618e-13,1.19775622989829e-12,15.6025680105701
1319,"Q8IWJ2|GCC2_HUMAN","GRIP and coiled-coil domain-containing protein 2 OS=Homo sapiens OX=9606 GN=GCC2 PE=1 SV=4",5.58638873575385,5.75004660708371,3.50820028635335,0.00214935908467426,0.00357916629584599,-1.3104246113308
1320,"Q8WU90|ZC3HF_HUMAN","Zinc finger CCCH domain-containing protein 15 OS=Homo sapiens OX=9606 GN=ZC3H15 PE=1 SV=1",10.8809986497432,8.39735156407841,19.5822674509652,9.51905714998324e-15,9.20813317272248e-14,16.9774777755126
1321,"Q9Y2Q3|GSTK1_HUMAN","Glutathione S-transferase kappa 1 OS=Homo sapiens OX=9606 GN=GSTK1 PE=1 SV=3",11.2418624424823,8.57778346044794,21.3534157963209,1.74563088124977e-15,2.61505015284499e-14,17.6455665385835
1322,"Q9NXW2|DJB12_HUMAN","DnaJ homolog subfamily B member 12 OS=Homo sapiens OX=9606 GN=DNAJB12 PE=1 SV=5",6.30730835904749,6.11050641873053,4.76215918940053,0.000111735791500726,0.000225462682011423,1.27431914290213
1324,"Q7Z739|YTHD3_HUMAN","YTH domain-containing family protein 3 OS=Homo sapiens OX=9606 GN=YTHDF3 PE=1 SV=1",7.56641757965242,6.74006102903299,5.77619135019865,1.07816562233995e-05,2.60573612429932e-05,3.28503307201119
1326,"Q9NVM9|INT13_HUMAN","Integrator complex subunit 13 OS=Homo sapiens OX=9606 GN=INTS13 PE=1 SV=2",4.76109302874028,5.33739875357692,3.24591394869418,0.00395427651627515,0.00611404200307603,-1.8429962375957
1327,"Q16851|UGPA_HUMAN","UTP--glucose-1-phosphate uridylyltransferase OS=Homo sapiens OX=9606 GN=UGP2 PE=1 SV=5",10.0271637660216,7.97043412221759,15.402100867088,9.68105600811919e-13,4.91068058382858e-12,14.798502954636
1328,"Q9UPN9|TRI33_HUMAN","E3 ubiquitin-protein ligase TRIM33 OS=Homo sapiens OX=9606 GN=TRIM33 PE=1 SV=3",6.65870646300042,6.28620547070699,4.99794953427497,6.43675866088047e-05,0.000134609021425257,1.75254514853135
1329,"Q15005|SPCS2_HUMAN","Signal peptidase complex subunit 2 OS=Homo sapiens OX=9606 GN=SPCS2 PE=1 SV=3",9.66713473711027,7.79041960776192,15.3485145693802,1.0341733712067e-12,5.21147575804426e-12,14.7635007084645
1330,"Q9Y6Y8|S23IP_HUMAN","SEC23-interacting protein OS=Homo sapiens OX=9606 GN=SEC23IP PE=1 SV=1",-0.018209541030803,11.1298098521782,-0.012533580935933,0.990188208416042,0.990188208416042,-5.91130662417249
1331,"O75223|GGCT_HUMAN","Gamma-glutamylcyclotransferase OS=Homo sapiens OX=9606 GN=GGCT PE=1 SV=1",11.1514924382518,8.53259845833267,19.8184274236293,7.53275886787058e-15,7.65526304122759e-14,17.0737515338596
1332,"P61586|RHOA_HUMAN","Transforming protein RhoA OS=Homo sapiens OX=9606 GN=RHOA PE=1 SV=1",6.53470131395153,6.22420289618255,3.76810027710554,0.00122105953247742,0.00213685418183549,-0.808352151012485
1333,"Q16881|TRXR1_HUMAN","Thioredoxin reductase 1, cytoplasmic OS=Homo sapiens OX=9606 GN=TXNRD1 PE=1 SV=3",7.99400763773202,6.95385605807279,10.7624230397907,6.87384189711087e-10,2.17455146293154e-09,10.7944214011292
1334,"P17480|UBF1_HUMAN","Nucleolar transcription factor 1 OS=Homo sapiens OX=9606 GN=UBTF PE=1 SV=1",7.41044881828303,6.6620766483483,5.51637590651022,1.9447772566669e-05,4.47008503771197e-05,2.78231396228369
1335,"Q7L576|CYFP1_HUMAN","Cytoplasmic FMR1-interacting protein 1 OS=Homo sapiens OX=9606 GN=CYFIP1 PE=1 SV=1",0.65478093743817,9.64757259420852,0.382211756506511,0.709648038564635,0.718796355820532,-5.83790377653254
1335,"Q96F07|CYFP2_HUMAN","Cytoplasmic FMR1-interacting protein 2 OS=Homo sapiens OX=9606 GN=CYFIP2 PE=1 SV=2",3.23619039682384,4.5749474376187,2.26291666533082,0.0346320799737433,0.0431784997236568,-3.70566156261819
1337,"P12236|ADT3_HUMAN","ADP/ATP translocase 3 OS=Homo sapiens OX=9606 GN=SLC25A6 PE=1 SV=4",10.6168487889025,8.26527663365802,20.3128752956763,4.65218751518296e-15,5.23711167644866e-14,17.2678418637503
1338,"O95861|BPNT1_HUMAN","3'(2'),5'-bisphosphate nucleotidase 1 OS=Homo sapiens OX=9606 GN=BPNT1 PE=1 SV=1",4.22034246819814,5.06702347330585,2.98312288273283,0.00721440816746384,0.0105730763017647,-2.36585450808794
1339,"Q14562|DHX8_HUMAN","ATP-dependent RNA helicase DHX8 OS=Homo sapiens OX=9606 GN=DHX8 PE=1 SV=1",5.66691352731101,5.79030900286229,3.49359600932337,0.00222399996715451,0.00368751071212096,-1.34029026263654
1340,"P37108|SRP14_HUMAN","Signal recognition particle 14 kDa protein OS=Homo sapiens OX=9606 GN=SRP14 PE=1 SV=2",11.7170698299137,8.81538715416366,22.4237518092156,6.66006595776891e-16,1.31976879251639e-14,17.995043429463
1341,"P19784|CSK22_HUMAN","Casein kinase II subunit alpha' OS=Homo sapiens OX=9606 GN=CSNK2A2 PE=1 SV=1",7.24029362827688,6.57699905334522,5.29690083106441,3.21833039671344e-05,7.12511329922183e-05,2.35040734230574
1342,"Q15369|ELOC_HUMAN","Elongin-C OS=Homo sapiens OX=9606 GN=ELOC PE=1 SV=1",9.76972615355581,7.84171531598469,14.8478188370697,1.93486445345858e-12,9.23076597994491e-12,14.4259109554019
1343,"Q9Y606|TRUA_HUMAN","tRNA pseudouridine synthase A OS=Homo sapiens OX=9606 GN=PUS1 PE=1 SV=3",8.63965254740523,7.2766785129094,12.3477917632107,5.89005170657551e-11,2.15557975953572e-10,12.413852551716
1344,"Q04446|GLGB_HUMAN","1,4-alpha-glucan-branching enzyme OS=Homo sapiens OX=9606 GN=GBE1 PE=1 SV=3",0.973370094824812,8.65716570710656,0.448352669787561,0.663017983980379,0.672449746660816,-5.81024453540946
1345,"Q8NBJ7|SUMF2_HUMAN","Inactive C-alpha-formylglycine-generating enzyme 2 OS=Homo sapiens OX=9606 GN=SUMF2 PE=1 SV=2",7.74688087697873,6.83029267769615,5.95275521838864,7.25187813910853e-06,1.79317474859138e-05,3.6209891653265
1346,"P35237|SPB6_HUMAN","Serpin B6 OS=Homo sapiens OX=9606 GN=SERPINB6 PE=1 SV=3",8.99315139996988,7.45342793919172,5.2676029528738,0.000216464848129862,0.00041921009320924,0.805059424689202
1347,"Q9Y570|PPME1_HUMAN","Protein phosphatase methylesterase 1 OS=Homo sapiens OX=9606 GN=PPME1 PE=1 SV=3",10.5228741084546,8.2182892934341,15.0688317947912,1.46427612235102e-12,7.17234487411122e-12,14.5773084723807
1348,"Q9HD26|GOPC_HUMAN","Golgi-associated PDZ and coiled-coil motif-containing protein OS=Homo sapiens OX=9606 GN=GOPC PE=1 SV=1",3.76476857245429,4.83923652543393,2.45281270246966,0.0232292984113123,0.0310962443962282,-3.36944006787217
1349,"O43681|GET3_HUMAN","ATPase GET3 OS=Homo sapiens OX=9606 GN=GET3 PE=1 SV=2",9.40977691785904,7.6617406981363,12.4375039739074,5.1630781695813e-11,1.90766323924069e-10,12.4967117660395
1350,"Q53GQ0|DHB12_HUMAN","Very-long-chain 3-oxoacyl-CoA reductase OS=Homo sapiens OX=9606 GN=HSD17B12 PE=1 SV=2",11.7100933583755,8.81189891839455,24.22492839155,1.44325501842526e-16,6.81558704691339e-15,18.5067406679167
1351,"Q99447|PCY2_HUMAN","Ethanolamine-phosphate cytidylyltransferase OS=Homo sapiens OX=9606 GN=PCYT2 PE=1 SV=1",9.91501066280156,7.91435757060756,16.9308229669103,1.59200695305275e-13,9.82247879687994e-13,15.7130891708868
1352,"P12532|KCRU_HUMAN","Creatine kinase U-type, mitochondrial OS=Homo sapiens OX=9606 GN=CKMT1A PE=1 SV=1",4.00019891689573,4.95695169765465,2.49088769454808,0.0214118317497078,0.0290572972281899,-3.30034187495065
1353,"O43169|CYB5B_HUMAN","Cytochrome b5 type B OS=Homo sapiens OX=9606 GN=CYB5B PE=1 SV=3",10.2908578229106,9.54050799338402,10.1168356141334,6.8265465045346e-08,1.85477798464772e-07,6.94887760096602
1354,"Q9UKN8|TF3C4_HUMAN","General transcription factor 3C polypeptide 4 OS=Homo sapiens OX=9606 GN=GTF3C4 PE=1 SV=2",5.92426552563385,5.91898500202371,3.69991228698135,0.00137085244201859,0.00238274577958084,-0.916681230399245
1355,"Q02952|AKA12_HUMAN","A-kinase anchor protein 12 OS=Homo sapiens OX=9606 GN=AKAP12 PE=1 SV=4",3.64911290822279,4.78140869331818,2.6661884385739,0.0146352202129637,0.020601681104172,-2.97572581738907
1356,"P05114|HMGN1_HUMAN","Non-histone chromosomal protein HMG-14 OS=Homo sapiens OX=9606 GN=HMGN1 PE=1 SV=3",8.56957034499658,7.24163741170507,5.07407319314338,0.000243347242156312,0.000465881095127698,0.696760186375261
1357,"P55196|AFAD_HUMAN","Afadin OS=Homo sapiens OX=9606 GN=AFDN PE=1 SV=3",7.85099240543986,6.88234844192671,8.04731463423719,8.89108201971181e-08,2.40215198427302e-07,7.21208367962692
1358,"P00403|COX2_HUMAN","Cytochrome c oxidase subunit 2 OS=Homo sapiens OX=9606 GN=MT-CO2 PE=1 SV=1",1.6019795975259,13.647584839679,2.42979849946058,0.0243965603689269,0.0324169485416705,-3.41094550349819
1359,"Q9UBF2|COPG2_HUMAN","Coatomer subunit gamma-2 OS=Homo sapiens OX=9606 GN=COPG2 PE=1 SV=1",4.1920118804692,5.05285817944138,2.56955029939589,0.0180701574619966,0.0251121834417665,-3.15594956203334
1360,"Q6FI81|CPIN1_HUMAN","Anamorsin OS=Homo sapiens OX=9606 GN=CIAPIN1 PE=1 SV=2",0.489275200560304,11.6745064643477,0.29890732126716,0.770084722089272,0.778987435639437,-5.8666727612145
1361,"P10321|HLAC_HUMAN","HLA class I histocompatibility antigen, C alpha chain OS=Homo sapiens OX=9606 GN=HLA-C PE=1 SV=3",3.22332852011067,4.56851649926212,2.29314586187873,0.0325253891183902,0.0409894429151562,-3.65312588237613
1362,"Q2TAY7|SMU1_HUMAN","WD40 repeat-containing protein SMU1 OS=Homo sapiens OX=9606 GN=SMU1 PE=1 SV=2",4.94070508315973,5.42720478078665,2.74991165990891,0.0121680179555143,0.0172611898042483,-2.81725319482509
1363,"P10768|ESTD_HUMAN","S-formylglutathione hydrolase OS=Homo sapiens OX=9606 GN=ESD PE=1 SV=2",9.4770829941626,7.69539373628808,15.7601246491816,6.25912918639327e-13,3.28753715792825e-12,15.0269846331591
1364,"Q96JH7|VCIP1_HUMAN","Deubiquitinating protein VCIP135 OS=Homo sapiens OX=9606 GN=VCPIP1 PE=1 SV=2",5.8475000364141,5.88060225741383,4.35772998722392,0.000289763245308204,0.000546589169248695,0.443881551102187
1365,"Q9BQ67|GRWD1_HUMAN","Glutamate-rich WD repeat-containing protein 1 OS=Homo sapiens OX=9606 GN=GRWD1 PE=1 SV=1",6.28605155684577,6.09987801762967,3.91736231088994,0.000820922478449349,0.00147070802328059,-0.467461039047255
1366,"Q9UKF6|CPSF3_HUMAN","Cleavage and polyadenylation specificity factor subunit 3 OS=Homo sapiens OX=9606 GN=CPSF3 PE=1 SV=1",4.98444491526294,5.44907469683825,3.39035053277672,0.00282934789168942,0.00453874557625177,-1.55077767051109
1367,"Q13308|PTK7_HUMAN","Inactive tyrosine-protein kinase 7 OS=Homo sapiens OX=9606 GN=PTK7 PE=1 SV=2",2.69022398670549,4.30196423255953,1.77718665832948,0.090374385241426,0.104558000227332,-4.48939509589028
1368,"Q9P2N5|RBM27_HUMAN","RNA-binding protein 27 OS=Homo sapiens OX=9606 GN=RBM27 PE=1 SV=2",6.6990062543993,6.30635536640643,4.99252986710133,6.51859204470742e-05,0.000136024820445114,1.74161433058935
1369,"A0A0B4J2D5|GAL3B_HUMAN","Glutamine amidotransferase-like class 1 domain-containing protein 3B, mitochondrial OS=Homo sapiens OX=9606 GN=GATD3B PE=1 SV=1",10.3456187257485,8.12966160208101,16.531138184566,2.51664635489932e-13,1.46105737618345e-12,15.4888450582039
1369,"P0DPI2|GAL3A_HUMAN","Glutamine amidotransferase-like class 1 domain-containing protein 3A, mitochondrial OS=Homo sapiens OX=9606 GN=GATD3A PE=1 SV=1",10.3456187257485,8.12966160208101,16.531138184566,2.51664635489932e-13,1.46105737618345e-12,15.4888450582039
1370,"Q9Y5S9|RBM8A_HUMAN","RNA-binding protein 8A OS=Homo sapiens OX=9606 GN=RBM8A PE=1 SV=1",10.2615350343278,8.08761975637066,18.0188341616257,4.79383238191168e-14,3.61887346477646e-13,16.2758941519631
1371,"P20618|PSB1_HUMAN","Proteasome subunit beta type-1 OS=Homo sapiens OX=9606 GN=PSMB1 PE=1 SV=2",11.7014743610179,8.80758941971573,20.6646481302346,3.32319401734087e-15,4.06168157674995e-14,17.4000367815672
1372,"Q8WVV9|HNRLL_HUMAN","Heterogeneous nuclear ribonucleoprotein L-like OS=Homo sapiens OX=9606 GN=HNRNPLL PE=1 SV=1",5.51170513064131,5.71270480452744,3.52643581770507,0.00205961026147782,0.00345060901074396,-1.27310396071308
1373,"Q08379|GOGA2_HUMAN","Golgin subfamily A member 2 OS=Homo sapiens OX=9606 GN=GOLGA2 PE=1 SV=3",7.02431148609028,6.46900798225192,6.46853179215567,2.32617804977452e-06,5.90361601294127e-06,4.57419577905327
1374,"O94760|DDAH1_HUMAN","N(G),N(G)-dimethylarginine dimethylaminohydrolase 1 OS=Homo sapiens OX=9606 GN=DDAH1 PE=1 SV=3",9.01251940316147,7.46311194078752,12.5380206916384,4.45849224979699e-11,1.66976606631502e-10,12.5885130454418
1375,"Q13601|KRR1_HUMAN","KRR1 small subunit processome component homolog OS=Homo sapiens OX=9606 GN=KRR1 PE=1 SV=4",8.71848446785454,7.31609447313405,11.1211929734587,3.85485271653358e-10,1.24611107965191e-09,11.1880166953931
1376,"P56945|BCAR1_HUMAN","Breast cancer anti-estrogen resistance protein 1 OS=Homo sapiens OX=9606 GN=BCAR1 PE=1 SV=2",3.85354921561915,6.1511274791031,2.16476098989538,0.0428352431919434,0.0522739871435621,-3.87790450835305
1377,"O14981|BTAF1_HUMAN","TATA-binding protein-associated factor 172 OS=Homo sapiens OX=9606 GN=BTAF1 PE=1 SV=2",4.18553575166916,5.04962011504136,2.94276154488147,0.0079039416880198,0.0114744251504058,-2.44492818200136
1378,"Q92905|CSN5_HUMAN","COP9 signalosome complex subunit 5 OS=Homo sapiens OX=9606 GN=COPS5 PE=1 SV=4",8.49392490026069,7.20381468933713,5.72050450510291,5.25104557005903e-05,0.000111940893935367,1.96888648582777
1379,"P30405|PPIF_HUMAN","Peptidyl-prolyl cis-trans isomerase F, mitochondrial OS=Homo sapiens OX=9606 GN=PPIF PE=1 SV=1",10.343062479137,8.12838347877528,17.2355613418814,1.1299123235263e-13,7.36464992259903e-13,15.8775337747605
1380,"Q9GZR7|DDX24_HUMAN","ATP-dependent RNA helicase DDX24 OS=Homo sapiens OX=9606 GN=DDX24 PE=1 SV=1",5.53430000882033,5.72400224361695,3.45970341018358,0.00240717551784564,0.00395545272885434,-1.40951673794051
1381,"Q9Y512|SAM50_HUMAN","Sorting and assembly machinery component 50 homolog OS=Homo sapiens OX=9606 GN=SAMM50 PE=1 SV=3",6.1919838255874,6.05284415200049,4.52949152222406,0.000193164605813337,0.000376930426954561,0.797827827988088
1382,"Q9Y5K6|CD2AP_HUMAN","CD2-associated protein OS=Homo sapiens OX=9606 GN=CD2AP PE=1 SV=1",9.66714604993854,7.79042526417605,13.4508106008927,1.22529808866033e-11,4.98667826780366e-11,13.3742592037132
1383,"P12235|ADT1_HUMAN","ADP/ATP translocase 1 OS=Homo sapiens OX=9606 GN=SLC25A4 PE=1 SV=4",7.7964994879935,6.85510198320353,9.65228354006183,4.50540348002086e-09,1.33326697909918e-08,9.46501071453558
1384,"P09382|LEG1_HUMAN","Galectin-1 OS=Homo sapiens OX=9606 GN=LGALS1 PE=1 SV=2",-0.732018313591086,9.41812550433958,-0.357619256034188,0.727659694692675,0.736846350491004,-5.8468449111948
1385,"Q6NVY1|HIBCH_HUMAN","3-hydroxyisobutyryl-CoA hydrolase, mitochondrial OS=Homo sapiens OX=9606 GN=HIBCH PE=1 SV=2",10.1350210713193,8.02436277486644,15.7642192937733,6.22829242214325e-13,3.27580953896879e-12,15.0295445989753
1386,"Q9Y697|NFS1_HUMAN","Cysteine desulfurase, mitochondrial OS=Homo sapiens OX=9606 GN=NFS1 PE=1 SV=3",6.91152443594626,6.41261445717992,5.1851528212885,4.16650455363871e-05,9.01405495535916e-05,2.12814312716374
1387,"Q12996|CSTF3_HUMAN","Cleavage stimulation factor subunit 3 OS=Homo sapiens OX=9606 GN=CSTF3 PE=1 SV=1",8.75230303343939,7.33300375592648,11.6104034860469,1.79005685731893e-10,6.04536745673498e-10,11.6983997006862
1388,"P51665|PSMD7_HUMAN","26S proteasome non-ATPase regulatory subunit 7 OS=Homo sapiens OX=9606 GN=PSMD7 PE=1 SV=2",10.9750339572208,8.44436921781718,18.8756125943854,1.94746396187311e-14,1.69632041927861e-13,16.6747477066852
1389,"O75347|TBCA_HUMAN","Tubulin-specific chaperone A OS=Homo sapiens OX=9606 GN=TBCA PE=1 SV=3",12.1089806249093,9.01134255166144,26.1064947508059,3.25972631322544e-17,6.61903413275164e-15,18.9563157454431
1390,"Q13523|PRP4B_HUMAN","Serine/threonine-protein kinase PRP4 homolog OS=Homo sapiens OX=9606 GN=PRPF4B PE=1 SV=3",8.98372624795911,7.44871536318634,11.1060601975344,3.94896641453626e-10,1.27439402313199e-09,11.1717514251517
1391,"P22307|NLTP_HUMAN","Non-specific lipid-transfer protein OS=Homo sapiens OX=9606 GN=SCP2 PE=1 SV=2",10.5674894744906,8.24059697645209,17.3280432063514,1.01932501903401e-13,6.77789520428489e-13,15.9263599598697
1392,"Q8N766|EMC1_HUMAN","ER membrane protein complex subunit 1 OS=Homo sapiens OX=9606 GN=EMC1 PE=1 SV=1",8.40114613243191,7.15742530542274,9.4767064710294,6.14598553591133e-09,1.79939500481054e-08,9.2383775501858
1393,"Q9NTI5|PDS5B_HUMAN","Sister chromatid cohesion protein PDS5 homolog B OS=Homo sapiens OX=9606 GN=PDS5B PE=1 SV=1",5.38359778540512,5.64865113190934,3.47075476422583,0.00234587603304672,0.00386462247634997,-1.38695724993645
1395,"Q969Z0|FAKD4_HUMAN","FAST kinase domain-containing protein 4 OS=Homo sapiens OX=9606 GN=TBRG4 PE=1 SV=1",7.60023336771679,6.75696892306518,5.7722289233441,1.08784866646826e-05,2.62748893720376e-05,3.27743965954818
1396,"Q92888|ARHG1_HUMAN","Rho guanine nucleotide exchange factor 1 OS=Homo sapiens OX=9606 GN=ARHGEF1 PE=1 SV=2",6.73834010625073,6.32602229233215,5.04096128677325,5.82316215760725e-05,0.000122844790722125,1.83918467578844
1397,"Q13685|AAMP_HUMAN","Angio-associated migratory cell protein OS=Homo sapiens OX=9606 GN=AAMP PE=1 SV=2",8.6853995494494,7.29955201393149,10.6976930570145,7.64114683273211e-10,2.41134551688677e-09,10.7216063854443
1398,"Q12797|ASPH_HUMAN","Aspartyl/asparaginyl beta-hydroxylase OS=Homo sapiens OX=9606 GN=ASPH PE=1 SV=3",9.07082023375266,7.49226235608312,12.3783141267126,5.63142873684e-11,2.06879777069027e-10,12.4421419983886
1399,"Q9UBU9|NXF1_HUMAN","Nuclear RNA export factor 1 OS=Homo sapiens OX=9606 GN=NXF1 PE=1 SV=1",4.78371747310655,5.34871097576006,3.17711598921859,0.00463331189467561,0.00703956227091598,-1.98109093067285
1400,"Q9BW19|KIFC1_HUMAN","Kinesin-like protein KIFC1 OS=Homo sapiens OX=9606 GN=KIFC1 PE=1 SV=2",3.98780966541747,4.95075707191552,2.87340595105017,0.00923919673665175,0.0132727266552646,-2.57991839489222
1401,"Q9UPT8|ZC3H4_HUMAN","Zinc finger CCCH domain-containing protein 4 OS=Homo sapiens OX=9606 GN=ZC3H4 PE=1 SV=3",5.06255890064694,5.48813168953025,3.34932337851975,0.00311239202808853,0.00492710086683422,-1.63407099213334
1402,"Q9UHY7|ENOPH_HUMAN","Enolase-phosphatase E1 OS=Homo sapiens OX=9606 GN=ENOPH1 PE=1 SV=1",9.11810392710628,8.67450619343852,7.68863755824777,5.07552188582984e-06,1.2697049551946e-05,3.7720364375215
1403,"Q8N183|NDUF2_HUMAN","NADH dehydrogenase [ubiquinone] 1 alpha subcomplex assembly factor 2 OS=Homo sapiens OX=9606 GN=NDUFAF2 PE=1 SV=1",10.2074196110879,8.06056204475075,17.9112993734089,5.38204513412472e-14,3.9619261503595e-13,16.2231906048603
1404,"Q9Y5Z4|HEBP2_HUMAN","Heme-binding protein 2 OS=Homo sapiens OX=9606 GN=HEBP2 PE=1 SV=1",10.0335661004983,7.97363528945593,14.9324313179948,1.73835628978881e-12,8.36583964460866e-12,14.4843246433858
1405,"Q9NQ29|LUC7L_HUMAN","Putative RNA-binding protein Luc7-like 1 OS=Homo sapiens OX=9606 GN=LUC7L PE=1 SV=1",7.81512813667289,6.86441630754323,9.48765496358842,6.02746684538667e-09,1.76603861147174e-08,9.2526462457428
1406,"Q8TD30|ALAT2_HUMAN","Alanine aminotransferase 2 OS=Homo sapiens OX=9606 GN=GPT2 PE=1 SV=1",9.60987898845033,7.76179173343195,14.4452319132525,3.24366636187974e-12,1.47484388700431e-11,14.1400712963446
1407,"Q96FC7|PHIPL_HUMAN","Phytanoyl-CoA hydroxylase-interacting protein-like OS=Homo sapiens OX=9606 GN=PHYHIPL PE=1 SV=3",8.07201986147239,6.99286216994298,10.4685387490115,1.11548179236985e-09,3.47179054213738e-09,10.4592919140541
1408,"Q15427|SF3B4_HUMAN","Splicing factor 3B subunit 4 OS=Homo sapiens OX=9606 GN=SF3B4 PE=1 SV=1",10.7441001755539,8.32890232698375,16.4427078741223,2.78860701473048e-13,1.59763943552267e-12,15.4378722458225
1409,"Q5JSZ5|PRC2B_HUMAN","Protein PRRC2B OS=Homo sapiens OX=9606 GN=PRRC2B PE=1 SV=2",2.11201844036594,4.01286145938975,1.62102382395645,0.120288634909973,0.130380417906362,-4.71347032401259
1410,"Q92804|RBP56_HUMAN","TATA-binding protein-associated factor 2N OS=Homo sapiens OX=9606 GN=TAF15 PE=1 SV=1",10.4465772727008,8.18014087555716,15.5104231052128,8.4766450638109e-13,4.35715400476261e-12,14.8686114611049
1411,"Q13098|CSN1_HUMAN","COP9 signalosome complex subunit 1 OS=Homo sapiens OX=9606 GN=GPS1 PE=1 SV=4",6.82848380153299,6.37109413997328,4.93837718585218,7.39650873568495e-05,0.000152935331001005,1.63222879695364
1412,"Q9H910|JUPI2_HUMAN","Jupiter microtubule associated homolog 2 OS=Homo sapiens OX=9606 GN=JPT2 PE=1 SV=1",9.92046346602102,7.91708397221729,16.037007876327,4.49299405590174e-13,2.42949819034013e-12,15.1974590084444
1413,"P62995|TRA2B_HUMAN","Transformer-2 protein homolog beta OS=Homo sapiens OX=9606 GN=TRA2B PE=1 SV=1",11.6241866832245,8.76894558081905,22.4614061462033,6.44310058794303e-16,1.2987401708681e-14,18.0066777971548
1414,"Q9UIQ6|LCAP_HUMAN","Leucyl-cystinyl aminopeptidase OS=Homo sapiens OX=9606 GN=LNPEP PE=1 SV=3",3.76750274790748,4.84060361316052,2.36279480458047,0.0281127016653449,0.0363731224899143,-3.53062675036414
1415,"O00629|IMA3_HUMAN","Importin subunit alpha-3 OS=Homo sapiens OX=9606 GN=KPNA4 PE=1 SV=1",6.55328678915335,6.23349563378346,4.80080308588535,0.000102053575569012,0.00020690166716203,1.35304928122346
1416,"Q96CS3|FAF2_HUMAN","FAS-associated factor 2 OS=Homo sapiens OX=9606 GN=FAF2 PE=1 SV=2",7.55325471053745,6.73347959447551,5.61048759322267,1.56931527320106e-05,3.66617949139811e-05,2.96552437433748
1417,"O00625|PIR_HUMAN","Pirin OS=Homo sapiens OX=9606 GN=PIR PE=1 SV=1",9.76616074530976,7.83993261186166,16.6666079920027,2.15253620137141e-13,1.27692825505084e-12,15.5659665209735
1418,"P52594|AGFG1_HUMAN","Arf-GAP domain and FG repeat-containing protein 1 OS=Homo sapiens OX=9606 GN=AGFG1 PE=1 SV=2",-5.07101028841738,15.3639530149594,-2.28758803908841,0.0435089090883859,0.0530260525451997,-3.78362079130054
1419,"P51003|PAPOA_HUMAN","Poly(A) polymerase alpha OS=Homo sapiens OX=9606 GN=PAPOLA PE=1 SV=4",6.34012412117782,6.12691429979569,5.38128877305007,2.650185801348e-05,5.93900776204295e-05,2.51722175643886
1421,"Q9ULE6|PALD_HUMAN","Paladin OS=Homo sapiens OX=9606 GN=PALD1 PE=1 SV=3",5.39810809339533,5.65590628590445,3.40507892619439,0.00273401668886576,0.00441896064321291,-1.52082504431757
1422,"O00161|SNP23_HUMAN","Synaptosomal-associated protein 23 OS=Homo sapiens OX=9606 GN=SNAP23 PE=1 SV=1",9.2207886681384,7.56724657327598,14.4992165333116,3.02445610145726e-12,1.38456075988234e-11,14.1791738346368
1423,"P08559|ODPA_HUMAN","Pyruvate dehydrogenase E1 component subunit alpha, somatic form, mitochondrial OS=Homo sapiens OX=9606 GN=PDHA1 PE=1 SV=3",9.78045229755197,7.84707838798276,14.3905910203153,3.48249570746926e-12,1.56814134195984e-11,14.1002447008296
1423,"P29803|ODPAT_HUMAN","Pyruvate dehydrogenase E1 component subunit alpha, testis-specific form, mitochondrial OS=Homo sapiens OX=9606 GN=PDHA2 PE=1 SV=1",5.89260183392065,5.90315315616711,4.32476861089217,0.000313241907371359,0.000588283582136454,0.375801613397553
1424,"P25398|RS12_HUMAN","40S ribosomal protein S12 OS=Homo sapiens OX=9606 GN=RPS12 PE=1 SV=3",12.4676304048307,9.19066744162211,23.1197055801616,3.64061975668851e-16,9.25561271318975e-15,18.203328578533
1425,"Q96AY3|FKB10_HUMAN","Peptidyl-prolyl cis-trans isomerase FKBP10 OS=Homo sapiens OX=9606 GN=FKBP10 PE=1 SV=1",5.96724013214743,5.9404723052805,3.78162485635666,0.00113088910510756,0.00198900093863138,-0.748108638763541
1426,"Q8IYB8|SUV3_HUMAN","ATP-dependent RNA helicase SUPV3L1, mitochondrial OS=Homo sapiens OX=9606 GN=SUPV3L1 PE=1 SV=1",7.02707286173585,6.47038867007471,5.298951032482,3.20315386205837e-05,7.09559399823056e-05,2.35447080370764
1427,"Q96GK7|FAH2A_HUMAN","Fumarylacetoacetate hydrolase domain-containing protein 2A OS=Homo sapiens OX=9606 GN=FAHD2A PE=1 SV=1",5.31366299612261,5.61368373726809,3.38028596668442,0.00289635676038999,0.00463080295992586,-1.5712304030382
1427,"Q6P2I3|FAH2B_HUMAN","Fumarylacetoacetate hydrolase domain-containing protein 2B OS=Homo sapiens OX=9606 GN=FAHD2B PE=1 SV=1",5.31366299612261,5.61368373726809,3.38028596668442,0.00289635676038999,0.00463080295992586,-1.5712304030382
1428,"Q9UBQ7|GRHPR_HUMAN","Glyoxylate reductase/hydroxypyruvate reductase OS=Homo sapiens OX=9606 GN=GRHPR PE=1 SV=1",10.2800686081736,8.09688654329358,15.0394978169636,1.51914823378473e-12,7.41282724977342e-12,14.5574337591244
1429,"P28070|PSB4_HUMAN","Proteasome subunit beta type-4 OS=Homo sapiens OX=9606 GN=PSMB4 PE=1 SV=4",10.7082975431544,8.84669679754908,16.2821413606642,3.36386735067132e-13,1.87151579480991e-12,15.3440244112174
1430,"Q9UKG1|DP13A_HUMAN","DCC-interacting protein 13-alpha OS=Homo sapiens OX=9606 GN=APPL1 PE=1 SV=1",9.48611633531464,7.69991040686411,10.4217966085687,2.56019688186466e-09,7.73685870893167e-09,9.73652981971003
1431,"Q9NTX5|ECHD1_HUMAN","Ethylmalonyl-CoA decarboxylase OS=Homo sapiens OX=9606 GN=ECHDC1 PE=1 SV=2",9.18435061996063,7.5490275491871,5.29935680997106,0.000221684472725802,0.000428241455089983,0.78812306762734
1432,"Q96JP2|MY15B_HUMAN","Unconventional myosin-XVB OS=Homo sapiens OX=9606 GN=MYO15B PE=1 SV=3",4.13850915438377,5.02610681639867,2.97790906984016,0.00730010999093469,0.0106864728004177,-2.37608964186594
1433,"P83916|CBX1_HUMAN","Chromobox protein homolog 1 OS=Homo sapiens OX=9606 GN=CBX1 PE=1 SV=1",9.41159117051158,7.66264782446257,13.1832747291425,1.77596065285237e-11,7.03441205090701e-11,13.1526190699901
1434,"O94903|PLPHP_HUMAN","Pyridoxal phosphate homeostasis protein OS=Homo sapiens OX=9606 GN=PLPBP PE=1 SV=1",11.0649770816401,8.48934078002682,19.7452202091196,8.09736506782362e-15,8.16095694008402e-14,17.0441604846429
1435,"Q96EK6|GNA1_HUMAN","Glucosamine 6-phosphate N-acetyltransferase OS=Homo sapiens OX=9606 GN=GNPNAT1 PE=1 SV=1",10.1101961804638,8.01195032943869,17.920036153282,5.33155113377336e-14,3.9473984355822e-13,16.227495473854
1436,"Q96EY1|DNJA3_HUMAN","DnaJ homolog subfamily A member 3, mitochondrial OS=Homo sapiens OX=9606 GN=DNAJA3 PE=1 SV=2",7.51482611530689,6.71426529686023,5.67526926527262,1.35463037269649e-05,3.20155121846624e-05,3.09091006623814
1437,"Q9UPN6|SCAF8_HUMAN","SR-related and CTD-associated factor 8 OS=Homo sapiens OX=9606 GN=SCAF8 PE=1 SV=1",4.05227436610796,4.98298942226077,2.53342410730056,0.0195389988226536,0.0267991255672306,-3.22252991718214
1438,"O60306|AQR_HUMAN","RNA helicase aquarius OS=Homo sapiens OX=9606 GN=AQR PE=1 SV=4",6.91638209755244,6.415043287983,5.15434036360985,4.47483143780283e-05,9.6300173479826e-05,2.06659459178625
1439,"Q13492|PICAL_HUMAN","Phosphatidylinositol-binding clathrin assembly protein OS=Homo sapiens OX=9606 GN=PICALM PE=1 SV=2",4.00323819128875,4.95847133485116,2.4645287232905,0.0226552641339273,0.0304119867288649,-3.34823460639055
1440,"Q15437|SC23B_HUMAN","Protein transport protein Sec23B OS=Homo sapiens OX=9606 GN=SEC23B PE=1 SV=2",7.14646392957848,6.53008420399602,5.32997674329246,2.98217481875198e-05,6.62896827493946e-05,2.41589858559114
1441,"Q99598|TSNAX_HUMAN","Translin-associated protein X OS=Homo sapiens OX=9606 GN=TSNAX PE=1 SV=1",10.287725503594,8.10071499100376,17.0434103630058,1.40172199548789e-13,8.83245447238686e-13,15.7744877166848
1442,"Q96DH6|MSI2H_HUMAN","RNA-binding protein Musashi homolog 2 OS=Homo sapiens OX=9606 GN=MSI2 PE=1 SV=1",8.85143295061186,7.38256871451271,5.69928675919264,8.42909233158998e-05,0.000173077362541981,1.5816611300163
1443,"Q9UKL0|RCOR1_HUMAN","REST corepressor 1 OS=Homo sapiens OX=9606 GN=RCOR1 PE=1 SV=2",7.13054404961481,6.52212426401419,5.1212738469077,4.83157252840738e-05,0.000103341967968713,2.00042102728597
1443,"Q9P2K3|RCOR3_HUMAN","REST corepressor 3 OS=Homo sapiens OX=9606 GN=RCOR3 PE=1 SV=2",4.94570494282734,5.42970471062045,3.30240882969422,0.00347006675644359,0.00540448367293353,-1.72904484958857
1444,"P43487|RANG_HUMAN","Ran-specific GTPase-activating protein OS=Homo sapiens OX=9606 GN=RANBP1 PE=1 SV=1",12.6918314865287,9.30276798247115,24.4299765841321,1.22090181909762e-16,6.72811001156658e-15,18.5596217655148
1445,"P50213|IDH3A_HUMAN","Isocitrate dehydrogenase [NAD] subunit alpha, mitochondrial OS=Homo sapiens OX=9606 GN=IDH3A PE=1 SV=1",9.72962380577391,7.82166414209374,15.1596301989999,1.30717544565505e-12,6.46036645156861e-12,14.6384071585269
1446,"O94973|AP2A2_HUMAN","AP-2 complex subunit alpha-2 OS=Homo sapiens OX=9606 GN=AP2A2 PE=1 SV=2",7.4644070761369,6.68905577727523,8.01202135380118,9.529347250684e-08,2.57279010625059e-07,7.15779384391202
1448,"Q99543|DNJC2_HUMAN","DnaJ homolog subfamily C member 2 OS=Homo sapiens OX=9606 GN=DNAJC2 PE=1 SV=4",6.8145179776286,6.36411122802108,4.96662341249522,6.92457644151514e-05,0.000143717624257861,1.68932204119487
1449,"O95232|LC7L3_HUMAN","Luc7-like protein 3 OS=Homo sapiens OX=9606 GN=LUC7L3 PE=1 SV=2",9.60069887650732,7.75720167746044,12.3247155250114,6.09378529273771e-11,2.223798424364e-10,12.3923966406874
1450,"Q16401|PSMD5_HUMAN","26S proteasome non-ATPase regulatory subunit 5 OS=Homo sapiens OX=9606 GN=PSMD5 PE=1 SV=3",7.79766649577684,6.8556854870952,5.84957769336079,1.0597410180853e-05,2.56281590428921e-05,3.30070794663354
1451,"Q5TFE4|NT5D1_HUMAN","5'-nucleotidase domain-containing protein 1 OS=Homo sapiens OX=9606 GN=NT5DC1 PE=1 SV=1",8.73128418311426,7.32249433076391,10.6600709629399,8.12758801189036e-10,2.55438480373697e-09,10.6790275476228
1452,"O43815|STRN_HUMAN","Striatin OS=Homo sapiens OX=9606 GN=STRN PE=1 SV=4",5.21138006634081,5.56254227237719,3.31905406622412,0.00333879179561671,0.00522657418286063,-1.69538277673165
1453,"Q9Y6D9|MD1L1_HUMAN","Mitotic spindle assembly checkpoint protein MAD1 OS=Homo sapiens OX=9606 GN=MAD1L1 PE=1 SV=2",6.92647830916929,6.42009139379142,6.05757705929959,5.7404683593119e-06,1.43325571876464e-05,3.818167165947
1454,"Q9BTT0|AN32E_HUMAN","Acidic leucine-rich nuclear phosphoprotein 32 family member E OS=Homo sapiens OX=9606 GN=ANP32E PE=1 SV=1",12.1641885795171,9.03894652896531,22.7038439159813,5.21215075248124e-16,1.17349592965221e-14,18.0805687429321
1455,"Q86W56|PARG_HUMAN","Poly(ADP-ribose) glycohydrolase OS=Homo sapiens OX=9606 GN=PARG PE=1 SV=1",6.82865902687639,6.37118175264498,6.40729227472974,2.6577805967059e-06,6.72745252946594e-06,4.46329016206931
1456,"Q9Y6E2|BZW2_HUMAN","Basic leucine zipper and W2 domain-containing protein 2 OS=Homo sapiens OX=9606 GN=BZW2 PE=1 SV=1",5.92996721453767,5.92183584647562,3.55315724887133,0.00193472036758279,0.00326124054955943,-1.21836019704915
1457,"Q53H12|AGK_HUMAN","Acylglycerol kinase, mitochondrial OS=Homo sapiens OX=9606 GN=AGK PE=1 SV=2",9.35352386322058,7.63361417081707,12.523687567457,4.55249877256668e-11,1.70331586728685e-10,12.5754891996361
1458,"O00203|AP3B1_HUMAN","AP-3 complex subunit beta-1 OS=Homo sapiens OX=9606 GN=AP3B1 PE=1 SV=3",6.89516586270444,6.404435170559,5.20994738040987,3.93412706341543e-05,8.55728203059289e-05,2.17758944856784
1459,"Q9BSJ2|GCP2_HUMAN","Gamma-tubulin complex component 2 OS=Homo sapiens OX=9606 GN=TUBGCP2 PE=1 SV=2",4.19308338593194,5.05339393217275,2.56218203625125,0.0183610494269176,0.0254463787954041,-3.16956534456065
1460,"O15226|NKRF_HUMAN","NF-kappa-B-repressing factor OS=Homo sapiens OX=9606 GN=NKRF PE=1 SV=2",6.75346362673771,8.56464667293555,4.23082222283985,0.00143404500741031,0.00248809070686331,-0.791767125988245
1461,"P50402|EMD_HUMAN","Emerin OS=Homo sapiens OX=9606 GN=EMD PE=1 SV=1",9.62936714234223,7.7715358103779,15.4251481084939,9.41060695335206e-13,4.79878632720602e-12,14.81349188286
1462,"Q9P289|STK26_HUMAN","Serine/threonine-protein kinase 26 OS=Homo sapiens OX=9606 GN=STK26 PE=1 SV=2",5.03063508808432,5.47216978324894,3.40076318464837,0.00276161998978356,0.00444368185967649,-1.52960452840159
1463,"Q9GZP4|PITH1_HUMAN","PITH domain-containing protein 1 OS=Homo sapiens OX=9606 GN=PITHD1 PE=1 SV=1",2.34561767401826,11.2328856012338,2.94609495587848,0.0078446734437809,0.0113926792752005,-2.4384115456365
1464,"Q9H8Y8|GORS2_HUMAN","Golgi reassembly-stacking protein 2 OS=Homo sapiens OX=9606 GN=GORASP2 PE=1 SV=3",3.09033487249161,11.5782427048448,2.36367756767353,0.0326659552322028,0.0411127583013994,-3.59912710904508
1465,"Q9P0K7|RAI14_HUMAN","Ankycorbin OS=Homo sapiens OX=9606 GN=RAI14 PE=1 SV=2",4.43917722130082,5.17644084985719,2.98939847265728,0.00711253808335503,0.010431722522254,-2.3535270924951
1466,"Q96QZ7|MAGI1_HUMAN","Membrane-associated guanylate kinase, WW and PDZ domain-containing protein 1 OS=Homo sapiens OX=9606 GN=MAGI1 PE=1 SV=3",4.10878760718147,5.01124604279752,2.55187026891113,0.0187755419085665,0.0258810728062947,-3.18858951025343
1467,"O95816|BAG2_HUMAN","BAG family molecular chaperone regulator 2 OS=Homo sapiens OX=9606 GN=BAG2 PE=1 SV=1",9.73878250746356,7.82624349293857,13.6722212008596,9.05280475458689e-12,3.78840198969125e-11,13.5525148949653
1468,"Q13501|SQSTM_HUMAN","Sequestosome-1 OS=Homo sapiens OX=9606 GN=SQSTM1 PE=1 SV=1",7.81184610762943,6.8627752930215,8.2510220454444,5.97827193746651e-08,1.63120814735975e-07,7.52131908560022
1469,"P01893|HLAH_HUMAN","Putative HLA class I histocompatibility antigen, alpha chain H OS=Homo sapiens OX=9606 GN=HLA-H PE=5 SV=3",0.12570784389167,12.6586011999213,0.126243489789008,0.900815349117455,0.904615795905275,-5.90361822459961
1470,"Q6WKZ4|RFIP1_HUMAN","Rab11 family-interacting protein 1 OS=Homo sapiens OX=9606 GN=RAB11FIP1 PE=1 SV=3",4.14846799584761,5.03108623713059,2.90073253254083,0.00868911764007761,0.012557471063926,-2.52686947066608
1470,"Q7L804|RFIP2_HUMAN","Rab11 family-interacting protein 2 OS=Homo sapiens OX=9606 GN=RAB11FIP2 PE=1 SV=1",3.05959030985854,4.48664739413605,2.24037341065592,0.0362838141351712,0.0449751076691594,-3.74458305742627
1471,"O95782|AP2A1_HUMAN","AP-2 complex subunit alpha-1 OS=Homo sapiens OX=9606 GN=AP2A1 PE=1 SV=3",5.05072424509292,5.48221436175324,3.32093607754017,0.00332425787685643,0.00520895108909127,-1.69157430990212
1472,"Q8IWA0|WDR75_HUMAN","WD repeat-containing protein 75 OS=Homo sapiens OX=9606 GN=WDR75 PE=1 SV=1",9.36212700757283,7.6379157429932,14.3810727308686,3.52594284165714e-12,1.58399999304317e-11,14.0932812999533
1473,"Q86SF2|GALT7_HUMAN","N-acetylgalactosaminyltransferase 7 OS=Homo sapiens OX=9606 GN=GALNT7 PE=1 SV=1",3.49853139499151,7.92613175341005,1.24555554285797,0.240293715395499,0.248624241943744,-5.17962963398455
1474,"Q13033|STRN3_HUMAN","Striatin-3 OS=Homo sapiens OX=9606 GN=STRN3 PE=1 SV=3",6.10175711215866,6.00773079528611,4.38273603430232,0.000273136831877485,0.00051827343653441,0.495500742876395
1475,"P08729|K2C7_HUMAN","Keratin, type II cytoskeletal 7 OS=Homo sapiens OX=9606 GN=KRT7 PE=1 SV=5",8.4919776323222,7.20284105536788,3.61265286470775,0.00412159937688764,0.00635234491634004,-1.71591045872716
1476,"P10644|KAP0_HUMAN","cAMP-dependent protein kinase type I-alpha regulatory subunit OS=Homo sapiens OX=9606 GN=PRKAR1A PE=1 SV=1",9.58432245521277,7.74901346681317,12.0562108258998,9.08465978671379e-11,3.20880185127047e-10,12.1383918851039
1477,"P04632|CPNS1_HUMAN","Calpain small subunit 1 OS=Homo sapiens OX=9606 GN=CAPNS1 PE=1 SV=1",1.4183645390802,11.3505137195953,1.59823681215234,0.125285644174592,0.135040453570998,-4.74488169806873
1479,"P84085|ARF5_HUMAN","ADP-ribosylation factor 5 OS=Homo sapiens OX=9606 GN=ARF5 PE=1 SV=2",7.04504064500979,6.47937256171168,4.03944884089895,0.000824868612616287,0.00147640360696081,-0.432913310582544
1480,"Q92783|STAM1_HUMAN","Signal transducing adapter molecule 1 OS=Homo sapiens OX=9606 GN=STAM PE=1 SV=3",5.22017251260313,5.56693849550835,3.45491129344335,0.00243424268325807,0.00399481429264432,-1.41929497566678
1481,"Q9BXJ9|NAA15_HUMAN","N-alpha-acetyltransferase 15, NatA auxiliary subunit OS=Homo sapiens OX=9606 GN=NAA15 PE=1 SV=1",9.04834174649971,7.48102311245664,14.6826476741654,2.38829988968524e-12,1.11453994851978e-11,14.3102362591934
1482,"O60934|NBN_HUMAN","Nibrin OS=Homo sapiens OX=9606 GN=NBN PE=1 SV=1",5.38065204964943,5.6471782640315,3.40249332342551,0.00275052145482133,0.00443632492713117,-1.52608518641897
1483,"O95302|FKBP9_HUMAN","Peptidyl-prolyl cis-trans isomerase FKBP9 OS=Homo sapiens OX=9606 GN=FKBP9 PE=1 SV=2",9.50628375306201,7.70999411573779,16.8690712614989,1.70766599588603e-13,1.04357366415257e-12,15.6790880717826
1483,"Q75LS8|FKB9L_HUMAN","Putative FK506-binding protein 9-like protein OS=Homo sapiens OX=9606 GN=FKBP9P1 PE=5 SV=1",7.2570759498336,6.58539021412358,5.55702323030973,1.77249258868421e-05,4.11090148580375e-05,2.86159498882151
1484,"P84095|RHOG_HUMAN","Rho-related GTP-binding protein RhoG OS=Homo sapiens OX=9606 GN=RHOG PE=1 SV=1",9.35802441888368,7.63586444864862,13.7553786924622,8.08826714256096e-12,3.43327767352367e-11,13.6182837629539
1485,"Q9BTE7|DCNL5_HUMAN","DCN1-like protein 5 OS=Homo sapiens OX=9606 GN=DCUN1D5 PE=1 SV=1",8.33149854922533,7.12260151381945,10.4276338783389,1.19414453122592e-09,3.70762616549982e-09,10.4117140607971
1486,"P61956|SUMO2_HUMAN","Small ubiquitin-related modifier 2 OS=Homo sapiens OX=9606 GN=SUMO2 PE=1 SV=3",13.2343524849997,9.57402848170663,25.8884682963699,3.85272444233064e-17,6.61903413275164e-15,18.908099855123
1486,"P55854|SUMO3_HUMAN","Small ubiquitin-related modifier 3 OS=Homo sapiens OX=9606 GN=SUMO3 PE=1 SV=2",13.207308481927,9.56050648017029,25.7684212579163,4.22650498562186e-17,6.61903413275164e-15,18.8811430599795
1486,"Q6EEV6|SUMO4_HUMAN","Small ubiquitin-related modifier 4 OS=Homo sapiens OX=9606 GN=SUMO4 PE=1 SV=2",13.0275951904282,9.47064983442088,26.5362932818991,2.35370165623655e-17,6.61903413275164e-15,19.0486398439759
1487,"Q8IWX8|CHERP_HUMAN","Calcium homeostasis endoplasmic reticulum protein OS=Homo sapiens OX=9606 GN=CHERP PE=1 SV=3",5.32645324047353,5.62007885944355,3.44723596446437,0.00247821868250997,0.00405833344434852,-1.43495115848066
1488,"P14324|FPPS_HUMAN","Farnesyl pyrophosphate synthase OS=Homo sapiens OX=9606 GN=FDPS PE=1 SV=4",11.5607031391307,8.73720380877213,23.0307363152435,3.92912561233023e-16,9.63511694743399e-15,18.1774794725518
1489,"P08134|RHOC_HUMAN","Rho-related GTP-binding protein RhoC OS=Homo sapiens OX=9606 GN=RHOC PE=1 SV=1",6.78879512860177,6.35124980350767,5.1319159102373,4.71371317050219e-05,0.000101045633109318,2.02173189307363
1490,"Q92734|TFG_HUMAN","Protein TFG OS=Homo sapiens OX=9606 GN=TFG PE=1 SV=2",10.7480305321997,8.33086750530662,21.027542396927,2.36153597834268e-15,3.19014509355064e-14,17.5315315153195
1491,"P05165|PCCA_HUMAN","Propionyl-CoA carboxylase alpha chain, mitochondrial OS=Homo sapiens OX=9606 GN=PCCA PE=1 SV=4",1.98373081412457,3.94871764626907,1.58855940255762,0.127459818078164,0.13699617520964,-4.75811949845407
1492,"Q709C8|VP13C_HUMAN","Vacuolar protein sorting-associated protein 13C OS=Homo sapiens OX=9606 GN=VPS13C PE=1 SV=1",2.31767447167244,5.47283186823637,1.3572578547218,0.189450884293433,0.197344671138993,-5.05557578330304
1493,"Q9NZU5|LMCD1_HUMAN","LIM and cysteine-rich domains protein 1 OS=Homo sapiens OX=9606 GN=LMCD1 PE=1 SV=1",8.81428597161563,7.3639952250146,12.8694597294592,2.76612955807103e-11,1.06923682716601e-10,12.8836175034061
1494,"P62826|RAN_HUMAN","GTP-binding nuclear protein Ran OS=Homo sapiens OX=9606 GN=RAN PE=1 SV=3",13.1989322567472,9.55631836758037,25.1264919105355,6.98324094628221e-17,6.61903413275164e-15,18.7318828073156
1495,"Q8N543|OGFD1_HUMAN","Prolyl 3-hydroxylase OGFOD1 OS=Homo sapiens OX=9606 GN=OGFOD1 PE=1 SV=1",6.35792448052934,6.13581447947145,3.91654302770068,0.000822512847362413,0.0014728718429513,-0.469156611323213
1496,"P00966|ASSY_HUMAN","Argininosuccinate synthase OS=Homo sapiens OX=9606 GN=ASS1 PE=1 SV=2",10.924780165072,8.4192423217428,20.5109619971528,3.84684829534275e-15,4.54305703591092e-14,17.3428672136991
1497,"Q9NPQ8|RIC8A_HUMAN","Synembryn-A OS=Homo sapiens OX=9606 GN=RIC8A PE=1 SV=3",8.57210634446965,7.24290541144161,11.833513361558,1.27174848530364e-10,4.39123916450135e-10,11.921506278417
1498,"O95336|6PGL_HUMAN","6-phosphogluconolactonase OS=Homo sapiens OX=9606 GN=PGLS PE=1 SV=2",8.37178810490895,7.14274629166126,9.43647163667542,6.60273183839384e-09,1.92871908784646e-08,9.18578421274605
1499,"Q9UI10|EI2BD_HUMAN","Translation initiation factor eIF-2B subunit delta OS=Homo sapiens OX=9606 GN=EIF2B4 PE=1 SV=2",7.21975974564527,6.56673211202942,5.49659297501085,2.0347140645259e-05,4.65483730512061e-05,2.74364587508454
1500,"A3KN83|SBNO1_HUMAN","Protein strawberry notch homolog 1 OS=Homo sapiens OX=9606 GN=SBNO1 PE=1 SV=1",4.90759944417094,5.41065196129225,3.17075763171599,0.00470150750404732,0.00712910747955187,-1.99381400160522
1500,"Q9Y2G9|SBNO2_HUMAN","Protein strawberry notch homolog 2 OS=Homo sapiens OX=9606 GN=SBNO2 PE=2 SV=3",2.63441102708915,4.27405775275136,2.12652996556833,0.0457776417672439,0.0556121779703537,-3.93764648796013
1501,"Q9NZL9|MAT2B_HUMAN","Methionine adenosyltransferase 2 subunit beta OS=Homo sapiens OX=9606 GN=MAT2B PE=1 SV=1",9.97808859913252,7.94589653877304,15.1569128910183,1.3116118418539e-12,6.47398152709939e-12,14.6365878408704
1502,"Q15819|UB2V2_HUMAN","Ubiquitin-conjugating enzyme E2 variant 2 OS=Homo sapiens OX=9606 GN=UBE2V2 PE=1 SV=4",2.09777605340882,11.7753709151174,1.37882701507596,0.191943686243264,0.199887257786466,-5.02913647265881
1503,"Q9H2M9|RBGPR_HUMAN","Rab3 GTPase-activating protein non-catalytic subunit OS=Homo sapiens OX=9606 GN=RAB3GAP2 PE=1 SV=1",-0.316424335685784,6.73788248394108,-0.120610827840641,0.906104078047944,0.9094110272379,-5.9040459102216
1504,"Q6IBS0|TWF2_HUMAN","Twinfilin-2 OS=Homo sapiens OX=9606 GN=TWF2 PE=1 SV=2",6.57389110658115,6.24379779249736,4.86886503787863,8.70153753016181e-05,0.000178386152774883,1.49139030959151
1505,"#CONTAM#TRYP_PIG|",">sp|TRYP_PIG|",-0.618664443142654,15.3172338590611,-0.976766467300322,0.34006782945096,0.349882721375253,-5.4582850785913
1506,"Q92769|HDAC2_HUMAN","Histone deacetylase 2 OS=Homo sapiens OX=9606 GN=HDAC2 PE=1 SV=2",7.23295991735947,6.57333219788652,5.19211880601122,4.099843763781e-05,8.88261029294138e-05,2.1420423564358
1507,"Q14141|SEPT6_HUMAN","Septin-6 OS=Homo sapiens OX=9606 GN=SEPTIN6 PE=1 SV=4",6.62508625879249,6.26939536860303,4.85661419807183,8.95463513510389e-05,0.000182796104295599,1.46652094344017
1508,"P52815|RM12_HUMAN","39S ribosomal protein L12, mitochondrial OS=Homo sapiens OX=9606 GN=MRPL12 PE=1 SV=2",8.58738987836681,10.2054908221212,4.75769529422679,0.000575774795372882,0.0010490927412142,-0.0113402771358713
1509,"Q5JTH9|RRP12_HUMAN","RRP12-like protein OS=Homo sapiens OX=9606 GN=RRP12 PE=1 SV=2",9.43609289467031,7.67489868654194,13.7862395291632,7.75816465620318e-12,3.30408561132547e-11,13.6425298103623
1510,"Q8WVJ2|NUDC2_HUMAN","NudC domain-containing protein 2 OS=Homo sapiens OX=9606 GN=NUDCD2 PE=1 SV=1",8.10457906743282,7.00914177292319,5.25958809696623,9.98443628772991e-05,0.000202636160821087,1.42454412827198
1511,"Q15269|PWP2_HUMAN","Periodic tryptophan protein 2 homolog OS=Homo sapiens OX=9606 GN=PWP2 PE=2 SV=2",4.87191766999967,5.39281107420662,3.07638846240314,0.00583568234415886,0.00867466294401992,-2.18179122325292
1512,"Q8WWY3|PRP31_HUMAN","U4/U6 small nuclear ribonucleoprotein Prp31 OS=Homo sapiens OX=9606 GN=PRPF31 PE=1 SV=2",9.2649422488675,7.58932336364053,12.3324944715944,6.02429854479178e-11,2.20052650829681e-10,12.3996359195691
1513,"Q6NUK1|SCMC1_HUMAN","Calcium-binding mitochondrial carrier protein SCaMC-1 OS=Homo sapiens OX=9606 GN=SLC25A24 PE=1 SV=2",8.27698604547378,7.09534526194367,10.2218338196907,1.68729417426483e-09,5.18442344047852e-09,10.1688150082832
1514,"Q96A72|MGN2_HUMAN","Protein mago nashi homolog 2 OS=Homo sapiens OX=9606 GN=MAGOHB PE=1 SV=1",8.24904866045367,7.08137656943362,5.73032193458946,3.60044791845961e-05,7.89392055015347e-05,2.27974218553958
1514,"P61326|MGN_HUMAN","Protein mago nashi homolog OS=Homo sapiens OX=9606 GN=MAGOH PE=1 SV=1",8.24904866045367,7.08137656943362,5.73032193458946,3.60044791845961e-05,7.89392055015347e-05,2.27974218553958
1515,"Q14194|DPYL1_HUMAN","Dihydropyrimidinase-related protein 1 OS=Homo sapiens OX=9606 GN=CRMP1 PE=1 SV=1",1.95018327154961,3.93194387498159,1.64213855556633,0.115808990514874,0.126374871517625,-4.68406506951783
1516,"O75165|DJC13_HUMAN","DnaJ homolog subfamily C member 13 OS=Homo sapiens OX=9606 GN=DNAJC13 PE=1 SV=5",4.92493297946963,5.4193187289416,3.21229442327188,0.0042730354855358,0.00653862743215931,-1.91057543002688
1517,"P61088|UBE2N_HUMAN","Ubiquitin-conjugating enzyme E2 N OS=Homo sapiens OX=9606 GN=UBE2N PE=1 SV=1",12.0504853413975,8.98209490990554,23.3599982627127,2.9669503845516e-16,8.5885405868599e-15,18.2720457586546
1517,"Q5JXB2|UE2NL_HUMAN","Putative ubiquitin-conjugating enzyme E2 N-like OS=Homo sapiens OX=9606 GN=UBE2NL PE=1 SV=1",11.6378317552809,8.77576811684722,23.5328326108969,2.5639952355896e-16,7.65223384265114e-15,18.3205008514723
1518,"O60287|NPA1P_HUMAN","Nucleolar pre-ribosomal-associated protein 1 OS=Homo sapiens OX=9606 GN=URB1 PE=1 SV=4",3.84119452245319,4.87744950043338,2.47846948654656,0.0219894745014863,0.0297084709578913,-3.3229365881125
1519,"Q9ULX6|AKP8L_HUMAN","A-kinase anchor protein 8-like OS=Homo sapiens OX=9606 GN=AKAP8L PE=1 SV=4",7.05979760584018,6.48675104212687,6.64433990872722,1.59094768426718e-06,4.06986616905559e-06,4.88909572208873
1520,"O94901|SUN1_HUMAN","SUN domain-containing protein 1 OS=Homo sapiens OX=9606 GN=SUN1 PE=1 SV=3",3.96396304494471,4.93883376167914,2.515207325481,0.0203214549606282,0.0277635207943288,-3.25593225067156
1521,"P34896|GLYC_HUMAN","Serine hydroxymethyltransferase, cytosolic OS=Homo sapiens OX=9606 GN=SHMT1 PE=1 SV=1",6.48793533391538,6.20081990616447,4.63275348594585,0.000151451990878331,0.000300261235992051,1.00978929150489
1522,"P53990|IST1_HUMAN","IST1 homolog OS=Homo sapiens OX=9606 GN=IST1 PE=1 SV=1",6.34817875835668,6.13094161838512,3.89693274020972,0.000861507765192972,0.00153912060138884,-0.509737014267627
1523,"Q12824|SNF5_HUMAN","SWI/SNF-related matrix-associated actin-dependent regulator of chromatin subfamily B member 1 OS=Homo sapiens OX=9606 GN=SMARCB1 PE=1 SV=2",8.77479910234731,7.34425179038044,10.5250465950998,1.01557611394055e-09,3.17110141011444e-09,10.5246400954153
1524,"Q9UI12|VATH_HUMAN","V-type proton ATPase subunit H OS=Homo sapiens OX=9606 GN=ATP6V1H PE=1 SV=1",9.95751096038317,7.93560771939837,9.84279925382526,5.44933442854034e-08,1.49111141079462e-07,7.21794440162397
1525,"P62873|GBB1_HUMAN","Guanine nucleotide-binding protein G(I)/G(S)/G(T) subunit beta-1 OS=Homo sapiens OX=9606 GN=GNB1 PE=1 SV=3",8.799975447556,7.35683996298478,11.4192685711653,2.40860224139709e-10,7.98718228198001e-10,11.5025133350938
1526,"P62269|RS18_HUMAN","40S ribosomal protein S18 OS=Homo sapiens OX=9606 GN=RPS18 PE=1 SV=3",11.8009018355873,8.85730315700043,20.3614325320198,4.43969889756595e-15,5.08715498679432e-14,17.2863742347609
1527,"O75531|BAF_HUMAN","Barrier-to-autointegration factor OS=Homo sapiens OX=9606 GN=BANF1 PE=1 SV=1",9.42251691137862,7.66811069489609,4.97601572958691,0.000427635713334155,0.000789260544744246,0.244697737874025
1528,"P48739|PIPNB_HUMAN","Phosphatidylinositol transfer protein beta isoform OS=Homo sapiens OX=9606 GN=PITPNB PE=1 SV=2",10.0427951698346,7.97824982412406,16.5986263691618,2.32782237165782e-13,1.3682620047149e-12,15.5274104274156
1529,"Q5JRA6|TGO1_HUMAN","Transport and Golgi organization protein 1 homolog OS=Homo sapiens OX=9606 GN=MIA3 PE=1 SV=1",4.80853243059969,5.36111845450663,3.26413700937139,0.00379130309364732,0.00587148709193169,-1.80629196649221
1530,"P54105|ICLN_HUMAN","Methylosome subunit pICln OS=Homo sapiens OX=9606 GN=CLNS1A PE=1 SV=1",11.147911546037,8.53080801222526,18.4612701454193,2.99667832080905e-14,2.4340108723871e-13,16.4864236090092
1531,"P05556|ITB1_HUMAN","Integrin beta-1 OS=Homo sapiens OX=9606 GN=ITGB1 PE=1 SV=2",8.71295588881144,7.3133301836125,12.049688128717,9.17399039741154e-11,3.23441969139509e-10,12.1321204316112
1532,"P63092|GNAS2_HUMAN","Guanine nucleotide-binding protein G(s) subunit alpha isoforms short OS=Homo sapiens OX=9606 GN=GNAS PE=1 SV=1",7.91694512491833,6.91532480166595,8.98901437370711,1.4852202292813e-08,4.21837237929627e-08,8.58398899952791
1532,"Q5JWF2|GNAS1_HUMAN","Guanine nucleotide-binding protein G(s) subunit alpha isoforms XLas OS=Homo sapiens OX=9606 GN=GNAS PE=1 SV=2",7.91694512491833,6.91532480166595,8.98901437370711,1.4852202292813e-08,4.21837237929627e-08,8.58398899952791
1533,"Q9H9A6|LRC40_HUMAN","Leucine-rich repeat-containing protein 40 OS=Homo sapiens OX=9606 GN=LRRC40 PE=1 SV=1",4.78711650909449,5.35041049375403,3.16618525702691,0.00475114938721965,0.00719304960314418,-2.00295900618788
1534,"P19525|E2AK2_HUMAN","Interferon-induced, double-stranded RNA-activated protein kinase OS=Homo sapiens OX=9606 GN=EIF2AK2 PE=1 SV=2",9.35423173999351,7.63396810920354,11.6396674011709,1.71108633722285e-10,5.80412546106431e-10,11.7280007635986
1535,"P00568|KAD1_HUMAN","Adenylate kinase isoenzyme 1 OS=Homo sapiens OX=9606 GN=AK1 PE=1 SV=3",10.4572819064892,8.18549319245138,18.0363146603633,4.70475651415954e-14,3.55860757947235e-13,16.2844037464775
1535,"Q9Y6K8|KAD5_HUMAN","Adenylate kinase isoenzyme 5 OS=Homo sapiens OX=9606 GN=AK5 PE=1 SV=2",2.58371046516833,4.24870747179095,1.74508216161631,0.0959395646576427,0.109702204909986,-4.53668432259771
1536,"O43818|U3IP2_HUMAN","U3 small nucleolar RNA-interacting protein 2 OS=Homo sapiens OX=9606 GN=RRP9 PE=1 SV=1",9.204094620716,7.55889954956478,14.752238607834,2.18503895104691e-12,1.0296695179352e-11,14.3592404827807
1537,"Q6UN15|FIP1_HUMAN","Pre-mRNA 3'-end-processing factor FIP1 OS=Homo sapiens OX=9606 GN=FIP1L1 PE=1 SV=1",6.46718850095057,9.39942418828386,4.7711614044617,0.000505665765159075,0.000925291442900398,0.0904950381834349
1538,"O14828|SCAM3_HUMAN","Secretory carrier-associated membrane protein 3 OS=Homo sapiens OX=9606 GN=SCAMP3 PE=1 SV=3",8.51232511035007,7.21301479438182,9.73437331311514,3.90151908181073e-09,1.16260437035382e-08,9.56938245937892
1539,"Q8WXX5|DNJC9_HUMAN","DnaJ homolog subfamily C member 9 OS=Homo sapiens OX=9606 GN=DNAJC9 PE=1 SV=1",10.899249162339,8.40647682037629,19.6211590742806,9.15755595169834e-15,8.99402816684659e-14,16.99349592724
1540,"Q9BW85|YJU2_HUMAN","Splicing factor YJU2 OS=Homo sapiens OX=9606 GN=YJU2 PE=1 SV=1",7.41360001793344,6.6636522481735,5.73563017565944,1.18159783383539e-05,2.83436240515031e-05,3.20719359463559
1541,"Q9ULW0|TPX2_HUMAN","Targeting protein for Xklp2 OS=Homo sapiens OX=9606 GN=TPX2 PE=1 SV=2",2.39246390681868,4.15308419261612,1.70386659851753,0.103513836750909,0.116155135963567,-4.59647983548277
1542,"Q8TE67|ES8L3_HUMAN","Epidermal growth factor receptor kinase substrate 8-like protein 3 OS=Homo sapiens OX=9606 GN=EPS8L3 PE=1 SV=2",6.89916844281488,6.40643646061422,6.69955382330346,1.4131902620176e-06,3.62960807789711e-06,4.98691531074755
1543,"P51570|GALK1_HUMAN","Galactokinase OS=Homo sapiens OX=9606 GN=GALK1 PE=1 SV=1",2.44324684672177,4.17847566256767,1.99474937221351,0.0595321511797299,0.0716246193881126,-4.15337864935034
1544,"Q16698|DECR_HUMAN","2,4-dienoyl-CoA reductase, mitochondrial OS=Homo sapiens OX=9606 GN=DECR1 PE=1 SV=1",9.02903999311456,7.47137223576406,13.7073388697707,8.63160232329775e-12,3.63983230500508e-11,13.5803670580144
1545,"Q9NR50|EI2BG_HUMAN","Translation initiation factor eIF-2B subunit gamma OS=Homo sapiens OX=9606 GN=EIF2B3 PE=1 SV=1",7.49443796797121,6.70407122319239,5.68079948839759,1.33775284902388e-05,3.16554915103992e-05,3.10158593744249
1546,"P04179|SODM_HUMAN","Superoxide dismutase [Mn], mitochondrial OS=Homo sapiens OX=9606 GN=SOD2 PE=1 SV=3",8.74709318188303,8.64181236405356,7.11086211704836,1.22786203565717e-05,2.93073083526354e-05,3.10270447417591
1547,"P18085|ARF4_HUMAN","ADP-ribosylation factor 4 OS=Homo sapiens OX=9606 GN=ARF4 PE=1 SV=3",7.66515622132188,6.78943034986772,5.79723488082124,1.02819763796462e-05,2.48809610695398e-05,3.32532075669462
1548,"P05166|PCCB_HUMAN","Propionyl-CoA carboxylase beta chain, mitochondrial OS=Homo sapiens OX=9606 GN=PCCB PE=1 SV=3",6.48523832127936,6.19947139984646,4.7949280162457,0.000103469002143225,0.000209660872763904,1.34108821553447
1549,"P46782|RS5_HUMAN","40S ribosomal protein S5 OS=Homo sapiens OX=9606 GN=RPS5 PE=1 SV=4",10.9291117422655,9.56852141090872,9.65694832539966,2.48686091219408e-07,6.57132087299053e-07,5.95217450136465
1550,"Q14011|CIRBP_HUMAN","Cold-inducible RNA-binding protein OS=Homo sapiens OX=9606 GN=CIRBP PE=1 SV=1",2.96137664359788,13.313040965507,4.5045750204317,0.000204856418956099,0.000398130849561323,0.746580825707565
1551,"P23258|TBG1_HUMAN","Tubulin gamma-1 chain OS=Homo sapiens OX=9606 GN=TUBG1 PE=1 SV=2",7.14868365232622,6.53119406536989,5.12382108225491,4.80309260776791e-05,0.00010284708865354,2.00552307411294
1551,"Q9NRH3|TBG2_HUMAN","Tubulin gamma-2 chain OS=Homo sapiens OX=9606 GN=TUBG2 PE=2 SV=1",7.08008517210048,6.49689482525702,5.08506320275954,5.25548608436472e-05,0.000111973555200909,1.92781276919131
1552,"P34949|MPI_HUMAN","Mannose-6-phosphate isomerase OS=Homo sapiens OX=9606 GN=MPI PE=1 SV=2",7.68700644737194,6.80035546289275,5.87081720586848,8.71336246678962e-06,2.13128624505337e-05,3.46567102812821
1553,"O60256|KPRB_HUMAN","Phosphoribosyl pyrophosphate synthase-associated protein 2 OS=Homo sapiens OX=9606 GN=PRPSAP2 PE=1 SV=1",7.93003043516226,6.92186745678792,6.02412119093295,8.00218536209645e-06,1.97110771875056e-05,3.53744476969799
1554,"O43847|NRDC_HUMAN","Nardilysin OS=Homo sapiens OX=9606 GN=NRDC PE=1 SV=3",6.95187327603882,6.43278887722619,5.24803118852235,3.60256967642968e-05,7.89407698022439e-05,2.25339401230273
1555,"P05067|A4_HUMAN","Amyloid-beta precursor protein OS=Homo sapiens OX=9606 GN=APP PE=1 SV=3",6.91075987948122,6.41223217894739,5.11344914626644,4.92013528665704e-05,0.000105177794856355,1.98474374222468
1556,"O75306|NDUS2_HUMAN","NADH dehydrogenase [ubiquinone] iron-sulfur protein 2, mitochondrial OS=Homo sapiens OX=9606 GN=NDUFS2 PE=1 SV=2",7.38247633694787,6.64809040768072,5.16595699846575,4.35595493694278e-05,9.38468187310001e-05,2.08981211066368
1557,"Q9NQA3|WASH6_HUMAN","WAS protein family homolog 6 OS=Homo sapiens OX=9606 GN=WASH6P PE=1 SV=3",3.63663239753759,4.77516843797558,2.73454512132505,0.012589035038041,0.0178387136166573,-2.84649319051969
1558,"Q96EP5|DAZP1_HUMAN","DAZ-associated protein 1 OS=Homo sapiens OX=9606 GN=DAZAP1 PE=1 SV=1",9.04967712330543,7.4816908008595,11.608891520142,1.79423875037763e-10,6.05417983256256e-10,11.6968675210315
1559,"P47813|IF1AX_HUMAN","Eukaryotic translation initiation factor 1A, X-chromosomal OS=Homo sapiens OX=9606 GN=EIF1AX PE=1 SV=2",12.1126955268298,9.01320000262168,23.5995035354263,2.42425994052384e-16,7.52526700037367e-15,18.3389794043132
1559,"O14602|IF1AY_HUMAN","Eukaryotic translation initiation factor 1A, Y-chromosomal OS=Homo sapiens OX=9606 GN=EIF1AY PE=1 SV=4",12.1126955268298,9.01320000262168,23.5995035354263,2.42425994052384e-16,7.52526700037367e-15,18.3389794043132
1560,"P40763|STAT3_HUMAN","Signal transducer and activator of transcription 3 OS=Homo sapiens OX=9606 GN=STAT3 PE=1 SV=2",5.4777108509656,5.69570766468958,3.4215162254512,0.0026313390359715,0.0042763424603167,-1.48736657464641
1561,"P48634|PRC2A_HUMAN","Protein PRRC2A OS=Homo sapiens OX=9606 GN=PRRC2A PE=1 SV=3",5.71583344713884,5.81476896277621,4.24743125921106,0.000376099714282905,0.000698833928566209,0.2159165240573
1562,"Q9UIJ7|KAD3_HUMAN","GTP:AMP phosphotransferase AK3, mitochondrial OS=Homo sapiens OX=9606 GN=AK3 PE=1 SV=4",5.59928759514172,5.75649603677764,3.47521035978148,0.00232159778209813,0.0038328265270488,-1.37785824702851
1563,"Q9UKD2|MRT4_HUMAN","mRNA turnover protein 4 homolog OS=Homo sapiens OX=9606 GN=MRTO4 PE=1 SV=2",9.7208107621886,7.81725762030108,15.7688551886717,6.19357103194954e-13,3.26200389507602e-12,15.0324415264511
1564,"Q15397|PUM3_HUMAN","Pumilio homolog 3 OS=Homo sapiens OX=9606 GN=PUM3 PE=1 SV=3",8.57319349608156,7.24344898724756,10.6548397934407,8.19773442532428e-10,2.57432932606023e-09,10.6730921095369
1565,"Q9H3P2|NELFA_HUMAN","Negative elongation factor A OS=Homo sapiens OX=9606 GN=NELFA PE=1 SV=3",8.18174914090845,7.04772680966101,9.32301193076934,8.09053274879182e-09,2.35616876572228e-08,9.03613777093231
1566,"P22033|MUTA_HUMAN","Methylmalonyl-CoA mutase, mitochondrial OS=Homo sapiens OX=9606 GN=MMUT PE=1 SV=4",7.13650097091631,6.52510272466494,5.42172385567986,2.41525208746654e-05,5.44421577092867e-05,2.59682581924594
1567,"Q12765|SCRN1_HUMAN","Secernin-1 OS=Homo sapiens OX=9606 GN=SCRN1 PE=1 SV=2",7.30781758643007,6.61076103242182,5.54170048685865,1.83553228576424e-05,4.2468745794425e-05,2.83173541254729
1568,"P25490|TYY1_HUMAN","Transcriptional repressor protein YY1 OS=Homo sapiens OX=9606 GN=YY1 PE=1 SV=2",7.17502404877926,6.54436426359641,5.3323601341493,2.96585468468866e-05,6.59649944312613e-05,2.42061241845519
1569,"P43897|EFTS_HUMAN","Elongation factor Ts, mitochondrial OS=Homo sapiens OX=9606 GN=TSFM PE=1 SV=2",6.96342718649613,6.43856583245485,5.02992867960428,5.97465699533601e-05,0.000125902733618192,1.81698025113042
1570,"O15381|NVL_HUMAN","Nuclear valosin-containing protein-like OS=Homo sapiens OX=9606 GN=NVL PE=1 SV=1",5.26275162408017,5.58822805124687,3.80034142608522,0.00108207372231971,0.00190575655577809,-0.70945042344316
1571,"P17858|PFKAL_HUMAN","ATP-dependent 6-phosphofructokinase, liver type OS=Homo sapiens OX=9606 GN=PFKL PE=1 SV=6",2.20902274269217,4.06136361055287,1.67030620652811,0.110053031877057,0.121719095870919,-4.64439524145647
1572,"Q15907|RB11B_HUMAN","Ras-related protein Rab-11B OS=Homo sapiens OX=9606 GN=RAB11B PE=1 SV=4",10.1248904415724,8.01929745999297,13.2695068402768,1.57468513883996e-11,6.28242257464648e-11,13.2248179866147
1572,"P62491|RB11A_HUMAN","Ras-related protein Rab-11A OS=Homo sapiens OX=9606 GN=RAB11A PE=1 SV=3",9.66271736994809,7.78821092418083,11.4328747092137,2.57237122038464e-10,8.51558830479867e-10,11.4392896882559
1573,"O15400|STX7_HUMAN","Syntaxin-7 OS=Homo sapiens OX=9606 GN=STX7 PE=1 SV=4",9.13703383844122,7.52536915842739,11.063534558588,4.22646791320992e-10,1.3582555480683e-09,11.1258865166853
1574,"O75396|SC22B_HUMAN","Vesicle-trafficking protein SEC22b OS=Homo sapiens OX=9606 GN=SEC22B PE=1 SV=4",9.51548301996152,7.71459374918754,14.7734257769748,2.12680906365848e-12,1.00592320578442e-11,14.3740823815949
1575,"Q9Y676|RT18B_HUMAN","28S ribosomal protein S18b, mitochondrial OS=Homo sapiens OX=9606 GN=MRPS18B PE=1 SV=1",6.21269298067302,6.06319872954329,3.87821536175846,0.000900439908968337,0.00160569414058735,-0.548460565358714
1576,"Q9UM54|MYO6_HUMAN","Unconventional myosin-VI OS=Homo sapiens OX=9606 GN=MYO6 PE=1 SV=4",5.35745269084289,5.63557858462823,3.95728472180211,0.000747023078023318,0.0013439433880326,-0.384822157856112
1577,"P26440|IVD_HUMAN","Isovaleryl-CoA dehydrogenase, mitochondrial OS=Homo sapiens OX=9606 GN=IVD PE=1 SV=2",9.18534902358807,7.54952675100082,14.4898846564666,3.06121363531235e-12,1.39972357434116e-11,14.1724318854809
1578,"Q92688|AN32B_HUMAN","Acidic leucine-rich nuclear phosphoprotein 32 family member B OS=Homo sapiens OX=9606 GN=ANP32B PE=1 SV=1",7.59307379489173,6.75338913665265,3.94655895836852,0.00154199582664985,0.00265504648148565,-0.918085156620092
1579,"Q96JB5|CK5P3_HUMAN","CDK5 regulatory subunit-associated protein 3 OS=Homo sapiens OX=9606 GN=CDK5RAP3 PE=1 SV=2",8.90254189721116,7.40812318781236,12.6774664662691,3.64289210359757e-11,1.39000342902385e-10,12.7140780693441
1580,"O15294|OGT1_HUMAN","UDP-N-acetylglucosamine--peptide N-acetylglucosaminyltransferase 110 kDa subunit OS=Homo sapiens OX=9606 GN=OGT PE=1 SV=3",5.34877062118492,5.63123754979924,3.50874430313459,0.00214662678801263,0.00357616319076099,-1.30931169501298
1581,"P11233|RALA_HUMAN","Ras-related protein Ral-A OS=Homo sapiens OX=9606 GN=RALA PE=1 SV=1",6.00101351106374,5.95735899473865,3.79623226812175,0.00109260873261706,0.00192343101077992,-0.717938998713137
1582,"Q9HD45|TM9S3_HUMAN","Transmembrane 9 superfamily member 3 OS=Homo sapiens OX=9606 GN=TM9SF3 PE=1 SV=2",5.71388301457603,5.8137937464948,3.61496571363118,0.00167371880165759,0.00286519225717284,-1.0914988686027
1583,"Q9BQA1|MEP50_HUMAN","Methylosome protein 50 OS=Homo sapiens OX=9606 GN=WDR77 PE=1 SV=1",5.59659519840171,5.75514983840764,3.62786559056941,0.00162379579465832,0.00278716621018035,-1.06498375966856
1584,"P24666|PPAC_HUMAN","Low molecular weight phosphotyrosine protein phosphatase OS=Homo sapiens OX=9606 GN=ACP1 PE=1 SV=3",7.4399219407358,6.67681320957468,5.69748582716767,1.28811816628172e-05,3.05749379789434e-05,3.13377136762417
1585,"Q16718|NDUA5_HUMAN","NADH dehydrogenase [ubiquinone] 1 alpha subcomplex subunit 5 OS=Homo sapiens OX=9606 GN=NDUFA5 PE=1 SV=3",9.58535771707345,7.74953109774351,11.6615320061159,1.65445762690377e-10,5.6169857703523e-10,11.7500502768629
1586,"P35270|SPRE_HUMAN","Sepiapterin reductase OS=Homo sapiens OX=9606 GN=SPR PE=1 SV=1",10.9855978923727,8.44965118539315,20.6520217594954,3.36325991636967e-15,4.09764261962761e-14,17.3953736610814
1587,"Q13895|BYST_HUMAN","Bystin OS=Homo sapiens OX=9606 GN=BYSL PE=1 SV=3",4.93363988057287,5.42367217949322,3.22716352530153,0.00412908509548159,0.00635879104704165,-1.88070896557507
1588,"O14976|GAK_HUMAN","Cyclin-G-associated kinase OS=Homo sapiens OX=9606 GN=GAK PE=1 SV=2",4.08182744054487,4.99776595947922,2.54489922354849,0.0190607107044631,0.0262272109407373,-3.20142980917663
1589,"Q9NW13|RBM28_HUMAN","RNA-binding protein 28 OS=Homo sapiens OX=9606 GN=RBM28 PE=1 SV=3",7.59951600722537,6.75661024281947,5.76101325875914,1.11574123582524e-05,2.68643136830969e-05,3.25593384426559
1590,"O95602|RPA1_HUMAN","DNA-directed RNA polymerase I subunit RPA1 OS=Homo sapiens OX=9606 GN=POLR1A PE=1 SV=2",5.30071249942433,5.60720848891895,3.3481844149969,0.00312063243777461,0.00493811544818423,-1.63638023038949
1591,"Q5JTZ9|SYAM_HUMAN","Alanine--tRNA ligase, mitochondrial OS=Homo sapiens OX=9606 GN=AARS2 PE=1 SV=1",6.37098601620641,6.14234524730999,4.69046695722224,0.000132226885113334,0.00026472881314942,1.1279283565515
1592,"Q01469|FABP5_HUMAN","Fatty acid-binding protein 5 OS=Homo sapiens OX=9606 GN=FABP5 PE=1 SV=3",8.81688326508301,7.36529387174829,5.53427599012219,0.000113908775883592,0.000229486544820422,1.33324482773117
1592,"A8MUU1|FB5L3_HUMAN","Putative fatty acid-binding protein 5-like protein 3 OS=Homo sapiens OX=9606 GN=FABP5P3 PE=5 SV=1",7.02429283850384,6.46899865845871,4.10785116906832,0.000666855843533347,0.00120875470696958,-0.254971525699471
1593,"P23786|CPT2_HUMAN","Carnitine O-palmitoyltransferase 2, mitochondrial OS=Homo sapiens OX=9606 GN=CPT2 PE=1 SV=2",7.72782783190933,6.82076615516145,8.64159145019752,2.83594136962315e-08,7.8947030173891e-08,8.09482245455844
1594,"Q8IXH7|NELFD_HUMAN","Negative elongation factor C/D OS=Homo sapiens OX=9606 GN=NELFCD PE=1 SV=2",2.47772880810801,4.19571664326079,1.72782383964303,0.0990512395658017,0.112458647103609,-4.56184888839126
1595,"Q9Y3A5|SBDS_HUMAN","Ribosome maturation protein SBDS OS=Homo sapiens OX=9606 GN=SBDS PE=1 SV=4",7.56281852745531,6.73826150293444,5.76702252656123,1.10070689161438e-05,2.65521399292943e-05,3.26745881629476
1596,"Q9BW04|SARG_HUMAN","Specifically androgen-regulated gene protein OS=Homo sapiens OX=9606 GN=SARG PE=1 SV=2",7.04052067514793,6.47711257678075,6.7004384540954,1.41051476639573e-06,3.62515477344698e-06,4.98847835016121
1597,"Q2KHR3|QSER1_HUMAN","Glutamine and serine-rich protein 1 OS=Homo sapiens OX=9606 GN=QSER1 PE=1 SV=3",5.95843555591034,5.93607001716195,4.31376106022686,0.000321500580503683,0.000603205280184786,0.353056977348857
1598,"Q07020|RL18_HUMAN","60S ribosomal protein L18 OS=Homo sapiens OX=9606 GN=RPL18 PE=1 SV=2",11.7654030042766,8.8395537413451,23.6310392347244,2.36096467387978e-16,7.51216032598111e-15,18.3476789824685
1599,"A6NHR9|SMHD1_HUMAN","Structural maintenance of chromosomes flexible hinge domain-containing protein 1 OS=Homo sapiens OX=9606 GN=SMCHD1 PE=1 SV=2",5.77517886979883,5.8444416741062,3.52079056970163,0.0020869928090648,0.003490409346177,-1.28466085581323
1600,"Q9UN37|VPS4A_HUMAN","Vacuolar protein sorting-associated protein 4A OS=Homo sapiens OX=9606 GN=VPS4A PE=1 SV=1",7.21194835963228,6.56282641902292,5.56785159988297,1.72927888679345e-05,4.02036456168768e-05,2.88267663232401
1601,"P08243|ASNS_HUMAN","Asparagine synthetase [glutamine-hydrolyzing] OS=Homo sapiens OX=9606 GN=ASNS PE=1 SV=4",10.6392396339363,8.27647205617492,20.2173304358728,5.10196535659801e-15,5.66180299144857e-14,17.2311049175361
1602,"O76024|WFS1_HUMAN","Wolframin OS=Homo sapiens OX=9606 GN=WFS1 PE=1 SV=2",7.64639052961135,6.78004750401246,5.88988398759848,8.34836268457554e-06,2.04851474414377e-05,3.50190505107414
1603,"P61457|PHS_HUMAN","Pterin-4-alpha-carbinolamine dehydratase OS=Homo sapiens OX=9606 GN=PCBD1 PE=1 SV=2",7.92866826928419,8.55190231853092,6.19225127924802,4.97440099949752e-05,0.000106160996940496,2.00796421657004
1604,"Q86TI2|DPP9_HUMAN","Dipeptidyl peptidase 9 OS=Homo sapiens OX=9606 GN=DPP9 PE=1 SV=3",8.76401933523003,7.3388619068218,11.3483795735117,2.69140590207009e-10,8.84122245987189e-10,11.428724708248
1605,"Q5SRE5|NU188_HUMAN","Nucleoporin NUP188 homolog OS=Homo sapiens OX=9606 GN=NUP188 PE=1 SV=1",1.59229860936636,3.75300154388996,1.34786567445453,0.192404383199168,0.200258684865314,-5.06685577373319
1606,"Q9BRF8|CPPED_HUMAN","Serine/threonine-protein phosphatase CPPED1 OS=Homo sapiens OX=9606 GN=CPPED1 PE=1 SV=3",9.22393551932722,7.56881999887039,13.9971229181495,5.84757847815271e-12,2.54099064795575e-11,13.8059026246449
1608,"Q9NVI1|FANCI_HUMAN","Fanconi anemia group I protein OS=Homo sapiens OX=9606 GN=FANCI PE=1 SV=4",5.83483658495648,5.87427053168502,3.70968155008243,0.00133970082539785,0.00232965139014532,-0.896546421457661
1609,"Q9UKS6|PACN3_HUMAN","Protein kinase C and casein kinase substrate in neurons protein 3 OS=Homo sapiens OX=9606 GN=PACSIN3 PE=1 SV=2",5.98390497851361,5.94880472846359,4.38625862653447,0.000270872961382257,0.000514484904450759,0.502770150151236
1610,"Q9NP72|RAB18_HUMAN","Ras-related protein Rab-18 OS=Homo sapiens OX=9606 GN=RAB18 PE=1 SV=1",9.32083041683305,7.61726744762331,15.0519966795901,1.4955097982773e-12,7.31602633210623e-12,14.5659102835892
1611,"Q96TA2|YMEL1_HUMAN","ATP-dependent zinc metalloprotease YME1L1 OS=Homo sapiens OX=9606 GN=YME1L1 PE=1 SV=2",8.23397151250575,7.07383799545966,9.84980627637477,3.19106902809119e-09,9.56823657176876e-09,9.7144560963221
1612,"P61081|UBC12_HUMAN","NEDD8-conjugating enzyme Ubc12 OS=Homo sapiens OX=9606 GN=UBE2M PE=1 SV=1",3.8730719924282,4.89338823542088,2.47825238375371,0.0219997014807657,0.0297084709578913,-3.32333110495068
1613,"Q8N122|RPTOR_HUMAN","Regulatory-associated protein of mTOR OS=Homo sapiens OX=9606 GN=RPTOR PE=1 SV=1",1.88351122245275,3.89860785043316,1.61552359765894,0.121479197256832,0.131522752935547,-4.7210830760029
1614,"Q96DI7|SNR40_HUMAN","U5 small nuclear ribonucleoprotein 40 kDa protein OS=Homo sapiens OX=9606 GN=SNRNP40 PE=1 SV=1",9.3427665649178,7.62823552166568,14.5883631670462,2.69569211337949e-12,1.24740560534988e-11,14.2432151131952
1615,"P61019|RAB2A_HUMAN","Ras-related protein Rab-2A OS=Homo sapiens OX=9606 GN=RAB2A PE=1 SV=1",11.3072639873818,8.61048423289768,22.0987132439891,8.88335887511813e-16,1.62089723550734e-14,17.8928043622843
1615,"Q8WUD1|RAB2B_HUMAN","Ras-related protein Rab-2B OS=Homo sapiens OX=9606 GN=RAB2B PE=1 SV=1",9.08682946175759,7.50026697008558,13.7006217604916,8.71055620020022e-12,3.66731225662048e-11,13.5750484679597
1616,"Q14139|UBE4A_HUMAN","Ubiquitin conjugation factor E4 A OS=Homo sapiens OX=9606 GN=UBE4A PE=1 SV=2",6.94985654746699,6.43178051294028,7.04640270272129,6.77578744580376e-07,1.76024167789099e-06,5.58949288781375
1617,"Q96KG9|SCYL1_HUMAN","N-terminal kinase-like protein OS=Homo sapiens OX=9606 GN=SCYL1 PE=1 SV=1",5.51189502012595,5.71279974926976,3.52969466662924,0.00204396431406703,0.00342737918517338,-1.26643111561593
1618,"Q9BY32|ITPA_HUMAN","Inosine triphosphate pyrophosphatase OS=Homo sapiens OX=9606 GN=ITPA PE=1 SV=2",7.27177293384787,6.59273870613072,4.08025717203246,0.000891510658897553,0.00159050789469675,-0.478777261840476
1619,"Q96DB5|RMD1_HUMAN","Regulator of microtubule dynamics protein 1 OS=Homo sapiens OX=9606 GN=RMDN1 PE=1 SV=1",4.86553408914214,8.1876618009982,2.62792399685729,0.0239594343742226,0.031940381696938,-3.26295629156133
1620,"Q9NVS9|PNPO_HUMAN","Pyridoxine-5'-phosphate oxidase OS=Homo sapiens OX=9606 GN=PNPO PE=1 SV=1",5.06637863360085,5.49004155600721,3.66127763165688,0.0015012224195657,0.00259528797275614,-0.99625087217318
1621,"A6NDG6|PGP_HUMAN","Glycerol-3-phosphate phosphatase OS=Homo sapiens OX=9606 GN=PGP PE=1 SV=1",7.52515400477898,6.71942924159627,5.83184532077942,9.51104764632792e-06,2.3175654074913e-05,3.39143808975899
1622,"Q86X55|CARM1_HUMAN","Histone-arginine methyltransferase CARM1 OS=Homo sapiens OX=9606 GN=CARM1 PE=1 SV=3",8.56062414583819,7.23716431212588,11.920189268196,1.11504924928828e-10,3.87100054982857e-10,12.0066011920732
1623,"Q7Z4V5|HDGR2_HUMAN","Hepatoma-derived growth factor-related protein 2 OS=Homo sapiens OX=9606 GN=HDGFL2 PE=1 SV=1",7.81846673693825,6.86608560767591,5.82410950815961,1.16931717771471e-05,2.80840370193488e-05,3.21774502870379
1624,"Q9BYD6|RM01_HUMAN","39S ribosomal protein L1, mitochondrial OS=Homo sapiens OX=9606 GN=MRPL1 PE=1 SV=2",8.96158176464333,7.43764312152845,5.56938762648438,0.000118485707199021,0.000238457905235875,1.30253961035567
1625,"P67870|CSK2B_HUMAN","Casein kinase II subunit beta OS=Homo sapiens OX=9606 GN=CSNK2B PE=1 SV=1",8.14757722872811,7.03064085357084,7.94006689409083,1.09817211253737e-07,2.95042751798247e-07,7.04645408724759
1626,"Q96P48|ARAP1_HUMAN","Arf-GAP with Rho-GAP domain, ANK repeat and PH domain-containing protein 1 OS=Homo sapiens OX=9606 GN=ARAP1 PE=1 SV=3",4.22844102684817,5.07107275263087,2.98336447573242,0.00721046057236778,0.0105713150051851,-2.36538009634386
1627,"O75794|CD123_HUMAN","Cell division cycle protein 123 homolog OS=Homo sapiens OX=9606 GN=CDC123 PE=1 SV=1",5.5496079647558,5.73165622158468,3.55813012158065,0.00191231548176461,0.00322937619064083,-1.20816527695479
1628,"Q3YEC7|RABL6_HUMAN","Rab-like protein 6 OS=Homo sapiens OX=9606 GN=RABL6 PE=1 SV=2",3.99102695109636,4.95236571475496,2.51380254043189,0.0203829972161157,0.027808128732121,-3.25850322628169
1629,"Q9NZN5|ARHGC_HUMAN","Rho guanine nucleotide exchange factor 12 OS=Homo sapiens OX=9606 GN=ARHGEF12 PE=1 SV=1",3.86044786710735,4.88707617276046,2.56598877277336,0.0182102180106223,0.0252737344415631,-3.1625331808453
1630,"Q9NS87|KIF15_HUMAN","Kinesin-like protein KIF15 OS=Homo sapiens OX=9606 GN=KIF15 PE=1 SV=1",2.93501907704121,4.42436177772739,2.15913374669173,0.0428510917987226,0.0522739871435621,-3.88296511511305
1631,"P58546|MTPN_HUMAN","Myotrophin OS=Homo sapiens OX=9606 GN=MTPN PE=1 SV=2",12.0337813598884,8.97374291915098,24.1562519321867,1.5268925022437e-16,6.81558704691339e-15,18.4888003219328
1632,"P09417|DHPR_HUMAN","Dihydropteridine reductase OS=Homo sapiens OX=9606 GN=QDPR PE=1 SV=2",10.77940532146,8.34655489993679,20.8716268177424,2.73305325089692e-15,3.55481588376796e-14,17.4756287243513
1634,"Q9P2R7|SUCB1_HUMAN","Succinate--CoA ligase [ADP-forming] subunit beta, mitochondrial OS=Homo sapiens OX=9606 GN=SUCLA2 PE=1 SV=3",9.50400931044137,7.70885689442747,12.9720340328366,2.39092119051633e-11,9.34522495785572e-11,12.9726375292063
1635,"Q96IR7|HPDL_HUMAN","4-hydroxyphenylpyruvate dioxygenase-like protein OS=Homo sapiens OX=9606 GN=HPDL PE=1 SV=1",6.73584777361477,6.32477612601417,6.55206391294075,1.94104500179351e-06,4.94574669550298e-06,4.72446337259786
1636,"Q6PIU2|NCEH1_HUMAN","Neutral cholesterol ester hydrolase 1 OS=Homo sapiens OX=9606 GN=NCEH1 PE=1 SV=3",10.8399265229364,8.37681550067499,21.044998001241,2.32336486239747e-15,3.16479468067679e-14,17.5377353775976
1637,"Q96ER9|MITOK_HUMAN","Mitochondrial potassium channel OS=Homo sapiens OX=9606 GN=CCDC51 PE=1 SV=2",2.761547143183,4.33762581079829,1.83347455336588,0.0812892560504648,0.0954157426202102,-4.40501507014425
1638,"Q9UKM9|RALY_HUMAN","RNA-binding protein Raly OS=Homo sapiens OX=9606 GN=RALY PE=1 SV=1",7.58397103683384,6.7488377576237,8.20931182577961,6.48152244342304e-08,1.76352377435892e-07,7.45857087379247
1638,"Q86SE5|RALYL_HUMAN","RNA-binding Raly-like protein OS=Homo sapiens OX=9606 GN=RALYL PE=1 SV=2",2.25120931537497,4.08245689689427,1.66306035661994,0.111510024501474,0.122801371376051,-4.65464787289893
1639,"P01116|RASK_HUMAN","GTPase KRas OS=Homo sapiens OX=9606 GN=KRAS PE=1 SV=1",2.6231523886048,4.26842843350918,1.85142181827644,0.0785647943975711,0.0926698708427233,-4.37772516963979
1640,"Q14696|MESD_HUMAN","LRP chaperone MESD OS=Homo sapiens OX=9606 GN=MESD PE=1 SV=2",6.9989122154571,6.45630834693533,5.06077569902021,5.56079215680872e-05,0.000117990517007961,1.87903046722675
1641,"P49903|SPS1_HUMAN","Selenide, water dikinase 1 OS=Homo sapiens OX=9606 GN=SEPHS1 PE=1 SV=2",4.96060225188526,9.99823107525856,3.15075974847717,0.00880815538972998,0.0127199543325058,-2.40072977310556
1642,"Q99661|KIF2C_HUMAN","Kinesin-like protein KIF2C OS=Homo sapiens OX=9606 GN=KIF2C PE=1 SV=2",6.13302408673378,6.02336428257367,3.8296532598368,0.00100979170129672,0.00179108114932608,-0.648879101552452
1643,"Q9Y4W6|AFG32_HUMAN","AFG3-like protein 2 OS=Homo sapiens OX=9606 GN=AFG3L2 PE=1 SV=2",6.08887788247003,6.0012911804418,3.65140639467642,0.00153645187858613,0.00264786917303339,-1.01656541600499
1644,"Q9NNW7|TRXR2_HUMAN","Thioredoxin reductase 2, mitochondrial OS=Homo sapiens OX=9606 GN=TXNRD2 PE=1 SV=3",3.98722682303476,4.95046565072416,2.4800689951334,0.0219142638011587,0.0296346735632108,-3.32002944944821
1645,"Q96HS1|PGAM5_HUMAN","Serine/threonine-protein phosphatase PGAM5, mitochondrial OS=Homo sapiens OX=9606 GN=PGAM5 PE=1 SV=2",10.2394667546613,8.07658561653741,20.3689597080588,4.4076799628335e-15,5.06554264385342e-14,17.2892387942951
1646,"P49585|PCY1A_HUMAN","Choline-phosphate cytidylyltransferase A OS=Homo sapiens OX=9606 GN=PCYT1A PE=1 SV=2",9.64473420228165,7.77921934034761,17.4048904563901,9.36056425711869e-14,6.30037978844527e-13,15.9665572191233
1646,"Q9Y5K3|PCY1B_HUMAN","Choline-phosphate cytidylyltransferase B OS=Homo sapiens OX=9606 GN=PCYT1B PE=1 SV=1",9.2152500608912,7.56447726965238,16.1633043567166,3.86874224745552e-13,2.12174610437375e-12,15.2734742744973
1647,"Q8NFH4|NUP37_HUMAN","Nucleoporin Nup37 OS=Homo sapiens OX=9606 GN=NUP37 PE=1 SV=1",8.96453896044233,7.43912171942795,11.4713091199954,2.22081074501692e-10,7.40270248338975e-10,11.5562886192648
1648,"Q14318|FKBP8_HUMAN","Peptidyl-prolyl cis-trans isomerase FKBP8 OS=Homo sapiens OX=9606 GN=FKBP8 PE=1 SV=2",8.46479166113147,7.18924806977252,9.82023750110534,3.35917557328307e-09,1.00566298267028e-08,9.67748202516738
1649,"Q9Y314|NOSIP_HUMAN","Nitric oxide synthase-interacting protein OS=Homo sapiens OX=9606 GN=NOSIP PE=1 SV=1",7.51057250958892,6.71213849400124,5.76126681462592,1.11510265366409e-05,2.68643136830969e-05,3.25642023861254
1650,"Q9UHI6|DDX20_HUMAN","Probable ATP-dependent RNA helicase DDX20 OS=Homo sapiens OX=9606 GN=DDX20 PE=1 SV=2",6.12018780512531,6.01694614176944,4.36941575055096,0.00028187055719213,0.000534055927750837,0.468007407765024
1651,"Q9BRP8|PYM1_HUMAN","Partner of Y14 and mago OS=Homo sapiens OX=9606 GN=PYM1 PE=1 SV=1",10.1102293388847,8.01196690864915,15.3857291084422,9.87809579074452e-13,4.99090141658352e-12,14.7878316167574
1652,"Q92793|CBP_HUMAN","CREB-binding protein OS=Homo sapiens OX=9606 GN=CREBBP PE=1 SV=3",4.19042351127442,5.05206399484399,2.95555475735097,0.00767879520676999,0.011177074308531,-2.41990428101695
1653,"O14964|HGS_HUMAN","Hepatocyte growth factor-regulated tyrosine kinase substrate OS=Homo sapiens OX=9606 GN=HGS PE=1 SV=1",7.14911958368778,6.53141203105067,5.42241013542077,2.41145323264919e-05,5.44202517332906e-05,2.59817503263203
1654,"O43159|RRP8_HUMAN","Ribosomal RNA-processing protein 8 OS=Homo sapiens OX=9606 GN=RRP8 PE=1 SV=2",7.60604228421878,6.75987338131617,7.42360890193992,3.10241973883798e-07,8.14755524865363e-07,6.2212706119739
1655,"O43488|ARK72_HUMAN","Aflatoxin B1 aldehyde reductase member 2 OS=Homo sapiens OX=9606 GN=AKR7A2 PE=1 SV=3",6.22296791987122,6.06833619914239,4.6220206250652,0.000155326893352456,0.000307143574425761,0.987792179917798
1655,"Q8NHP1|ARK74_HUMAN","Aflatoxin B1 aldehyde reductase member 4 OS=Homo sapiens OX=9606 GN=AKR7L PE=2 SV=7",6.06687127125925,5.99028787483641,4.42462593683069,0.000247403209786254,0.000472705884703264,0.581910103672962
1656,"Q9Y2X7|GIT1_HUMAN","ARF GTPase-activating protein GIT1 OS=Homo sapiens OX=9606 GN=GIT1 PE=1 SV=2",5.5442521636421,5.72897832102783,4.06927027406903,0.0005732411570834,0.00104497085926662,-0.152912398649343
1657,"P04818|TYSY_HUMAN","Thymidylate synthase OS=Homo sapiens OX=9606 GN=TYMS PE=1 SV=3",3.36789374249716,4.64079911045536,2.34868560967622,0.0289592416723905,0.0372886556651182,-3.55560248616133
1658,"P49189|AL9A1_HUMAN","4-trimethylaminobutyraldehyde dehydrogenase OS=Homo sapiens OX=9606 GN=ALDH9A1 PE=1 SV=3",6.00922935132819,5.96146691487088,3.76140668996255,0.00118607550969544,0.00207846641435023,-0.789850500534865
1659,"Q92665|RT31_HUMAN","28S ribosomal protein S31, mitochondrial OS=Homo sapiens OX=9606 GN=MRPS31 PE=1 SV=3",7.44823116409984,6.6809678212567,5.5446815633219,1.82309105044237e-05,4.22316518905123e-05,2.83754721785728
1660,"Q5T3I0|GPTC4_HUMAN","G patch domain-containing protein 4 OS=Homo sapiens OX=9606 GN=GPATCH4 PE=1 SV=2",7.62266789408808,8.55980103711513,4.08113265056102,0.00192884415121874,0.00325275951913804,-1.04306933968719
1661,"Q13405|RM49_HUMAN","39S ribosomal protein L49, mitochondrial OS=Homo sapiens OX=9606 GN=MRPL49 PE=1 SV=1",9.92681051209128,7.92025749525242,16.7117749623007,2.0437503842001e-13,1.2180246097787e-12,15.59142282099
1662,"Q15056|IF4H_HUMAN","Eukaryotic translation initiation factor 4H OS=Homo sapiens OX=9606 GN=EIF4H PE=1 SV=5",12.1291759241314,9.02144020127248,24.3599473960974,1.29250541118023e-16,6.72811001156658e-15,18.5416757758166
1663,"Q96T51|RUFY1_HUMAN","RUN and FYVE domain-containing protein 1 OS=Homo sapiens OX=9606 GN=RUFY1 PE=1 SV=2",3.7561339892011,4.83491923380733,2.46090530637761,0.0228313671860908,0.0305954624665679,-3.35479825226607
1664,"P78417|GSTO1_HUMAN","Glutathione S-transferase omega-1 OS=Homo sapiens OX=9606 GN=GSTO1 PE=1 SV=2",9.42963592996902,7.67167020419129,13.8227562129232,7.38564694290204e-12,3.15941563668587e-11,13.6711071230585
1665,"Q9BRQ8|FSP1_HUMAN","Ferroptosis suppressor protein 1 OS=Homo sapiens OX=9606 GN=AIFM2 PE=1 SV=1",3.75401935614026,4.83386191727691,2.43960235681821,0.0238927948659118,0.0318625771505925,-3.39328888193487
1666,"Q12972|PP1R8_HUMAN","Nuclear inhibitor of protein phosphatase 1 OS=Homo sapiens OX=9606 GN=PPP1R8 PE=1 SV=2",8.33209670935982,7.12290059388669,7.98920406971542,9.96705394218054e-08,2.68531544278482e-07,7.12258257592141
1667,"P82650|RT22_HUMAN","28S ribosomal protein S22, mitochondrial OS=Homo sapiens OX=9606 GN=MRPS22 PE=1 SV=1",9.62459122682617,7.76914785261987,16.4175794523146,2.8713678890671e-13,1.63049651517822e-12,15.423295930382
1668,"Q8NBU5|ATAD1_HUMAN","ATPase family AAA domain-containing protein 1 OS=Homo sapiens OX=9606 GN=ATAD1 PE=1 SV=1",5.77942492681995,5.84656470261676,3.49680083734399,0.00220740524143797,0.00366473056469865,-1.33373822306416
1669,"Q9Y3C1|NOP16_HUMAN","Nucleolar protein 16 OS=Homo sapiens OX=9606 GN=NOP16 PE=1 SV=2",9.14229706460853,7.52800077151105,11.6332758459505,1.72801897386651e-10,5.85640233220605e-10,11.7215443424079
1670,"Q13043|STK4_HUMAN","Serine/threonine-protein kinase 4 OS=Homo sapiens OX=9606 GN=STK4 PE=1 SV=2",8.91601922255497,7.41486185048427,11.4051540967864,2.46233494252991e-10,8.15833866500875e-10,11.4878709993818
1670,"Q13188|STK3_HUMAN","Serine/threonine-protein kinase 3 OS=Homo sapiens OX=9606 GN=STK3 PE=1 SV=2",8.50813978924918,7.21092213383137,10.6471284922695,8.30228854202798e-10,2.60503756208702e-09,10.6643359249213
1671,"P23434|GCSH_HUMAN","Glycine cleavage system H protein, mitochondrial OS=Homo sapiens OX=9606 GN=GCSH PE=1 SV=2",11.8916969492634,8.90270071383848,20.5826586524559,3.5925645569854e-15,4.31087616284596e-14,17.3696493065417
1672,"Q9NYV4|CDK12_HUMAN","Cyclin-dependent kinase 12 OS=Homo sapiens OX=9606 GN=CDK12 PE=1 SV=2",7.74700724381236,6.83035586111296,8.73824248255268,2.36525241473276e-08,6.62270676125172e-08,8.23286566290812
1673,"Q9NXG2|THUM1_HUMAN","THUMP domain-containing protein 1 OS=Homo sapiens OX=9606 GN=THUMPD1 PE=1 SV=2",4.4772810953596,6.72075272032578,2.75510458411888,0.0138222535182598,0.0195143659865421,-2.88570355131909
1674,"Q9Y3B7|RM11_HUMAN","39S ribosomal protein L11, mitochondrial OS=Homo sapiens OX=9606 GN=MRPL11 PE=1 SV=1",9.59600146683261,7.75485297262309,12.6184923909425,3.96699061778607e-11,1.49881392330484e-10,12.6612263311846
1675,"Q8IYB3|SRRM1_HUMAN","Serine/arginine repetitive matrix protein 1 OS=Homo sapiens OX=9606 GN=SRRM1 PE=1 SV=2",8.78112167991446,7.34741307916402,5.56222906524521,0.000105475929127857,0.000213390608062138,1.39639417045653
1677,"O15269|SPTC1_HUMAN","Serine palmitoyltransferase 1 OS=Homo sapiens OX=9606 GN=SPTLC1 PE=1 SV=1",7.33088927052319,6.62229687446838,5.48050485825357,2.11097339684446e-05,4.80333781196878e-05,2.71216040465925
1678,"Q05519|SRS11_HUMAN","Serine/arginine-rich splicing factor 11 OS=Homo sapiens OX=9606 GN=SRSF11 PE=1 SV=1",10.6196457527013,8.26667511555744,21.4171461379684,1.64626837387397e-15,2.53525329576592e-14,17.6674343067138
1679,"Q8IUD2|RB6I2_HUMAN","ELKS/Rab6-interacting/CAST family member 1 OS=Homo sapiens OX=9606 GN=ERC1 PE=1 SV=1",7.59210160656335,6.75290304248846,7.45900416673899,2.8859740374474e-07,7.60506505419062e-07,6.27929092532962
1680,"Q92615|LAR4B_HUMAN","La-related protein 4B OS=Homo sapiens OX=9606 GN=LARP4B PE=1 SV=3",5.39735824065596,5.65553135953476,3.50695468071686,0.00215562796181135,0.00358650287509667,-1.31297268661633
1681,"Q02127|PYRD_HUMAN","Dihydroorotate dehydrogenase (quinone), mitochondrial OS=Homo sapiens OX=9606 GN=DHODH PE=1 SV=3",8.11934137526099,7.01652292683728,10.3746753638684,1.30464620233581e-09,4.03769122105535e-09,10.349772924728
1682,"P49821|NDUV1_HUMAN","NADH dehydrogenase [ubiquinone] flavoprotein 1, mitochondrial OS=Homo sapiens OX=9606 GN=NDUFV1 PE=1 SV=4",3.61055507913979,4.76212977877668,2.37345044551388,0.0274886109518616,0.0357658506808608,-3.51171152584109
1683,"P08240|SRPRA_HUMAN","Signal recognition particle receptor subunit alpha OS=Homo sapiens OX=9606 GN=SRPRA PE=1 SV=2",9.70680326034563,7.8102538693796,18.087920565218,4.45174458287487e-14,3.42100132616133e-13,16.3094323046884
1684,"Q86XZ4|SPAS2_HUMAN","Spermatogenesis-associated serine-rich protein 2 OS=Homo sapiens OX=9606 GN=SPATS2 PE=1 SV=1",6.39868461874017,6.15619454857687,4.64858663670831,0.000145912988128268,0.000290317831676398,1.04222432590515
1685,"P30622|CLIP1_HUMAN","CAP-Gly domain-containing linker protein 1 OS=Homo sapiens OX=9606 GN=CLIP1 PE=1 SV=2",4.07562505083979,5.73072714037864,2.55354832565365,0.0187074973005456,0.0258110051425473,-3.18549613329022
1686,"Q9HB07|MYG1_HUMAN","MYG1 exonuclease OS=Homo sapiens OX=9606 GN=MYG1 PE=1 SV=3",9.98842549902971,7.95106498872164,16.3183504532439,3.22411433594286e-13,1.80419188857268e-12,15.3653350228248
1687,"P10253|LYAG_HUMAN","Lysosomal alpha-glucosidase OS=Homo sapiens OX=9606 GN=GAA PE=1 SV=4",5.25843303413462,6.67957453599782,3.72545691114508,0.00129086960335427,0.0022477828914129,-0.864021169390412
1688,"P61313|RL15_HUMAN","60S ribosomal protein L15 OS=Homo sapiens OX=9606 GN=RPL15 PE=1 SV=2",9.10677354994683,7.5102390141802,11.2007870640797,3.39687575149263e-10,1.10491619267515e-09,11.2730879133284
1689,"Q9NT62|ATG3_HUMAN","Ubiquitin-like-conjugating enzyme ATG3 OS=Homo sapiens OX=9606 GN=ATG3 PE=1 SV=1",10.18890744769,8.05130596305178,19.3418843639496,1.21114100405202e-14,1.13729094282933e-13,16.877012723495
1690,"P45954|ACDSB_HUMAN","Short/branched chain specific acyl-CoA dehydrogenase, mitochondrial OS=Homo sapiens OX=9606 GN=ACADSB PE=1 SV=1",8.27451104126987,7.09410775984172,11.0769496873906,4.13679940457166e-10,1.33166201568569e-09,11.1403800627665
1691,"P18859|ATP5J_HUMAN","ATP synthase-coupling factor 6, mitochondrial OS=Homo sapiens OX=9606 GN=ATP5PF PE=1 SV=1",7.9997351543102,6.95671981636188,5.82182764621377,1.75952032715454e-05,4.08573779224668e-05,2.87565717609909
1692,"Q15061|WDR43_HUMAN","WD repeat-containing protein 43 OS=Homo sapiens OX=9606 GN=WDR43 PE=1 SV=3",7.96308721022032,6.93839584431694,5.88535719975948,1.33217601902399e-05,3.156232414303e-05,3.10893591929149
1693,"Q9GZT3|SLIRP_HUMAN","SRA stem-loop-interacting RNA-binding protein, mitochondrial OS=Homo sapiens OX=9606 GN=SLIRP PE=1 SV=1",10.0201367055628,7.96692059198818,16.2966795037332,3.30700996002598e-13,1.84521570233334e-12,15.3525910955039
1694,"Q92609|TBCD5_HUMAN","TBC1 domain family member 5 OS=Homo sapiens OX=9606 GN=TBC1D5 PE=1 SV=1",3.86414188302092,4.88892318071724,2.82591636510784,0.0102753686174532,0.0146736532556361,-2.67166349354746
1695,"Q15436|SC23A_HUMAN","Protein transport protein Sec23A OS=Homo sapiens OX=9606 GN=SEC23A PE=1 SV=2",5.39207922572379,5.65289185206868,3.53032220051094,0.00204096494016245,0.00342384096715705,-1.26514605851776
1696,"Q9Y5X3|SNX5_HUMAN","Sorting nexin-5 OS=Homo sapiens OX=9606 GN=SNX5 PE=1 SV=1",9.76185556698244,7.837780022698,17.4705767457663,8.70523176765226e-14,5.93188359388694e-13,16.0006496237955
1697,"P40855|PEX19_HUMAN","Peroxisomal biogenesis factor 19 OS=Homo sapiens OX=9606 GN=PEX19 PE=1 SV=1",7.2782255483326,6.59596501337308,6.39340746825962,2.73949341298087e-06,6.92518032828387e-06,4.43805790080507
1699,"O00273|DFFA_HUMAN","DNA fragmentation factor subunit alpha OS=Homo sapiens OX=9606 GN=DFFA PE=1 SV=1",9.89455750765816,7.90413099303586,17.1307783683621,1.27052055204572e-13,8.08513078574549e-13,15.8216110879438
1700,"Q7Z3T8|ZFY16_HUMAN","Zinc finger FYVE domain-containing protein 16 OS=Homo sapiens OX=9606 GN=ZFYVE16 PE=1 SV=3",3.47671386982184,4.6952091741177,2.37980625036937,0.027122491585267,0.0353372563801279,-3.50040761056758
1701,"P84098|RL19_HUMAN","60S ribosomal protein L19 OS=Homo sapiens OX=9606 GN=RPL19 PE=1 SV=1",11.3625653966801,8.63813493754681,18.3127938596263,3.50449008240368e-14,2.79922963013572e-13,16.4168851634879
1702,"Q00059|TFAM_HUMAN","Transcription factor A, mitochondrial OS=Homo sapiens OX=9606 GN=TFAM PE=1 SV=1",9.37910427865016,7.64640437853186,10.1472093537574,3.65566528431754e-09,1.09272603607318e-08,9.50510880098031
1703,"O95881|TXD12_HUMAN","Thioredoxin domain-containing protein 12 OS=Homo sapiens OX=9606 GN=TXNDC12 PE=1 SV=1",10.7061582205148,8.3099313494642,20.1683104681334,5.35017342425996e-15,5.86805187590621e-14,17.2121160178817
1704,"Q6P6C2|ALKB5_HUMAN","RNA demethylase ALKBH5 OS=Homo sapiens OX=9606 GN=ALKBH5 PE=1 SV=2",3.99139861997291,4.95255154919324,2.79451060938146,0.0110206314206111,0.0156855567354354,-2.73201306127256
1705,"Q9P2R3|ANFY1_HUMAN","Rabankyrin-5 OS=Homo sapiens OX=9606 GN=ANKFY1 PE=1 SV=2",5.31227362056192,5.61298904948774,3.37924569892429,0.00290337073334993,0.00463816486448019,-1.57334366984357
1706,"O95425|SVIL_HUMAN","Supervillin OS=Homo sapiens OX=9606 GN=SVIL PE=1 SV=2",3.04748312511649,5.92418744351892,1.74128447681503,0.0966169842600761,0.110378453828277,-4.54223726952125
1707,"P31350|RIR2_HUMAN","Ribonucleoside-diphosphate reductase subunit M2 OS=Homo sapiens OX=9606 GN=RRM2 PE=1 SV=1",2.20465432160967,4.05917940001162,1.65786711720644,0.112564309044873,0.123563283150691,-4.66197574915546
1708,"Q71UI9|H2AV_HUMAN","Histone H2A.V OS=Homo sapiens OX=9606 GN=H2AZ2 PE=1 SV=3",8.78231655882784,9.61251807704785,5.46280711975329,0.000192999196560219,0.000376798634258034,0.906755419001634
1708,"P0C0S5|H2AZ_HUMAN","Histone H2A.Z OS=Homo sapiens OX=9606 GN=H2AZ1 PE=1 SV=2",8.78231655882784,9.61251807704785,5.46280711975329,0.000192999196560219,0.000376798634258034,0.906755419001634
1709,"P53985|MOT1_HUMAN","Monocarboxylate transporter 1 OS=Homo sapiens OX=9606 GN=SLC16A1 PE=1 SV=3",8.8371982679123,7.37545137316293,10.6059285898912,8.88489733823826e-10,2.78557449122291e-09,10.6174175330323
1710,"Q9Y6D5|BIG2_HUMAN","Brefeldin A-inhibited guanine nucleotide-exchange protein 2 OS=Homo sapiens OX=9606 GN=ARFGEF2 PE=1 SV=3",4.85383104207548,5.38376776024452,3.17590869808746,0.00464618617717738,0.00705633798111752,-1.98350725429265
1711,"Q9BQ69|MACD1_HUMAN","ADP-ribose glycohydrolase MACROD1 OS=Homo sapiens OX=9606 GN=MACROD1 PE=1 SV=2",9.24187300797674,7.57778874319515,13.9355809614919,6.34819956437842e-12,2.74613127223111e-11,13.7586387358252
1712,"P61962|DCAF7_HUMAN","DDB1- and CUL4-associated factor 7 OS=Homo sapiens OX=9606 GN=DCAF7 PE=1 SV=1",1.56375340863015,7.75700603110185,0.754988494369088,0.466565469133172,0.476718963949765,-5.63010890505669
1713,"P53597|SUCA_HUMAN","Succinate--CoA ligase [ADP/GDP-forming] subunit alpha, mitochondrial OS=Homo sapiens OX=9606 GN=SUCLG1 PE=1 SV=4",7.12273649121362,6.51822048481359,5.13897277900244,4.63717319966822e-05,9.9626767961622e-05,2.03585621633384
1714,"P28288|ABCD3_HUMAN","ATP-binding cassette sub-family D member 3 OS=Homo sapiens OX=9606 GN=ABCD3 PE=1 SV=1",4.76481728151671,5.33926087996514,2.70252206839559,0.0135112973405702,0.0191033767026057,-2.90720799308853
1715,"Q9Y333|LSM2_HUMAN","U6 snRNA-associated Sm-like protein LSm2 OS=Homo sapiens OX=9606 GN=LSM2 PE=1 SV=1",10.7842852033523,8.34899484088295,19.2996840180619,1.26380094286621e-14,1.17527382367993e-13,16.8591128588489
1716,"P21291|CSRP1_HUMAN","Cysteine and glycine-rich protein 1 OS=Homo sapiens OX=9606 GN=CSRP1 PE=1 SV=3",-0.664309670479264,13.9240271763422,-1.10002116919758,0.284069211041096,0.292894071373385,-5.3403971930755
1717,"Q5F1R6|DJC21_HUMAN","DnaJ homolog subfamily C member 21 OS=Homo sapiens OX=9606 GN=DNAJC21 PE=1 SV=2",5.96569042177072,5.93969745009214,4.41109553461639,0.000255437069029502,0.000487330384421993,0.554008944614379
1718,"Q9Y4C8|RBM19_HUMAN","Probable RNA-binding protein 19 OS=Homo sapiens OX=9606 GN=RBM19 PE=1 SV=3",2.74952058633105,4.33161253237231,1.88115527108389,0.0742266307465636,0.0879029616654168,-4.33211164102893
1719,"Q9UNX4|WDR3_HUMAN","WD repeat-containing protein 3 OS=Homo sapiens OX=9606 GN=WDR3 PE=1 SV=1",5.7920868425466,5.85289566048008,3.66374168985651,0.00149255364372812,0.00258378216202934,-0.991178926446088
1720,"Q08170|SRSF4_HUMAN","Serine/arginine-rich splicing factor 4 OS=Homo sapiens OX=9606 GN=SRSF4 PE=1 SV=2",2.78145107638434,4.34757777739895,1.89146747854641,0.0727719168587871,0.0863395623748321,-4.31617611192495
1721,"Q9UHG3|PCYOX_HUMAN","Prenylcysteine oxidase 1 OS=Homo sapiens OX=9606 GN=PCYOX1 PE=1 SV=3",2.25625165765165,4.08497806803261,1.65429277116104,0.113294834286994,0.124127806489735,-4.66700938476115
1722,"P32969|RL9_HUMAN","60S ribosomal protein L9 OS=Homo sapiens OX=9606 GN=RPL9 PE=1 SV=1",11.4304106419529,9.59566615294176,14.7110412933718,2.41382040556569e-12,1.12508578225519e-11,14.2892795442322
1723,"P68036|UB2L3_HUMAN","Ubiquitin-conjugating enzyme E2 L3 OS=Homo sapiens OX=9606 GN=UBE2L3 PE=1 SV=1",9.97085224923234,7.94227836382295,14.8745945294364,1.87028535580497e-12,8.96712156892792e-12,14.4444572829224
1723,"A0A1B0GUS4|UB2L5_HUMAN","Ubiquitin-conjugating enzyme E2 L5 OS=Homo sapiens OX=9606 GN=UBE2L5 PE=2 SV=1",9.3284623851696,7.62108343179158,15.0244664361238,1.548094179244e-12,7.53497166888671e-12,14.5472236766929
1724,"Q92786|PROX1_HUMAN","Prospero homeobox protein 1 OS=Homo sapiens OX=9606 GN=PROX1 PE=1 SV=2",6.06558069656702,5.98964258749029,3.80608642718642,0.00106751344752924,0.00188269664360402,-0.697581388618812
1725,"A4D1E9|GTPBA_HUMAN","GTP-binding protein 10 OS=Homo sapiens OX=9606 GN=GTPBP10 PE=1 SV=1",6.16102905930432,6.03736676885894,4.55578068967039,0.000181556132492951,0.00035608309225566,0.851856952199604
1726,"P61964|WDR5_HUMAN","WD repeat-containing protein 5 OS=Homo sapiens OX=9606 GN=WDR5 PE=1 SV=1",7.61270881716561,6.76320664778959,5.90607376590666,8.05073286654881e-06,1.98179805218753e-05,3.53262809954463
1728,"P37198|NUP62_HUMAN","Nuclear pore glycoprotein p62 OS=Homo sapiens OX=9606 GN=NUP62 PE=1 SV=3",9.06085996965177,7.48728222403267,10.9540633474602,5.03829185598305e-10,1.60840992085695e-09,11.0067483721414
1729,"O75691|UTP20_HUMAN","Small subunit processome component 20 homolog OS=Homo sapiens OX=9606 GN=UTP20 PE=1 SV=3",7.23585608692265,6.57478028266811,7.18315610302505,5.09336731027397e-07,1.32585964466226e-06,5.82138215963337
1730,"P06400|RB_HUMAN","Retinoblastoma-associated protein OS=Homo sapiens OX=9606 GN=RB1 PE=1 SV=2",4.21144647630117,5.06257547735737,2.55564812484378,0.0186226773540615,0.0257221132514547,-3.18162395068188
1731,"Q92785|REQU_HUMAN","Zinc finger protein ubi-d4 OS=Homo sapiens OX=9606 GN=DPF2 PE=1 SV=2",4.85457603352265,8.69947893677967,3.66368892795479,0.00344606259244674,0.00537377429620568,-1.57589819878076
1733,"P35244|RFA3_HUMAN","Replication protein A 14 kDa subunit OS=Homo sapiens OX=9606 GN=RPA3 PE=1 SV=1",3.56384985493704,11.3539749531429,1.87246870294934,0.0871146697945145,0.101173900063011,-4.38473994288163
1734,"Q9H3N1|TMX1_HUMAN","Thioredoxin-related transmembrane protein 1 OS=Homo sapiens OX=9606 GN=TMX1 PE=1 SV=1",9.50683089610551,7.71026768725954,13.6126453579999,9.81713562102333e-12,4.07723539815964e-11,13.5050030678346
1735,"Q9UH65|SWP70_HUMAN","Switch-associated protein 70 OS=Homo sapiens OX=9606 GN=SWAP70 PE=1 SV=1",6.18384679513412,6.04877563677384,4.56041058528416,0.000179585715387562,0.000352398065362954,0.861367730857842
1736,"Q9P265|DIP2B_HUMAN","Disco-interacting protein 2 homolog B OS=Homo sapiens OX=9606 GN=DIP2B PE=1 SV=3",1.68411054853965,7.77854242935603,0.990061668159051,0.343183176814556,0.352993649675672,-5.4377434528861
1737,"O95299|NDUAA_HUMAN","NADH dehydrogenase [ubiquinone] 1 alpha subcomplex subunit 10, mitochondrial OS=Homo sapiens OX=9606 GN=NDUFA10 PE=1 SV=1",7.56505444159609,6.73937946000483,5.80427533672644,1.01201374414635e-05,2.45201567964975e-05,3.33878489999052
1738,"Q14558|KPRA_HUMAN","Phosphoribosyl pyrophosphate synthase-associated protein 1 OS=Homo sapiens OX=9606 GN=PRPSAP1 PE=1 SV=2",6.32087428669443,6.117289382554,4.77767547456415,0.000107741292765704,0.000217630628094417,1.30594632217904
1739,"P02794|FRIH_HUMAN","Ferritin heavy chain OS=Homo sapiens OX=9606 GN=FTH1 PE=1 SV=2",9.98608155627175,7.94989301734266,18.082912727662,4.47566121802662e-14,3.42632381991076e-13,16.3070096332219
1740,"Q13557|KCC2D_HUMAN","Calcium/calmodulin-dependent protein kinase type II subunit delta OS=Homo sapiens OX=9606 GN=CAMK2D PE=1 SV=3",7.29524338617276,6.60447393229316,5.34268433677786,2.89620334201972e-05,6.45650426564906e-05,2.44102310172963
1741,"P62942|FKB1A_HUMAN","Peptidyl-prolyl cis-trans isomerase FKBP1A OS=Homo sapiens OX=9606 GN=FKBP1A PE=1 SV=2",11.3700514560169,8.64187796721521,23.0153037485877,3.98155840617446e-16,9.70189864795676e-15,18.1729730437048
1742,"P61224|RAP1B_HUMAN","Ras-related protein Rap-1b OS=Homo sapiens OX=9606 GN=RAP1B PE=1 SV=1",3.27071511219765,4.59220979530561,2.24204336998821,0.0361590266610946,0.044863761729041,-3.7417074478961
1742,"A6NIZ1|RP1BL_HUMAN","Ras-related protein Rap-1b-like protein OS=Homo sapiens OX=9606 PE=2 SV=1",3.27071511219765,4.59220979530561,2.24204336998821,0.0361590266610946,0.044863761729041,-3.7417074478961
1743,"Q9NRV9|HEBP1_HUMAN","Heme-binding protein 1 OS=Homo sapiens OX=9606 GN=HEBP1 PE=1 SV=1",3.99444762867645,4.95407605354501,2.51458856074943,0.0203485409641638,0.0277853909200769,-3.25706477247323
1744,"Q86YS7|C2CD5_HUMAN","C2 domain-containing protein 5 OS=Homo sapiens OX=9606 GN=C2CD5 PE=1 SV=1",2.11893548084766,4.01631997963061,1.6288602665965,0.118609343726095,0.128923199702277,-4.70259036517061
1745,"Q96Q11|TRNT1_HUMAN","CCA tRNA nucleotidyltransferase 1, mitochondrial OS=Homo sapiens OX=9606 GN=TRNT1 PE=1 SV=2",8.03885696988516,6.97628072414936,8.15701611983324,7.17509573118108e-08,1.94673139993285e-07,7.37948452637956
1746,"Q9BWM7|SFXN3_HUMAN","Sideroflexin-3 OS=Homo sapiens OX=9606 GN=SFXN3 PE=1 SV=3",4.702375093224,5.30803978581878,3.1159335678935,0.0053313633859567,0.0079928929267653,-2.1032204884345
1747,"Q9NR45|SIAS_HUMAN","Sialic acid synthase OS=Homo sapiens OX=9606 GN=NANS PE=1 SV=2",10.5938512096105,8.25377784401201,20.6813613205371,3.27092654387538e-15,4.0233441514122e-14,17.4062000028843
1748,"Q9UEE9|CFDP1_HUMAN","Craniofacial development protein 1 OS=Homo sapiens OX=9606 GN=CFDP1 PE=1 SV=1",5.76434435800786,5.83902441821071,3.98017572801878,0.000707677908853697,0.00127853587474741,-0.337426159524399
1749,"Q16512|PKN1_HUMAN","Serine/threonine-protein kinase N1 OS=Homo sapiens OX=9606 GN=PKN1 PE=1 SV=2",5.54620762096459,5.72995604968908,4.15265576412211,0.000470619856138264,0.000864037408742163,0.0197685692208873
1750,"Q9BZE1|RM37_HUMAN","39S ribosomal protein L37, mitochondrial OS=Homo sapiens OX=9606 GN=MRPL37 PE=1 SV=2",2.90209506060658,4.40789976951007,1.90895987463307,0.0703615741058872,0.0837378857210713,-4.28901020011199
1751,"Q9UKE5|TNIK_HUMAN","TRAF2 and NCK-interacting protein kinase OS=Homo sapiens OX=9606 GN=TNIK PE=1 SV=1",4.18982298676518,5.05176373258937,2.92795645318867,0.00817241687860857,0.0118418535877467,-2.47384022326111
1752,"Q8ND24|RN214_HUMAN","RING finger protein 214 OS=Homo sapiens OX=9606 GN=RNF214 PE=1 SV=2",5.69559218724273,5.80464833282815,4.23305407029527,0.000389109356819732,0.000721614173292856,0.186174042216203
1753,"Q9UIA9|XPO7_HUMAN","Exportin-7 OS=Homo sapiens OX=9606 GN=XPO7 PE=1 SV=3",6.82905559651315,6.37138003746336,6.75795506333251,1.24728001917146e-06,3.2099118140442e-06,5.08981755282306
1754,"Q9BV57|MTND_HUMAN","1,2-dihydroxy-3-keto-5-methylthiopentene dioxygenase OS=Homo sapiens OX=9606 GN=ADI1 PE=1 SV=1",4.14783587228958,5.03077017535157,2.56079017476028,0.018416490577431,0.0255003129409785,-3.1721352980764
1755,"Q96N67|DOCK7_HUMAN","Dedicator of cytokinesis protein 7 OS=Homo sapiens OX=9606 GN=DOCK7 PE=1 SV=4",2.65016334596679,4.28193391219018,2.12639885205692,0.0457897673158497,0.0556121779703537,-3.93786536905002
1756,"Q9NVD7|PARVA_HUMAN","Alpha-parvin OS=Homo sapiens OX=9606 GN=PARVA PE=1 SV=1",6.60021979546177,7.66740988598793,3.46792980687963,0.00532131185715809,0.00798404156276642,-1.94066300525805
1757,"Q9Y305|ACOT9_HUMAN","Acyl-coenzyme A thioesterase 9, mitochondrial OS=Homo sapiens OX=9606 GN=ACOT9 PE=1 SV=2",8.16220412465332,7.03795430153344,8.49191210687261,3.76527697120647e-08,1.0376747558443e-07,7.87802198723525
1758,"P08779|K1C16_HUMAN","Keratin, type I cytoskeletal 16 OS=Homo sapiens OX=9606 GN=KRT16 PE=1 SV=4",0.401328701522021,6.68048983078398,0.229696780480456,0.821346221212569,0.82844719718847,-5.88536147098173
1759,"C4AMC7|WASH3_HUMAN","Putative WAS protein family homolog 3 OS=Homo sapiens OX=9606 GN=WASH3P PE=1 SV=2",2.007584889619,3.96064468401628,1.65759832089237,0.112619106643059,0.123563283150691,-4.66235456766688
1759,"Q6VEQ5|WASH2_HUMAN","WAS protein family homolog 2 OS=Homo sapiens OX=9606 GN=WASH2P PE=2 SV=2",2.007584889619,3.96064468401628,1.65759832089237,0.112619106643059,0.123563283150691,-4.66235456766688
1759,"A8K0Z3|WASH1_HUMAN","WASH complex subunit 1 OS=Homo sapiens OX=9606 GN=WASHC1 PE=1 SV=2",2.007584889619,3.96064468401628,1.65759832089237,0.112619106643059,0.123563283150691,-4.66235456766688
1759,"A8MWX3|WASH4_HUMAN","Putative WAS protein family homolog 4 OS=Homo sapiens OX=9606 GN=WASH4P PE=5 SV=1",2.007584889619,3.96064468401628,1.65759832089237,0.112619106643059,0.123563283150691,-4.66235456766688
1760,"Q13505|MTX1_HUMAN","Metaxin-1 OS=Homo sapiens OX=9606 GN=MTX1 PE=1 SV=3",6.93567173577097,6.42468810709227,5.13763401193162,4.65159605309003e-05,9.98280523596304e-05,2.03317711335316
1761,"P36405|ARL3_HUMAN","ADP-ribosylation factor-like protein 3 OS=Homo sapiens OX=9606 GN=ARL3 PE=1 SV=2",8.44082505882921,7.17726476862139,11.6278857045118,1.74243431279364e-10,5.90006341623175e-10,11.7160956907302
1761,"Q13795|ARFRP_HUMAN","ADP-ribosylation factor-related protein 1 OS=Homo sapiens OX=9606 GN=ARFRP1 PE=1 SV=1",7.73693810835591,6.82532129338474,9.44988790445853,6.44663622336987e-09,1.88598400151778e-08,9.2033488792082
1764,"O75340|PDCD6_HUMAN","Programmed cell death protein 6 OS=Homo sapiens OX=9606 GN=PDCD6 PE=1 SV=1",8.77482408190423,7.3442642801589,5.41736974553531,0.00014006422239814,0.000279547566735531,1.16173444702903
1765,"P46778|RL21_HUMAN","60S ribosomal protein L21 OS=Homo sapiens OX=9606 GN=RPL21 PE=1 SV=2",1.67390796587288,14.1625690689733,2.60877551607709,0.0165931720316591,0.0232135582564998,-3.08316083474886
1766,"Q16762|THTR_HUMAN","Thiosulfate sulfurtransferase OS=Homo sapiens OX=9606 GN=TST PE=1 SV=4",11.1747486125304,8.54422654547198,22.9386507764883,4.25306491638163e-16,1.01075925481909e-14,18.150489811888
1767,"Q9Y316|MEMO1_HUMAN","Protein MEMO1 OS=Homo sapiens OX=9606 GN=MEMO1 PE=1 SV=1",7.59104786244661,8.08914295567126,5.43337686747835,0.000168304698063138,0.000331444034548891,1.0150741107357
1768,"O60739|EIF1B_HUMAN","Eukaryotic translation initiation factor 1b OS=Homo sapiens OX=9606 GN=EIF1B PE=1 SV=2",10.9659296470415,8.43981706272755,17.6451089507056,7.18670107902223e-14,5.04905094055394e-13,16.0900566381422
1768,"P41567|EIF1_HUMAN","Eukaryotic translation initiation factor 1 OS=Homo sapiens OX=9606 GN=EIF1 PE=1 SV=1",10.9659296470415,8.43981706272755,17.6451089507056,7.18670107902223e-14,5.04905094055394e-13,16.0900566381422
1770,"O75886|STAM2_HUMAN","Signal transducing adapter molecule 2 OS=Homo sapiens OX=9606 GN=STAM2 PE=1 SV=1",6.03491583072253,5.97431015456805,4.46620917937379,0.000224267805723038,0.000433014569726026,0.66760179314304
1771,"Q8WYA6|CTBL1_HUMAN","Beta-catenin-like protein 1 OS=Homo sapiens OX=9606 GN=CTNNBL1 PE=1 SV=1",3.16038868303456,4.53704658072407,1.96565845119889,0.0630258900028496,0.0756861124488368,-4.19981067558804
1772,"Q15050|RRS1_HUMAN","Ribosome biogenesis regulatory protein homolog OS=Homo sapiens OX=9606 GN=RRS1 PE=1 SV=2",9.45230605929818,7.68300526885587,11.7990558650724,1.34026884448631e-10,4.60717415292171e-10,11.8874336270329
1773,"P13984|T2FB_HUMAN","General transcription factor IIF subunit 2 OS=Homo sapiens OX=9606 GN=GTF2F2 PE=1 SV=2",7.04754058814234,6.48062253327795,5.25077237783018,3.57983010853496e-05,7.86214827031352e-05,2.25884346393548
1774,"P16949|STMN1_HUMAN","Stathmin OS=Homo sapiens OX=9606 GN=STMN1 PE=1 SV=3",14.2203371985385,10.067020838476,26.5829621447749,2.27261101900608e-17,6.61903413275164e-15,19.0584527036084
1774,"Q93045|STMN2_HUMAN","Stathmin-2 OS=Homo sapiens OX=9606 GN=STMN2 PE=1 SV=3",13.5453068746786,9.72950567654606,27.0900881439282,1.55840780905569e-17,6.61903413275164e-15,19.1625030341264
1775,"Q9BQP7|MGME1_HUMAN","Mitochondrial genome maintenance exonuclease 1 OS=Homo sapiens OX=9606 GN=MGME1 PE=1 SV=1",7.8779837150788,6.89584409674618,8.76077362182572,2.26766090936658e-08,6.35407168927316e-08,8.26482765976116
1776,"P30043|BLVRB_HUMAN","Flavin reductase (NADPH) OS=Homo sapiens OX=9606 GN=BLVRB PE=1 SV=3",-0.29112496073826,12.5710778346489,-0.413975263010374,0.68319003861578,0.692543878007044,-5.82835128574748
1777,"O94888|UBXN7_HUMAN","UBX domain-containing protein 7 OS=Homo sapiens OX=9606 GN=UBXN7 PE=1 SV=2",7.31736462506339,6.61553455173848,5.51415830248483,1.95465383976123e-05,4.49010577749447e-05,2.77798205821686
1778,"P20585|MSH3_HUMAN","DNA mismatch repair protein Msh3 OS=Homo sapiens OX=9606 GN=MSH3 PE=1 SV=4",6.16984930982925,6.04177689412141,4.56990226501982,0.000175613291528455,0.000344954679788037,0.880861308722553
1779,"Q4VC31|CCD58_HUMAN","Coiled-coil domain-containing protein 58 OS=Homo sapiens OX=9606 GN=CCDC58 PE=1 SV=1",5.96078329427335,5.93724388634346,3.75631624040719,0.00120038553642908,0.0021016299751032,-0.800357014058483
1780,"Q8IWS0|PHF6_HUMAN","PHD finger protein 6 OS=Homo sapiens OX=9606 GN=PHF6 PE=1 SV=1",8.00450634964965,6.95910541403161,8.89291521531949,1.77346483104846e-08,5.01309809070233e-08,8.45062790090118
1782,"P51151|RAB9A_HUMAN","Ras-related protein Rab-9A OS=Homo sapiens OX=9606 GN=RAB9A PE=1 SV=1",2.45305986322134,4.18338217081745,1.72479125177774,0.0996068619055072,0.112989516304126,-4.5662520301259
1783,"Q05048|CSTF1_HUMAN","Cleavage stimulation factor subunit 1 OS=Homo sapiens OX=9606 GN=CSTF1 PE=1 SV=1",2.39941371071626,4.15655909456491,1.70177188807412,0.103912065935398,0.116396663286277,-4.59949101730302
1784,"P28072|PSB6_HUMAN","Proteasome subunit beta type-6 OS=Homo sapiens OX=9606 GN=PSMB6 PE=1 SV=4",9.13655823740843,7.525131357911,12.62635910024,3.9220744778876e-11,1.4832992868239e-10,12.6682976282624
1785,"P19404|NDUV2_HUMAN","NADH dehydrogenase [ubiquinone] flavoprotein 2, mitochondrial OS=Homo sapiens OX=9606 GN=NDUFV2 PE=1 SV=2",8.68856306386317,7.30113377113837,10.2163183831177,1.70311139721301e-09,5.22885078091713e-09,10.1622236303986
1786,"Q15648|MED1_HUMAN","Mediator of RNA polymerase II transcription subunit 1 OS=Homo sapiens OX=9606 GN=MED1 PE=1 SV=4",2.23010443400678,4.07190445621017,1.6663108702035,0.110854402228136,0.122149241150064,-4.65005259793843
1787,"Q9UNH7|SNX6_HUMAN","Sorting nexin-6 OS=Homo sapiens OX=9606 GN=SNX6 PE=1 SV=1",5.37580864287965,5.64475656064661,3.38603721843372,0.0028578775228239,0.00457688371999668,-1.55954451388353
1788,"O00233|PSMD9_HUMAN","26S proteasome non-ATPase regulatory subunit 9 OS=Homo sapiens OX=9606 GN=PSMD9 PE=1 SV=3",9.03522994682569,7.47446721261963,14.2558938125334,4.15305031789946e-12,1.84420342836366e-11,14.0009867476992
1789,"P13073|COX41_HUMAN","Cytochrome c oxidase subunit 4 isoform 1, mitochondrial OS=Homo sapiens OX=9606 GN=COX4I1 PE=1 SV=1",10.5247828839442,8.21924368117889,18.4699626075366,2.96944384474185e-14,2.41698917595267e-13,16.4904605357376
1790,"O15372|EIF3H_HUMAN","Eukaryotic translation initiation factor 3 subunit H OS=Homo sapiens OX=9606 GN=EIF3H PE=1 SV=1",-0.901507575267123,12.3983122938419,-0.550040078677689,0.592380889892808,0.6025538774339,-5.76131203485532
1791,"Q8IWZ8|SUGP1_HUMAN","SURP and G-patch domain-containing protein 1 OS=Homo sapiens OX=9606 GN=SUGP1 PE=1 SV=2",6.36549024005996,6.13959735923676,4.63837893177854,0.000149460121744208,0.000296761974582363,1.02131539808683
1794,"O00487|PSDE_HUMAN","26S proteasome non-ATPase regulatory subunit 14 OS=Homo sapiens OX=9606 GN=PSMD14 PE=1 SV=1",11.0775544913099,8.49562948486171,21.6534531994277,1.32657211379144e-15,2.14592547819204e-14,17.7473109159948
1795,"Q13404|UB2V1_HUMAN","Ubiquitin-conjugating enzyme E2 variant 1 OS=Homo sapiens OX=9606 GN=UBE2V1 PE=1 SV=2",8.97302328918752,7.44336388380054,11.4200962945321,2.40548932298581e-10,7.98373611508221e-10,11.5033712527417
1796,"Q8NFD5|ARI1B_HUMAN","AT-rich interactive domain-containing protein 1B OS=Homo sapiens OX=9606 GN=ARID1B PE=1 SV=2",4.99353944309294,5.45362196075325,3.24719679017622,0.00394258379184659,0.00609841205247464,-1.8404140493765
1797,"Q7Z3K3|POGZ_HUMAN","Pogo transposable element with ZNF domain OS=Homo sapiens OX=9606 GN=POGZ PE=1 SV=2",6.7620172646801,6.33786087154684,6.10088888766326,5.21403173704446e-06,1.30350793426111e-05,3.89913520152844
1798,"P61163|ACTZ_HUMAN","Alpha-centractin OS=Homo sapiens OX=9606 GN=ACTR1A PE=1 SV=1",10.4744990707024,8.19410177455801,17.4140714216196,9.26595021913481e-14,6.25749876895513e-13,15.9713370379679
1799,"Q9H9Y6|RPA2_HUMAN","DNA-directed RNA polymerase I subunit RPA2 OS=Homo sapiens OX=9606 GN=POLR1B PE=1 SV=2",5.20436758552964,5.5590360319716,3.97723097505765,0.000712621317612282,0.00128625976221626,-0.343523685227486
1800,"P55081|MFAP1_HUMAN","Microfibrillar-associated protein 1 OS=Homo sapiens OX=9606 GN=MFAP1 PE=1 SV=2",8.0412208916049,6.97746268500923,7.96290567629327,1.04974402710032e-07,2.82623391911623e-07,7.08188946832048
1801,"P39019|RS19_HUMAN","40S ribosomal protein S19 OS=Homo sapiens OX=9606 GN=RPS19 PE=1 SV=2",12.3855800886095,9.14964228351154,23.1728566207451,3.47892655287811e-16,9.17388166341146e-15,18.2186655156472
1802,"Q13144|EI2BE_HUMAN","Translation initiation factor eIF-2B subunit epsilon OS=Homo sapiens OX=9606 GN=EIF2B5 PE=1 SV=3",7.9469452966239,6.93032488751873,9.30624814877689,8.33824894153071e-09,2.42281195659572e-08,9.01385915734927
1803,"O75376|NCOR1_HUMAN","Nuclear receptor corepressor 1 OS=Homo sapiens OX=9606 GN=NCOR1 PE=1 SV=2",3.75897874885971,4.83634161363664,2.46898873230645,0.0224402413914758,0.0301974587057608,-3.34014887159582
1804,"O14561|ACPM_HUMAN","Acyl carrier protein, mitochondrial OS=Homo sapiens OX=9606 GN=NDUFAB1 PE=1 SV=3",10.0204571320478,7.96708080523069,5.3400195840652,0.000257220079421053,0.000490003614928776,0.672376189974819
1805,"Q9NRN7|ADPPT_HUMAN","L-aminoadipate-semialdehyde dehydrogenase-phosphopantetheinyl transferase OS=Homo sapiens OX=9606 GN=AASDHPPT PE=1 SV=2",7.12986414456596,6.52178431148976,5.47786587183738,2.12375784493597e-05,4.82957336267188e-05,2.70699238734703
1806,"Q99747|SNAG_HUMAN","Gamma-soluble NSF attachment protein OS=Homo sapiens OX=9606 GN=NAPG PE=1 SV=1",7.64759910835778,6.78065179338567,5.87427815221739,8.64591630503392e-06,2.11747950218706e-05,3.47225223674847
1807,"Q9Y6N5|SQOR_HUMAN","Sulfide:quinone oxidoreductase, mitochondrial OS=Homo sapiens OX=9606 GN=SQOR PE=1 SV=1",6.80170448991163,6.3577044841626,5.01423488772411,6.19707306017606e-05,0.000130020333960097,1.78537220418648
1808,"P11766|ADHX_HUMAN","Alcohol dehydrogenase class-3 OS=Homo sapiens OX=9606 GN=ADH5 PE=1 SV=4",7.08504633766978,6.49937540804167,5.27760886447084,3.36477121598681e-05,7.43649206747945e-05,2.31214531603386
1809,"Q9Y244|POMP_HUMAN","Proteasome maturation protein OS=Homo sapiens OX=9606 GN=POMP PE=1 SV=1",4.0841726457666,4.99893856209008,2.54702298424165,0.0189734049785016,0.0261257543516564,-3.19751971944718
1810,"Q96BP3|PPWD1_HUMAN","Peptidylprolyl isomerase domain and WD repeat-containing protein 1 OS=Homo sapiens OX=9606 GN=PPWD1 PE=1 SV=1",5.32770444576581,5.62070446208969,3.49853474554544,0.00219847779980531,0.0036514838348794,-1.33019294512522
1811,"P61086|UBE2K_HUMAN","Ubiquitin-conjugating enzyme E2 K OS=Homo sapiens OX=9606 GN=UBE2K PE=1 SV=3",7.18438672782379,9.78443349085765,3.36038836775358,0.00665708592442235,0.00979357310241729,-2.13017153295519
1812,"Q9BWE0|REPI1_HUMAN","Replication initiator 1 OS=Homo sapiens OX=9606 GN=REPIN1 PE=1 SV=1",8.65680701658124,7.28525574749741,12.1199821170385,8.25759118668801e-11,2.93700555612547e-10,12.1994522807199
1813,"Q9NUJ1|ABHDA_HUMAN","Mycophenolic acid acyl-glucuronide esterase, mitochondrial OS=Homo sapiens OX=9606 GN=ABHD10 PE=1 SV=1",8.7056089176015,7.30965669800753,11.2005827240818,3.39797603149968e-10,1.10491619267515e-09,11.2728705398291
1814,"Q6NXG1|ESRP1_HUMAN","Epithelial splicing regulatory protein 1 OS=Homo sapiens OX=9606 GN=ESRP1 PE=1 SV=2",8.67419819328431,7.29395133584894,10.3314054786899,1.40280860791619e-09,4.33800252247175e-09,10.2988747686547
1815,"Q9BWU0|NADAP_HUMAN","Kanadaptin OS=Homo sapiens OX=9606 GN=SLC4A1AP PE=1 SV=1",3.74367707180381,4.82869077510869,2.64348773544286,0.0153817428252198,0.0216051477114543,-3.01832932289245
1816,"P41236|IPP2_HUMAN","Protein phosphatase inhibitor 2 OS=Homo sapiens OX=9606 GN=PPP1R2 PE=1 SV=2",9.71198822875299,7.81284635358328,16.1055210274503,4.14227328572125e-13,2.2493303455609e-12,15.2388292531802
1816,"Q6NXS1|IPP2B_HUMAN","Protein phosphatase inhibitor 2 family member B OS=Homo sapiens OX=9606 GN=PPP1R2B PE=1 SV=2",9.1952635755152,7.55448402696438,14.8149066511534,2.01744877277734e-12,9.58910836443553e-12,14.4030360367938
1816,"Q96PQ5|IPP2L_HUMAN","Putative protein phosphatase inhibitor 2-like protein 1 OS=Homo sapiens OX=9606 GN=PPP1R2P1 PE=5 SV=1",8.16713606459987,7.04042027150672,11.3484620947414,2.69105730170252e-10,8.84122245987189e-10,11.4288109664733
1817,"P17706|PTN2_HUMAN","Tyrosine-protein phosphatase non-receptor type 2 OS=Homo sapiens OX=9606 GN=PTPN2 PE=1 SV=2",4.93139010654623,5.4225472924799,3.1637685564117,0.00477759252661399,0.00722456057638015,-2.00779107483366
1818,"O76071|CIAO1_HUMAN","Probable cytosolic iron-sulfur protein assembly protein CIAO1 OS=Homo sapiens OX=9606 GN=CIAO1 PE=1 SV=1",1.76225225465447,3.83797836653402,1.52819865793342,0.141742164966231,0.150332599206608,-4.83928960446014
1819,"Q13823|NOG2_HUMAN","Nucleolar GTP-binding protein 2 OS=Homo sapiens OX=9606 GN=GNL2 PE=1 SV=1",5.94524729461659,5.92947588651508,3.66132492755751,0.00150105556106807,0.00259528797275614,-0.99615352350177
1820,"P19623|SPEE_HUMAN","Spermidine synthase OS=Homo sapiens OX=9606 GN=SRM PE=1 SV=1",10.1382042063496,8.02595434238161,19.1358418309351,1.49206901691784e-14,1.34530813000789e-13,16.788858907502
1821,"Q9H6R4|NOL6_HUMAN","Nucleolar protein 6 OS=Homo sapiens OX=9606 GN=NOL6 PE=1 SV=2",6.66322425435479,6.28846436638418,4.95688620496205,7.08371553359283e-05,0.000146941297437136,1.66964963653696
1822,"Q9NRG9|AAAS_HUMAN","Aladin OS=Homo sapiens OX=9606 GN=AAAS PE=1 SV=1",4.22533383128761,5.06951915485059,2.58185484279629,0.0175940244333256,0.0244980087046305,-3.13317137703129
1824,"O60333|KIF1B_HUMAN","Kinesin-like protein KIF1B OS=Homo sapiens OX=9606 GN=KIF1B PE=1 SV=5",3.71378030618158,4.81374239229757,2.44858325667893,0.0234398327901326,0.0313344986951426,-3.37708264633574
1824,"O43896|KIF1C_HUMAN","Kinesin-like protein KIF1C OS=Homo sapiens OX=9606 GN=KIF1C PE=1 SV=3",2.14607969113193,4.02989208477274,1.71255864820293,0.101875269129522,0.114834124293456,-4.58395594346043
1825,"Q9Y6C9|MTCH2_HUMAN","Mitochondrial carrier homolog 2 OS=Homo sapiens OX=9606 GN=MTCH2 PE=1 SV=1",9.39883561911452,7.65627004876404,13.5048550908405,1.13760972404654e-11,4.67927076664442e-11,13.4181961032111
1826,"Q07812|BAX_HUMAN","Apoptosis regulator BAX OS=Homo sapiens OX=9606 GN=BAX PE=1 SV=1",9.32756515951797,7.62063481896577,15.4073305444628,9.61898390966232e-13,4.88563166915566e-12,14.8019075514556
1827,"O75131|CPNE3_HUMAN","Copine-3 OS=Homo sapiens OX=9606 GN=CPNE3 PE=1 SV=1",5.73697139292004,8.58797713440495,3.08444240246614,0.0107286795673551,0.0152869786581484,-2.55364902952516
1828,"Q96T37|RBM15_HUMAN","RNA-binding protein 15 OS=Homo sapiens OX=9606 GN=RBM15 PE=1 SV=2",3.05141486302325,4.48255967071841,1.94038593250242,0.0662075646440367,0.0791366419992367,-4.23978418360625
1829,"Q6UXN9|WDR82_HUMAN","WD repeat-containing protein 82 OS=Homo sapiens OX=9606 GN=WDR82 PE=1 SV=1",8.75608777616354,7.33489612728855,12.8158688918409,2.98611681183312e-11,1.14850646608966e-10,12.8366791908769
1830,"Q9NP92|RT30_HUMAN","39S ribosomal protein S30, mitochondrial OS=Homo sapiens OX=9606 GN=MRPS30 PE=1 SV=2",5.5066566187802,5.71018054859688,3.51413234578965,0.00211974939869378,0.00353860107045467,-1.29828761588397
1831,"Q49A26|GLYR1_HUMAN","Putative oxidoreductase GLYR1 OS=Homo sapiens OX=9606 GN=GLYR1 PE=1 SV=4",7.96743623128054,6.94057035484705,9.44501642722076,6.50286704232542e-09,1.90098998579748e-08,9.19697428988593
1832,"O94905|ERLN2_HUMAN","Erlin-2 OS=Homo sapiens OX=9606 GN=ERLIN2 PE=1 SV=1",8.06809839870507,6.99090143855932,10.1658037898067,1.85535413713673e-09,5.66913764125112e-09,10.1016544802773
1833,"Q14573|ITPR3_HUMAN","Inositol 1,4,5-trisphosphate receptor type 3 OS=Homo sapiens OX=9606 GN=ITPR3 PE=1 SV=2",4.91106720010817,5.41238583926087,3.21508518620645,0.00424565045057768,0.00651484824022482,-1.90497255306408
1834,"Q8IX01|SUGP2_HUMAN","SURP and G-patch domain-containing protein 2 OS=Homo sapiens OX=9606 GN=SUGP2 PE=1 SV=2",2.10679802225359,4.01025125033358,1.60944761694835,0.122805876914955,0.132772430812293,-4.72946996496579
1835,"Q9H2U2|IPYR2_HUMAN","Inorganic pyrophosphatase 2, mitochondrial OS=Homo sapiens OX=9606 GN=PPA2 PE=1 SV=2",8.87714503988671,7.39542475915014,10.3869211061922,1.27818285145656e-09,3.9621610129692e-09,10.3641302763202
1836,"P51784|UBP11_HUMAN","Ubiquitin carboxyl-terminal hydrolase 11 OS=Homo sapiens OX=9606 GN=USP11 PE=1 SV=3",3.61846960255541,4.76608704048449,2.41485468082753,0.0251834806489864,0.0332270049686764,-3.4377888808372
1838,"Q9UL15|BAG5_HUMAN","BAG family molecular chaperone regulator 5 OS=Homo sapiens OX=9606 GN=BAG5 PE=1 SV=1",9.0455903699285,7.47964742417103,13.2701489581199,1.57327902719954e-11,6.28242257464648e-11,13.2253528754015
1839,"O43592|XPOT_HUMAN","Exportin-T OS=Homo sapiens OX=9606 GN=XPOT PE=1 SV=2",7.04188016751765,6.47779232296561,5.37618569665599,2.68144567712288e-05,6.00556478005996e-05,2.50716019565836
1840,"Q9UHV9|PFD2_HUMAN","Prefoldin subunit 2 OS=Homo sapiens OX=9606 GN=PFDN2 PE=1 SV=1",11.3614284343415,8.63756645637755,23.1204033532081,3.63844680654149e-16,9.25561271318975e-15,18.2035304332319
1841,"Q9NYK5|RM39_HUMAN","39S ribosomal protein L39, mitochondrial OS=Homo sapiens OX=9606 GN=MRPL39 PE=1 SV=3",8.72525520562227,7.31947984201792,10.9718232094019,4.89628357987182e-10,1.56567207495901e-09,11.0261819049194
1842,"P51572|BAP31_HUMAN","B-cell receptor-associated protein 31 OS=Homo sapiens OX=9606 GN=BCAP31 PE=1 SV=3",9.39446708744418,7.65408578292887,9.28301064099615,5.03564936345638e-08,1.38184248391355e-07,7.43273009263194
1843,"P20340|RAB6A_HUMAN","Ras-related protein Rab-6A OS=Homo sapiens OX=9606 GN=RAB6A PE=1 SV=3",7.17755465609108,10.3519518286301,4.35715244936603,0.00100998368186673,0.00179108114932608,-0.505052439939067
1843,"Q9NRW1|RAB6B_HUMAN","Ras-related protein Rab-6B OS=Homo sapiens OX=9606 GN=RAB6B PE=1 SV=1",5.67316511316852,9.59975705716882,3.25971082146256,0.00774358570221103,0.011254362005856,-2.26993876972744
1844,"O00461|GOLI4_HUMAN","Golgi integral membrane protein 4 OS=Homo sapiens OX=9606 GN=GOLIM4 PE=1 SV=1",4.90437586025634,5.40904016933495,3.16847780533028,0.00472619609121406,0.00716090316850615,-1.99837423472752
1845,"P82663|RT25_HUMAN","28S ribosomal protein S25, mitochondrial OS=Homo sapiens OX=9606 GN=MRPS25 PE=1 SV=1",7.68429617860766,6.79900032851061,9.21201750988239,9.88504914177284e-09,2.85074450905059e-08,8.88781774535789
1848,"P53701|CCHL_HUMAN","Cytochrome c-type heme lyase OS=Homo sapiens OX=9606 GN=HCCS PE=1 SV=1",5.63600095161733,5.77485271501545,3.62194389433229,0.00164652782919859,0.00282366687858111,-1.07715708285163
1849,"Q14232|EI2BA_HUMAN","Translation initiation factor eIF-2B subunit alpha OS=Homo sapiens OX=9606 GN=EIF2B1 PE=1 SV=1",3.15502808934651,4.53436628388004,2.30276954439736,0.0318798444136214,0.040254969167741,-3.63631929946999
1850,"O75934|SPF27_HUMAN","Pre-mRNA-splicing factor SPF27 OS=Homo sapiens OX=9606 GN=BCAS2 PE=1 SV=1",10.3640626748322,8.13888357662288,18.1835182836024,4.01993154543577e-14,3.13929745434639e-13,16.3554303513711
1851,"Q96EY8|MMAB_HUMAN","Corrinoid adenosyltransferase OS=Homo sapiens OX=9606 GN=MMAB PE=1 SV=1",8.49926326732652,7.20648387287005,12.1054249869738,8.43920754291035e-11,2.99455751522625e-10,12.1855545533303
1852,"P06280|AGAL_HUMAN","Alpha-galactosidase A OS=Homo sapiens OX=9606 GN=GLA PE=1 SV=1",-0.311364286593864,14.7309377843706,-0.438891305996187,0.665329807369148,0.674616739102244,-5.81810679350537
1853,"O95456|PSMG1_HUMAN","Proteasome assembly chaperone 1 OS=Homo sapiens OX=9606 GN=PSMG1 PE=1 SV=1",6.32903071956843,6.121367598991,3.9368798807475,0.000783927061094808,0.00140901922745799,-0.427063678278479
1854,"Q9HDC9|APMAP_HUMAN","Adipocyte plasma membrane-associated protein OS=Homo sapiens OX=9606 GN=APMAP PE=1 SV=2",10.9033115366639,8.40850800753871,18.5137762746345,2.83605797734494e-14,2.31822148891253e-13,16.5107513109294
1855,"P50542|PEX5_HUMAN","Peroxisomal targeting signal 1 receptor OS=Homo sapiens OX=9606 GN=PEX5 PE=1 SV=3",2.46761399895919,4.19065923868638,1.71186165806457,0.102005838465655,0.114898325948733,-4.58496191376977
1856,"Q8TBC4|UBA3_HUMAN","NEDD8-activating enzyme E1 catalytic subunit OS=Homo sapiens OX=9606 GN=UBA3 PE=1 SV=2",6.6409849488249,6.27734471361923,4.97954008712024,6.71904935738742e-05,0.00013982886500509,1.71540306393556
1857,"P49720|PSB3_HUMAN","Proteasome subunit beta type-3 OS=Homo sapiens OX=9606 GN=PSMB3 PE=1 SV=2",6.88694488980823,6.4003246841109,5.17445312060158,4.27104701607633e-05,9.20690426197866e-05,2.10678285895206
1858,"P04080|CYTB_HUMAN","Cystatin-B OS=Homo sapiens OX=9606 GN=CSTB PE=1 SV=2",10.6364952982513,8.27509988833241,21.7427815410359,1.22328925319675e-15,2.0419229063148e-14,17.7770181998985
1859,"Q9H1A4|APC1_HUMAN","Anaphase-promoting complex subunit 1 OS=Homo sapiens OX=9606 GN=ANAPC1 PE=1 SV=1",3.24084030803757,6.79966941581888,1.77782761435211,0.0971480173398022,0.110755068628439,-4.50541473633525
1860,"Q7Z478|DHX29_HUMAN","ATP-dependent RNA helicase DHX29 OS=Homo sapiens OX=9606 GN=DHX29 PE=1 SV=2",4.02968122764172,4.97169285302764,2.87852636452765,0.00913364607302089,0.0131407090362969,-2.56999217339321
1861,"Q9NYH9|UTP6_HUMAN","U3 small nucleolar RNA-associated protein 6 homolog OS=Homo sapiens OX=9606 GN=UTP6 PE=2 SV=2",7.60334624998861,6.75852536420109,8.47293617298029,3.90385306305158e-08,1.075095442972e-07,7.85027294157372
1862,"O94992|HEXI1_HUMAN","Protein HEXIM1 OS=Homo sapiens OX=9606 GN=HEXIM1 PE=1 SV=1",7.70359927809542,7.751960086004,8.07208666592975,2.8004815491562e-07,7.38989305294817e-07,6.20134495592573
1863,"Q9BY42|RTF2_HUMAN","Replication termination factor 2 OS=Homo sapiens OX=9606 GN=RTF2 PE=1 SV=3",5.70113250668433,5.80741849254894,3.65999645966409,0.00150574933345839,0.00260112789573919,-0.998887838158659
1864,"Q9Y2H6|FND3A_HUMAN","Fibronectin type-III domain-containing protein 3A OS=Homo sapiens OX=9606 GN=FNDC3A PE=1 SV=4",4.18779626544332,5.05075037192845,2.52868148943144,0.0197399415138509,0.0270265913329751,-3.2312371683111
1865,"P35250|RFC2_HUMAN","Replication factor C subunit 2 OS=Homo sapiens OX=9606 GN=RFC2 PE=1 SV=3",4.93324436464543,5.4234744215295,2.73981536288697,0.0124431031219197,0.0176384193738553,-2.83647239971604
1866,"Q99986|VRK1_HUMAN","Serine/threonine-protein kinase VRK1 OS=Homo sapiens OX=9606 GN=VRK1 PE=1 SV=1",5.48616489432492,5.69993468636924,3.28995042757644,0.0035716059532486,0.00555134554703557,-1.75421410233238
1867,"Q8NC60|NOA1_HUMAN","Nitric oxide-associated protein 1 OS=Homo sapiens OX=9606 GN=NOA1 PE=1 SV=2",5.50318141951386,5.70844294896371,3.43797082934949,0.00253234302426544,0.0041311528150093,-1.45384158243624
1868,"P26447|S10A4_HUMAN","Protein S100-A4 OS=Homo sapiens OX=9606 GN=S100A4 PE=1 SV=1",13.1774012973206,9.5455528878671,24.6100625490119,1.05519756054036e-16,6.61903413275164e-15,18.605235203259
1870,"Q9H4A6|GOLP3_HUMAN","Golgi phosphoprotein 3 OS=Homo sapiens OX=9606 GN=GOLPH3 PE=1 SV=1",8.18420517702508,7.04895482771932,10.593698625488,9.06591056804387e-10,2.83770371438772e-09,10.6034458995178
1872,"Q96QD8|S38A2_HUMAN","Sodium-coupled neutral amino acid transporter 2 OS=Homo sapiens OX=9606 GN=SLC38A2 PE=1 SV=2",9.89450424720614,7.90410436280985,17.6254075827811,7.34328826943971e-14,5.13097274724916e-13,16.0800492133813
1873,"Q8WWQ0|PHIP_HUMAN","PH-interacting protein OS=Homo sapiens OX=9606 GN=PHIP PE=1 SV=2",3.19299901143954,6.99574020905617,1.7316117305195,0.107424662725406,0.119468741447037,-4.57452611312887
1874,"P55145|MANF_HUMAN","Mesencephalic astrocyte-derived neurotrophic factor OS=Homo sapiens OX=9606 GN=MANF PE=1 SV=3",8.8888889180266,7.40129669822008,12.9177647032877,2.58231881289307e-11,1.00322173861133e-10,12.9256732107748
1875,"P49773|HINT1_HUMAN","Histidine triad nucleotide-binding protein 1 OS=Homo sapiens OX=9606 GN=HINT1 PE=1 SV=2",8.89060471338796,7.40215459590076,4.84554519475582,0.000458097768591475,0.000842654758278633,0.176530159504721
1876,"P30533|AMRP_HUMAN","Alpha-2-macroglobulin receptor-associated protein OS=Homo sapiens OX=9606 GN=LRPAP1 PE=1 SV=1",5.3494575704956,5.63158102445458,3.38305144123872,0.00287779121341623,0.00460685911503222,-1.56561178524151
1877,"Q9UJX3|APC7_HUMAN","Anaphase-promoting complex subunit 7 OS=Homo sapiens OX=9606 GN=ANAPC7 PE=1 SV=4",3.75274100031139,4.83322273936248,2.4474072037514,0.0234986897917472,0.0314022754940044,-3.37920657935287
1878,"O15212|PFD6_HUMAN","Prefoldin subunit 6 OS=Homo sapiens OX=9606 GN=PFDN6 PE=1 SV=1",9.42105673405186,8.93006035731109,7.2339975763064,1.25504685952999e-05,2.99190737411174e-05,3.06985053700129
1879,"Q9BX40|LS14B_HUMAN","Protein LSM14 homolog B OS=Homo sapiens OX=9606 GN=LSM14B PE=1 SV=1",8.53732385775941,7.22551416808649,11.3752715043772,2.5802564414024e-10,8.53435334999934e-10,11.4567897563736
1880,"P48506|GSH1_HUMAN","Glutamate--cysteine ligase catalytic subunit OS=Homo sapiens OX=9606 GN=GCLC PE=1 SV=2",5.6115366488888,5.76262056365118,3.58786991819712,0.00178356297464884,0.00303702673701816,-1.14715128585848
1881,"P62993|GRB2_HUMAN","Growth factor receptor-bound protein 2 OS=Homo sapiens OX=9606 GN=GRB2 PE=1 SV=1",3.28791469436739,8.1496592671082,1.89180198200004,0.0855184791963976,0.0996206187310532,-4.36130521734968
1882,"Q13363|CTBP1_HUMAN","C-terminal-binding protein 1 OS=Homo sapiens OX=9606 GN=CTBP1 PE=1 SV=2",5.40174914593335,5.65772681217346,3.5327351238954,0.00202947237420545,0.00340901773154057,-1.26020455961332
1883,"P29218|IMPA1_HUMAN","Inositol monophosphatase 1 OS=Homo sapiens OX=9606 GN=IMPA1 PE=1 SV=1",9.18933071191159,7.55151759516258,13.2884977979831,1.53364736029285e-11,6.14416476287978e-11,13.2406205993666
1884,"Q9Y371|SHLB1_HUMAN","Endophilin-B1 OS=Homo sapiens OX=9606 GN=SH3GLB1 PE=1 SV=1",8.48683390651688,7.20026919246522,10.0637495250819,2.2076833023567e-09,6.70313936441112e-09,9.97817913186526
1886,"P52306|GDS1_HUMAN","Rap1 GTPase-GDP dissociation stimulator 1 OS=Homo sapiens OX=9606 GN=RAP1GDS1 PE=1 SV=3",4.40112013667546,5.15741230754451,2.95937178823259,0.00761282294523696,0.0110936291972605,-2.41243082698324
1887,"P61020|RAB5B_HUMAN","Ras-related protein Rab-5B OS=Homo sapiens OX=9606 GN=RAB5B PE=1 SV=1",7.03012766218322,6.47191607029839,5.33755248735442,2.93061434169739e-05,6.52565946531808e-05,2.43087926760933
1888,"P51571|SSRD_HUMAN","Translocon-associated protein subunit delta OS=Homo sapiens OX=9606 GN=SSR4 PE=1 SV=1",10.8575637022063,8.38563409030994,20.939418488808,2.56451693743659e-15,3.3582959895003e-14,17.5000436801635
1890,"Q9NRL2|BAZ1A_HUMAN","Bromodomain adjacent to zinc finger domain protein 1A OS=Homo sapiens OX=9606 GN=BAZ1A PE=1 SV=2",4.28643655202215,5.10007051521786,2.59370080338302,0.0171468096460802,0.0239619662930704,-3.11119450514651
1891,"Q04760|LGUL_HUMAN","Lactoylglutathione lyase OS=Homo sapiens OX=9606 GN=GLO1 PE=1 SV=4",5.85099840793687,5.88235144317522,2.79738163001945,0.0124412477592759,0.0176384193738553,-2.79967076585748
1892,"Q9BTV4|TMM43_HUMAN","Transmembrane protein 43 OS=Homo sapiens OX=9606 GN=TMEM43 PE=1 SV=1",5.25729013742922,5.58549730792139,3.2835448217959,0.00362493620704374,0.00562742112787031,-1.76714639119857
1893,"Q9GZZ1|NAA50_HUMAN","N-alpha-acetyltransferase 50 OS=Homo sapiens OX=9606 GN=NAA50 PE=1 SV=1",4.83308580404037,5.37339514122697,3.17747872479199,0.00462945053893697,0.00703925141189073,-1.98036488753112
1894,"P52758|RIDA_HUMAN","2-iminobutanoate/2-iminopropanoate deaminase OS=Homo sapiens OX=9606 GN=RIDA PE=1 SV=1",9.72615882305739,7.81993165073548,14.8152154835649,2.01665695960467e-12,9.58910836443553e-12,14.4032510856533
1895,"P63000|RAC1_HUMAN","Ras-related C3 botulinum toxin substrate 1 OS=Homo sapiens OX=9606 GN=RAC1 PE=1 SV=1",2.44828205801371,4.18099326821364,1.71190610267405,0.101997508249941,0.114898325948733,-4.58489777549915
1896,"Q9H074|PAIP1_HUMAN","Polyadenylate-binding protein-interacting protein 1 OS=Homo sapiens OX=9606 GN=PAIP1 PE=1 SV=1",6.27527789396961,6.09449118619159,3.91214350644203,0.000831105632072474,0.00148687578228579,-0.478261515954741
1897,"Q12955|ANK3_HUMAN","Ankyrin-3 OS=Homo sapiens OX=9606 GN=ANK3 PE=1 SV=3",-1.72967107774753,11.1401378232217,-0.726181086908338,0.483290371278667,0.493022768792493,-5.65066542906579
1897,"Q01484|ANK2_HUMAN","Ankyrin-2 OS=Homo sapiens OX=9606 GN=ANK2 PE=1 SV=4",-5.34447370289997,9.33273651064546,-1.97424894068187,0.0755800803276309,0.0894232665216285,-4.24902213091297
1898,"O15164|TIF1A_HUMAN","Transcription intermediary factor 1-alpha OS=Homo sapiens OX=9606 GN=TRIM24 PE=1 SV=3",3.29270336241701,5.71580291023369,2.10375485974514,0.0479279942863255,0.0580625481442269,-3.97554367112523
1899,"Q7Z7K6|CENPV_HUMAN","Centromere protein V OS=Homo sapiens OX=9606 GN=CENPV PE=1 SV=1",9.0040699718782,7.45888722514588,14.7300918421651,2.2476890417717e-12,1.05531741595378e-11,14.3436877403883
1900,"P30038|AL4A1_HUMAN","Delta-1-pyrroline-5-carboxylate dehydrogenase, mitochondrial OS=Homo sapiens OX=9606 GN=ALDH4A1 PE=1 SV=3",0.300200806825632,9.56155640010078,0.23863230088416,0.815367747077861,0.82263255404868,-5.88285635629989
1901,"Q15738|NSDHL_HUMAN","Sterol-4-alpha-carboxylate 3-dehydrogenase, decarboxylating OS=Homo sapiens OX=9606 GN=NSDHL PE=1 SV=2",3.86376564076388,4.88873505958872,2.46806308686265,0.0224847107280742,0.0302361635707599,-3.34182761406862
1902,"P38432|COIL_HUMAN","Coilin OS=Homo sapiens OX=9606 GN=COIL PE=1 SV=1",6.47405007339849,6.19387727590603,4.88752359821935,8.32989574929499e-05,0.000171131796343574,1.52924023607832
1904,"Q9NRX4|PHP14_HUMAN","14 kDa phosphohistidine phosphatase OS=Homo sapiens OX=9606 GN=PHPT1 PE=1 SV=1",1.62169253845564,10.9945058236285,1.05721142750179,0.310384077574803,0.319855112061828,-5.37658786482596
1905,"Q96C19|EFHD2_HUMAN","EF-hand domain-containing protein D2 OS=Homo sapiens OX=9606 GN=EFHD2 PE=1 SV=1",9.83078585370769,7.87224516606063,16.5677857239884,2.41220337757004e-13,1.41139559325907e-12,15.5098227819642
1905,"Q9BUP0|EFHD1_HUMAN","EF-hand domain-containing protein D1 OS=Homo sapiens OX=9606 GN=EFHD1 PE=1 SV=1",7.19094163784669,6.55232305813013,5.36698669913196,2.73874760935665e-05,6.12677414062934e-05,2.48901431173452
1906,"Q8IXB1|DJC10_HUMAN","DnaJ homolog subfamily C member 10 OS=Homo sapiens OX=9606 GN=DNAJC10 PE=1 SV=2",5.55697781442401,5.73534114641879,3.45174269273718,0.00245230364639614,0.00402273925804224,-1.42575908720364
1907,"Q9BRX5|PSF3_HUMAN","DNA replication complex GINS protein PSF3 OS=Homo sapiens OX=9606 GN=GINS3 PE=1 SV=1",2.78128271993983,4.3474935991767,2.09753251939588,0.0485311369474176,0.0587747333273223,-3.98585394963545
1908,"Q9Y6X4|F169A_HUMAN","Soluble lamin-associated protein of 75 kDa OS=Homo sapiens OX=9606 GN=FAM169A PE=1 SV=2",2.39759814940226,4.15565131390791,1.70893562882539,0.10255554262206,0.115348769820313,-4.58918180907908
1909,"Q9Y221|NIP7_HUMAN","60S ribosome subunit biogenesis protein NIP7 homolog OS=Homo sapiens OX=9606 GN=NIP7 PE=1 SV=1",8.27884274828275,7.09627361334815,9.89527407270422,2.9494306743376e-09,8.86440913052285e-09,9.77106063873663
1910,"Q9NQP4|PFD4_HUMAN","Prefoldin subunit 4 OS=Homo sapiens OX=9606 GN=PFDN4 PE=1 SV=1",9.98343699485753,8.85764858613981,11.2661494219578,6.77685577378701e-09,1.97508665625132e-08,8.6187782394931
1912,"Q14739|LBR_HUMAN","Delta(14)-sterol reductase LBR OS=Homo sapiens OX=9606 GN=LBR PE=1 SV=2",8.73575644458605,7.32473046149981,12.0541544091641,9.11272485488056e-11,3.21576449965996e-10,12.1364152011169
1913,"P06865|HEXA_HUMAN","Beta-hexosaminidase subunit alpha OS=Homo sapiens OX=9606 GN=HEXA PE=1 SV=2",6.42739203155153,6.17054825498255,4.78284423187386,0.000106442954912401,0.000215120932500128,1.31647732947147
1915,"P20823|HNF1A_HUMAN","Hepatocyte nuclear factor 1-alpha OS=Homo sapiens OX=9606 GN=HNF1A PE=1 SV=2",4.4880689434796,5.20088671094658,3.05785555065307,0.00608763076611342,0.00901784472856355,-2.21850900324941
1916,"Q00403|TF2B_HUMAN","Transcription initiation factor IIB OS=Homo sapiens OX=9606 GN=GTF2B PE=1 SV=1",7.05298418101537,6.48334432971447,5.33840652168276,2.92485898321625e-05,6.51661289663343e-05,2.43256762190465
1917,"Q8WXI9|P66B_HUMAN","Transcriptional repressor p66-beta OS=Homo sapiens OX=9606 GN=GATAD2B PE=1 SV=1",5.54697224050719,5.73033835946038,4.15917477001044,0.000463417557096172,0.000852033235348739,0.0332656605199162
1918,"Q9H4B7|TBB1_HUMAN","Tubulin beta-1 chain OS=Homo sapiens OX=9606 GN=TUBB1 PE=1 SV=1",2.09931808042142,4.0065112794175,1.61438827390712,0.121726174709897,0.13175309885665,-4.7226520196979
1919,"Q9H2W6|RM46_HUMAN","39S ribosomal protein L46, mitochondrial OS=Homo sapiens OX=9606 GN=MRPL46 PE=1 SV=1",10.1387184726836,8.02621147554859,17.7549850138929,6.37516067962839e-14,4.57064592487324e-13,16.145477260436
1920,"Q9UBQ5|EIF3K_HUMAN","Eukaryotic translation initiation factor 3 subunit K OS=Homo sapiens OX=9606 GN=EIF3K PE=1 SV=1",6.94830376620613,9.94952715105743,3.12478368510118,0.0100481068319619,0.0143597666306806,-2.49421902579632
1921,"P31483|TIA1_HUMAN","Nucleolysin TIA-1 isoform p40 OS=Homo sapiens OX=9606 GN=TIA1 PE=1 SV=3",8.08005086357594,6.99687767099475,9.07460645228362,1.26942698164824e-08,3.62558893126538e-08,8.70153102663499
1922,"Q9NS86|LANC2_HUMAN","LanC-like protein 2 OS=Homo sapiens OX=9606 GN=LANCL2 PE=1 SV=1",2.6473364994701,4.28052048894183,1.85970676450623,0.0773342566679242,0.0913583578310856,-4.3650655199872
1923,"O75832|PSD10_HUMAN","26S proteasome non-ATPase regulatory subunit 10 OS=Homo sapiens OX=9606 GN=PSMD10 PE=1 SV=1",4.39520246844646,5.15445347343001,2.62349038462967,0.0160690356660702,0.0224966499324983,-3.0557251538949
1924,"Q13217|DNJC3_HUMAN","DnaJ homolog subfamily C member 3 OS=Homo sapiens OX=9606 GN=DNAJC3 PE=1 SV=1",7.28027790728011,6.59699119284684,5.2164015143251,3.87582826298908e-05,8.44478710385283e-05,2.19044851020823
1925,"Q9BV20|MTNA_HUMAN","Methylthioribose-1-phosphate isomerase OS=Homo sapiens OX=9606 GN=MRI1 PE=1 SV=1",6.0001454209231,5.95692494966833,3.76353172476502,0.00118015183802842,0.00206997019426397,-0.785464125887092
1926,"P78330|SERB_HUMAN","Phosphoserine phosphatase OS=Homo sapiens OX=9606 GN=PSPH PE=1 SV=2",7.21807533171071,6.56588990506214,5.46749845243857,2.17475112282519e-05,4.93678763141332e-05,2.68668040153596
1927,"O75208|COQ9_HUMAN","Ubiquinone biosynthesis protein COQ9, mitochondrial OS=Homo sapiens OX=9606 GN=COQ9 PE=1 SV=1",8.701329191732,7.30751683507278,12.268758824297,6.61891227157723e-11,2.40858338805032e-10,12.3401252755441
1928,"Q92979|NEP1_HUMAN","Ribosomal RNA small subunit methyltransferase NEP1 OS=Homo sapiens OX=9606 GN=EMG1 PE=1 SV=4",8.95831924540593,7.43601186190975,13.668484855973,9.09886434714861e-12,3.80354264240197e-11,13.5495448468421
1929,"P16278|BGAL_HUMAN","Beta-galactosidase OS=Homo sapiens OX=9606 GN=GLB1 PE=1 SV=2",7.59032990432413,6.75201719136885,8.58361961088864,3.16391581075235e-08,8.78231858067523e-08,8.01129104462552
1931,"Q92882|OSTF1_HUMAN","Osteoclast-stimulating factor 1 OS=Homo sapiens OX=9606 GN=OSTF1 PE=1 SV=2",7.23815009548484,6.5759272869492,5.48962739576993,2.06738082655345e-05,4.70971371729633e-05,2.73001810937396
1932,"P0DN76|U2AF5_HUMAN","Splicing factor U2AF 35 kDa subunit-like protein OS=Homo sapiens OX=9606 GN=U2AF1L5 PE=1 SV=1",8.86084176938786,7.38727312390071,9.21957291210849,9.75069588392265e-09,2.81410638329102e-08,8.89797469655781
1932,"Q01081|U2AF1_HUMAN","Splicing factor U2AF 35 kDa subunit OS=Homo sapiens OX=9606 GN=U2AF1 PE=1 SV=3",8.86084176938786,7.38727312390071,9.21957291210849,9.75069588392265e-09,2.81410638329102e-08,8.89797469655781
1933,"Q96B97|SH3K1_HUMAN","SH3 domain-containing kinase-binding protein 1 OS=Homo sapiens OX=9606 GN=SH3KBP1 PE=1 SV=2",7.1956589245726,6.55468170149308,5.43263470158454,2.35557131805868e-05,5.31903200851961e-05,2.61826894811735
1934,"Q92796|DLG3_HUMAN","Disks large homolog 3 OS=Homo sapiens OX=9606 GN=DLG3 PE=1 SV=2",4.24934921344026,5.08152684592692,2.97219709103984,0.00739512544995888,0.0108091241390819,-2.38729580642486
1935,"Q53HC9|EIPR1_HUMAN","EARP and GARP complex-interacting protein 1 OS=Homo sapiens OX=9606 GN=EIPR1 PE=1 SV=2",7.03732020643678,6.47551234242517,6.97570656614054,7.86077859095426e-07,2.03935293633247e-06,5.468349658448
1936,"Q49AR2|CE022_HUMAN","UPF0489 protein C5orf22 OS=Homo sapiens OX=9606 GN=C5orf22 PE=1 SV=2",1.75928563442108,3.83649505641733,1.50409717565289,0.14780287919156,0.155987139497671,-4.87101659389615
1937,"P39880|CUX1_HUMAN","Homeobox protein cut-like 1 OS=Homo sapiens OX=9606 GN=CUX1 PE=1 SV=3",6.35643308932989,6.13506878387173,4.61820374202634,0.000156728882549779,0.000309756775059882,0.979967463103876
1937,"Q13948|CASP_HUMAN","Protein CASP OS=Homo sapiens OX=9606 GN=CUX1 PE=1 SV=2",6.3442804563984,6.12899246740598,4.61163700760833,0.000159170858551977,0.00031426041303852,0.966503074258899
1938,"P07099|HYEP_HUMAN","Epoxide hydrolase 1 OS=Homo sapiens OX=9606 GN=EPHX1 PE=1 SV=1",2.84456810620366,4.37913629230861,2.14330881758053,0.0442496800824814,0.0538312494947605,-3.90956845678949
1939,"Q13617|CUL2_HUMAN","Cullin-2 OS=Homo sapiens OX=9606 GN=CUL2 PE=1 SV=2",5.34376480613795,5.62873464227576,3.41246995769233,0.00268737069534492,0.00435820437113645,-1.50578437124183
1940,"Q9NY61|AATF_HUMAN","Protein AATF OS=Homo sapiens OX=9606 GN=AATF PE=1 SV=1",7.77806780169956,6.84588614005656,5.79718239012333,1.18954989900494e-05,2.85031292297728e-05,3.2029248677931
1941,"P09496|CLCA_HUMAN","Clathrin light chain A OS=Homo sapiens OX=9606 GN=CLTA PE=1 SV=1",10.2718046356781,8.09275455704584,14.9457992091492,1.709269965577e-12,8.24647790409956e-12,14.4935017411685
1942,"Q16740|CLPP_HUMAN","ATP-dependent Clp protease proteolytic subunit, mitochondrial OS=Homo sapiens OX=9606 GN=CLPP PE=1 SV=1",9.99868503399852,7.95619475620605,17.9863233213106,4.96422135899395e-14,3.71833701014138e-13,16.2600249232252
1943,"P48449|LSS_HUMAN","Lanosterol synthase OS=Homo sapiens OX=9606 GN=LSS PE=1 SV=1",7.77440740994593,6.84405594417975,9.28778944909276,8.62013871019064e-09,2.50283062098295e-08,8.98927771882284
1944,"P62888|RL30_HUMAN","60S ribosomal protein L30 OS=Homo sapiens OX=9606 GN=RPL30 PE=1 SV=2",9.63344609986372,7.77357528913864,16.8617555427082,1.72193884417796e-13,1.05062829636849e-12,15.6750445742846
1945,"Q9NX46|ADPRS_HUMAN","ADP-ribose glycohydrolase ARH3 OS=Homo sapiens OX=9606 GN=ADPRS PE=1 SV=1",7.48782673345244,6.700765605933,7.95134245897527,1.07398071243487e-07,2.88946592793448e-07,7.06395973119984
1946,"Q86U90|YRDC_HUMAN","YrdC domain-containing protein, mitochondrial OS=Homo sapiens OX=9606 GN=YRDC PE=1 SV=1",4.07540069235821,4.99455258538589,2.52899536629704,0.0197265830481577,0.0270179099023149,-3.23066114544867
1947,"P11172|UMPS_HUMAN","Uridine 5'-monophosphate synthase OS=Homo sapiens OX=9606 GN=UMPS PE=1 SV=1",9.33648975636596,7.62509711738976,13.278383432178,1.55536282813097e-11,6.21822106781333e-11,13.2322086858135
1948,"Q7L9B9|EEPD1_HUMAN","Endonuclease/exonuclease/phosphatase family domain-containing protein 1 OS=Homo sapiens OX=9606 GN=EEPD1 PE=1 SV=2",2.23879541196237,4.07624994518797,1.73983133751166,0.0968772758567007,0.110550441032552,-4.54435973110492
1949,"Q9UNS1|TIM_HUMAN","Protein timeless homolog OS=Homo sapiens OX=9606 GN=TIMELESS PE=1 SV=2",5.46881676376534,5.69126062108945,3.97590222802048,0.000714863156892518,0.00128970157171331,-0.346275007901424
1950,"Q9BV44|THUM3_HUMAN","THUMP domain-containing protein 3 OS=Homo sapiens OX=9606 GN=THUMPD3 PE=1 SV=1",2.80565967668631,4.35968207754994,1.89359291061653,0.0724752214395523,0.0860671198464763,-4.31288431775641
1952,"O43809|CPSF5_HUMAN","Cleavage and polyadenylation specificity factor subunit 5 OS=Homo sapiens OX=9606 GN=NUDT21 PE=1 SV=1",9.89705355212157,7.90537901526757,15.8207665206212,5.81830060086425e-13,3.08971825011412e-12,15.0647771932419
1953,"P08133|ANXA6_HUMAN","Annexin A6 OS=Homo sapiens OX=9606 GN=ANXA6 PE=1 SV=3",1.3587536159775,7.96437628903497,0.688584828581848,0.505754748872413,0.515666256133154,-5.67632654377783
1954,"P25325|THTM_HUMAN","3-mercaptopyruvate sulfurtransferase OS=Homo sapiens OX=9606 GN=MPST PE=1 SV=3",9.3811057041632,7.64740509128838,12.9370244716259,2.5126263164229e-11,9.78120456848146e-11,12.942374803871
1955,"P35611|ADDA_HUMAN","Alpha-adducin OS=Homo sapiens OX=9606 GN=ADD1 PE=1 SV=2",7.61142893864738,6.76256670853047,8.81256673426317,2.05882653219389e-08,5.78153329609516e-08,8.33798804855897
1956,"Q9BPX5|ARP5L_HUMAN","Actin-related protein 2/3 complex subunit 5-like protein OS=Homo sapiens OX=9606 GN=ARPC5L PE=1 SV=1",5.81990372097839,5.86680409969598,3.71126869542292,0.00133470639556748,0.00232201519337316,-0.893274727632257
1957,"O75663|TIPRL_HUMAN","TIP41-like protein OS=Homo sapiens OX=9606 GN=TIPRL PE=1 SV=2",8.16270408571139,7.03820428206248,8.66994649423993,2.68855734882894e-08,7.49525401375194e-08,8.13547882286819
1958,"Q16186|ADRM1_HUMAN","Proteasomal ubiquitin receptor ADRM1 OS=Homo sapiens OX=9606 GN=ADRM1 PE=1 SV=2",5.21149705682654,6.06742333868695,3.22964628135307,0.00410551351230413,0.00633262300575757,-1.87571858319131
1959,"Q5TBB1|RNH2B_HUMAN","Ribonuclease H2 subunit B OS=Homo sapiens OX=9606 GN=RNASEH2B PE=1 SV=1",4.79458731646772,5.35414589744065,2.88435308337735,0.00901494098026887,0.0129796270658321,-2.55868883344483
1960,"P60510|PP4C_HUMAN","Serine/threonine-protein phosphatase 4 catalytic subunit OS=Homo sapiens OX=9606 GN=PPP4C PE=1 SV=1",7.13702391496381,6.52536419668869,6.64689570966827,1.58223235579034e-06,4.05026234693671e-06,4.89363511596266
1961,"Q9NX24|NHP2_HUMAN","H/ACA ribonucleoprotein complex subunit 2 OS=Homo sapiens OX=9606 GN=NHP2 PE=1 SV=1",5.58156823137999,5.74763635489678,3.39658215948011,0.00278862198495314,0.00448275350399566,-1.53810782615165
1962,"Q9BXY0|MAK16_HUMAN","Protein MAK16 homolog OS=Homo sapiens OX=9606 GN=MAK16 PE=1 SV=2",8.48575687358131,7.19973067599744,11.5744789627034,1.89222276917642e-10,6.36249577408664e-10,11.6619204560613
1963,"Q9UEW8|STK39_HUMAN","STE20/SPS1-related proline-alanine-rich protein kinase OS=Homo sapiens OX=9606 GN=STK39 PE=1 SV=3",2.28343514694092,4.09856981267724,1.67571919101178,0.108975161899064,0.120730400036389,-4.63671450105494
1964,"Q96S55|WRIP1_HUMAN","ATPase WRNIP1 OS=Homo sapiens OX=9606 GN=WRNIP1 PE=1 SV=2",5.25373397663193,5.58371922752275,4.02972540676814,0.000629441879469946,0.00114201283504208,-0.234814106321924
1965,"Q9UBU8|MO4L1_HUMAN","Mortality factor 4-like protein 1 OS=Homo sapiens OX=9606 GN=MORF4L1 PE=1 SV=2",2.24777167289524,4.0807380756544,1.74827144493454,0.0953738280927092,0.109217500939004,-4.53201424575149
1967,"Q9UBL3|ASH2L_HUMAN","Set1/Ash2 histone methyltransferase complex subunit ASH2 OS=Homo sapiens OX=9606 GN=ASH2L PE=1 SV=1",5.49091099995104,5.7023077391823,3.57172479719326,0.00185236185283106,0.00314582846643122,-1.18028378976436
1968,"Q96RS6|NUDC1_HUMAN","NudC domain-containing protein 1 OS=Homo sapiens OX=9606 GN=NUDCD1 PE=1 SV=2",6.09456131411341,6.00413289626349,4.52688758830088,0.000194354358913802,0.000379059919867344,0.792473931648513
1970,"P04083|ANXA1_HUMAN","Annexin A1 OS=Homo sapiens OX=9606 GN=ANXA1 PE=1 SV=2",4.36698759521059,5.14034603681208,2.61709794541305,0.016294783302178,0.0228044041124628,-3.06765235243777
1972,"O43670|ZN207_HUMAN","BUB3-interacting and GLEBS motif-containing protein ZNF207 OS=Homo sapiens OX=9606 GN=ZNF207 PE=1 SV=1",9.25642239295717,7.58506343568537,12.3405123829646,5.95354121989887e-11,2.17674584013397e-10,12.4070906208915
1973,"P00374|DYR_HUMAN","Dihydrofolate reductase OS=Homo sapiens OX=9606 GN=DHFR PE=1 SV=2",9.2475762387005,7.58064035855703,13.1638419456584,1.8249185275179e-11,7.22090064845214e-11,13.1362476895588
1974,"Q8NEJ9|NGDN_HUMAN","Neuroguidin OS=Homo sapiens OX=9606 GN=NGDN PE=1 SV=1",5.82037879032844,5.867041634371,3.55770198187721,0.00191423433549744,0.00323095229796805,-1.20904309438726
1975,"P42126|ECI1_HUMAN","Enoyl-CoA delta isomerase 1, mitochondrial OS=Homo sapiens OX=9606 GN=ECI1 PE=1 SV=1",11.0135209914014,8.46361273490748,20.3552590512049,4.46614116953719e-15,5.0920070694587e-14,17.2840231876161
1976,"Q6ZRV2|FA83H_HUMAN","Protein FAM83H OS=Homo sapiens OX=9606 GN=FAM83H PE=1 SV=3",2.10672164924845,4.01021306383101,1.66772162201018,0.110570875186625,0.122011427190744,-4.64805613516173
1977,"Q9NP97|DLRB1_HUMAN","Dynein light chain roadblock-type 1 OS=Homo sapiens OX=9606 GN=DYNLRB1 PE=1 SV=3",2.66141122034783,12.7231599339182,3.82711599168089,0.00101585433165753,0.00179983395162516,-0.654123542514611
1977,"Q8TF09|DLRB2_HUMAN","Dynein light chain roadblock-type 2 OS=Homo sapiens OX=9606 GN=DYNLRB2 PE=1 SV=1",8.40003106090647,7.15686776966002,11.7606411489166,1.4212136317377e-10,4.86803601618339e-10,11.8492834580963
1978,"O60568|PLOD3_HUMAN","Multifunctional procollagen lysine hydroxylase and glycosyltransferase LH3 OS=Homo sapiens OX=9606 GN=PLOD3 PE=1 SV=1",2.87290995440904,4.3933072164113,1.79738962729334,0.0870171230447848,0.101091105528793,-4.45932238861039
1979,"Q9UHJ6|SHPK_HUMAN","Sedoheptulokinase OS=Homo sapiens OX=9606 GN=SHPK PE=1 SV=3",3.59453206865427,4.75411827353392,2.40511846656672,0.0257087983012315,0.0337696599999117,-3.45523183463309
1980,"Q9C0C9|UBE2O_HUMAN","(E3-independent) E2 ubiquitin-conjugating enzyme OS=Homo sapiens OX=9606 GN=UBE2O PE=1 SV=3",1.91758431242599,6.04520408686628,1.0328248712596,0.314461851604047,0.323970599056885,-5.40558926798422
1981,"Q9Y3D9|RT23_HUMAN","28S ribosomal protein S23, mitochondrial OS=Homo sapiens OX=9606 GN=MRPS23 PE=1 SV=2",6.18886318456483,6.0512838314892,4.50993024188174,0.000202284848867698,0.000393729356997289,0.757598285219006
1982,"P61764|STXB1_HUMAN","Syntaxin-binding protein 1 OS=Homo sapiens OX=9606 GN=STXBP1 PE=1 SV=1",6.0689550342309,5.99132975632223,4.46321665660497,0.000225857540780455,0.000435428909366426,0.661438035632941
1983,"Q9BRX2|PELO_HUMAN","Protein pelota homolog OS=Homo sapiens OX=9606 GN=PELO PE=1 SV=2",8.1844077426784,7.04905611054599,10.0330877368191,2.32661951122612e-09,7.04758860599571e-09,9.9407900157937
1984,"Q8IVS2|FABD_HUMAN","Malonyl-CoA-acyl carrier protein transacylase, mitochondrial OS=Homo sapiens OX=9606 GN=MCAT PE=1 SV=2",8.26514297376205,7.08942372608781,11.0758145996112,4.1443092030345e-10,1.33296494834443e-09,11.1391546212064
1985,"O43395|PRPF3_HUMAN","U4/U6 small nuclear ribonucleoprotein Prp3 OS=Homo sapiens OX=9606 GN=PRPF3 PE=1 SV=2",3.42376244215738,4.66873346028548,2.28956243067529,0.0327688174664131,0.0412152718868639,-3.65937392039869
1986,"P12694|ODBA_HUMAN","2-oxoisovalerate dehydrogenase subunit alpha, mitochondrial OS=Homo sapiens OX=9606 GN=BCKDHA PE=1 SV=2",5.21258831612615,5.56314639726986,3.41935214711511,0.00264463797505696,0.00429432990466862,-1.4917734086138
1988,"Q8TDN6|BRX1_HUMAN","Ribosome biogenesis protein BRX1 homolog OS=Homo sapiens OX=9606 GN=BRIX1 PE=1 SV=2",6.11910176834355,6.01640312337856,3.83591699111671,0.000994978269200334,0.00176691251679949,-0.635931187683828
1989,"P07108|ACBP_HUMAN","Acyl-CoA-binding protein OS=Homo sapiens OX=9606 GN=DBI PE=1 SV=2",11.7873837680552,8.85054412323437,20.6697707923384,3.30708155543712e-15,4.05486114281303e-14,17.4019269508588
1990,"Q9Y613|FHOD1_HUMAN","FH1/FH2 domain-containing protein 1 OS=Homo sapiens OX=9606 GN=FHOD1 PE=1 SV=3",5.46016276973491,5.68693362407424,3.42596932678574,0.00260417930194292,0.00423756987002546,-1.47829677326731
1991,"Q8IY22|CMIP_HUMAN","C-Maf-inducing protein OS=Homo sapiens OX=9606 GN=CMIP PE=1 SV=3",4.17004469510544,5.0418745867595,2.54164475474267,0.0191952305665862,0.0263840191650684,-3.20741865236804
1992,"Q8IY67|RAVR1_HUMAN","Ribonucleoprotein PTB-binding 1 OS=Homo sapiens OX=9606 GN=RAVER1 PE=1 SV=1",7.2917252669127,6.60271487266313,5.51879956076978,1.93404116719037e-05,4.44806361629805e-05,2.78704759625141
1993,"O60885|BRD4_HUMAN","Bromodomain-containing protein 4 OS=Homo sapiens OX=9606 GN=BRD4 PE=1 SV=2",5.20612787786173,5.55991617813765,3.52795516898722,0.00205230114714376,0.00343986043382824,-1.26999304832134
1994,"P40121|CAPG_HUMAN","Macrophage-capping protein OS=Homo sapiens OX=9606 GN=CAPG PE=1 SV=2",8.27428112014499,7.09399279927928,11.4610536962331,2.25657311298853e-10,7.50890793863943e-10,11.5457176057598
1995,"Q9UN81|LORF1_HUMAN","LINE-1 retrotransposable element ORF1 protein OS=Homo sapiens OX=9606 GN=L1RE1 PE=1 SV=1",7.0542743930286,6.48398943572108,6.29708534182331,3.38216402301998e-06,8.51624034573376e-06,4.26213917771358
1997,"Q9UI26|IPO11_HUMAN","Importin-11 OS=Homo sapiens OX=9606 GN=IPO11 PE=1 SV=1",6.51139553236643,6.21255000539,4.84824633305008,9.13178237827606e-05,0.000185919419124076,1.44952602807744
1998,"Q14155|ARHG7_HUMAN","Rho guanine nucleotide exchange factor 7 OS=Homo sapiens OX=9606 GN=ARHGEF7 PE=1 SV=2",4.09053893040004,5.0021217044068,2.53930738888394,0.0192923920404909,0.0264986476474813,-3.21171759754294
1999,"Q96J01|THOC3_HUMAN","THO complex subunit 3 OS=Homo sapiens OX=9606 GN=THOC3 PE=1 SV=1",5.94224180630333,5.92797314235845,3.76662197042842,0.00117158985119321,0.00205682668814129,-0.779085028645177
2000,"Q56VL3|OCAD2_HUMAN","OCIA domain-containing protein 2 OS=Homo sapiens OX=9606 GN=OCIAD2 PE=1 SV=1",4.64055358944817,5.27712903393087,3.16473754638266,0.00476697288078092,0.00721133422043479,-2.00585375141849
2002,"P09012|SNRPA_HUMAN","U1 small nuclear ribonucleoprotein A OS=Homo sapiens OX=9606 GN=SNRPA PE=1 SV=3",7.21696146731261,6.56533297286309,5.40229170303755,2.5253856790847e-05,5.66923315712893e-05,2.55859675886224
2004,"Q9GZN8|CT027_HUMAN","UPF0687 protein C20orf27 OS=Homo sapiens OX=9606 GN=C20orf27 PE=1 SV=3",8.24310392730776,7.07840420286067,10.9321020705307,5.21984519280356e-10,1.66223358083488e-09,10.9826607633664
2005,"P10599|THIO_HUMAN","Thioredoxin OS=Homo sapiens OX=9606 GN=TXN PE=1 SV=3",13.3863346884646,9.6500195834391,26.0463530078139,3.41308110632245e-17,6.61903413275164e-15,18.9431102158704
2005,"#CONTAM#THIO_HUMAN|",">sp|THIO_HUMAN|",13.3863346884646,9.6500195834391,26.0463530078139,3.41308110632245e-17,6.61903413275164e-15,18.9431102158704
2006,"Q9Y2H1|ST38L_HUMAN","Serine/threonine-protein kinase 38-like OS=Homo sapiens OX=9606 GN=STK38L PE=1 SV=3",3.69115960792524,4.8024320431694,2.39396947207551,0.0263228305649307,0.034458652728658,-3.47516077677662
2007,"Q9NVX2|NLE1_HUMAN","Notchless protein homolog 1 OS=Homo sapiens OX=9606 GN=NLE1 PE=1 SV=4",8.71379206429009,7.31374827135183,11.4732657824264,2.2140548695822e-10,7.38657820441201e-10,11.5583040324572
2008,"O15145|ARPC3_HUMAN","Actin-related protein 2/3 complex subunit 3 OS=Homo sapiens OX=9606 GN=ARPC3 PE=1 SV=3",10.4675143523868,8.19060941540017,17.4492711473631,8.91236735483918e-14,6.04020597468821e-13,15.9896184247505
2009,"P98170|XIAP_HUMAN","E3 ubiquitin-protein ligase XIAP OS=Homo sapiens OX=9606 GN=XIAP PE=1 SV=2",6.15923156362891,6.03646802102124,4.45633540896284,0.000229556241232898,0.000441674926909873,0.647262781051013
2010,"Q9UBB6|NCDN_HUMAN","Neurochondrin OS=Homo sapiens OX=9606 GN=NCDN PE=1 SV=1",1.64015992084363,3.7769321996286,1.47832881687268,0.154516387161442,0.162537729664359,-4.90449873900918
2011,"Q96K17|BT3L4_HUMAN","Transcription factor BTF3 homolog 4 OS=Homo sapiens OX=9606 GN=BTF3L4 PE=1 SV=1",7.80648793369424,6.8600962060539,5.15500876380361,8.69656072776289e-05,0.000178379109226889,1.52700097660578
2013,"Q9BSH4|TACO1_HUMAN","Translational activator of cytochrome c oxidase 1 OS=Homo sapiens OX=9606 GN=TACO1 PE=1 SV=1",4.97006494436328,5.44188471138842,3.3331553759909,0.00323138623658186,0.00507375082008164,-1.66683534753047
2014,"P62857|RS28_HUMAN","40S ribosomal protein S28 OS=Homo sapiens OX=9606 GN=RPS28 PE=1 SV=1",10.9217638935498,8.41773418598167,17.6599683800956,7.07090990208712e-14,5.01344440571555e-13,16.0975903901881
2015,"Q6P1J9|CDC73_HUMAN","Parafibromin OS=Homo sapiens OX=9606 GN=CDC73 PE=1 SV=1",9.56276402325575,7.73823425083466,12.0340727848268,9.39158751961232e-11,3.30508335927856e-10,12.1170868670352
2016,"O14646|CHD1_HUMAN","Chromodomain-helicase-DNA-binding protein 1 OS=Homo sapiens OX=9606 GN=CHD1 PE=1 SV=2",4.40081031915934,5.15725739878645,2.93512706597315,0.00804130904926318,0.0116650489222544,-2.45984349918308
2016,"O14647|CHD2_HUMAN","Chromodomain-helicase-DNA-binding protein 2 OS=Homo sapiens OX=9606 GN=CHD2 PE=1 SV=2",2.87967331156349,4.39668889498853,2.06853340947372,0.0514332759785025,0.0621330757820001,-4.03365512679868
2017,"Q8NE86|MCU_HUMAN","Calcium uniporter protein, mitochondrial OS=Homo sapiens OX=9606 GN=MCU PE=1 SV=1",3.97278423458878,4.94324435650117,2.51335591071645,0.0204026001601275,0.0278151595667461,-3.25932048219429
2019,"P82664|RT10_HUMAN","28S ribosomal protein S10, mitochondrial OS=Homo sapiens OX=9606 GN=MRPS10 PE=1 SV=2",6.0787529419909,5.99622871020223,3.80189915957625,0.00107810641172604,0.00190050809759398,-0.706232318642097
2020,"Q9NRX1|PNO1_HUMAN","RNA-binding protein PNO1 OS=Homo sapiens OX=9606 GN=PNO1 PE=1 SV=1",8.08210986321073,6.99790717081215,9.71699471037972,4.02194366937491e-09,1.19479036474486e-08,9.54737052363728
2021,"Q15154|PCM1_HUMAN","Pericentriolar material 1 protein OS=Homo sapiens OX=9606 GN=PCM1 PE=1 SV=5",3.49950645430552,4.70660546635954,2.25836191576235,0.0349601422562249,0.0435446611732339,-3.71354328417758
2022,"Q96EY7|PTCD3_HUMAN","Pentatricopeptide repeat domain-containing protein 3, mitochondrial OS=Homo sapiens OX=9606 GN=PTCD3 PE=1 SV=3",9.58131642935787,7.74751045388572,15.5884915601571,7.70641233949724e-13,3.98786122406779e-12,14.9186079031266
2023,"Q9Y4P3|TBL2_HUMAN","Transducin beta-like protein 2 OS=Homo sapiens OX=9606 GN=TBL2 PE=1 SV=1",7.3934340475954,6.65356926300448,7.44359057770611,2.97824712005744e-07,7.82679277284719e-07,6.25405141539142
2024,"Q96CN7|ISOC1_HUMAN","Isochorismatase domain-containing protein 1 OS=Homo sapiens OX=9606 GN=ISOC1 PE=1 SV=3",9.87817024687861,7.89593736264609,17.916369905203,5.35267952544796e-14,3.94856360275997e-13,16.2256895009769
2025,"P23919|KTHY_HUMAN","Thymidylate kinase OS=Homo sapiens OX=9606 GN=DTYMK PE=1 SV=4",8.99247959137153,7.45309203489255,14.2687972679875,4.08333709201727e-12,1.82165096225568e-11,14.0105623270669
2027,"P47985|UCRI_HUMAN","Cytochrome b-c1 complex subunit Rieske, mitochondrial OS=Homo sapiens OX=9606 GN=UQCRFS1 PE=1 SV=2",7.6750648305329,6.79438465447324,5.67046862652852,1.42901287996589e-05,3.35265057152265e-05,3.04604653141641
2027,"P0C7P4|UCRIL_HUMAN","Putative cytochrome b-c1 complex subunit Rieske-like protein 1 OS=Homo sapiens OX=9606 GN=UQCRFS1P1 PE=5 SV=1",7.32672037219891,6.62021242530624,5.49858354546872,2.02547583061464e-05,4.64288951354931e-05,2.7475391007924
2028,"Q5VV41|ARHGG_HUMAN","Rho guanine nucleotide exchange factor 16 OS=Homo sapiens OX=9606 GN=ARHGEF16 PE=1 SV=1",3.8112889698279,6.10571532558329,2.32417676236837,0.0304859591247657,0.0387824813121284,-3.59879528234089
2030,"Q5T2T1|MPP7_HUMAN","MAGUK p55 subfamily member 7 OS=Homo sapiens OX=9606 GN=MPP7 PE=1 SV=1",6.45612925660573,6.18491686750965,4.57096549274445,0.000175173863887541,0.000344267164863213,0.883044551868895
2031,"Q13907|IDI1_HUMAN","Isopentenyl-diphosphate Delta-isomerase 1 OS=Homo sapiens OX=9606 GN=IDI1 PE=1 SV=2",8.0315844961894,6.97264448730148,6.07781446890631,8.55751631517228e-06,2.09716345088563e-05,3.48005497708773
2032,"O95071|UBR5_HUMAN","E3 ubiquitin-protein ligase UBR5 OS=Homo sapiens OX=9606 GN=UBR5 PE=1 SV=2",2.9122446980489,4.41297458823123,2.20359743578409,0.0391336755140228,0.048120297262532,-3.80759645774848
2033,"Q8WTT2|NOC3L_HUMAN","Nucleolar complex protein 3 homolog OS=Homo sapiens OX=9606 GN=NOC3L PE=1 SV=1",9.2771115454884,7.59540801195098,14.9560370226446,1.68733814780016e-12,8.16313597428796e-12,14.5005205447826
2034,"Q6ZNB6|NFXL1_HUMAN","NF-X1-type zinc finger protein NFXL1 OS=Homo sapiens OX=9606 GN=NFXL1 PE=1 SV=2",5.79061421725122,5.85215934783239,4.25334139294151,0.000370878973462514,0.000689799056923034,0.228141395028959
2035,"Q9Y2L9|LRCH1_HUMAN","Leucine-rich repeat and calponin homology domain-containing protein 1 OS=Homo sapiens OX=9606 GN=LRCH1 PE=1 SV=3",5.28843629084035,5.60107038462696,3.35092697206781,0.00310082608141322,0.00491283144586045,-1.63081943177023
2036,"Q4G0F5|VP26B_HUMAN","Vacuolar protein sorting-associated protein 26B OS=Homo sapiens OX=9606 GN=VPS26B PE=1 SV=2",5.8617761292426,5.88774030382808,4.2241814858732,0.000397361945310298,0.000736564029583364,0.167816495375823
2037,"P20674|COX5A_HUMAN","Cytochrome c oxidase subunit 5A, mitochondrial OS=Homo sapiens OX=9606 GN=COX5A PE=1 SV=2",12.2555619473568,9.08463321288516,24.0238397140362,1.70279867950882e-16,6.81558704691339e-15,18.4538807997577
2038,"Q15813|TBCE_HUMAN","Tubulin-specific chaperone E OS=Homo sapiens OX=9606 GN=TBCE PE=1 SV=1",2.57721201504341,4.24545824672849,1.83603084393159,0.0808962374884563,0.0950123594663077,-4.40113933154273
2039,"P68402|PA1B2_HUMAN","Platelet-activating factor acetylhydrolase IB subunit beta OS=Homo sapiens OX=9606 GN=PAFAH1B2 PE=1 SV=1",3.29274420785065,4.60322434313211,2.18973105696307,0.0402601997458971,0.0494265845094719,-3.83119796270323
2040,"Q92974|ARHG2_HUMAN","Rho guanine nucleotide exchange factor 2 OS=Homo sapiens OX=9606 GN=ARHGEF2 PE=1 SV=4",5.8940884643651,5.90389647138933,4.17404690026854,0.000447396540514659,0.000824546041637834,0.0640548425599583
2041,"Q96LB3|IFT74_HUMAN","Intraflagellar transport protein 74 homolog OS=Homo sapiens OX=9606 GN=IFT74 PE=1 SV=1",2.68467198417598,4.29918823129477,1.86894824891532,0.0759815754402325,0.0898154944565229,-4.35089844807823
2042,"Q12800|TFCP2_HUMAN","Alpha-globin transcription factor CP2 OS=Homo sapiens OX=9606 GN=TFCP2 PE=1 SV=2",7.51090708118735,6.71230577980046,8.01093304976757,9.54976587973347e-08,2.57649605024344e-07,7.15611640014085
2043,"P08237|PFKAM_HUMAN","ATP-dependent 6-phosphofructokinase, muscle type OS=Homo sapiens OX=9606 GN=PFKM PE=1 SV=2",4.13311871269339,5.02341159555348,2.55818613559654,0.0185206382695661,0.0256122332391629,-3.17694166903533
2044,"Q92544|TM9S4_HUMAN","Transmembrane 9 superfamily member 4 OS=Homo sapiens OX=9606 GN=TM9SF4 PE=1 SV=2",4.62580610792581,5.26975529316969,3.03467281672237,0.00641761860462422,0.00946297649475421,-2.26434183226726
2045,"Q9UK61|TASOR_HUMAN","Protein TASOR OS=Homo sapiens OX=9606 GN=TASOR PE=1 SV=3",3.40198363780807,4.65784405811081,2.37191004468017,0.027578030572741,0.0358671326103219,-3.51444874523614
2046,"Q9H9Q2|CSN7B_HUMAN","COP9 signalosome complex subunit 7b OS=Homo sapiens OX=9606 GN=COPS7B PE=1 SV=1",7.70801675694065,6.81086061767711,7.33257080529891,3.7395553403444e-07,9.7741263138669e-07,6.07104484967344
2047,"Q9NPI1|BRD7_HUMAN","Bromodomain-containing protein 7 OS=Homo sapiens OX=9606 GN=BRD7 PE=1 SV=1",4.06509117543206,4.98939782692281,2.54078854226448,0.019230768878187,0.0264234333265596,-3.20899363996675
2048,"P61421|VA0D1_HUMAN","V-type proton ATPase subunit d 1 OS=Homo sapiens OX=9606 GN=ATP6V0D1 PE=1 SV=1",7.17760248673793,6.54565348257575,5.53574398349588,1.86065119311251e-05,4.29724480712846e-05,2.82011913082516
2049,"Q96BS2|CHP3_HUMAN","Calcineurin B homologous protein 3 OS=Homo sapiens OX=9606 GN=TESC PE=1 SV=3",6.68108324644504,6.2973938624293,5.05629448461201,5.61906039937542e-05,0.000119126555823763,1.87002270752838
2050,"Q99471|PFD5_HUMAN","Prefoldin subunit 5 OS=Homo sapiens OX=9606 GN=PFDN5 PE=1 SV=2",10.5881722864763,8.25093838244495,15.2399677999174,1.18285259931677e-12,5.92195384573417e-12,14.6919417482555
2051,"Q9NP79|VTA1_HUMAN","Vacuolar protein sorting-associated protein VTA1 homolog OS=Homo sapiens OX=9606 GN=VTA1 PE=1 SV=1",10.028477104788,7.97109079160079,16.1106840864916,4.11703009872044e-13,2.23878049153583e-12,15.2419339946033
2052,"Q9NPI6|DCP1A_HUMAN","mRNA-decapping enzyme 1A OS=Homo sapiens OX=9606 GN=DCP1A PE=1 SV=3",5.57523702074214,5.74447074957785,4.21807257342251,0.000403145652482671,0.000745848516126037,0.155175949887061
2053,"Q8IUF8|RIOX2_HUMAN","Ribosomal oxygenase 2 OS=Homo sapiens OX=9606 GN=RIOX2 PE=1 SV=1",3.39076360295901,4.65223404068629,2.37114073662502,0.0276227893623415,0.035899264751555,-3.51581541612803
2054,"Q9H2H8|PPIL3_HUMAN","Peptidyl-prolyl cis-trans isomerase-like 3 OS=Homo sapiens OX=9606 GN=PPIL3 PE=1 SV=1",1.46053272855954,11.9066607566203,2.12334088659343,0.0460733972439197,0.0559213680293477,-3.94296801414126
2055,"Q8NFH3|NUP43_HUMAN","Nucleoporin Nup43 OS=Homo sapiens OX=9606 GN=NUP43 PE=1 SV=1",8.91572934158452,7.41471690999904,13.2835617213912,1.54420528290077e-11,6.18003153759662e-11,13.2365166094508
2056,"P21283|VATC1_HUMAN","V-type proton ATPase subunit C 1 OS=Homo sapiens OX=9606 GN=ATP6V1C1 PE=1 SV=4",9.82829447491208,7.87099947666282,13.0944386935407,2.01157744656836e-11,7.92689167787939e-11,13.0774724265047
2057,"P63279|UBC9_HUMAN","SUMO-conjugating enzyme UBC9 OS=Homo sapiens OX=9606 GN=UBE2I PE=1 SV=1",11.0049100687519,8.45930727358274,20.3512012172666,4.4836114196013e-15,5.0920070694587e-14,17.28247703044
2057,"#CONTAM#UBE2I_HUMAN|",">sp|UBE2I_HUMAN|",11.0049100687519,8.45930727358274,20.3512012172666,4.4836114196013e-15,5.0920070694587e-14,17.28247703044
2058,"Q9Y5Q8|TF3C5_HUMAN","General transcription factor 3C polypeptide 5 OS=Homo sapiens OX=9606 GN=GTF3C5 PE=1 SV=2",5.4776803372843,5.69569240784893,3.34463506511693,0.00314644909512582,0.0049705915627,-1.64357540812407
2059,"Q9H9J2|RM44_HUMAN","39S ribosomal protein L44, mitochondrial OS=Homo sapiens OX=9606 GN=MRPL44 PE=1 SV=1",5.18102795891023,5.5473662186619,3.40254456736076,0.00275019340131324,0.00443632492713117,-1.52598094368323
2061,"P06730|IF4E_HUMAN","Eukaryotic translation initiation factor 4E OS=Homo sapiens OX=9606 GN=EIF4E PE=1 SV=2",8.67521136257246,7.29445792049301,10.9523206110977,5.0524559388825e-10,1.61159530776285e-09,11.0048391937582
2062,"Q9UBB9|TFP11_HUMAN","Tuftelin-interacting protein 11 OS=Homo sapiens OX=9606 GN=TFIP11 PE=1 SV=1",3.48539818803983,4.6995513332267,2.38127178192726,0.0270387146625327,0.0352482116163526,-3.49779886880126
2064,"Q99961|SH3G1_HUMAN","Endophilin-A2 OS=Homo sapiens OX=9606 GN=SH3GL1 PE=1 SV=1",7.81520280042103,6.8644536394173,6.05907480565252,5.72138444227142e-06,1.42941791711518e-05,3.82097204413355
2064,"Q99962|SH3G2_HUMAN","Endophilin-A1 OS=Homo sapiens OX=9606 GN=SH3GL2 PE=1 SV=1",3.21422371857984,4.5639640984967,2.20542950813299,0.0389870040552096,0.0479552605790917,-3.80447163487398
2065,"O43149|ZZEF1_HUMAN","Zinc finger ZZ-type and EF-hand domain-containing protein 1 OS=Homo sapiens OX=9606 GN=ZZEF1 PE=1 SV=6",6.3269883380875,6.48930787072113,6.00589933900914,6.44047581566978e-06,1.59973108969862e-05,3.72117221620773
2066,"Q6P1N0|C2D1A_HUMAN","Coiled-coil and C2 domain-containing protein 1A OS=Homo sapiens OX=9606 GN=CC2D1A PE=1 SV=1",1.09822866703562,4.14186915296162,0.833794243510879,0.414004262971646,0.423801226386822,-5.57904944870107
2068,"Q15643|TRIPB_HUMAN","Thyroid receptor-interacting protein 11 OS=Homo sapiens OX=9606 GN=TRIP11 PE=1 SV=3",4.85969798646468,5.38670123243912,3.19709374852967,0.0044252393098371,0.00675542083381159,-1.94107066555627
2069,"Q9Y5V3|MAGD1_HUMAN","Melanoma-associated antigen D1 OS=Homo sapiens OX=9606 GN=MAGED1 PE=1 SV=3",3.83165520380423,4.8726798411089,2.82186302475319,0.0103687774623805,0.0148015547757379,-2.67946715192833
2070,"Q6PI48|SYDM_HUMAN","Aspartate--tRNA ligase, mitochondrial OS=Homo sapiens OX=9606 GN=DARS2 PE=1 SV=1",5.13551993052407,5.52461220446882,3.44081637563785,0.00251559789094361,0.00410905892241531,-1.44804089439033
2071,"P06132|DCUP_HUMAN","Uroporphyrinogen decarboxylase OS=Homo sapiens OX=9606 GN=UROD PE=1 SV=2",3.72674330712688,4.82022389277022,2.40591392241081,0.0256655006710361,0.0337242926906106,-3.45380810508288
2072,"Q9UJV9|DDX41_HUMAN","Probable ATP-dependent RNA helicase DDX41 OS=Homo sapiens OX=9606 GN=DDX41 PE=1 SV=2",5.76302586338194,5.83836517089775,3.53966060329055,0.0019968394249072,0.00335566642771397,-1.24601868080636
2073,"P28715|ERCC5_HUMAN","DNA repair protein complementing XP-G cells OS=Homo sapiens OX=9606 GN=ERCC5 PE=1 SV=3",5.22948430128741,5.57159438985049,3.34483414146249,0.00314499557508244,0.00497053898360731,-1.64317188824835
2075,"Q9P1Y5|CAMP3_HUMAN","Calmodulin-regulated spectrin-associated protein 3 OS=Homo sapiens OX=9606 GN=CAMSAP3 PE=1 SV=2",4.95083276026318,5.43226861933837,3.72949725264246,0.00127864909248344,0.00222751086247116,-0.855688649365846
2076,"P50914|RL14_HUMAN","60S ribosomal protein L14 OS=Homo sapiens OX=9606 GN=RPL14 PE=1 SV=4",10.6931696404032,8.3034370594084,15.9876642712887,4.76472017169395e-13,2.56203528785219e-12,15.1674661647188
2077,"Q9H7B2|RPF2_HUMAN","Ribosome production factor 2 homolog OS=Homo sapiens OX=9606 GN=RPF2 PE=1 SV=2",8.57318729249962,7.24344588545659,11.326822423613,2.78410199853799e-10,9.1379306857385e-10,11.4061623642424
2078,"Q9UBX3|DIC_HUMAN","Mitochondrial dicarboxylate carrier OS=Homo sapiens OX=9606 GN=SLC25A10 PE=1 SV=2",6.54091594299953,6.22731021070655,4.66878560651263,0.00013914224435004,0.000277851473416832,1.08357613486253
2079,"Q14BN4|SLMAP_HUMAN","Sarcolemmal membrane-associated protein OS=Homo sapiens OX=9606 GN=SLMAP PE=1 SV=1",2.33407305113208,4.12388876477282,1.7743480352942,0.0908549578133272,0.104853593399673,-4.49360113032245
2080,"Q8NFH5|NUP35_HUMAN","Nucleoporin NUP35 OS=Homo sapiens OX=9606 GN=NUP35 PE=1 SV=1",8.47777891670357,7.19574169755857,11.5893070721437,1.84933586478029e-10,6.2291715480351e-10,11.6769963818245
2081,"Q96PC5|MIA2_HUMAN","Melanoma inhibitory activity protein 2 OS=Homo sapiens OX=9606 GN=MIA2 PE=1 SV=4",5.90686667380275,5.91028557610816,4.09897517599853,0.000534344728307029,0.000975914233388075,-0.0913915091508724
2081,"Q96RT6|CTGE2_HUMAN","cTAGE family member 2 OS=Homo sapiens OX=9606 GN=CTAGE1 PE=1 SV=2",3.55242744540139,4.73306596190748,2.35039614051103,0.0288553703925045,0.037167338913062,-3.55257882413201
2082,"Q9Y3P9|RBGP1_HUMAN","Rab GTPase-activating protein 1 OS=Homo sapiens OX=9606 GN=RABGAP1 PE=1 SV=3",3.17131828667468,4.54251138254412,2.26409157306286,0.0345479148333872,0.0431149018180034,-3.70362699856535
2082,"B7ZAP0|RBG10_HUMAN","Rab GTPase-activating protein 1-like, isoform 10 OS=Homo sapiens OX=9606 GN=RABGAP1L PE=1 SV=1",2.13385133584571,4.02377790712964,1.66981723023154,0.110150844252395,0.121742548597174,-4.64508816652357
2083,"Q9NWU2|GID8_HUMAN","Glucose-induced degradation protein 8 homolog OS=Homo sapiens OX=9606 GN=GID8 PE=1 SV=1",2.96423059854548,4.43896753847952,1.92610083261699,0.0680681721787232,0.0812093160483682,-4.2622270486838
2084,"P25098|ARBK1_HUMAN","Beta-adrenergic receptor kinase 1 OS=Homo sapiens OX=9606 GN=GRK2 PE=1 SV=2",5.30122638962196,5.60746543401776,3.41529214139123,0.0026697660036118,0.00433213420587391,-1.50003955684005
2084,"P35626|ARBK2_HUMAN","Beta-adrenergic receptor kinase 2 OS=Homo sapiens OX=9606 GN=GRK3 PE=1 SV=2",2.24942201961125,4.08156324901241,1.6697358804771,0.110167124206249,0.121742548597174,-4.64520343213085
2085,"Q99829|CPNE1_HUMAN","Copine-1 OS=Homo sapiens OX=9606 GN=CPNE1 PE=1 SV=1",9.7245365382414,7.81912050832748,16.4026910294668,2.92161069798521e-13,1.65658338545553e-12,15.4146402772629
2086,"P31949|S10AB_HUMAN","Protein S100-A11 OS=Homo sapiens OX=9606 GN=S100A11 PE=1 SV=2",12.2584832575327,9.08609386797314,20.702029425559,3.2074780970637e-15,3.97885960884516e-14,17.4138071462444
2087,"O00754|MA2B1_HUMAN","Lysosomal alpha-mannosidase OS=Homo sapiens OX=9606 GN=MAN2B1 PE=1 SV=3",-1.86497508224361,14.0521228971313,-0.980189750507518,0.347753673251352,0.357408340100829,-5.44679595516438
2088,"Q92835|SHIP1_HUMAN","Phosphatidylinositol 3,4,5-trisphosphate 5-phosphatase 1 OS=Homo sapiens OX=9606 GN=INPP5D PE=1 SV=2",3.85481085662866,4.88425766752111,2.48304258819667,0.0217750802487767,0.0294775172144129,-3.31462241244103
2090,"Q9NPD3|EXOS4_HUMAN","Exosome complex component RRP41 OS=Homo sapiens OX=9606 GN=EXOSC4 PE=1 SV=3",3.68571810097355,4.79971128969356,2.63847506718678,0.0155513685268471,0.021835437209468,-3.02771511380513
2091,"P13747|HLAE_HUMAN","HLA class I histocompatibility antigen, alpha chain E OS=Homo sapiens OX=9606 GN=HLA-E PE=1 SV=4",0.0973789200454611,10.6167491825941,0.134421114255197,0.894380168406614,0.89881588315465,-5.90259535617417
2092,"P61006|RAB8A_HUMAN","Ras-related protein Rab-8A OS=Homo sapiens OX=9606 GN=RAB8A PE=1 SV=1",9.66787477828726,7.79078962835041,14.8609475512365,1.9029137559612e-12,9.10089187633619e-12,14.4350117401945
2093,"P55769|NH2L1_HUMAN","NHP2-like protein 1 OS=Homo sapiens OX=9606 GN=SNU13 PE=1 SV=3",11.5996487289429,8.75667660367824,20.4671673119304,4.01137883313955e-15,4.72287721944565e-14,17.3264109109774
2094,"Q99816|TS101_HUMAN","Tumor susceptibility gene 101 protein OS=Homo sapiens OX=9606 GN=TSG101 PE=1 SV=2",4.72092057749251,5.31731252795304,3.08911825436396,0.00566849993874764,0.00844571391802571,-2.1565315853208
2095,"P20339|RAB5A_HUMAN","Ras-related protein Rab-5A OS=Homo sapiens OX=9606 GN=RAB5A PE=1 SV=2",9.74377165323967,7.82873806582662,18.5523572021106,2.72379124750014e-14,2.2551820006184e-13,16.5285402192488
2096,"Q15165|PON2_HUMAN","Serum paraoxonase/arylesterase 2 OS=Homo sapiens OX=9606 GN=PON2 PE=1 SV=4",7.66791062475813,6.79080755158585,8.76771386744827,2.23844829302184e-08,6.28136000592863e-08,8.27465629925211
2097,"Q9ULX3|NOB1_HUMAN","RNA-binding protein NOB1 OS=Homo sapiens OX=9606 GN=NOB1 PE=1 SV=1",8.36228983687474,7.13799715764416,10.0519156337049,2.2528195734616e-09,6.8347953962389e-09,9.9637648560375
2099,"P60866|RS20_HUMAN","40S ribosomal protein S20 OS=Homo sapiens OX=9606 GN=RPS20 PE=1 SV=1",3.943993207898,11.9452587540673,2.37371407090987,0.0351952170719548,0.0437808031428194,-3.62542230542844
2100,"Q15631|TSN_HUMAN","Translin OS=Homo sapiens OX=9606 GN=TSN PE=1 SV=1",9.713517283625,7.81361088101928,15.7008900831232,6.72351649722901e-13,3.52184197473901e-12,14.989818594001
2101,"Q9NRZ9|HELLS_HUMAN","Lymphoid-specific helicase OS=Homo sapiens OX=9606 GN=HELLS PE=1 SV=1",4.61338938322201,5.26354693081779,3.16197104723061,0.0047973531891879,0.00724590418924026,-2.01138444121892
2102,"Q8ND56|LS14A_HUMAN","Protein LSM14 homolog A OS=Homo sapiens OX=9606 GN=LSM14A PE=1 SV=3",5.72997420854054,5.82183934347705,3.66816307203849,0.00147712265084461,0.00255821961572278,-0.982077067182665
2104,"Q96CW5|GCP3_HUMAN","Gamma-tubulin complex component 3 OS=Homo sapiens OX=9606 GN=TUBGCP3 PE=1 SV=2",3.62859115334316,4.77114781587836,2.32897505750327,0.030181337085646,0.0385272373274991,-3.59035844840733
2105,"Q8IZP0|ABI1_HUMAN","Abl interactor 1 OS=Homo sapiens OX=9606 GN=ABI1 PE=1 SV=4",1.79382889697577,6.82985836795289,0.777070072035233,0.452460720932664,0.462675637607107,-5.61544022094569
2106,"P53814|SMTN_HUMAN","Smoothelin OS=Homo sapiens OX=9606 GN=SMTN PE=1 SV=7",3.70198929000979,4.80784688421168,2.40174697230943,0.0258930667900195,0.034000104754971,-3.46126351022557
2107,"Q15022|SUZ12_HUMAN","Polycomb protein SUZ12 OS=Homo sapiens OX=9606 GN=SUZ12 PE=1 SV=3",4.98658650968348,5.45014549404852,3.38060369389169,0.00289421780393924,0.00463080295992586,-1.57058492467211
2108,"O00268|TAF4_HUMAN","Transcription initiation factor TFIID subunit 4 OS=Homo sapiens OX=9606 GN=TAF4 PE=1 SV=2",2.76448824123613,4.33909635982485,2.10892459201192,0.0474320361601464,0.057479804600744,-3.96696327391637
2109,"Q32P28|P3H1_HUMAN","Prolyl 3-hydroxylase 1 OS=Homo sapiens OX=9606 GN=P3H1 PE=1 SV=2",5.41040990334037,5.66205719087697,3.81963272567985,0.0010339462728033,0.00182852234740133,-0.669589773206824
2110,"Q8IU81|I2BP1_HUMAN","Interferon regulatory factor 2-binding protein 1 OS=Homo sapiens OX=9606 GN=IRF2BP1 PE=1 SV=1",6.91727530564607,6.41548989202982,7.15274256082022,5.42597812265498e-07,1.41148755217714e-06,5.770090083139
2111,"P11182|ODB2_HUMAN","Lipoamide acyltransferase component of branched-chain alpha-keto acid dehydrogenase complex, mitochondrial OS=Homo sapiens OX=9606 GN=DBT PE=1 SV=3",5.08326402581749,5.49848425211553,3.34183527718793,0.00316696095698872,0.00499295646372095,-1.64924991054799
2112,"Q8WUQ7|CATIN_HUMAN","Cactin OS=Homo sapiens OX=9606 GN=CACTIN PE=1 SV=3",1.83294343987083,3.8733239591422,1.51898127526018,0.144035385766912,0.152428871688458,-4.85146986855829
2113,"O95983|MBD3_HUMAN","Methyl-CpG-binding domain protein 3 OS=Homo sapiens OX=9606 GN=MBD3 PE=1 SV=1",6.43858673727794,6.17614560784575,3.96947090029232,0.000725813666679264,0.00130761938077453,-0.359591484003436
2114,"O00560|SDCB1_HUMAN","Syntenin-1 OS=Homo sapiens OX=9606 GN=SDCBP PE=1 SV=1",1.73306823520294,12.3739821667901,1.12736475889982,0.280863315314347,0.28966615696765,-5.30685946717272
2115,"Q9H0H5|RGAP1_HUMAN","Rac GTPase-activating protein 1 OS=Homo sapiens OX=9606 GN=RACGAP1 PE=1 SV=1",5.97812694685793,5.94591571263575,4.45782619056797,0.000228749803923953,0.00044034337255361,0.650333979447644
2116,"O15446|RPA34_HUMAN","DNA-directed RNA polymerase I subunit RPA34 OS=Homo sapiens OX=9606 GN=POLR1G PE=1 SV=1",6.68902798340911,6.30136623091134,5.01430182481734,6.19610679666224e-05,0.000130020333960097,1.78550707429521
2117,"Q96P16|RPR1A_HUMAN","Regulation of nuclear pre-mRNA domain-containing protein 1A OS=Homo sapiens OX=9606 GN=RPRD1A PE=1 SV=1",5.80517262965831,5.85943855403594,4.29698727482814,0.000334507515752864,0.000626388100996365,0.318389510826953
2118,"Q9BTA9|WAC_HUMAN","WW domain-containing adapter protein with coiled-coil OS=Homo sapiens OX=9606 GN=WAC PE=1 SV=3",4.92179714787124,5.4177508131424,3.21266373510376,0.00426940168197944,0.00653566460263255,-1.90983405361947
2119,"Q9UNN5|FAF1_HUMAN","FAS-associated factor 1 OS=Homo sapiens OX=9606 GN=FAF1 PE=1 SV=2",9.25403073557297,7.58386760699327,14.7564985778264,2.17319870977453e-12,1.02542707824771e-11,14.3622275488735
2120,"Q96QC0|PP1RA_HUMAN","Serine/threonine-protein phosphatase 1 regulatory subunit 10 OS=Homo sapiens OX=9606 GN=PPP1R10 PE=1 SV=1",3.37259432827919,4.64314940334638,2.33595781457836,0.0297430480212646,0.0380687283516851,-3.57806377600644
2121,"P25815|S100P_HUMAN","Protein S100-P OS=Homo sapiens OX=9606 GN=S100P PE=1 SV=2",10.6214442573809,8.26757436789724,18.9538449260099,1.79697852199119e-14,1.58315041411123e-13,16.7093836761805
2122,"Q13042|CDC16_HUMAN","Cell division cycle protein 16 homolog OS=Homo sapiens OX=9606 GN=CDC16 PE=1 SV=2",6.15746044080161,6.03558245960759,4.36692852126752,0.000283532172415976,0.000536939923168474,0.462872873966066
2124,"O95470|SGPL1_HUMAN","Sphingosine-1-phosphate lyase 1 OS=Homo sapiens OX=9606 GN=SGPL1 PE=1 SV=3",4.58034797883682,5.24702622862519,2.65921919205904,0.0148606819938989,0.0209037726256891,-2.98882237366907
2125,"Q86U38|NOP9_HUMAN","Nucleolar protein 9 OS=Homo sapiens OX=9606 GN=NOP9 PE=1 SV=1",2.3354683405748,4.12458640949418,1.76764053062661,0.0919993008240663,0.106015357130397,-4.50352071245649
2126,"P41227|NAA10_HUMAN","N-alpha-acetyltransferase 10 OS=Homo sapiens OX=9606 GN=NAA10 PE=1 SV=1",7.38599178738765,6.64984813290061,5.63268995480644,1.4920781758407e-05,3.49847806150225e-05,3.00856490784555
2127,"Q8N3R9|MPP5_HUMAN","MAGUK p55 subfamily member 5 OS=Homo sapiens OX=9606 GN=MPP5 PE=1 SV=3",5.2664755085611,5.59008999348733,3.34239082668804,0.00316288050851941,0.00498856614412115,-1.64812402701584
2128,"Q86V21|AACS_HUMAN","Acetoacetyl-CoA synthetase OS=Homo sapiens OX=9606 GN=AACS PE=1 SV=1",5.31756481159642,5.61563464500499,3.37252994938061,0.00294905333715702,0.00470138937807641,-1.58698321356011
2129,"Q7Z4W1|DCXR_HUMAN","L-xylulose reductase OS=Homo sapiens OX=9606 GN=DCXR PE=1 SV=2",4.93060281731388,5.42215364786372,3.18852410766952,0.00451335710669156,0.0068790280525584,-1.95824597143694
2130,"O15305|PMM2_HUMAN","Phosphomannomutase 2 OS=Homo sapiens OX=9606 GN=PMM2 PE=1 SV=1",9.88312034237006,7.89841241039182,14.3234202268306,3.80148773894579e-12,1.70182881336527e-11,14.0509398494743
2131,"Q92520|FAM3C_HUMAN","Protein FAM3C OS=Homo sapiens OX=9606 GN=FAM3C PE=1 SV=1",4.8882836825595,5.40099408048653,3.34447599777001,0.00314761096879548,0.0049705915627,-1.64389782756932
2132,"Q6PJG6|BRAT1_HUMAN","BRCA1-associated ATM activator 1 OS=Homo sapiens OX=9606 GN=BRAT1 PE=1 SV=2",3.31150658407469,4.61260553124413,2.24275829583629,0.0361057241023819,0.0448265197659369,-3.74047599702245
2133,"O75937|DNJC8_HUMAN","DnaJ homolog subfamily C member 8 OS=Homo sapiens OX=9606 GN=DNAJC8 PE=1 SV=2",5.71941105373641,5.81655776607499,3.61394542127531,0.00167773139245228,0.00286959435370724,-1.09359549781068
2135,"Q8N8S7|ENAH_HUMAN","Protein enabled homolog OS=Homo sapiens OX=9606 GN=ENAH PE=1 SV=2",6.42294441749301,6.16832444795329,4.53854271075082,0.000189085825614577,0.000369720888073195,0.816434563829794
2136,"P29083|T2EA_HUMAN","General transcription factor IIE subunit 1 OS=Homo sapiens OX=9606 GN=GTF2E1 PE=1 SV=2",6.24124955340334,6.07747701590845,5.49552515980436,2.03968748400468e-05,4.66318100559266e-05,2.74155718308839
2137,"P48507|GSH0_HUMAN","Glutamate--cysteine ligase regulatory subunit OS=Homo sapiens OX=9606 GN=GCLM PE=1 SV=1",6.17647165486518,6.04508806663937,4.50303161269198,0.00020560365204705,0.000399340192556453,0.743405215225922
2138,"P62879|GBB2_HUMAN","Guanine nucleotide-binding protein G(I)/G(S)/G(T) subunit beta-2 OS=Homo sapiens OX=9606 GN=GNB2 PE=1 SV=3",5.99320914593618,5.95345681217487,4.43834637240421,0.000239515806230649,0.000459231002982071,0.610193959703515
2139,"Q9Y5B6|PAXB1_HUMAN","PAX3- and PAX7-binding protein 1 OS=Homo sapiens OX=9606 GN=PAXBP1 PE=1 SV=2",3.72543771385425,4.81957109613391,2.41242495054106,0.025313634823922,0.0333301963310874,-3.44214529403145
2140,"Q9ULC4|MCTS1_HUMAN","Malignant T-cell-amplified sequence 1 OS=Homo sapiens OX=9606 GN=MCTS1 PE=1 SV=1",4.745363880284,5.32953417934878,2.69365588491531,0.0137777590169279,0.0194586838647001,-2.92396454080552
2141,"P37235|HPCL1_HUMAN","Hippocalcin-like protein 1 OS=Homo sapiens OX=9606 GN=HPCAL1 PE=1 SV=3",-0.126677564928197,5.63333540674355,-0.0753691574515224,0.940651438940627,0.94236482953979,-5.90862088137315
2141,"P84074|HPCA_HUMAN","Neuron-specific calcium-binding protein hippocalcin OS=Homo sapiens OX=9606 GN=HPCA PE=1 SV=2",-0.126677564928197,5.63333540674355,-0.0753691574515224,0.940651438940627,0.94236482953979,-5.90862088137315
2142,"Q9BQL6|FERM1_HUMAN","Fermitin family homolog 1 OS=Homo sapiens OX=9606 GN=FERMT1 PE=1 SV=1",5.23935239388392,5.57652843614874,3.33360561978139,0.00322801309036686,0.00507052239816907,-1.66592340474621
2143,"P40429|RL13A_HUMAN","60S ribosomal protein L13a OS=Homo sapiens OX=9606 GN=RPL13A PE=1 SV=2",11.4276081425957,8.67065631050466,20.5818576732338,3.59530606057934e-15,4.31087616284596e-14,17.3693511858252
2143,"Q6NVV1|R13P3_HUMAN","Putative 60S ribosomal protein L13a protein RPL13AP3 OS=Homo sapiens OX=9606 GN=RPL13AP3 PE=5 SV=1",11.4169855962893,8.66534503735145,20.5491861780355,3.70901731975387e-15,4.40265303417962e-14,17.3571701862975
2144,"Q9P2M7|CING_HUMAN","Cingulin OS=Homo sapiens OX=9606 GN=CGN PE=1 SV=2",3.07178225932651,4.49274336887004,2.26824845992528,0.0342516379385146,0.0428423671420666,-3.6964238176573
2145,"Q9Y5P6|GMPPB_HUMAN","Mannose-1-phosphate guanyltransferase beta OS=Homo sapiens OX=9606 GN=GMPPB PE=1 SV=2",3.60260542054394,4.75815494947875,2.42106258077054,0.0248537589978682,0.0329047359497223,-3.42664806863663
2146,"Q9UKJ3|GPTC8_HUMAN","G patch domain-containing protein 8 OS=Homo sapiens OX=9606 GN=GPATCH8 PE=1 SV=2",5.50875932553881,5.71123190197619,4.00245079433405,0.000671374607614826,0.00121637281850215,-0.291299407358101
2147,"O95777|LSM8_HUMAN","U6 snRNA-associated Sm-like protein LSm8 OS=Homo sapiens OX=9606 GN=LSM8 PE=1 SV=3",8.83134741443585,7.37252594642471,8.92763849952143,1.66314559600994e-08,4.71163395484788e-08,8.49898529179577
2148,"P62253|UB2G1_HUMAN","Ubiquitin-conjugating enzyme E2 G1 OS=Homo sapiens OX=9606 GN=UBE2G1 PE=1 SV=3",2.83980167594243,4.376753077178,2.1701507118715,0.0419012451431729,0.051277747552834,-3.86437545648496
2150,"P42566|EPS15_HUMAN","Epidermal growth factor receptor substrate 15 OS=Homo sapiens OX=9606 GN=EPS15 PE=1 SV=2",6.50654273570579,6.21012360705968,4.62650274901033,0.00015369668982504,0.000304076184905655,0.996979340450338
2151,"P41240|CSK_HUMAN","Tyrosine-protein kinase CSK OS=Homo sapiens OX=9606 GN=CSK PE=1 SV=1",8.8031386991851,7.35842158879933,13.4604550175822,1.20914743476188e-11,4.92615621569654e-11,13.3821202474105
2152,"Q9BTW9|TBCD_HUMAN","Tubulin-specific chaperone D OS=Homo sapiens OX=9606 GN=TBCD PE=1 SV=2",5.0487978413251,5.48125115986933,3.40207270863132,0.0027532155967251,0.004437328917442,-1.52694080821089
2153,"Q9BWD1|THIC_HUMAN","Acetyl-CoA acetyltransferase, cytosolic OS=Homo sapiens OX=9606 GN=ACAT2 PE=1 SV=2",8.65786405196163,7.2857842651876,11.0023945692069,4.66151094887795e-10,1.49432282707578e-09,11.0595384603203
2154,"O43493|TGON2_HUMAN","Trans-Golgi network integral membrane protein 2 OS=Homo sapiens OX=9606 GN=TGOLN2 PE=1 SV=4",3.01205916009537,4.46288181925447,2.25798104478198,0.0349877036987425,0.0435648962613708,-3.71420195126748
2155,"P61923|COPZ1_HUMAN","Coatomer subunit zeta-1 OS=Homo sapiens OX=9606 GN=COPZ1 PE=1 SV=1",9.95014361266225,7.93192404553791,16.5560330595005,2.44519501944201e-13,1.42852819800482e-12,15.5031046509439
2156,"Q9UHR4|BI2L1_HUMAN","Brain-specific angiogenesis inhibitor 1-associated protein 2-like protein 1 OS=Homo sapiens OX=9606 GN=BAIAP2L1 PE=1 SV=2",6.79523705157491,6.35447076499424,4.99607353236488,6.46496651607477e-05,0.000135052203401453,1.7487618251943
2157,"Q5T1M5|FKB15_HUMAN","FK506-binding protein 15 OS=Homo sapiens OX=9606 GN=FKBP15 PE=1 SV=2",4.76713712523428,6.43031986520317,3.34723656755331,0.00312750638493226,0.00494695956532013,-1.6383018523054
2158,"O43865|SAHH2_HUMAN","S-adenosylhomocysteine hydrolase-like protein 1 OS=Homo sapiens OX=9606 GN=AHCYL1 PE=1 SV=2",7.78816096002074,6.85093271921715,8.71295781955432,2.47997289997814e-08,6.93383853661282e-08,8.19689943555033
2158,"Q96HN2|SAHH3_HUMAN","Adenosylhomocysteinase 3 OS=Homo sapiens OX=9606 GN=AHCYL2 PE=1 SV=1",4.37882537506262,5.14626492673809,2.97062237096106,0.0074215286328533,0.0108353755163008,-2.39038392724158
2159,"P21399|ACOC_HUMAN","Cytoplasmic aconitate hydratase OS=Homo sapiens OX=9606 GN=ACO1 PE=1 SV=3",4.38545875837533,6.21214285248191,2.56087831053293,0.0184613863759738,0.0255486475727891,-3.17334037531834
2160,"Q9Y6V7|DDX49_HUMAN","Probable ATP-dependent RNA helicase DDX49 OS=Homo sapiens OX=9606 GN=DDX49 PE=1 SV=1",2.4941776578485,4.20394106813103,2.05963716302166,0.0523543543019692,0.063146699267726,-4.04823616911743
2162,"Q14181|DPOA2_HUMAN","DNA polymerase alpha subunit B OS=Homo sapiens OX=9606 GN=POLA2 PE=1 SV=2",5.92102478831082,5.91736463336219,3.66159377237639,0.00150010743277786,0.00259528797275614,-0.99560016008722
2163,"Q9Y3Y2|CHTOP_HUMAN","Chromatin target of PRMT1 protein OS=Homo sapiens OX=9606 GN=CHTOP PE=1 SV=2",2.23866302613469,12.3120948474371,3.48487807845629,0.00226976469244527,0.00375691920288662,-1.35810820182376
2164,"Q96GA3|LTV1_HUMAN","Protein LTV1 homolog OS=Homo sapiens OX=9606 GN=LTV1 PE=1 SV=1",5.66265517556114,5.78817982698735,3.51755238695249,0.00210286108321884,0.00351542126373971,-1.29128866872484
2165,"O00151|PDLI1_HUMAN","PDZ and LIM domain protein 1 OS=Homo sapiens OX=9606 GN=PDLIM1 PE=1 SV=4",5.89587488049604,5.9047896794548,3.69065790110533,0.0014010226277259,0.00243189229790113,-0.935749577980798
2167,"O15213|WDR46_HUMAN","WD repeat-containing protein 46 OS=Homo sapiens OX=9606 GN=WDR46 PE=1 SV=3",3.48583433202266,4.69976940521811,2.3652690387058,0.0279666301568761,0.0362408367902972,-3.52623868419525
2168,"Q15014|MO4L2_HUMAN","Mortality factor 4-like protein 2 OS=Homo sapiens OX=9606 GN=MORF4L2 PE=1 SV=1",2.14048104411254,4.02709276126305,1.71317686392779,0.101759576458651,0.114773669732917,-4.5830634188166
2169,"Q9NQ48|LZTL1_HUMAN","Leucine zipper transcription factor-like protein 1 OS=Homo sapiens OX=9606 GN=LZTFL1 PE=1 SV=1",8.54773964693583,7.2307220626747,9.73087345929052,3.92546638518668e-09,1.16883569860547e-08,9.56495311541292
2170,"Q9H0W9|CK054_HUMAN","Ester hydrolase C11orf54 OS=Homo sapiens OX=9606 GN=C11orf54 PE=1 SV=1",2.4092384637679,4.16147147109073,1.70966574959315,0.10241814058132,0.115243938012744,-4.58812932840568
2171,"Q14738|2A5D_HUMAN","Serine/threonine-protein phosphatase 2A 56 kDa regulatory subunit delta isoform OS=Homo sapiens OX=9606 GN=PPP2R5D PE=1 SV=1",7.84215648331762,6.87793048086559,8.55922358855931,3.31346410854287e-08,9.17758044452521e-08,7.97597403099888
2172,"Q8WZA9|IRGQ_HUMAN","Immunity-related GTPase family Q protein OS=Homo sapiens OX=9606 GN=IRGQ PE=1 SV=1",5.93316229590239,5.92343338715798,4.45830018502107,0.00022849399443609,0.000440070974776863,0.651310443253801
2173,"P82094|TMF1_HUMAN","TATA element modulatory factor OS=Homo sapiens OX=9606 GN=TMF1 PE=1 SV=2",2.73305778746617,4.32338113293987,2.06556048820229,0.051739446467469,0.0624755913223478,-4.03853215522382
2174,"Q15363|TMED2_HUMAN","Transmembrane emp24 domain-containing protein 2 OS=Homo sapiens OX=9606 GN=TMED2 PE=1 SV=1",10.0103184703211,7.96201147436732,16.3471649410515,3.11724309094561e-13,1.7494731632858e-12,15.3822321124679
2175,"Q9NQ84|GPC5C_HUMAN","G-protein coupled receptor family C group 5 member C OS=Homo sapiens OX=9606 GN=GPRC5C PE=1 SV=2",5.71645358229815,5.81507903035586,3.50917581577012,0.0021444619670933,0.00357410327848883,-1.308428912317
2176,"O75521|ECI2_HUMAN","Enoyl-CoA delta isomerase 2 OS=Homo sapiens OX=9606 GN=ECI2 PE=1 SV=4",8.37955887917881,7.14663167879619,11.2505276444808,3.13977540363085e-10,1.02528713350117e-09,11.3258445250653
2177,"Q9Y2A7|NCKP1_HUMAN","Nck-associated protein 1 OS=Homo sapiens OX=9606 GN=NCKAP1 PE=1 SV=1",5.07337401387792,5.49353924614574,3.3556260628161,0.00306717536473533,0.00486351942101771,-1.62128928351038
2178,"Q15257|PTPA_HUMAN","Serine/threonine-protein phosphatase 2A activator OS=Homo sapiens OX=9606 GN=PTPA PE=1 SV=3",-0.342254863649259,15.5247469656331,-0.302174861926384,0.766457343794292,0.775521885310913,-5.8664717019606
2179,"P52434|RPAB3_HUMAN","DNA-directed RNA polymerases I, II, and III subunit RPABC3 OS=Homo sapiens OX=9606 GN=POLR2H PE=1 SV=4",4.5534451552543,5.23357481683393,3.06704344062795,0.00596143765231488,0.00884793175073719,-2.20031428847985
2180,"P49642|PRI1_HUMAN","DNA primase small subunit OS=Homo sapiens OX=9606 GN=PRIM1 PE=1 SV=1",5.47448322416281,5.69409385128819,3.56889069924199,0.00186470569736204,0.00316260657922637,-1.18609758310014
2181,"Q8NBF2|NHLC2_HUMAN","NHL repeat-containing protein 2 OS=Homo sapiens OX=9606 GN=NHLRC2 PE=1 SV=1",6.83312934799337,6.37341691320347,5.13654471953417,4.66336486650882e-05,0.00010002203195576,2.03099710011601
2182,"Q9Y4B6|DCAF1_HUMAN","DDB1- and CUL4-associated factor 1 OS=Homo sapiens OX=9606 GN=DCAF1 PE=1 SV=3",3.99958544540879,4.95664496191118,2.49701798234994,0.021131934519569,0.0287050521226358,-3.2891673933851
2183,"O60645|EXOC3_HUMAN","Exocyst complex component 3 OS=Homo sapiens OX=9606 GN=EXOC3 PE=1 SV=3",2.51878557799094,4.21624502820225,1.73980283969862,0.0968823865048911,0.110550441032552,-4.54440134234989
2185,"Q9BYD3|RM04_HUMAN","39S ribosomal protein L4, mitochondrial OS=Homo sapiens OX=9606 GN=MRPL4 PE=1 SV=1",8.36273549904683,7.1382199887302,9.93423760257824,2.75750388054233e-09,8.30053943712898e-09,9.81932732200859
2186,"Q8N5K1|CISD2_HUMAN","CDGSH iron-sulfur domain-containing protein 2 OS=Homo sapiens OX=9606 GN=CISD2 PE=1 SV=1",8.0370513493801,6.97537791389683,10.692613430232,7.70501539564304e-10,2.42950935898654e-09,10.7158686007827
2187,"Q8WY22|BRI3B_HUMAN","BRI3-binding protein OS=Homo sapiens OX=9606 GN=BRI3BP PE=1 SV=1",5.27697174364231,6.3841430497106,3.62033600822102,0.00165275416197192,0.00283308260177734,-1.08046198836382
2188,"Q16625|OCLN_HUMAN","Occludin OS=Homo sapiens OX=9606 GN=OCLN PE=1 SV=1",8.38488283416901,7.14929365629129,11.992048154416,1.00043298274562e-10,3.50151543960967e-10,12.0764895492301
2189,"Q53F19|NCBP3_HUMAN","Nuclear cap-binding protein subunit 3 OS=Homo sapiens OX=9606 GN=NCBP3 PE=1 SV=2",8.82707447613797,7.37038947727577,12.2717760563685,6.58942731534903e-11,2.40012253208077e-10,12.3429526225557
2190,"Q9P0I2|EMC3_HUMAN","ER membrane protein complex subunit 3 OS=Homo sapiens OX=9606 GN=EMC3 PE=1 SV=3",2.86170709807565,4.38770578824461,1.9091165955781,0.0703403005819972,0.0837378857210713,-4.2887660482952
2191,"Q9NUL3|STAU2_HUMAN","Double-stranded RNA-binding protein Staufen homolog 2 OS=Homo sapiens OX=9606 GN=STAU2 PE=1 SV=2",3.64069594433612,4.77720021137484,2.43137138843875,0.024315078238538,0.0323696580976387,-3.40811519865438
2192,"O75494|SRS10_HUMAN","Serine/arginine-rich splicing factor 10 OS=Homo sapiens OX=9606 GN=SRSF10 PE=1 SV=1",6.37922565903918,6.14646506872637,3.73675533110425,0.0012569831134153,0.00219208075620732,-0.840717861895972
2192,"Q8WXF0|SRS12_HUMAN","Serine/arginine-rich splicing factor 12 OS=Homo sapiens OX=9606 GN=SRSF12 PE=2 SV=1",4.14642082062107,5.03006264951731,2.54933956924685,0.0188786005122881,0.0260138196035466,-3.19325285209191
2193,"Q9NS69|TOM22_HUMAN","Mitochondrial import receptor subunit TOM22 homolog OS=Homo sapiens OX=9606 GN=TOMM22 PE=1 SV=3",10.3238422855098,8.11877338196169,14.6590359607106,2.46167303573481e-12,1.14600256198054e-11,14.293520255942
2194,"O95865|DDAH2_HUMAN","N(G),N(G)-dimethylarginine dimethylaminohydrolase 2 OS=Homo sapiens OX=9606 GN=DDAH2 PE=1 SV=1",8.11776173601653,7.01573310721505,10.5365247190885,9.96446424305364e-10,3.11389507595426e-09,10.5378605335248
2197,"P29350|PTN6_HUMAN","Tyrosine-protein phosphatase non-receptor type 6 OS=Homo sapiens OX=9606 GN=PTPN6 PE=1 SV=1",6.7789762444268,6.34634036142018,6.92192446258934,8.80505772467994e-07,2.27666032505156e-06,5.37561341764115
2198,"Q9H7S9|ZN703_HUMAN","Zinc finger protein 703 OS=Homo sapiens OX=9606 GN=ZNF703 PE=1 SV=1",2.38055598086622,4.14713022963989,1.57714096227078,0.13006559384084,0.139448703548151,-4.77365986418371
2199,"Q8TC12|RDH11_HUMAN","Retinol dehydrogenase 11 OS=Homo sapiens OX=9606 GN=RDH11 PE=1 SV=2",6.92399633246886,6.41885040544121,5.13956323174395,4.63082655360404e-05,9.95459644409579e-05,2.03703774825789
2201,"O60888|CUTA_HUMAN","Protein CutA OS=Homo sapiens OX=9606 GN=CUTA PE=1 SV=2",9.93778605498944,8.58146646122795,14.9927420131039,1.61109322091643e-12,7.82388090227264e-12,14.5256171637738
2202,"Q9Y5A7|NUB1_HUMAN","NEDD8 ultimate buster 1 OS=Homo sapiens OX=9606 GN=NUB1 PE=1 SV=2",5.75093252635563,5.8323185023846,4.25875803734724,0.000366157957254696,0.000681677048080551,0.239344658177759
2203,"Q14344|GNA13_HUMAN","Guanine nucleotide-binding protein subunit alpha-13 OS=Homo sapiens OX=9606 GN=GNA13 PE=1 SV=2",4.91733422545762,5.41551935193559,3.35530986961017,0.00306942840591791,0.00486508825145491,-1.62193064007948
2204,"Q9UMS0|NFU1_HUMAN","NFU1 iron-sulfur cluster scaffold homolog, mitochondrial OS=Homo sapiens OX=9606 GN=NFU1 PE=1 SV=2",6.1041495395764,6.00892700899498,3.85059006978525,0.000961116383001346,0.00170914460718484,-0.605594686031658
2205,"O75027|ABCB7_HUMAN","ATP-binding cassette sub-family B member 7, mitochondrial OS=Homo sapiens OX=9606 GN=ABCB7 PE=1 SV=2",3.98971430747926,4.95170939294641,2.51402039534713,0.0203734417858977,0.0278049453653691,-3.25810456350213
2206,"Q9NWS0|PIHD1_HUMAN","PIH1 domain-containing protein 1 OS=Homo sapiens OX=9606 GN=PIH1D1 PE=1 SV=1",1.89914119023671,3.90642283432514,1.56079917208405,0.13387204260931,0.142851264979447,-4.79575113930199
2207,"Q93034|CUL5_HUMAN","Cullin-5 OS=Homo sapiens OX=9606 GN=CUL5 PE=1 SV=4",6.87134484335321,6.39252466088339,5.18504581453633,4.16753709624397e-05,9.01405495535916e-05,2.12792957183443
2208,"Q8TCT9|HM13_HUMAN","Minor histocompatibility antigen H13 OS=Homo sapiens OX=9606 GN=HM13 PE=1 SV=1",10.3422929514559,8.12799871493473,16.7234081528907,2.0166731057282e-13,1.20561979146795e-12,15.5979587163956
2209,"Q9H7Z7|PGES2_HUMAN","Prostaglandin E synthase 2 OS=Homo sapiens OX=9606 GN=PTGES2 PE=1 SV=1",6.84143971994673,6.37757209918015,5.01245696116414,6.22279414305836e-05,0.000130417841321582,1.78178972458986
2210,"O14757|CHK1_HUMAN","Serine/threonine-protein kinase Chk1 OS=Homo sapiens OX=9606 GN=CHEK1 PE=1 SV=2",2.0991821217452,4.00644330007938,1.62211865120855,0.120052826451551,0.130234821594385,-4.71195266504706
2211,"Q5SSJ5|HP1B3_HUMAN","Heterochromatin protein 1-binding protein 3 OS=Homo sapiens OX=9606 GN=HP1BP3 PE=1 SV=1",5.58428013711628,5.74899230776492,3.6132951318469,0.00168029379195267,0.00287261594094928,-1.09493175551204
2212,"Q96M27|PRRC1_HUMAN","Protein PRRC1 OS=Homo sapiens OX=9606 GN=PRRC1 PE=1 SV=1",8.98919456541695,7.45144952191526,13.2250637689883,1.67526456019836e-11,6.66987441237196e-11,13.1876986160932
2213,"P20338|RAB4A_HUMAN","Ras-related protein Rab-4A OS=Homo sapiens OX=9606 GN=RAB4A PE=1 SV=3",4.84128577683711,5.37749512762534,2.69994845063178,0.0135881364969766,0.0191979176195816,-2.91207439038362
2214,"O75323|NIPS2_HUMAN","Protein NipSnap homolog 2 OS=Homo sapiens OX=9606 GN=NIPSNAP2 PE=1 SV=1",3.11103713605162,4.51237080723259,1.95492152785967,0.0643606603546178,0.0771091631146312,-4.21683494274498
2215,"P51648|AL3A2_HUMAN","Aldehyde dehydrogenase family 3 member A2 OS=Homo sapiens OX=9606 GN=ALDH3A2 PE=1 SV=1",9.21800357044317,7.56585402442837,13.7415651116079,8.24074252425103e-12,3.49030348936925e-11,13.6074027555557
2216,"P31321|KAP1_HUMAN","cAMP-dependent protein kinase type I-beta regulatory subunit OS=Homo sapiens OX=9606 GN=PRKAR1B PE=1 SV=4",7.53185333566948,6.72277890704152,5.81063622222346,9.97615943784302e-06,2.42017730533684e-05,3.35094305431582
2217,"Q86SX6|GLRX5_HUMAN","Glutaredoxin-related protein 5, mitochondrial OS=Homo sapiens OX=9606 GN=GLRX5 PE=1 SV=2",9.1927688610195,7.55323666971653,13.5673530594221,1.04431216369318e-11,4.31395046160809e-11,13.4686607633225
2218,"Q7Z2T5|TRM1L_HUMAN","TRMT1-like protein OS=Homo sapiens OX=9606 GN=TRMT1L PE=1 SV=2",7.3122234392698,6.61296395884168,7.94450782185816,1.08857765248097e-07,2.92669271092999e-07,7.05335134350498
2219,"P09132|SRP19_HUMAN","Signal recognition particle 19 kDa protein OS=Homo sapiens OX=9606 GN=SRP19 PE=1 SV=3",7.12175052778963,6.5177275031016,5.45414631831774,2.24226874017281e-05,5.08106806925563e-05,2.66049938889981
2220,"Q6IAA8|LTOR1_HUMAN","Ragulator complex protein LAMTOR1 OS=Homo sapiens OX=9606 GN=LAMTOR1 PE=1 SV=2",9.52359005368414,7.71864726604885,17.255392214859,1.10518542523781e-13,7.24866079585276e-13,15.8880453067628
2222,"P42345|MTOR_HUMAN","Serine/threonine-protein kinase mTOR OS=Homo sapiens OX=9606 GN=MTOR PE=1 SV=1",2.99824548635944,4.4559749823865,2.211270100025,0.038522760589124,0.0474600410458008,-3.79449969712605
2223,"P56545|CTBP2_HUMAN","C-terminal-binding protein 2 OS=Homo sapiens OX=9606 GN=CTBP2 PE=1 SV=1",4.58990436718032,5.25180442279694,3.1771295249677,0.0046331677491158,0.00703956227091598,-1.98106383823497
2224,"Q9H9S4|CB39L_HUMAN","Calcium-binding protein 39-like OS=Homo sapiens OX=9606 GN=CAB39L PE=1 SV=3",5.44625630334958,5.67998039088157,3.56853930929646,0.00186624180383872,0.00316381811747207,-1.18681836752351
2225,"P98179|RBM3_HUMAN","RNA-binding protein 3 OS=Homo sapiens OX=9606 GN=RBM3 PE=1 SV=1",9.31945674987577,7.61658061414467,8.65629429919769,2.11586138952053e-07,5.61023853281959e-07,6.3262681503425
2226,"Q9NPL8|TIDC1_HUMAN","Complex I assembly factor TIMMDC1, mitochondrial OS=Homo sapiens OX=9606 GN=TIMMDC1 PE=1 SV=2",5.82047702349908,5.86709075095632,4.22064643441051,0.000400698603349038,0.000742391541334839,0.160501881938709
2227,"Q68CP9|ARID2_HUMAN","AT-rich interactive domain-containing protein 2 OS=Homo sapiens OX=9606 GN=ARID2 PE=1 SV=2",5.31526146323473,5.61448297082415,3.98318789053515,0.000702656681802376,0.00127065675196766,-0.331188945087772
2228,"Q9UBQ0|VPS29_HUMAN","Vacuolar protein sorting-associated protein 29 OS=Homo sapiens OX=9606 GN=VPS29 PE=1 SV=1",8.60846746749983,7.2610859729567,9.69461519440877,4.18273524726906e-09,1.24056465316738e-08,9.51895815445484
2229,"O75569|PRKRA_HUMAN","Interferon-inducible double-stranded RNA-dependent protein kinase activator A OS=Homo sapiens OX=9606 GN=PRKRA PE=1 SV=1",3.27037459712282,4.59203953776819,2.29194077913532,0.0326070661690195,0.0410654905955921,-3.6552276600706
2230,"O43447|PPIH_HUMAN","Peptidyl-prolyl cis-trans isomerase H OS=Homo sapiens OX=9606 GN=PPIH PE=1 SV=1",9.0651739845799,7.48943923149673,12.6333671800858,3.88250748152893e-11,1.46977913509207e-10,12.6745915896049
2231,"Q15750|TAB1_HUMAN","TGF-beta-activated kinase 1 and MAP3K7-binding protein 1 OS=Homo sapiens OX=9606 GN=TAB1 PE=1 SV=1",6.21065791180421,6.06218119510889,3.63048403198955,0.00161384322989195,0.00277131865971632,-1.05960016311991
2232,"P40692|MLH1_HUMAN","DNA mismatch repair protein Mlh1 OS=Homo sapiens OX=9606 GN=MLH1 PE=1 SV=1",4.95814858672647,5.43592653257002,3.33365511975432,0.00322764245545421,0.00507052239816907,-1.66582314374165
2233,"Q7L9L4|MOB1B_HUMAN","MOB kinase activator 1B OS=Homo sapiens OX=9606 GN=MOB1B PE=1 SV=3",9.17819628679022,7.54595038260189,11.6792982545132,1.60988269213799e-10,5.4704751674592e-10,11.7679246978994
2233,"Q9H8S9|MOB1A_HUMAN","MOB kinase activator 1A OS=Homo sapiens OX=9606 GN=MOB1A PE=1 SV=4",9.17819628679022,7.54595038260189,11.6792982545132,1.60988269213799e-10,5.4704751674592e-10,11.7679246978994
2234,"Q9NZ01|TECR_HUMAN","Very-long-chain enoyl-CoA reductase OS=Homo sapiens OX=9606 GN=TECR PE=1 SV=1",9.42415170347494,7.66892809094425,14.824322451232,1.99345299054991e-12,9.49850744259547e-12,14.4095891061392
2235,"Q9HCN8|SDF2L_HUMAN","Stromal cell-derived factor 2-like protein 1 OS=Homo sapiens OX=9606 GN=SDF2L1 PE=1 SV=2",-0.115162920060467,12.3980194695729,-0.162493647309001,0.872507686720719,0.877292920834362,-5.89854350383205
2237,"Q14CX7|NAA25_HUMAN","N-alpha-acetyltransferase 25, NatB auxiliary subunit OS=Homo sapiens OX=9606 GN=NAA25 PE=1 SV=1",2.52884796820099,13.5150522879022,0.688358272482963,0.506346562864112,0.516132980414835,-5.67601250352925
2238,"O60508|PRP17_HUMAN","Pre-mRNA-processing factor 17 OS=Homo sapiens OX=9606 GN=CDC40 PE=1 SV=1",2.33644854977917,4.12507651409637,1.68148061284258,0.107837774386513,0.119785179281038,-4.62851916318285
2240,"Q7L5N1|CSN6_HUMAN","COP9 signalosome complex subunit 6 OS=Homo sapiens OX=9606 GN=COPS6 PE=1 SV=1",8.80706031733033,7.36038239787195,12.5185804639314,4.58649213488329e-11,1.71270559838028e-10,12.5708432842903
2241,"P14927|QCR7_HUMAN","Cytochrome b-c1 complex subunit 7 OS=Homo sapiens OX=9606 GN=UQCRB PE=1 SV=2",7.32640783246205,6.62005615543781,3.9994863907919,0.00114265259358728,0.00200877282434294,-0.684573909471053
2242,"P42785|PCP_HUMAN","Lysosomal Pro-X carboxypeptidase OS=Homo sapiens OX=9606 GN=PRCP PE=1 SV=1",9.52030767167054,7.71700607504205,14.7303540530729,2.2469364093331e-12,1.05531741595378e-11,14.3438721115176
2243,"P62314|SMD1_HUMAN","Small nuclear ribonucleoprotein Sm D1 OS=Homo sapiens OX=9606 GN=SNRPD1 PE=1 SV=1",9.76778823899367,7.84074635870362,15.0760967034877,1.45100894699339e-12,7.11641330691025e-12,14.582220402754
2244,"Q01650|LAT1_HUMAN","Large neutral amino acids transporter small subunit 1 OS=Homo sapiens OX=9606 GN=SLC7A5 PE=1 SV=2",9.36907705112869,7.64139076477113,15.1764496670826,1.28006178543023e-12,6.3344959818848e-12,14.6496557539013
2245,"Q9ULR0|ISY1_HUMAN","Pre-mRNA-splicing factor ISY1 homolog OS=Homo sapiens OX=9606 GN=ISY1 PE=1 SV=3",7.76319479315429,6.83844963578393,5.76259520907952,1.28375442134225e-05,3.04901574470554e-05,3.13834618905874
2246,"P36542|ATPG_HUMAN","ATP synthase subunit gamma, mitochondrial OS=Homo sapiens OX=9606 GN=ATP5F1C PE=1 SV=1",2.38385591755427,12.2400192045991,1.56253914047059,0.143103043888901,0.151492128808514,-4.80120106967202
2247,"Q9NQ88|TIGAR_HUMAN","Fructose-2,6-bisphosphatase TIGAR OS=Homo sapiens OX=9606 GN=TIGAR PE=1 SV=1",6.50546791714571,7.11167721510234,4.57095301532966,0.000347796728118438,0.000649063210497328,0.347939125568796
2248,"Q8N806|UBR7_HUMAN","Putative E3 ubiquitin-protein ligase UBR7 OS=Homo sapiens OX=9606 GN=UBR7 PE=1 SV=2",2.1233893243249,4.01854690136923,1.70644012956447,0.103026362475221,0.11572550697491,-4.59277663077566
2249,"P15927|RFA2_HUMAN","Replication protein A 32 kDa subunit OS=Homo sapiens OX=9606 GN=RPA2 PE=1 SV=1",9.97490899329691,7.94430673585524,13.327515797352,1.45279588868145e-11,5.84908708922602e-11,13.2729778664826
2251,"P21912|SDHB_HUMAN","Succinate dehydrogenase [ubiquinone] iron-sulfur subunit, mitochondrial OS=Homo sapiens OX=9606 GN=SDHB PE=1 SV=3",9.03179635890442,7.47275041865899,14.5715962296364,2.75455000210967e-12,1.26854276412945e-11,14.2312201969505
2252,"Q8N5A5|ZGPAT_HUMAN","Zinc finger CCCH-type with G patch domain-containing protein OS=Homo sapiens OX=9606 GN=ZGPAT PE=1 SV=3",1.74662566544144,3.8301650719275,1.46183994531495,0.158941429910372,0.166918850287761,-4.92568300556627
2254,"P25789|PSA4_HUMAN","Proteasome subunit alpha type-4 OS=Homo sapiens OX=9606 GN=PSMA4 PE=1 SV=1",10.6749641034321,8.29433429092284,18.9252305984703,1.85055770205748e-14,1.61923798930029e-13,16.696748483842
2255,"Q5RKV6|EXOS6_HUMAN","Exosome complex component MTR3 OS=Homo sapiens OX=9606 GN=EXOSC6 PE=1 SV=1",2.80871612867589,4.36121030354473,2.16544131557703,0.0423049085250419,0.0517224191239794,-3.87232882958928
2256,"P62280|RS11_HUMAN","40S ribosomal protein S11 OS=Homo sapiens OX=9606 GN=RPS11 PE=1 SV=3",10.5791431398577,8.24642380913564,19.8179963371422,7.53596024058508e-15,7.65526304122759e-14,17.0735779430175
2257,"Q9NY93|DDX56_HUMAN","Probable ATP-dependent RNA helicase DDX56 OS=Homo sapiens OX=9606 GN=DDX56 PE=1 SV=1",8.19790105680423,7.0558027676089,10.8456217487881,6.00366917798369e-10,1.90553391057191e-09,10.8871944460794
2258,"Q96EL3|RM53_HUMAN","39S ribosomal protein L53, mitochondrial OS=Homo sapiens OX=9606 GN=MRPL53 PE=1 SV=1",4.98324300048401,5.44847373944879,3.17517178812699,0.00465406149250072,0.00706551133522388,-1.98498201421763
2259,"Q9Y6W5|WASF2_HUMAN","Wiskott-Aldrich syndrome protein family member 2 OS=Homo sapiens OX=9606 GN=WASF2 PE=1 SV=3",4.551514854457,5.23260966643528,3.05940454981715,0.00606617623266983,0.00898952213078478,-2.21544271341426
2260,"Q16864|VATF_HUMAN","V-type proton ATPase subunit F OS=Homo sapiens OX=9606 GN=ATP6V1F PE=1 SV=2",3.34589738959571,4.62980093400464,2.35343742307292,0.0286715397742681,0.0369679538438243,-3.54719990518907
2261,"Q9UHR5|S30BP_HUMAN","SAP30-binding protein OS=Homo sapiens OX=9606 GN=SAP30BP PE=1 SV=1",6.99870930987778,6.45620689414567,5.16467171896692,4.36894819062389e-05,9.40741081314428e-05,2.08724406812028
2262,"O75909|CCNK_HUMAN","Cyclin-K OS=Homo sapiens OX=9606 GN=CCNK PE=1 SV=2",3.63919034948476,4.77644741394916,2.41839846400574,0.0249947642423171,0.0330328469251879,-3.4314309499723
2264,"Q96GM8|TOE1_HUMAN","Target of EGR1 protein 1 OS=Homo sapiens OX=9606 GN=TOE1 PE=1 SV=1",3.57099841423687,4.74235144632522,2.72252053076274,0.0129281045842217,0.0182922464716111,-2.86932661861662
2265,"Q9HCE1|MOV10_HUMAN","Helicase MOV-10 OS=Homo sapiens OX=9606 GN=MOV10 PE=1 SV=2",4.45370215766645,5.18370331804001,2.88639147564456,0.00897376386306209,0.0129300115541875,-2.55473254826334
2266,"Q9UJ70|NAGK_HUMAN","N-acetyl-D-glucosamine kinase OS=Homo sapiens OX=9606 GN=NAGK PE=1 SV=4",2.43802350523053,7.69363098214133,1.15018465524282,0.275150177416816,0.28384999545947,-5.28119718425662
2267,"Q9GZZ9|UBA5_HUMAN","Ubiquitin-like modifier-activating enzyme 5 OS=Homo sapiens OX=9606 GN=UBA5 PE=1 SV=1",9.12572477906191,7.51971462873774,13.3212317338708,1.46551084577325e-11,5.8834377020094e-11,13.2677765342233
2268,"Q8NE62|CHDH_HUMAN","Choline dehydrogenase, mitochondrial OS=Homo sapiens OX=9606 GN=CHDH PE=1 SV=2",6.24729860074094,6.08050153957725,4.46575240369214,0.000224509731399254,0.000433264393928384,0.666660994506961
2269,"Q9BRJ2|RM45_HUMAN","39S ribosomal protein L45, mitochondrial OS=Homo sapiens OX=9606 GN=MRPL45 PE=1 SV=2",6.25585637162657,6.08478042502007,3.85628065019299,0.000948294087275331,0.00168946424618696,-0.593827489616713
2270,"P17096|HMGA1_HUMAN","High mobility group protein HMG-I/HMG-Y OS=Homo sapiens OX=9606 GN=HMGA1 PE=1 SV=3",5.22981442602298,5.57175945221827,3.46697754068933,0.00236665304840203,0.00389551698860531,-1.39466927881871
2271,"O75844|FACE1_HUMAN","CAAX prenyl protease 1 homolog OS=Homo sapiens OX=9606 GN=ZMPSTE24 PE=1 SV=2",7.56401558179309,6.73886003010333,5.61155364295997,1.56551507290533e-05,3.65952218013692e-05,2.96759257264757
2272,"P10619|PPGB_HUMAN","Lysosomal protective protein OS=Homo sapiens OX=9606 GN=CTSA PE=1 SV=2",5.24172764061522,5.57771605951439,3.49521708282228,0.00221559071579604,0.00367673459302359,-1.33697622341645
2273,"Q9BST9|RTKN_HUMAN","Rhotekin OS=Homo sapiens OX=9606 GN=RTKN PE=1 SV=2",3.14083539938636,4.52726993889996,2.16605548520585,0.0422520657459503,0.0516742227197931,-3.87129218394232
2274,"Q8TDD1|DDX54_HUMAN","ATP-dependent RNA helicase DDX54 OS=Homo sapiens OX=9606 GN=DDX54 PE=1 SV=2",7.95197826510539,6.93284137175948,8.5162835042069,3.59473802294479e-08,9.93520559105343e-08,7.91357368165598
2275,"Q93050|VPP1_HUMAN","V-type proton ATPase 116 kDa subunit a1 OS=Homo sapiens OX=9606 GN=ATP6V0A1 PE=1 SV=3",3.59127394031314,4.75248920936335,2.41409484627786,0.0252241159844637,0.0332692177253119,-3.43915147888841
2276,"O14737|PDCD5_HUMAN","Programmed cell death protein 5 OS=Homo sapiens OX=9606 GN=PDCD5 PE=1 SV=3",10.5233656798702,8.21853507914189,15.9642018835903,4.89989582792417e-13,2.62738146761950e-12,15.1531464305187
2277,"Q9P016|THYN1_HUMAN","Thymocyte nuclear protein 1 OS=Homo sapiens OX=9606 GN=THYN1 PE=1 SV=1",9.91520275586592,7.91445361713974,18.1172524572412,4.31431856268663e-14,3.33536676030994e-13,16.3235961301606
2278,"Q9NZJ9|NUDT4_HUMAN","Diphosphoinositol polyphosphate phosphohydrolase 2 OS=Homo sapiens OX=9606 GN=NUDT4 PE=1 SV=2",5.25104200819988,5.58237324330672,3.4459097690572,0.00248589575415316,0.0040639909356644,-1.43765568500711
2278,"A0A024RBG1|NUD4B_HUMAN","Diphosphoinositol polyphosphate phosphohydrolase NUDT4B OS=Homo sapiens OX=9606 GN=NUDT4B PE=3 SV=1",5.25104200819988,5.58237324330672,3.4459097690572,0.00248589575415316,0.0040639909356644,-1.43765568500711
2279,"P27635|RL10_HUMAN","60S ribosomal protein L10 OS=Homo sapiens OX=9606 GN=RPL10 PE=1 SV=4",10.2024178235666,8.05806115099008,14.4166703975608,3.36629438640176e-12,1.52294164367177e-11,14.1192847324023
2280,"Q8TCJ2|STT3B_HUMAN","Dolichyl-diphosphooligosaccharide--protein glycosyltransferase subunit STT3B OS=Homo sapiens OX=9606 GN=STT3B PE=1 SV=1",5.73886286099136,5.82628366970246,4.25747006349363,0.000367275037982989,0.000683426242742632,0.236680812128835
2281,"Q06546|GABPA_HUMAN","GA-binding protein alpha chain OS=Homo sapiens OX=9606 GN=GABPA PE=1 SV=1",5.97011491795156,5.94190969818256,4.43322873714435,0.000242427757015882,0.000464351673886142,0.599645360425894
2282,"P61254|RL26_HUMAN","60S ribosomal protein L26 OS=Homo sapiens OX=9606 GN=RPL26 PE=1 SV=1",8.49885437664177,7.20627942752767,8.84257949832423,1.94703657413553e-08,5.48360703030123e-08,8.38018428568116
2282,"Q9UNX3|RL26L_HUMAN","60S ribosomal protein L26-like 1 OS=Homo sapiens OX=9606 GN=RPL26L1 PE=1 SV=1",8.49885437664177,7.20627942752767,8.84257949832423,1.94703657413553e-08,5.48360703030123e-08,8.38018428568116
2283,"Q96HY6|DDRGK_HUMAN","DDRGK domain-containing protein 1 OS=Homo sapiens OX=9606 GN=DDRGK1 PE=1 SV=2",2.11255512366352,4.01312980103854,1.66238413271011,0.111646829757469,0.122846611765149,-4.65560301792453
2284,"P41214|EIF2D_HUMAN","Eukaryotic translation initiation factor 2D OS=Homo sapiens OX=9606 GN=EIF2D PE=1 SV=3",6.70994845165842,6.31182646503599,4.81187714471066,9.94386127768493e-05,0.000202025677673282,1.37558669233336
2285,"Q9NX74|DUS2L_HUMAN","tRNA-dihydrouridine(20) synthase [NAD(P)+]-like OS=Homo sapiens OX=9606 GN=DUS2 PE=1 SV=1",7.09952437477292,6.50661442659324,6.61454276749938,1.69627581879164e-06,4.33642888602113e-06,4.8360909907301
2286,"Q8IYI6|EXOC8_HUMAN","Exocyst complex component 8 OS=Homo sapiens OX=9606 GN=EXOC8 PE=1 SV=2",6.1261895132782,6.01994699584588,4.38769598471598,0.000269954635309895,0.000513174086684687,0.505736200190573
2287,"P40938|RFC3_HUMAN","Replication factor C subunit 3 OS=Homo sapiens OX=9606 GN=RFC3 PE=1 SV=2",5.63077534712949,5.77223991277153,3.93198232976514,0.00079305141674891,0.001424089531009,-0.437201327712656
2288,"P06703|S10A6_HUMAN","Protein S100-A6 OS=Homo sapiens OX=9606 GN=S100A6 PE=1 SV=1",4.05177966389552,4.98274207115454,2.51598585903993,0.0202874231504199,0.0277268651505561,-3.25450711283753
2289,"O75616|ERAL1_HUMAN","GTPase Era, mitochondrial OS=Homo sapiens OX=9606 GN=ERAL1 PE=1 SV=2",7.21260020543322,6.56315234192339,5.57204739284356,1.7128246586308e-05,3.98933752917639e-05,2.89084097786898
2290,"Q9H5V8|CDCP1_HUMAN","CUB domain-containing protein 1 OS=Homo sapiens OX=9606 GN=CDCP1 PE=1 SV=3",3.64492772394343,4.7793161011785,2.41776700634995,0.0250282946056611,0.0330335736139168,-3.43256420590711
2291,"Q7L8L6|FAKD5_HUMAN","FAST kinase domain-containing protein 5, mitochondrial OS=Homo sapiens OX=9606 GN=FASTKD5 PE=1 SV=1",5.96859359961486,5.94114903901421,4.11119827950672,0.000519115451615017,0.000948549828532422,-0.0660779511913239
2292,"Q8N9T8|KRI1_HUMAN","Protein KRI1 homolog OS=Homo sapiens OX=9606 GN=KRI1 PE=1 SV=3",6.29535298560635,6.10452873200996,5.75182751773047,1.13912937078612e-05,2.73931797471991e-05,3.23830649097889
2293,"Q6NZI2|CAVN1_HUMAN","Caveolae-associated protein 1 OS=Homo sapiens OX=9606 GN=CAVIN1 PE=1 SV=1",7.69437123888867,6.80403785865112,9.01579780826735,1.41387811613276e-08,4.0232304117599e-08,8.62089515070296
2294,"P42025|ACTY_HUMAN","Beta-centractin OS=Homo sapiens OX=9606 GN=ACTR1B PE=1 SV=1",1.67702755619711,5.96130489487767,0.681719963621996,0.50653629865426,0.516189716733431,-5.68433948391981
2295,"Q86U42|PABP2_HUMAN","Polyadenylate-binding protein 2 OS=Homo sapiens OX=9606 GN=PABPN1 PE=1 SV=3",10.3029468799931,8.10832567920334,19.8932114274448,6.99836395011533e-15,7.20419818394225e-14,17.1037484042254
2296,"Q8NFW8|NEUA_HUMAN","N-acylneuraminate cytidylyltransferase OS=Homo sapiens OX=9606 GN=CMAS PE=1 SV=2",3.71359974456325,4.81365211148841,2.34056744265098,0.0294569414362933,0.0377778895835208,-3.56993658358062
2298,"Q8N108|MIER1_HUMAN","Mesoderm induction early response protein 1 OS=Homo sapiens OX=9606 GN=MIER1 PE=1 SV=2",4.71337846176669,5.31354147009013,3.2173812142153,0.00422324823000879,0.00648564247528275,-1.90036198336064
2299,"Q96KA5|CLP1L_HUMAN","Cleft lip and palate transmembrane protein 1-like protein OS=Homo sapiens OX=9606 GN=CLPTM1L PE=1 SV=1",6.37577004608591,6.14473726224974,4.55208573183771,0.000183144270434383,0.000358832285583906,0.844265749042044
2300,"Q13111|CAF1A_HUMAN","Chromatin assembly factor 1 subunit A OS=Homo sapiens OX=9606 GN=CHAF1A PE=1 SV=3",3.19451944785308,4.55411196313332,2.31209686237392,0.0312654528471023,0.0395830297472358,-3.6199931979259
2301,"Q5JTJ3|COA6_HUMAN","Cytochrome c oxidase assembly factor 6 homolog OS=Homo sapiens OX=9606 GN=COA6 PE=1 SV=1",7.20695327762961,6.56032887802159,5.4965682938221,2.03482887909558e-05,4.65483730512061e-05,2.74359759938267
2302,"O75477|ERLN1_HUMAN","Erlin-1 OS=Homo sapiens OX=9606 GN=ERLIN1 PE=1 SV=2",6.63678062251331,6.27524255046344,6.29073203317351,3.42964655740664e-06,8.61888984726865e-06,4.25048213200345
2303,"P56524|HDAC4_HUMAN","Histone deacetylase 4 OS=Homo sapiens OX=9606 GN=HDAC4 PE=1 SV=3",4.14313097305964,5.0284177257366,2.55345432930274,0.0187113026890518,0.0258110051425473,-3.18566943423169
2304,"Q9Y624|JAM1_HUMAN","Junctional adhesion molecule A OS=Homo sapiens OX=9606 GN=F11R PE=1 SV=1",2.54333874198943,4.2285216102015,1.74462573996442,0.0960207633329946,0.109762452147277,-4.53735215989916
2305,"Q96IU4|ABHEB_HUMAN","Protein ABHD14B OS=Homo sapiens OX=9606 GN=ABHD14B PE=1 SV=1",9.74696086881894,7.83033267361625,18.5177259552727,2.82434559139473e-14,2.31355968656803e-13,16.5125758022551
2307,"O15397|IPO8_HUMAN","Importin-8 OS=Homo sapiens OX=9606 GN=IPO8 PE=1 SV=2",6.91448756217251,6.41409602029304,5.25274300328349,3.56357298708675e-05,7.8309109590662e-05,2.26276047580833
2308,"Q9UHD2|TBK1_HUMAN","Serine/threonine-protein kinase TBK1 OS=Homo sapiens OX=9606 GN=TBK1 PE=1 SV=1",2.73498755581154,4.32434601711255,1.77352546992229,0.0909946281603724,0.104983313879962,-4.49481904453727
2310,"O00308|WWP2_HUMAN","NEDD4-like E3 ubiquitin-protein ligase WWP2 OS=Homo sapiens OX=9606 GN=WWP2 PE=1 SV=2",3.93301227560943,4.9233583770115,2.4962103944191,0.0211686107703506,0.0287373594731487,-3.29064026227389
2311,"P62244|RS15A_HUMAN","40S ribosomal protein S15a OS=Homo sapiens OX=9606 GN=RPS15A PE=1 SV=2",5.58688243323105,5.75029345582231,3.51524943383727,0.00211421854916836,0.00353134117756971,-1.29600167316653
2312,"Q96BK5|PINX1_HUMAN","PIN2/TERF1-interacting telomerase inhibitor 1 OS=Homo sapiens OX=9606 GN=PINX1 PE=1 SV=2",7.16637677171477,6.54004062506417,4.91306833945363,7.84700069203579e-05,0.000161902211491628,1.58100501312042
2313,"P20839|IMDH1_HUMAN","Inosine-5'-monophosphate dehydrogenase 1 OS=Homo sapiens OX=9606 GN=IMPDH1 PE=1 SV=2",5.94108458040679,5.92739452941018,4.37047536808588,0.000281165644168771,0.000532982634194863,0.470194759038928
2314,"Q96KB5|TOPK_HUMAN","Lymphokine-activated killer T-cell-originated protein kinase OS=Homo sapiens OX=9606 GN=PBK PE=1 SV=3",2.54653938393908,4.23012193117632,1.83472398760609,0.08109695349396,0.0952190518303586,-4.40312119994736
2316,"Q8IVD9|NUDC3_HUMAN","NudC domain-containing protein 3 OS=Homo sapiens OX=9606 GN=NUDCD3 PE=1 SV=3",4.91317130133313,5.41343788987335,3.2212348551622,0.00418590675663579,0.00643342954612686,-1.89262171372976
2317,"Q13243|SRSF5_HUMAN","Serine/arginine-rich splicing factor 5 OS=Homo sapiens OX=9606 GN=SRSF5 PE=1 SV=1",10.3321614263831,8.12293295239831,20.783456272355,2.96977330205209e-15,3.80638215247533e-14,17.4436219320509
2318,"Q96IZ0|PAWR_HUMAN","PRKC apoptosis WT1 regulator protein OS=Homo sapiens OX=9606 GN=PAWR PE=1 SV=1",7.66942728871472,6.79156588356414,8.51214549788759,3.62311973917784e-08,9.99929103644065e-08,7.90754429068676
2319,"Q9NUQ6|SPS2L_HUMAN","SPATS2-like protein OS=Homo sapiens OX=9606 GN=SPATS2L PE=1 SV=2",2.01016119926586,3.96193283883972,1.6561755684514,0.112909529397272,0.123846634808974,-4.66435891124408
2320,"Q02750|MP2K1_HUMAN","Dual specificity mitogen-activated protein kinase kinase 1 OS=Homo sapiens OX=9606 GN=MAP2K1 PE=1 SV=2",8.88089794298161,7.39730121069759,12.571769576801,4.24505067319112e-11,1.5944824479791e-10,12.6190922221818
2322,"P35268|RL22_HUMAN","60S ribosomal protein L22 OS=Homo sapiens OX=9606 GN=RPL22 PE=1 SV=2",3.93167920233175,13.0290426654442,5.25688242183502,3.52966796236349e-05,7.76526951719967e-05,2.27098684779404
2323,"Q9Y4P1|ATG4B_HUMAN","Cysteine protease ATG4B OS=Homo sapiens OX=9606 GN=ATG4B PE=1 SV=2",3.95782116952847,4.93576282397102,2.50822233140346,0.0206291881553193,0.028094225114248,-3.26870898237258
2324,"Q8WX92|NELFB_HUMAN","Negative elongation factor B OS=Homo sapiens OX=9606 GN=NELFB PE=1 SV=1",8.07703310780179,6.99536879310768,10.2333900844876,1.65464633154637e-09,5.09223691163352e-09,10.1826117230098
2325,"Q5W0B1|OBI1_HUMAN","ORC ubiquitin ligase 1 OS=Homo sapiens OX=9606 GN=OBI1 PE=1 SV=1",3.83297939870688,4.87334193856022,2.48155584555635,0.0218445659555579,0.0295508007480315,-3.31732623452486
2326,"Q6ZRP7|QSOX2_HUMAN","Sulfhydryl oxidase 2 OS=Homo sapiens OX=9606 GN=QSOX2 PE=1 SV=3",7.26847000406465,6.59108724123911,7.37797591346261,3.40644389564793e-07,8.92163877431601e-07,6.14614888144034
2327,"Q9BXW9|FACD2_HUMAN","Fanconi anemia group D2 protein OS=Homo sapiens OX=9606 GN=FANCD2 PE=1 SV=2",2.77976579215312,4.34673513528334,2.15923584041798,0.0428422005927626,0.0522739871435621,-3.88279310461913
2328,"P02533|K1C14_HUMAN","Keratin, type I cytoskeletal 14 OS=Homo sapiens OX=9606 GN=KRT14 PE=1 SV=4",2.40044753367903,4.1570760060463,1.77322186852112,0.0910462260485081,0.105011375160802,-4.49526846398226
2329,"Q9P015|RM15_HUMAN","39S ribosomal protein L15, mitochondrial OS=Homo sapiens OX=9606 GN=MRPL15 PE=1 SV=1",2.28994400109778,4.10182423975568,1.75418972095368,0.0943316053858619,0.108281657941434,-4.52333185620795
2330,"O00255|MEN1_HUMAN","Menin OS=Homo sapiens OX=9606 GN=MEN1 PE=1 SV=4",2.18688337795313,4.05029392818335,1.7115793724519,0.102058760599503,0.114899905303431,-4.58536925339091
2331,"P42695|CNDD3_HUMAN","Condensin-2 complex subunit D3 OS=Homo sapiens OX=9606 GN=NCAPD3 PE=1 SV=2",1.89170682754978,3.90270565298167,1.59723753071373,0.125508700928079,0.135201034855373,-4.74625145721941
2332,"P62277|RS13_HUMAN","40S ribosomal protein S13 OS=Homo sapiens OX=9606 GN=RPS13 PE=1 SV=2",10.1795353845394,8.0466199314765,12.8077886260997,3.34793741430425e-11,1.28382062201906e-10,12.7387428540876
2333,"Q9BYD2|RM09_HUMAN","39S ribosomal protein L9, mitochondrial OS=Homo sapiens OX=9606 GN=MRPL9 PE=1 SV=2",5.39475133239252,5.65422790540304,3.5241780582456,0.00207051895507232,0.00346586868566454,-1.27772638372364
2334,"Q8IXM2|BAP18_HUMAN","Chromatin complexes subunit BAP18 OS=Homo sapiens OX=9606 GN=BAP18 PE=1 SV=1",8.72961400577473,7.32165924209415,12.9817628114251,2.35820432349417e-11,9.23610035142681e-11,12.9810251218318
2335,"Q15428|SF3A2_HUMAN","Splicing factor 3A subunit 2 OS=Homo sapiens OX=9606 GN=SF3A2 PE=1 SV=2",6.2192675862579,6.06648603233573,3.82756888472628,0.0010147695319635,0.00179873973207158,-0.653187446575858
2336,"Q13426|XRCC4_HUMAN","DNA repair protein XRCC4 OS=Homo sapiens OX=9606 GN=XRCC4 PE=1 SV=2",4.2769817820755,5.09534313024453,2.59061824845913,0.0172621424573263,0.0240881654442574,-3.11691779271611
2337,"Q9NUQ8|ABCF3_HUMAN","ATP-binding cassette sub-family F member 3 OS=Homo sapiens OX=9606 GN=ABCF3 PE=1 SV=2",1.84854424933097,3.88112436387227,1.57353762569506,0.130897067333511,0.140259868976904,-4.77854613795997
2338,"Q03164|KMT2A_HUMAN","Histone-lysine N-methyltransferase 2A OS=Homo sapiens OX=9606 GN=KMT2A PE=1 SV=5",4.55113088138518,5.23241767989937,3.09522358979704,0.00558997139903937,0.0083416239869386,-2.14440568755023
2339,"Q8NBJ5|GT251_HUMAN","Procollagen galactosyltransferase 1 OS=Homo sapiens OX=9606 GN=COLGALT1 PE=1 SV=1",8.62808806570042,7.270896272057,12.4250046744576,5.25848193154285e-11,1.93548331132313e-10,12.4852198657658
2340,"O00764|PDXK_HUMAN","Pyridoxal kinase OS=Homo sapiens OX=9606 GN=PDXK PE=1 SV=1",4.36372468584978,10.2512779219154,2.94691313527868,0.0121181166884566,0.0171967376522513,-2.6974076811225
2341,"P53007|TXTP_HUMAN","Tricarboxylate transport protein, mitochondrial OS=Homo sapiens OX=9606 GN=SLC25A1 PE=1 SV=2",3.9121623880712,4.91293343324238,2.90932262714751,0.0085227866921405,0.0123263443894594,-2.51015599873914
2342,"Q9BSV6|SEN34_HUMAN","tRNA-splicing endonuclease subunit Sen34 OS=Homo sapiens OX=9606 GN=TSEN34 PE=1 SV=1",3.41505661894128,4.66438054867742,2.67180408155979,0.0144559073817881,0.0203567093708428,-2.96516205972964
2343,"Q96EY5|MB12A_HUMAN","Multivesicular body subunit 12A OS=Homo sapiens OX=9606 GN=MVB12A PE=1 SV=1",5.18014254592282,5.54692351216819,3.31968122739908,0.00333394163132985,0.00522199970733113,-1.69411369811252
2344,"Q12962|TAF10_HUMAN","Transcription initiation factor TFIID subunit 10 OS=Homo sapiens OX=9606 GN=TAF10 PE=1 SV=1",3.63861706978365,4.77616077409861,2.43096041385475,0.0243363439434236,0.0323867695064572,-3.40885480948064
2345,"P35914|HMGCL_HUMAN","Hydroxymethylglutaryl-CoA lyase, mitochondrial OS=Homo sapiens OX=9606 GN=HMGCL PE=1 SV=2",8.09435203366288,7.00402825603822,10.3966633560134,1.25752864978855e-09,3.90127743890888e-09,10.3755375881502
2346,"Q9H3K6|BOLA2_HUMAN","BolA-like protein 2 OS=Homo sapiens OX=9606 GN=BOLA2 PE=1 SV=1",4.81595821071845,5.36483134456601,2.97580227766097,0.0073350176486874,0.0107334921883111,-2.38022373925775
2348,"Q9NYL4|FKB11_HUMAN","Peptidyl-prolyl cis-trans isomerase FKBP11 OS=Homo sapiens OX=9606 GN=FKBP11 PE=1 SV=1",8.86547767302199,7.38959107571778,5.50572412964626,0.000126597303917996,0.000253853968793897,1.246948112516
2349,"Q8NI22|MCFD2_HUMAN","Multiple coagulation factor deficiency protein 2 OS=Homo sapiens OX=9606 GN=MCFD2 PE=1 SV=1",8.83113732492173,7.37242090166765,5.60468364298903,9.96724204705752e-05,0.00020239389177833,1.44348487115754
2350,"P10155|RO60_HUMAN","60 kDa SS-A/Ro ribonucleoprotein OS=Homo sapiens OX=9606 GN=RO60 PE=1 SV=2",8.55318639999778,7.23344543920567,12.5177817247475,4.59183250633097e-11,1.71303828966805e-10,12.5701164205541
2351,"P36507|MP2K2_HUMAN","Dual specificity mitogen-activated protein kinase kinase 2 OS=Homo sapiens OX=9606 GN=MAP2K2 PE=1 SV=1",7.16702938380324,6.5403669311084,6.87438222142548,9.73692882977611e-07,2.51423044900322e-06,5.29322248830157
2352,"P36639|8ODP_HUMAN","7,8-dihydro-8-oxoguanine triphosphatase OS=Homo sapiens OX=9606 GN=NUDT1 PE=1 SV=3",8.5840750148434,7.24888974662848,11.3715748318624,2.59524765248184e-10,8.57656949532625e-10,11.4529371327599
2355,"Q9NZ45|CISD1_HUMAN","CDGSH iron-sulfur domain-containing protein 1 OS=Homo sapiens OX=9606 GN=CISD1 PE=1 SV=1",9.3305167850469,7.62211063173023,14.5156713722749,2.96076033315771e-12,1.35863257242636e-11,14.1910442220501
2356,"Q5SY16|NOL9_HUMAN","Polynucleotide 5'-hydroxyl-kinase NOL9 OS=Homo sapiens OX=9606 GN=NOL9 PE=1 SV=1",6.53891935204281,6.22631191522819,4.85037135402039,9.08646260505079e-05,0.00018519259412094,1.45384250477206
2357,"Q9Y6M9|NDUB9_HUMAN","NADH dehydrogenase [ubiquinone] 1 beta subcomplex subunit 9 OS=Homo sapiens OX=9606 GN=NDUFB9 PE=1 SV=3",5.0166049977682,5.46515473809088,3.38788533517032,0.00284561915913733,0.00455914846553422,-1.55578848285777
2358,"Q9NV35|NUD15_HUMAN","Nucleotide triphosphate diphosphatase NUDT15 OS=Homo sapiens OX=9606 GN=NUDT15 PE=1 SV=1",4.82060196525103,5.3671532218323,3.06547475065526,0.00598280266151199,0.00887621974829332,-2.20342194569675
2360,"O43148|MCES_HUMAN","mRNA cap guanine-N7 methyltransferase OS=Homo sapiens OX=9606 GN=RNMT PE=1 SV=1",3.52863844529585,4.72117146185471,2.31287615996478,0.0312146172562199,0.0395422282058059,-3.61862750780917
2362,"Q8IW45|NNRD_HUMAN","ATP-dependent (S)-NAD(P)H-hydrate dehydratase OS=Homo sapiens OX=9606 GN=NAXD PE=1 SV=1",3.70353205290436,4.80861826565896,2.44718318697015,0.0235099165845613,0.0314063771167803,-3.37961109150543
2364,"P49366|DHYS_HUMAN","Deoxyhypusine synthase OS=Homo sapiens OX=9606 GN=DHPS PE=1 SV=1",2.85924872998219,4.38647660419788,2.20257279113093,0.0392159254078764,0.0482060385760933,-3.80934345336677
2365,"Q9HBU6|EKI1_HUMAN","Ethanolamine kinase 1 OS=Homo sapiens OX=9606 GN=ETNK1 PE=1 SV=1",5.128789930079,5.52124720424628,3.4370441293704,0.00253781992784885,0.00413833406277766,-1.45573047823034
2366,"Q8N6M0|OTU6B_HUMAN","Deubiquitinase OTUD6B OS=Homo sapiens OX=9606 GN=OTUD6B PE=1 SV=1",8.62229143966771,7.26799795904064,12.4612736391898,4.98659694762831e-11,1.84955667132649e-10,12.5185189231021
2367,"Q8TBX8|PI42C_HUMAN","Phosphatidylinositol 5-phosphate 4-kinase type-2 gamma OS=Homo sapiens OX=9606 GN=PIP4K2C PE=1 SV=3",8.29229181744971,7.10299814793164,10.7159854577646,7.41567507119714e-10,2.34211230714594e-09,10.7422402839194
2369,"Q15126|PMVK_HUMAN","Phosphomevalonate kinase OS=Homo sapiens OX=9606 GN=PMVK PE=1 SV=3",6.4746783464675,6.19419141244053,4.79033164173236,0.000104590191683888,0.000211709904302298,1.33172833838767
2371,"O15127|SCAM2_HUMAN","Secretory carrier-associated membrane protein 2 OS=Homo sapiens OX=9606 GN=SCAMP2 PE=1 SV=2",-2.02509125438444,11.8549432777926,-1.45861148090237,0.167455435582951,0.175477252856386,-4.93204115698746
2372,"Q16539|MK14_HUMAN","Mitogen-activated protein kinase 14 OS=Homo sapiens OX=9606 GN=MAPK14 PE=1 SV=3",4.33612499050814,5.12491473446085,2.59861615636771,0.0169644031813945,0.0237156689355007,-3.10206184726931
2373,"Q9UBV2|SE1L1_HUMAN","Protein sel-1 homolog 1 OS=Homo sapiens OX=9606 GN=SEL1L PE=1 SV=3",4.41320188330429,5.16345318085893,2.95500467800532,0.00768834780421817,0.011186749450582,-2.42098102162506
2374,"Q93052|LPP_HUMAN","Lipoma-preferred partner OS=Homo sapiens OX=9606 GN=LPP PE=1 SV=1",3.84802651988372,4.88086549914864,2.46617239710356,0.0225757978141645,0.0303480522292365,-3.34525557380174
2377,"Q9NZZ3|CHMP5_HUMAN","Charged multivesicular body protein 5 OS=Homo sapiens OX=9606 GN=CHMP5 PE=1 SV=1",4.89518687363502,10.589912489621,2.10730362967962,0.0595680599019646,0.0716454328717787,-4.052747833681
2379,"Q9NW64|RBM22_HUMAN","Pre-mRNA-splicing factor RBM22 OS=Homo sapiens OX=9606 GN=RBM22 PE=1 SV=1",5.85335427448104,5.8835293764473,3.56679848818543,0.00187387023640586,0.00317535229320535,-1.19038905057396
2380,"Q92576|PHF3_HUMAN","PHD finger protein 3 OS=Homo sapiens OX=9606 GN=PHF3 PE=1 SV=3",4.10702254345604,5.01036351093481,2.54412946562996,0.0190924476854872,0.0262614946727852,-3.2028466398622
2381,"P50897|PPT1_HUMAN","Palmitoyl-protein thioesterase 1 OS=Homo sapiens OX=9606 GN=PPT1 PE=1 SV=1",4.95803654160638,7.73363257625345,2.5248267500391,0.0285948560767171,0.0369058652012608,-3.41983836086148
2382,"Q96SU4|OSBL9_HUMAN","Oxysterol-binding protein-related protein 9 OS=Homo sapiens OX=9606 GN=OSBPL9 PE=1 SV=2",4.04827383879669,4.98098915860513,2.53674105030023,0.0193996029057949,0.0266269059491303,-3.21643550024583
2383,"Q9BW27|NUP85_HUMAN","Nuclear pore complex protein Nup85 OS=Homo sapiens OX=9606 GN=NUP85 PE=1 SV=1",3.89723916733969,4.90547182287663,2.46986961092321,0.0223979989471918,0.0301511524289121,-3.33855102567753
2384,"O95400|CD2B2_HUMAN","CD2 antigen cytoplasmic tail-binding protein 2 OS=Homo sapiens OX=9606 GN=CD2BP2 PE=1 SV=1",7.44009994597665,6.67690221219511,5.65654304566445,1.41341244623925e-05,3.32212327107515e-05,3.05472706849401
2385,"Q16763|UBE2S_HUMAN","Ubiquitin-conjugating enzyme E2 S OS=Homo sapiens OX=9606 GN=UBE2S PE=1 SV=2",5.34462215465187,5.62916331653272,3.53170932942279,0.0020343503502023,0.00341423227911023,-1.26230538113375
2386,"P62306|RUXF_HUMAN","Small nuclear ribonucleoprotein F OS=Homo sapiens OX=9606 GN=SNRPF PE=1 SV=1",10.4395732429542,8.17663886068389,16.4331245065601,2.8198719274468e-13,1.61075770336353e-12,15.4323180097006
2387,"Q2M389|WASC4_HUMAN","WASH complex subunit 4 OS=Homo sapiens OX=9606 GN=WASHC4 PE=1 SV=2",4.65938465386577,5.28654456613967,3.08387901125466,0.00573673888561204,0.00853747379575042,-2.16693159368185
2388,"P49407|ARRB1_HUMAN","Beta-arrestin-1 OS=Homo sapiens OX=9606 GN=ARRB1 PE=1 SV=2",3.14255680284039,4.52813064062698,1.95937324873771,0.0638042281343697,0.0765253203480758,-4.20978382112937
2388,"P36575|ARRC_HUMAN","Arrestin-C OS=Homo sapiens OX=9606 GN=ARR3 PE=1 SV=2",3.14255680284039,4.52813064062698,1.95937324873771,0.0638042281343697,0.0765253203480758,-4.20978382112937
2389,"Q13464|ROCK1_HUMAN","Rho-associated protein kinase 1 OS=Homo sapiens OX=9606 GN=ROCK1 PE=1 SV=1",4.16100427962147,5.03735437901752,2.9556042106219,0.00767793696795782,0.011177074308531,-2.41980747643975
2391,"Q8NCN5|PDPR_HUMAN","Pyruvate dehydrogenase phosphatase regulatory subunit, mitochondrial OS=Homo sapiens OX=9606 GN=PDPR PE=1 SV=2",3.3017128032733,4.60770864084343,2.34339783086393,0.0292825288369451,0.0376419819773752,-3.56494206003722
2392,"Q9NYY8|FAKD2_HUMAN","FAST kinase domain-containing protein 2, mitochondrial OS=Homo sapiens OX=9606 GN=FASTKD2 PE=1 SV=1",4.15918483906656,5.03644465874006,2.56460158361141,0.0182650461921289,0.0253315662246745,-3.16509629528475
2393,"Q9NQT5|EXOS3_HUMAN","Exosome complex component RRP40 OS=Homo sapiens OX=9606 GN=EXOSC3 PE=1 SV=3",5.79403484281362,5.85386966061359,3.64705308337505,0.00155224672048569,0.00267150195523913,-1.025522197374
2394,"P46926|GNPI1_HUMAN","Glucosamine-6-phosphate isomerase 1 OS=Homo sapiens OX=9606 GN=GNPDA1 PE=1 SV=1",4.49296637313338,5.20333542577347,3.07298739917631,0.00588115037583835,0.00873887647509751,-2.1885345718576
2395,"P36915|GNL1_HUMAN","Guanine nucleotide-binding protein-like 1 OS=Homo sapiens OX=9606 GN=GNL1 PE=1 SV=2",2.73486045320814,4.32428246581085,1.77927937493214,0.0900215010569327,0.104266780706736,-4.4862912216206
2396,"P49721|PSB2_HUMAN","Proteasome subunit beta type-2 OS=Homo sapiens OX=9606 GN=PSMB2 PE=1 SV=1",9.59358615849689,7.75364531845523,13.4386504764988,1.24598303027932e-11,5.06016315039598e-11,13.3643349955347
2397,"Q14202|ZMYM3_HUMAN","Zinc finger MYM-type protein 3 OS=Homo sapiens OX=9606 GN=ZMYM3 PE=1 SV=2",2.43486945739146,4.17428696790251,1.96275257996587,0.0633846897669783,0.0760932508895749,-4.20442422177873
2398,"Q02543|RL18A_HUMAN","60S ribosomal protein L18a OS=Homo sapiens OX=9606 GN=RPL18A PE=1 SV=2",5.40073252852399,5.65721850346878,3.540445373662,0.00199317431498906,0.00335096991821304,-1.24441091141804
2399,"Q9NZI7|UBIP1_HUMAN","Upstream-binding protein 1 OS=Homo sapiens OX=9606 GN=UBP1 PE=1 SV=1",4.02025526952077,4.96697987396717,2.78654224066786,0.0112177664780497,0.0159602368590138,-2.74728296062579
2400,"Q9Y608|LRRF2_HUMAN","Leucine-rich repeat flightless-interacting protein 2 OS=Homo sapiens OX=9606 GN=LRRFIP2 PE=1 SV=1",5.50509982781045,5.70940215311201,3.57301895249283,0.00184675200204119,0.00313768544036124,-1.17762876758518
2401,"Q9BZX2|UCK2_HUMAN","Uridine-cytidine kinase 2 OS=Homo sapiens OX=9606 GN=UCK2 PE=1 SV=1",7.13254554089687,6.52312500965522,5.44945476067737,2.26649646310057e-05,5.12691620619106e-05,2.6512944491347
2403,"Q16595|FRDA_HUMAN","Frataxin, mitochondrial OS=Homo sapiens OX=9606 GN=FXN PE=1 SV=2",7.32428032496715,6.61899240169036,5.6576640637666,1.40982133267906e-05,3.3197627711403e-05,3.05689453288374
2404,"P15104|GLNA_HUMAN","Glutamine synthetase OS=Homo sapiens OX=9606 GN=GLUL PE=1 SV=4",7.17895405588252,6.54632926714804,5.45269049694891,2.24975839029877e-05,5.09504106038251e-05,2.65764335075105
2405,"O75940|SPF30_HUMAN","Survival of motor neuron-related-splicing factor 30 OS=Homo sapiens OX=9606 GN=SMNDC1 PE=1 SV=1",8.56679191192651,7.24024819517004,11.1386687355971,3.7490665116049e-10,1.21293328316629e-09,11.2067639667766
2406,"Q8IYQ7|THNS1_HUMAN","Threonine synthase-like 1 OS=Homo sapiens OX=9606 GN=THNSL1 PE=1 SV=2",2.78862509404915,4.35116478623136,2.11860578238888,0.0465157192179097,0.0564226587866894,-3.95086037978502
2407,"O15126|SCAM1_HUMAN","Secretory carrier-associated membrane protein 1 OS=Homo sapiens OX=9606 GN=SCAMP1 PE=1 SV=2",7.57707893036692,6.74539170439024,7.33666081760083,3.70821727057346e-07,9.69880196447541e-07,6.07782470327512
2408,"Q96CW1|AP2M1_HUMAN","AP-2 complex subunit mu OS=Homo sapiens OX=9606 GN=AP2M1 PE=1 SV=2",3.87787100292542,4.89578774066949,2.47836372421979,0.0219944560527315,0.0297084709578913,-3.32312878040946
2409,"Q8WUD4|CCD12_HUMAN","Coiled-coil domain-containing protein 12 OS=Homo sapiens OX=9606 GN=CCDC12 PE=1 SV=1",6.60650732334599,6.26010590087978,5.0078180966708,6.29041502155756e-05,0.000131763317916195,1.77244095007478
2410,"Q9NR46|SHLB2_HUMAN","Endophilin-B2 OS=Homo sapiens OX=9606 GN=SH3GLB2 PE=1 SV=1",3.1696199795678,4.54166222899068,2.21023058502604,0.0386050164028375,0.0475461654353564,-3.79627563619506
2411,"P49354|FNTA_HUMAN","Protein farnesyltransferase/geranylgeranyltransferase type-1 subunit alpha OS=Homo sapiens OX=9606 GN=FNTA PE=1 SV=1",2.81599638394515,7.97628104293212,1.42337988001028,0.183152972578522,0.190991046702955,-4.97607388990662
2412,"Q13418|ILK_HUMAN","Integrin-linked protein kinase OS=Homo sapiens OX=9606 GN=ILK PE=1 SV=2",8.8696237194193,7.39166409891644,12.1816391865307,7.53236301667365e-11,2.71024276768164e-10,12.2580516163311
2413,"Q9Y3C6|PPIL1_HUMAN","Peptidyl-prolyl cis-trans isomerase-like 1 OS=Homo sapiens OX=9606 GN=PPIL1 PE=1 SV=1",8.97487818708345,7.44429133274851,11.3110307420234,2.85411252068686e-10,9.35177294012289e-10,11.389597641793
2414,"O75368|SH3L1_HUMAN","SH3 domain-binding glutamic acid-rich-like protein OS=Homo sapiens OX=9606 GN=SH3BGRL PE=1 SV=1",8.3992049499376,7.15645471417558,10.9616296694505,4.97727423368979e-10,1.59024944395898e-09,11.0150327459743
2415,"O60502|OGA_HUMAN","Protein O-GlcNAcase OS=Homo sapiens OX=9606 GN=OGA PE=1 SV=2",8.14240146118648,7.02805296980002,9.43340105109727,6.63900622622196e-09,1.93784488028465e-08,9.18176031188455
2416,"P33897|ABCD1_HUMAN","ATP-binding cassette sub-family D member 1 OS=Homo sapiens OX=9606 GN=ABCD1 PE=1 SV=2",5.50298413720509,5.70834430780933,4.17915205840768,0.000442025728353511,0.000815037861188227,0.0746230168101372
2417,"Q92575|UBXN4_HUMAN","UBX domain-containing protein 4 OS=Homo sapiens OX=9606 GN=UBXN4 PE=1 SV=2",4.73650649478969,5.32510548660163,3.0673894003203,0.00595673574010332,0.00884436274562198,-2.19962885840221
2418,"Q9BYD1|RM13_HUMAN","39S ribosomal protein L13, mitochondrial OS=Homo sapiens OX=9606 GN=MRPL13 PE=1 SV=1",4.19752400032958,5.05561423937157,2.55586913667946,0.0186137707712297,0.0257221132514547,-3.18121630133307
2419,"Q92522|H1X_HUMAN","Histone H1.10 OS=Homo sapiens OX=9606 GN=H1-10 PE=1 SV=1",9.95529588546821,7.93450018194089,19.262139882086,1.3126647320437e-14,1.20903330582972e-13,16.8431211241892
2421,"P49023|PAXI_HUMAN","Paxillin OS=Homo sapiens OX=9606 GN=PXN PE=1 SV=3",2.33223364870322,4.12296906355839,1.69395224709545,0.105410240545753,0.117734095184551,-4.61070788843625
2422,"Q86WR0|CCD25_HUMAN","Coiled-coil domain-containing protein 25 OS=Homo sapiens OX=9606 GN=CCDC25 PE=1 SV=2",5.01439670515154,5.46405059178255,3.22313797549252,0.00416758439596628,0.00641294961009999,-1.888798300498
2423,"Q9NR31|SAR1A_HUMAN","GTP-binding protein SAR1a OS=Homo sapiens OX=9606 GN=SAR1A PE=1 SV=1",6.1185183849415,6.01611143167753,3.85418369235707,0.000952999166911442,0.00169706142118828,-0.598163781253329
2424,"Q96FX7|TRM61_HUMAN","tRNA (adenine(58)-N(1))-methyltransferase catalytic subunit TRMT61A OS=Homo sapiens OX=9606 GN=TRMT61A PE=1 SV=1",8.70499959522328,7.30935203681842,12.2026625898177,7.30052979054882e-11,2.63421178009493e-10,12.277934852827
2425,"Q13131|AAPK1_HUMAN","5'-AMP-activated protein kinase catalytic subunit alpha-1 OS=Homo sapiens OX=9606 GN=PRKAA1 PE=1 SV=4",5.39799478384281,5.65584963112819,3.40095567190134,0.00276038305189727,0.00444368185967649,-1.52921300041791
2425,"P54646|AAPK2_HUMAN","5'-AMP-activated protein kinase catalytic subunit alpha-2 OS=Homo sapiens OX=9606 GN=PRKAA2 PE=1 SV=2",4.56735491836099,5.24052969838728,3.05265977996792,0.00616013202155927,0.00912173395500123,-2.22879066224871
2426,"Q96EI5|TCAL4_HUMAN","Transcription elongation factor A protein-like 4 OS=Homo sapiens OX=9606 GN=TCEAL4 PE=1 SV=2",3.42817949106889,4.67094198474123,2.36968459324014,0.0277076928237876,0.0359536964514938,-3.51840160099033
2428,"P56182|RRP1_HUMAN","Ribosomal RNA processing protein 1 homolog A OS=Homo sapiens OX=9606 GN=RRP1 PE=1 SV=1",7.97768843926994,6.94569645884175,9.04006338273905,1.35231156248248e-08,3.85659223374633e-08,8.65423345941676
2429,"P53365|ARFP2_HUMAN","Arfaptin-2 OS=Homo sapiens OX=9606 GN=ARFIP2 PE=1 SV=1",7.07494988761071,6.49432718301214,5.40294917645929,2.52157703884862e-05,5.66398576404154e-05,2.5598910252167
2430,"P32519|ELF1_HUMAN","ETS-related transcription factor Elf-1 OS=Homo sapiens OX=9606 GN=ELF1 PE=1 SV=2",4.66082046858995,5.28726247350176,3.13657715372197,0.00508513853058479,0.0076565441309157,-2.06208782667712
2431,"P42696|RBM34_HUMAN","RNA-binding protein 34 OS=Homo sapiens OX=9606 GN=RBM34 PE=1 SV=2",5.28107777605828,5.59739112723592,3.36110566375473,0.00302838635057124,0.00480795358750486,-1.6101725708907
2433,"P57678|GEMI4_HUMAN","Gem-associated protein 4 OS=Homo sapiens OX=9606 GN=GEMIN4 PE=1 SV=2",3.92944627961846,4.92157537901601,2.75236137110168,0.0121021499543918,0.017180411992776,-2.81258557959963
2434,"P29590|PML_HUMAN","Protein PML OS=Homo sapiens OX=9606 GN=PML PE=1 SV=3",2.14241937877123,4.0280619285924,1.71153581422315,0.102066928866944,0.114899905303431,-4.58543210377854
2435,"Q9Y2R4|DDX52_HUMAN","Probable ATP-dependent RNA helicase DDX52 OS=Homo sapiens OX=9606 GN=DDX52 PE=1 SV=3",5.59771089815033,5.75570768828195,4.11307203160755,0.000516819510920184,0.000944802999545445,-0.0621975823089747
2436,"Q14197|ICT1_HUMAN","Peptidyl-tRNA hydrolase ICT1, mitochondrial OS=Homo sapiens OX=9606 GN=MRPL58 PE=1 SV=1",6.35899654048853,6.13635050945105,4.50787329994661,0.000203268723487296,0.000395444459538196,0.753366674920231
2438,"#CONTAM#BID_HUMAN|",">sp|BID_HUMAN|",6.59003572737487,6.25187010289422,4.75793532457567,0.000112848874148207,0.000227470243701883,1.26570600631137
2438,"P55957|BID_HUMAN","BH3-interacting domain death agonist OS=Homo sapiens OX=9606 GN=BID PE=1 SV=1",6.59003572737487,6.25187010289422,4.75793532457567,0.000112848874148207,0.000227470243701883,1.26570600631137
2439,"P48556|PSMD8_HUMAN","26S proteasome non-ATPase regulatory subunit 8 OS=Homo sapiens OX=9606 GN=PSMD8 PE=1 SV=2",10.0744984926389,7.99410148552622,15.7996093320733,5.96829464534364e-13,3.15630966821058e-12,15.0516211895156
2440,"P82930|RT34_HUMAN","28S ribosomal protein S34, mitochondrial OS=Homo sapiens OX=9606 GN=MRPS34 PE=1 SV=2",8.05455063654125,6.98412755747741,8.70665136698044,2.50947506730974e-08,7.01123295293361e-08,8.18791260922302
2441,"Q5VZK9|CARL1_HUMAN","F-actin-uncapping protein LRRC16A OS=Homo sapiens OX=9606 GN=CARMIL1 PE=1 SV=1",2.79140005896788,4.35255226869072,2.12344522759676,0.046063693370258,0.0559213680293477,-3.94279398010381
2442,"P0CAP2|GRL1A_HUMAN","DNA-directed RNA polymerase II subunit GRINL1A OS=Homo sapiens OX=9606 GN=POLR2M PE=1 SV=1",4.20501314460089,5.05935881150723,2.97186091975447,0.0074007544006956,0.0108091443257504,-2.38795510497254
2442,"Q9BZD3|GCOM2_HUMAN","Putative GRINL1B complex locus protein 2 OS=Homo sapiens OX=9606 GN=GCOM2 PE=5 SV=2",4.20501314460089,5.05935881150723,2.97186091975447,0.0074007544006956,0.0108091443257504,-2.38795510497254
2443,"P27361|MK03_HUMAN","Mitogen-activated protein kinase 3 OS=Homo sapiens OX=9606 GN=MAPK3 PE=1 SV=4",2.36169346354704,5.22302221434346,1.4301938479863,0.167722410499767,0.175648974243224,-4.96580876442176
2444,"O43324|MCA3_HUMAN","Eukaryotic translation elongation factor 1 epsilon-1 OS=Homo sapiens OX=9606 GN=EEF1E1 PE=1 SV=1",8.81602643208581,7.36486545524969,12.9103202148422,2.60979477317586e-11,1.01287397950878e-10,12.9192073906891
2445,"Q9Y3B8|ORN_HUMAN","Oligoribonuclease, mitochondrial OS=Homo sapiens OX=9606 GN=REXO2 PE=1 SV=3",5.4951557947823,5.70443013659793,3.17136261478737,0.0046949771079369,0.00712201019131484,-1.99260373052275
2446,"O14908|GIPC1_HUMAN","PDZ domain-containing protein GIPC1 OS=Homo sapiens OX=9606 GN=GIPC1 PE=1 SV=2",2.34695951284209,4.13033199562783,1.77698340281855,0.0904087227939712,0.104558000227332,-4.48969642190714
2446,"Q8TF65|GIPC2_HUMAN","PDZ domain-containing protein GIPC2 OS=Homo sapiens OX=9606 GN=GIPC2 PE=1 SV=1",2.34695951284209,4.13033199562783,1.77698340281855,0.0904087227939712,0.104558000227332,-4.48969642190714
2447,"Q8NFQ8|TOIP2_HUMAN","Torsin-1A-interacting protein 2 OS=Homo sapiens OX=9606 GN=TOR1AIP2 PE=1 SV=1",3.72766893586562,4.82068670713959,2.82816795281628,0.0102238288111701,0.014605469730243,-2.66732678051641
2450,"Q9H410|DSN1_HUMAN","Kinetochore-associated protein DSN1 homolog OS=Homo sapiens OX=9606 GN=DSN1 PE=1 SV=2",4.17833265569075,5.04601856705216,2.88348967043137,0.00903243713104721,0.0129999562446848,-2.56036431033728
2451,"Q7Z4Q2|HEAT3_HUMAN","HEAT repeat-containing protein 3 OS=Homo sapiens OX=9606 GN=HEATR3 PE=1 SV=2",7.2388647267002,6.57628460255688,7.31331422041391,3.89081499023606e-07,1.01625764670345e-06,6.03908507579601
2452,"O14787|TNPO2_HUMAN","Transportin-2 OS=Homo sapiens OX=9606 GN=TNPO2 PE=1 SV=3",2.66529115267361,5.44221053593014,1.48407835140293,0.152997245879371,0.161071751882849,-4.89706767695645
2454,"O60678|ANM3_HUMAN","Protein arginine N-methyltransferase 3 OS=Homo sapiens OX=9606 GN=PRMT3 PE=1 SV=4",5.05721340266043,5.485458940537,3.4053208509036,0.00273247737712801,0.00441832755226495,-1.52033283262702
2455,"Q9Y315|DEOC_HUMAN","Deoxyribose-phosphate aldolase OS=Homo sapiens OX=9606 GN=DERA PE=1 SV=2",0.279372129586461,8.47285366765946,0.120513199243143,0.90635755871591,0.909428355761338,-5.9040073653516
2456,"Q99622|C10_HUMAN","Protein C10 OS=Homo sapiens OX=9606 GN=C12orf57 PE=1 SV=1",6.9408382461682,6.42727136229088,4.99473020469534,6.48524197089085e-05,0.0001354022862686,1.74605251721567
2457,"Q8IZ83|A16A1_HUMAN","Aldehyde dehydrogenase family 16 member A1 OS=Homo sapiens OX=9606 GN=ALDH16A1 PE=1 SV=2",4.87749332982,5.39559890411678,3.32475866057716,0.00329492782962293,0.00516509452119229,-1.68383737186954
2458,"Q9NWU1|OXSM_HUMAN","3-oxoacyl-[acyl-carrier-protein] synthase, mitochondrial OS=Homo sapiens OX=9606 GN=OXSM PE=1 SV=1",7.74135154543953,6.82752801192655,8.89433152298788,1.76881982486615e-08,5.00364167945237e-08,8.45260410223705
2459,"Q9HCU5|PREB_HUMAN","Prolactin regulatory element-binding protein OS=Homo sapiens OX=9606 GN=PREB PE=1 SV=2",4.71047725833748,5.31209086837552,3.12518231712518,0.00521965306857257,0.00784068057510901,-2.0848018972179
2460,"Q8WWK9|CKAP2_HUMAN","Cytoskeleton-associated protein 2 OS=Homo sapiens OX=9606 GN=CKAP2 PE=1 SV=1",6.61221901046138,6.26296174443747,4.84014270669143,9.30671561415558e-05,0.000189280798280502,1.43306161058368
2461,"Q00325|MPCP_HUMAN","Phosphate carrier protein, mitochondrial OS=Homo sapiens OX=9606 GN=SLC25A3 PE=1 SV=2",9.33887481177256,7.62628964509306,12.6924392501578,3.56508752147724e-11,1.36166537278644e-10,12.727438076376
2462,"Q8WXA9|SREK1_HUMAN","Splicing regulatory glutamine/lysine-rich protein 1 OS=Homo sapiens OX=9606 GN=SREK1 PE=1 SV=1",8.66215319060701,7.28792883451029,12.4425533283974,5.1250512353025e-11,1.89543201305616e-10,12.5013493508151
2463,"Q9HBI1|PARVB_HUMAN","Beta-parvin OS=Homo sapiens OX=9606 GN=PARVB PE=1 SV=1",3.90206174964871,4.90788311403114,2.93328994343433,0.0080747052464666,0.0117090829374374,-2.46343062619705
2466,"P11279|LAMP1_HUMAN","Lysosome-associated membrane glycoprotein 1 OS=Homo sapiens OX=9606 GN=LAMP1 PE=1 SV=3",6.47136200586078,6.19253324213717,4.59742490636417,0.000164588112457117,0.00032445685251403,0.937352407509837
2469,"O15541|R113A_HUMAN","E3 ubiquitin-protein ligase RNF113A OS=Homo sapiens OX=9606 GN=RNF113A PE=1 SV=1",5.49243015477436,5.70306731659397,3.58037516696742,0.0018151811963065,0.00308813416075123,-1.16253446620365
2470,"P08579|RU2B_HUMAN","U2 small nuclear ribonucleoprotein B'' OS=Homo sapiens OX=9606 GN=SNRPB2 PE=1 SV=1",4.92797523052528,5.42083985446943,3.30710050010237,0.0034325635452842,0.00535685839049216,-1.7195607045088
2471,"P07741|APT_HUMAN","Adenine phosphoribosyltransferase OS=Homo sapiens OX=9606 GN=APRT PE=1 SV=2",3.73307074497671,11.0549850633706,2.00764049008921,0.0689015773306255,0.0821018485679072,-4.18965743146666
2472,"Q9NWV4|CZIB_HUMAN","CXXC motif containing zinc binding protein OS=Homo sapiens OX=9606 GN=CZIB PE=1 SV=1",9.28722352094182,7.60046399967769,13.4619518914863,1.20666073708242e-11,4.9212328789908e-11,13.3833395362607
2473,"Q00765|REEP5_HUMAN","Receptor expression-enhancing protein 5 OS=Homo sapiens OX=9606 GN=REEP5 PE=1 SV=3",5.52685760332469,5.72028104086913,3.54666328971121,0.00196436796195334,0.0033054268590561,-1.23167021411008
2474,"Q9BZH6|WDR11_HUMAN","WD repeat-containing protein 11 OS=Homo sapiens OX=9606 GN=WDR11 PE=1 SV=1",5.7206879319153,5.81719620516443,4.21776320634139,0.000403440782940282,0.000746036029932798,0.154535785403144
2475,"Q9NVU7|SDA1_HUMAN","Protein SDA1 homolog OS=Homo sapiens OX=9606 GN=SDAD1 PE=1 SV=3",5.45505576372848,5.68438012107102,3.57813448703826,0.00182474080804956,0.00310302655079099,-1.16713262202497
2477,"P02649|APOE_HUMAN","Apolipoprotein E OS=Homo sapiens OX=9606 GN=APOE PE=1 SV=1",-0.771448813892546,13.7482070142907,-1.15033259918222,0.263245354668371,0.271860143635522,-5.28873070231131
2479,"P53004|BIEA_HUMAN","Biliverdin reductase A OS=Homo sapiens OX=9606 GN=BLVRA PE=1 SV=2",7.96316850909956,6.93843649375656,9.13449953719475,1.13797841823094e-08,3.26712670409329e-08,8.78309217291947
2480,"Q9HC07|TM165_HUMAN","Transmembrane protein 165 OS=Homo sapiens OX=9606 GN=TMEM165 PE=1 SV=1",6.20631665264032,6.06001056552694,3.81761653301114,0.00103887516650542,0.00183555272650109,-0.67375642454855
2482,"Q53HL2|BOREA_HUMAN","Borealin OS=Homo sapiens OX=9606 GN=CDCA8 PE=1 SV=2",3.44548957279714,4.67959702560535,2.38128259951317,0.0270380971691461,0.0352482116163526,-3.49777960964061
2483,"Q6DD88|ATLA3_HUMAN","Atlastin-3 OS=Homo sapiens OX=9606 GN=ATL3 PE=1 SV=1",4.2044180682355,5.05906127332453,2.567477341779,0.018151554901638,0.0252014015042576,-3.15978202393103
2484,"P08575|PTPRC_HUMAN","Receptor-type tyrosine-protein phosphatase C OS=Homo sapiens OX=9606 GN=PTPRC PE=1 SV=3",-1.00535056347253,13.2081800581371,-1.38846205568637,0.179895544068248,0.187746772746748,-5.01763883508997
2485,"Q9H0E2|TOLIP_HUMAN","Toll-interacting protein OS=Homo sapiens OX=9606 GN=TOLLIP PE=1 SV=1",4.02313531277885,9.65986743107221,1.8930432012713,0.0859696893567647,0.100085667984138,-4.36157180464476
2486,"P62330|ARF6_HUMAN","ADP-ribosylation factor 6 OS=Homo sapiens OX=9606 GN=ARF6 PE=1 SV=2",6.68996574742106,6.30183511291731,5.07454934631548,5.38550594068169e-05,0.00011455357940124,1.90670330948829
2487,"Q96RU2|UBP28_HUMAN","Ubiquitin carboxyl-terminal hydrolase 28 OS=Homo sapiens OX=9606 GN=USP28 PE=1 SV=1",2.71032435684012,4.31201441762684,2.07571683614563,0.050700191813635,0.0613051942470146,-4.02185275625728
2488,"Q5T200|ZC3HD_HUMAN","Zinc finger CCCH domain-containing protein 13 OS=Homo sapiens OX=9606 GN=ZC3H13 PE=1 SV=1",3.36770399672667,4.64070423757012,2.25126989099341,0.0354766298245536,0.0441023651354638,-3.72579768001609
2489,"Q9BRD0|BUD13_HUMAN","BUD13 homolog OS=Homo sapiens OX=9606 GN=BUD13 PE=1 SV=1",2.80483067920808,4.35926757881082,1.79956320807307,0.0866624459587606,0.100739860187569,-4.45607263817169
2490,"Q9NVM6|DJC17_HUMAN","DnaJ homolog subfamily C member 17 OS=Homo sapiens OX=9606 GN=DNAJC17 PE=1 SV=1",7.83947478435257,6.87658963138307,9.83523748079548,3.27277602183041e-09,9.80559352844131e-09,9.69625471478143
2491,"Q9NZD8|SPG21_HUMAN","Maspardin OS=Homo sapiens OX=9606 GN=SPG21 PE=1 SV=1",4.48513182380937,5.19941815111147,3.08764144544759,0.00568765484337396,0.00846769959280346,-2.15946361971629
2492,"Q9NPD8|UBE2T_HUMAN","Ubiquitin-conjugating enzyme E2 T OS=Homo sapiens OX=9606 GN=UBE2T PE=1 SV=1",3.26389457294514,4.58879952567935,2.32513947372562,0.0304246144836029,0.0387567878510951,-3.59710330948186
2493,"Q9NX57|RAB20_HUMAN","Ras-related protein Rab-20 OS=Homo sapiens OX=9606 GN=RAB20 PE=1 SV=1",5.31364594381095,5.61367521111226,3.43439997515598,0.00255351114556584,0.00416039691511997,-1.4611195360523
2494,"P41223|BUD31_HUMAN","Protein BUD31 homolog OS=Homo sapiens OX=9606 GN=BUD31 PE=1 SV=2",7.23844388641496,6.57607418241426,5.3359440785282,2.94148476519917e-05,6.54607881272648e-05,2.42769932545111
2495,"Q02818|NUCB1_HUMAN","Nucleobindin-1 OS=Homo sapiens OX=9606 GN=NUCB1 PE=1 SV=4",0.128089301075809,11.7527625473632,0.196396855007736,0.846232859963985,0.85176379368924,-5.89263182875739
2496,"O14530|TXND9_HUMAN","Thioredoxin domain-containing protein 9 OS=Homo sapiens OX=9606 GN=TXNDC9 PE=1 SV=2",7.28229197703557,6.59799822772457,5.52042816317502,1.92686089518348e-05,4.43419871276533e-05,2.79022796287104
2497,"Q01196|RUNX1_HUMAN","Runt-related transcription factor 1 OS=Homo sapiens OX=9606 GN=RUNX1 PE=1 SV=3",4.2294490935432,5.07157678597838,2.56300757381853,0.0183282404337946,0.0254100560569352,-3.16804074976407
2499,"Q96BM9|ARL8A_HUMAN","ADP-ribosylation factor-like protein 8A OS=Homo sapiens OX=9606 GN=ARL8A PE=1 SV=1",4.28146070787972,5.09758259314664,2.59159711694902,0.0172254394968162,0.0240456642722054,-3.11510069642558
2499,"Q9NVJ2|ARL8B_HUMAN","ADP-ribosylation factor-like protein 8B OS=Homo sapiens OX=9606 GN=ARL8B PE=1 SV=1",4.28146070787972,5.09758259314664,2.59159711694902,0.0172254394968162,0.0240456642722054,-3.11510069642558
2500,"Q9NTJ5|SAC1_HUMAN","Phosphatidylinositol-3-phosphatase SAC1 OS=Homo sapiens OX=9606 GN=SACM1L PE=1 SV=2",2.48632409006895,4.20001428424126,1.81321538910102,0.0844632786361387,0.0986002494691128,-4.43559793104864
2501,"Q14145|KEAP1_HUMAN","Kelch-like ECH-associated protein 1 OS=Homo sapiens OX=9606 GN=KEAP1 PE=1 SV=2",3.05778633596362,4.4857454071886,2.16230863388677,0.0425753776355873,0.0520365726657178,-3.87761370031216
2502,"Q96B26|EXOS8_HUMAN","Exosome complex component RRP43 OS=Homo sapiens OX=9606 GN=EXOSC8 PE=1 SV=1",6.06278376346432,5.98824412093894,4.48272422656327,0.00021569474422212,0.000417928920611556,0.701609390802126
2503,"Q16527|CSRP2_HUMAN","Cysteine and glycine-rich protein 2 OS=Homo sapiens OX=9606 GN=CSRP2 PE=1 SV=3",2.43176047177703,4.1727324750953,1.69282073121062,0.105628546652671,0.117909511340325,-4.61232784847897
2505,"Q96FK6|WDR89_HUMAN","WD repeat-containing protein 89 OS=Homo sapiens OX=9606 GN=WDR89 PE=2 SV=1",1.68979408695831,3.80174928268594,1.50943052333714,0.146443690618274,0.154679892696942,-4.86402985548413
2506,"Q6P1L8|RM14_HUMAN","39S ribosomal protein L14, mitochondrial OS=Homo sapiens OX=9606 GN=MRPL14 PE=1 SV=1",8.12987467526173,7.02178957683765,9.88751057175222,2.98930299422575e-09,8.97723598109917e-09,9.76141699898765
2507,"Q9UI30|TR112_HUMAN","Multifunctional methyltransferase subunit TRM112-like protein OS=Homo sapiens OX=9606 GN=TRMT112 PE=1 SV=1",9.34449856395877,7.62910152118617,14.0806698458647,5.23300265990737e-12,2.29727026689206e-11,13.8695282954504
2508,"Q9UBR2|CATZ_HUMAN","Cathepsin Z OS=Homo sapiens OX=9606 GN=CTSZ PE=1 SV=1",1.7877541148698,13.0295034668196,1.0319738506915,0.32309892991658,0.332601839620009,-5.39949159116659
2509,"Q8NCW5|NNRE_HUMAN","NAD(P)H-hydrate epimerase OS=Homo sapiens OX=9606 GN=NAXE PE=1 SV=2",10.3314684971866,8.12258648780009,17.6793094232611,6.92311095145032e-14,4.93592169686736e-13,16.1073781026266
2510,"Q99757|THIOM_HUMAN","Thioredoxin, mitochondrial OS=Homo sapiens OX=9606 GN=TXN2 PE=1 SV=2",8.46587109342523,7.1897877859194,11.6190770681256,1.76626231420929e-10,5.97549201204372e-10,11.7071839314778
2511,"Q13867|BLMH_HUMAN","Bleomycin hydrolase OS=Homo sapiens OX=9606 GN=BLMH PE=1 SV=1",3.04392713827682,4.47881580834519,1.94242949397587,0.0659451058355,0.0788474091511413,-4.23656459884942
2512,"O75964|ATP5L_HUMAN","ATP synthase subunit g, mitochondrial OS=Homo sapiens OX=9606 GN=ATP5MG PE=1 SV=3",1.94629121380789,3.92999784611073,1.64072491262422,0.116104445107756,0.126557789825838,-4.68604268826364
2513,"Q9Y2V2|CHSP1_HUMAN","Calcium-regulated heat-stable protein 1 OS=Homo sapiens OX=9606 GN=CARHSP1 PE=1 SV=2",5.69320018904941,10.348109484122,3.97897710318869,0.00169277788780166,0.00289267415358917,-0.976049877580632
2514,"Q53EL6|PDCD4_HUMAN","Programmed cell death protein 4 OS=Homo sapiens OX=9606 GN=PDCD4 PE=1 SV=2",5.98648514997776,5.95009481419566,4.38754722505596,0.000270049532369656,0.000513174086684687,0.505429232545974
2515,"P36543|VATE1_HUMAN","V-type proton ATPase subunit E 1 OS=Homo sapiens OX=9606 GN=ATP6V1E1 PE=1 SV=1",6.8034815137703,6.35859299609193,4.68047771666119,0.00013536882208801,0.000270878360207296,1.1074984544276
2515,"Q96A05|VATE2_HUMAN","V-type proton ATPase subunit E 2 OS=Homo sapiens OX=9606 GN=ATP6V1E2 PE=1 SV=1",5.61405814610197,5.76388131225777,3.52213333413623,0.00208044737876453,0.00348097453639438,-1.28191223463279
2517,"Q8N5N7|RM50_HUMAN","39S ribosomal protein L50, mitochondrial OS=Homo sapiens OX=9606 GN=MRPL50 PE=1 SV=2",5.77135223416313,5.84252835628835,3.65084008846476,0.00153849755481066,0.00265020831589309,-1.0177306451234
2519,"Q96A26|F162A_HUMAN","Protein FAM162A OS=Homo sapiens OX=9606 GN=FAM162A PE=1 SV=2",7.50902631655873,6.71136539748615,8.26992207794225,5.76372298349312e-08,1.5737825167694e-07,7.54965585692569
2520,"Q9NPA0|EMC7_HUMAN","ER membrane protein complex subunit 7 OS=Homo sapiens OX=9606 GN=EMC7 PE=1 SV=1",2.61182624561844,4.262765362016,1.97806962907321,0.0615136497138903,0.0739162145438444,-4.18005559877841
2522,"Q16222|UAP1_HUMAN","UDP-N-acetylhexosamine pyrophosphorylase OS=Homo sapiens OX=9606 GN=UAP1 PE=1 SV=3",3.88979969371276,4.90175208606316,2.47046567904353,0.0223694566733236,0.0301232627465183,-3.33746964252131
2523,"Q6NXE6|ARMC6_HUMAN","Armadillo repeat-containing protein 6 OS=Homo sapiens OX=9606 GN=ARMC6 PE=1 SV=2",7.39238351304398,6.65304399572877,5.66296068413396,1.39297950217116e-05,3.28412191265092e-05,3.06713298919082
2524,"Q15645|PCH2_HUMAN","Pachytene checkpoint protein 2 homolog OS=Homo sapiens OX=9606 GN=TRIP13 PE=1 SV=2",6.79262005800356,6.35316226820856,5.06722497283093,5.4780079133034e-05,0.000116392552241822,1.89199039613982
2525,"Q8IXI1|MIRO2_HUMAN","Mitochondrial Rho GTPase 2 OS=Homo sapiens OX=9606 GN=RHOT2 PE=1 SV=2",2.79964647473797,4.35667547657577,1.880901398902,0.0742627634827807,0.08791870830526,-4.33250320398946
2526,"P09234|RU1C_HUMAN","U1 small nuclear ribonucleoprotein C OS=Homo sapiens OX=9606 GN=SNRPC PE=1 SV=1",9.85605872439687,7.88488160140522,18.557290330888,2.70977518823319e-14,2.24841260230556e-13,16.5308095065266
2527,"Q13427|PPIG_HUMAN","Peptidyl-prolyl cis-trans isomerase G OS=Homo sapiens OX=9606 GN=PPIG PE=1 SV=2",1.99277061093623,3.9532375446749,1.56508756640098,0.132864303574081,0.141871986288898,-4.78997109616219
2528,"O96005|CLPT1_HUMAN","Cleft lip and palate transmembrane protein 1 OS=Homo sapiens OX=9606 GN=CLPTM1 PE=1 SV=1",2.29513053224329,4.10441750532843,1.67354303008523,0.109407411219352,0.121109411499283,-4.63980457032587
2529,"Q96CT7|CC124_HUMAN","Coiled-coil domain-containing protein 124 OS=Homo sapiens OX=9606 GN=CCDC124 PE=1 SV=1",9.51022815019687,7.71196631430522,16.5705963981997,2.4043825201898e-13,1.40896083755415e-12,15.5114281367831
2530,"Q6DKI1|RL7L_HUMAN","60S ribosomal protein L7-like 1 OS=Homo sapiens OX=9606 GN=RPL7L1 PE=1 SV=2",6.83446140440689,6.37408294141023,5.17524590076784,4.26321045922801e-05,9.19515981402119e-05,2.1083659818226
2531,"O94880|PHF14_HUMAN","PHD finger protein 14 OS=Homo sapiens OX=9606 GN=PHF14 PE=1 SV=2",6.60768730421186,6.26069589131271,4.89596149050952,8.16714609300917e-05,0.000168147125444306,1.54634605988831
2532,"Q5JRX3|PREP_HUMAN","Presequence protease, mitochondrial OS=Homo sapiens OX=9606 GN=PITRM1 PE=1 SV=3",3.1531374231997,4.53342095080663,2.06546543587383,0.051749262526485,0.0624755913223478,-4.03868801458268
2533,"Q9H269|VPS16_HUMAN","Vacuolar protein sorting-associated protein 16 homolog OS=Homo sapiens OX=9606 GN=VPS16 PE=1 SV=2",2.72410918697289,4.31890683269323,1.86946490063773,0.0759065683389172,0.0897819625514074,-4.35010500729592
2534,"Q86WB0|NIPA_HUMAN","Nuclear-interacting partner of ALK OS=Homo sapiens OX=9606 GN=ZC3HC1 PE=1 SV=1",5.08053340546431,5.49711894193894,3.81787601996124,0.00103823950580667,0.00183527185369866,-0.6732201792549
2535,"O95394|AGM1_HUMAN","Phosphoacetylglucosamine mutase OS=Homo sapiens OX=9606 GN=PGM3 PE=1 SV=1",8.18432980334216,7.04901714087786,10.9034857395113,5.46668905674914e-10,1.73940106351109e-09,10.9511793806921
2536,"Q2TBE0|C19L2_HUMAN","CWF19-like protein 2 OS=Homo sapiens OX=9606 GN=CWF19L2 PE=1 SV=4",4.11085202686732,5.01227825264044,2.86565805166804,0.00940113351762678,0.0134852325047925,-2.59492571240564
2537,"Q9P0J0|NDUAD_HUMAN","NADH dehydrogenase [ubiquinone] 1 alpha subcomplex subunit 13 OS=Homo sapiens OX=9606 GN=NDUFA13 PE=1 SV=3",3.71016463322798,6.86310111359622,1.70889531547993,0.113134679161644,0.124022925618545,-4.60823803239444
2538,"Q15057|ACAP2_HUMAN","Arf-GAP with coiled-coil, ANK repeat and PH domain-containing protein 2 OS=Homo sapiens OX=9606 GN=ACAP2 PE=1 SV=3",2.06774045481166,3.99072246661261,1.6006833072802,0.124740945160938,0.134562241207513,-4.74152542924579
2539,"Q9BU89|DOHH_HUMAN","Deoxyhypusine hydroxylase OS=Homo sapiens OX=9606 GN=DOHH PE=1 SV=1",9.91403877267006,7.91387162554182,10.1083748485951,2.64495175734142e-08,7.37903207664092e-08,7.77544442469465
2540,"Q96SY0|INT14_HUMAN","Integrator complex subunit 14 OS=Homo sapiens OX=9606 GN=INTS14 PE=1 SV=2",4.75132658328239,5.33251553084798,3.16593569546527,0.00475387345487077,0.00719434465458037,-2.00345803879489
2541,"Q96T76|MMS19_HUMAN","MMS19 nucleotide excision repair protein homolog OS=Homo sapiens OX=9606 GN=MMS19 PE=1 SV=2",1.71537602231851,3.81454025036604,1.49020681790764,0.151391443617828,0.159643127342821,-4.88912175899035
2542,"P30626|SORCN_HUMAN","Sorcin OS=Homo sapiens OX=9606 GN=SRI PE=1 SV=1",8.01703392958398,6.96536920399877,10.2972751179704,1.48564180236436e-09,4.5867850353671e-09,10.2585431604262
2543,"Q8TCD5|NT5C_HUMAN","5'(3')-deoxyribonucleotidase, cytosolic type OS=Homo sapiens OX=9606 GN=NT5C PE=1 SV=2",6.157987273626,6.03584587601978,4.48353176883809,0.000215284103554676,0.000417343302459971,0.703271886594936
2544,"P61225|RAP2B_HUMAN","Ras-related protein Rap-2b OS=Homo sapiens OX=9606 GN=RAP2B PE=1 SV=1",2.15847201098811,4.03608824470084,1.7124843189731,0.10188918664583,0.114834124293456,-4.58406323754083
2545,"P61970|NTF2_HUMAN","Nuclear transport factor 2 OS=Homo sapiens OX=9606 GN=NUTF2 PE=1 SV=1",11.4206421349593,8.66717330668642,16.7788543671144,1.89267505792173e-13,1.14034412722984e-12,15.6289946501498
2546,"Q8IVM0|CCD50_HUMAN","Coiled-coil domain-containing protein 50 OS=Homo sapiens OX=9606 GN=CCDC50 PE=1 SV=1",4.59841216910721,5.25605832376039,3.11597181570617,0.00533089667654163,0.0079928929267653,-2.1031443517946
2547,"Q9NVH1|DJC11_HUMAN","DnaJ homolog subfamily C member 11 OS=Homo sapiens OX=9606 GN=DNAJC11 PE=1 SV=2",4.16155131022041,5.03762789431699,2.5607063022384,0.0184198364386653,0.0255003129409785,-3.17229014055186
2549,"Q9UL18|AGO1_HUMAN","Protein argonaute-1 OS=Homo sapiens OX=9606 GN=AGO1 PE=1 SV=3",2.72001738897985,4.31686093369671,1.74695366173063,0.0956072365918095,0.109442816885021,-4.53394462361613
2550,"O43181|NDUS4_HUMAN","NADH dehydrogenase [ubiquinone] iron-sulfur protein 4, mitochondrial OS=Homo sapiens OX=9606 GN=NDUFS4 PE=1 SV=1",8.71325405178919,7.31347926510138,9.85105252685882,3.18417875066398e-09,9.55501807486853e-09,9.71601163940993
2551,"Q53H82|LACB2_HUMAN","Endoribonuclease LACTB2 OS=Homo sapiens OX=9606 GN=LACTB2 PE=1 SV=2",1.42463288065417,3.66916867953387,1.39098900428578,0.179138875898833,0.187058495310688,-5.01453584931497
2552,"O43768|ENSA_HUMAN","Alpha-endosulfine OS=Homo sapiens OX=9606 GN=ENSA PE=1 SV=1",6.56004162819348,6.23687305330353,3.99313075624705,0.000686332703528476,0.00124288848004922,-0.310599765846098
2553,"Q99584|S10AD_HUMAN","Protein S100-A13 OS=Homo sapiens OX=9606 GN=S100A13 PE=1 SV=1",11.0209044915614,8.46730448498749,21.9257273809515,1.03716842618962e-15,1.82333262138358e-14,17.8370414907672
2554,"P06396|GELS_HUMAN","Gelsolin OS=Homo sapiens OX=9606 GN=GSN PE=1 SV=1",2.93149642136315,9.4503532057326,1.25901835906494,0.235363911924307,0.243720027140554,-5.16497752133169
2554,"#CONTAM#GELS_HUMAN|",">sp|GELS_HUMAN|",2.93149642136315,9.4503532057326,1.25901835906494,0.235363911924307,0.243720027140554,-5.16497752133169
2555,"P50150|GBG4_HUMAN","Guanine nucleotide-binding protein G(I)/G(S)/G(O) subunit gamma-4 OS=Homo sapiens OX=9606 GN=GNG4 PE=1 SV=1",3.44803781442189,4.68087114641773,2.37085038416436,0.027639699713712,0.035899264751555,-3.51633116425029
2556,"P11117|PPAL_HUMAN","Lysosomal acid phosphatase OS=Homo sapiens OX=9606 GN=ACP2 PE=1 SV=3",4.64064072286501,5.27717260063929,3.2140263994843,0.00425601988831984,0.00652296041800612,-1.90709837592364
2557,"Q15287|RNPS1_HUMAN","RNA-binding protein with serine-rich domain 1 OS=Homo sapiens OX=9606 GN=RNPS1 PE=1 SV=1",10.8309047740765,8.37230462624505,21.0992924189473,2.20871029278647e-15,3.11484784880143e-14,17.5569622171651
2559,"Q66PJ3|AR6P4_HUMAN","ADP-ribosylation factor-like protein 6-interacting protein 4 OS=Homo sapiens OX=9606 GN=ARL6IP4 PE=1 SV=2",8.00883552607418,6.96127000224387,7.86661081531305,1.27020247390108e-07,3.4031172752395e-07,6.93188048186913
2561,"Q9NRR5|UBQL4_HUMAN","Ubiquilin-4 OS=Homo sapiens OX=9606 GN=UBQLN4 PE=1 SV=2",2.14028340048472,4.02699393944914,1.70362065984663,0.103560524992359,0.116172026401444,-4.5968335169844
2562,"P99999|CYC_HUMAN","Cytochrome c OS=Homo sapiens OX=9606 GN=CYCS PE=1 SV=2",10.6023478465632,8.25802616248836,13.2807025290437,3.83641077394327e-11,1.45662539247353e-10,12.4377166376164
2562,"#CONTAM#CYC_HUMAN|",">sp|CYC_HUMAN|",10.6023478465632,8.25802616248836,13.2807025290437,3.83641077394327e-11,1.45662539247353e-10,12.4377166376164
2563,"Q96C57|CSTOS_HUMAN","Protein CUSTOS OS=Homo sapiens OX=9606 GN=CUSTOS PE=1 SV=2",5.89129861970201,5.90250154905779,4.30145877040263,0.000330989437550742,0.00062040376561361,0.327631980289934
2564,"Q01130|SRSF2_HUMAN","Serine/arginine-rich splicing factor 2 OS=Homo sapiens OX=9606 GN=SRSF2 PE=1 SV=4",10.9583391950085,8.43602183671104,18.8403822601779,2.01948334882945e-14,1.74719345909964e-13,16.6590560375227
2565,"Q13057|COASY_HUMAN","Bifunctional coenzyme A synthase OS=Homo sapiens OX=9606 GN=COASY PE=1 SV=4",8.52092362057568,7.21731404949463,10.8663028797079,5.80570580998522e-10,1.84422173006956e-09,10.9101137350508
2567,"P63098|CANB1_HUMAN","Calcineurin subunit B type 1 OS=Homo sapiens OX=9606 GN=PPP3R1 PE=1 SV=2",5.35240176195059,5.63305312018208,3.51257255974705,0.00212749591885252,0.0035488991713961,-1.30147926853272
2568,"Q0VF96|CGNL1_HUMAN","Cingulin-like protein 1 OS=Homo sapiens OX=9606 GN=CGNL1 PE=1 SV=2",2.93028039441415,4.42199243641386,2.22673531585187,0.0373177613516862,0.0461527083854777,-3.76802133383742
2569,"O95391|SLU7_HUMAN","Pre-mRNA-splicing factor SLU7 OS=Homo sapiens OX=9606 GN=SLU7 PE=1 SV=2",3.89694564951628,4.90532506396493,2.49026056205292,0.0214406600038619,0.0290759214564524,-3.30148426923708
2570,"Q7L1Q6|BZW1_HUMAN","Basic leucine zipper and W2 domain-containing protein 1 OS=Homo sapiens OX=9606 GN=BZW1 PE=1 SV=1",2.64053719382117,4.27712083611737,1.84586676207164,0.0793994229873724,0.0935110977367341,-4.38619162428319
2572,"Q9NZW5|MPP6_HUMAN","MAGUK p55 subfamily member 6 OS=Homo sapiens OX=9606 GN=MPP6 PE=1 SV=2",5.32843439704204,5.6210694377278,3.33761613254711,0.00319811852251646,0.00503177617968466,-1.65779913825384
2573,"Q9UMX5|NENF_HUMAN","Neudesin OS=Homo sapiens OX=9606 GN=NENF PE=1 SV=1",5.34144897706833,5.62757672774095,3.50674619502205,0.00215667898251547,0.00358670154759592,-1.31339916093132
2574,"Q9HD15|SRA1_HUMAN","Steroid receptor RNA activator 1 OS=Homo sapiens OX=9606 GN=SRA1 PE=1 SV=1",0.516850782278663,7.06016171045646,0.257581196796666,0.801117558102677,0.809315822276386,-5.87811548841078
2575,"Q02978|M2OM_HUMAN","Mitochondrial 2-oxoglutarate/malate carrier protein OS=Homo sapiens OX=9606 GN=SLC25A11 PE=1 SV=3",2.25266632222161,4.08318540031759,1.74868165005607,0.0953012718085163,0.109166883803269,-4.53141313585831
2577,"Q15836|VAMP3_HUMAN","Vesicle-associated membrane protein 3 OS=Homo sapiens OX=9606 GN=VAMP3 PE=1 SV=3",4.92064618915351,5.41717533378354,3.74231587883629,0.00124063067037015,0.00216716337610032,-0.829246563752744
2578,"Q6I9Y2|THOC7_HUMAN","THO complex subunit 7 homolog OS=Homo sapiens OX=9606 GN=THOC7 PE=1 SV=3",7.77116946273825,6.84243697057591,8.83417823925966,1.97767985796159e-08,5.56177315789053e-08,8.36838723075783
2579,"Q86VM9|ZCH18_HUMAN","Zinc finger CCCH domain-containing protein 18 OS=Homo sapiens OX=9606 GN=ZC3H18 PE=1 SV=2",3.67337184159315,4.79353816000336,2.75424093498519,0.0120518421977338,0.0171153052236352,-2.80900315642192
2580,"Q13610|PWP1_HUMAN","Periodic tryptophan protein 1 homolog OS=Homo sapiens OX=9606 GN=PWP1 PE=1 SV=1",6.50936338065298,6.21153392953327,4.86012879259806,8.88127217562783e-05,0.000181394683693194,1.47365705252481
2581,"Q9BW92|SYTM_HUMAN","Threonine--tRNA ligase, mitochondrial OS=Homo sapiens OX=9606 GN=TARS2 PE=1 SV=1",4.63309443355346,5.27339945598351,3.22776154434437,0.00412339541453979,0.00635256996637783,-1.87950702669352
2582,"Q9Y3S1|WNK2_HUMAN","Serine/threonine-protein kinase WNK2 OS=Homo sapiens OX=9606 GN=WNK2 PE=1 SV=4",2.56419566121006,4.23895006981181,2.00762420498972,0.0580417589859702,0.0698533204426337,-4.13268801205934
2584,"P19388|RPAB1_HUMAN","DNA-directed RNA polymerases I, II, and III subunit RPABC1 OS=Homo sapiens OX=9606 GN=POLR2E PE=1 SV=4",6.37567136935591,6.14468792388474,4.80311413340539,0.000101502176200775,0.000205892190923596,1.35775351459711
2585,"Q9BTX1|NDC1_HUMAN","Nucleoporin NDC1 OS=Homo sapiens OX=9606 GN=NDC1 PE=1 SV=2",2.44656361116075,4.18013404478716,1.80568694360586,0.0856699309020893,0.0997668584310477,-4.44690208610427
2587,"Q9H089|LSG1_HUMAN","Large subunit GTPase 1 homolog OS=Homo sapiens OX=9606 GN=LSG1 PE=1 SV=2",3.26933271402784,4.5915185962207,2.31720437611555,0.0309336599083504,0.0392403923054857,-3.61103787215643
2588,"O14578|CTRO_HUMAN","Citron Rho-interacting kinase OS=Homo sapiens OX=9606 GN=CIT PE=1 SV=2",3.46710975226548,4.69040711533953,2.37439457461587,0.0274339374511104,0.0357067813342715,-3.51003338733439
2589,"Q9UNE7|CHIP_HUMAN","E3 ubiquitin-protein ligase CHIP OS=Homo sapiens OX=9606 GN=STUB1 PE=1 SV=2",8.08402419359662,6.99886433600509,9.25431929257929,9.15678528604829e-09,2.65064837227714e-08,8.94457071833215
2590,"O75381|PEX14_HUMAN","Peroxisomal membrane protein PEX14 OS=Homo sapiens OX=9606 GN=PEX14 PE=1 SV=1",7.43537864398796,6.67454156120077,5.61631985959424,1.5486392275839e-05,3.62447478796232e-05,2.97683733807748
2591,"Q9P275|UBP36_HUMAN","Ubiquitin carboxyl-terminal hydrolase 36 OS=Homo sapiens OX=9606 GN=USP36 PE=1 SV=4",5.50358075966918,5.70864261904137,3.99012702233616,0.000691223925533802,0.00125056960211708,-0.316819855902878
2592,"O75431|MTX2_HUMAN","Metaxin-2 OS=Homo sapiens OX=9606 GN=MTX2 PE=1 SV=1",5.94308544058569,5.92839495949963,3.73556157826356,0.00126052142696552,0.00219692507642249,-0.843180336345364
2593,"Q7L4I2|RSRC2_HUMAN","Arginine/serine-rich coiled-coil protein 2 OS=Homo sapiens OX=9606 GN=RSRC2 PE=1 SV=1",8.85368736027514,7.38369591934435,12.7860205106967,3.11648322090072e-11,1.19745113777124e-10,12.8104073674761
2594,"P08574|CY1_HUMAN","Cytochrome c1, heme protein, mitochondrial OS=Homo sapiens OX=9606 GN=CYC1 PE=1 SV=3",3.57077035579483,4.7422374171042,2.41847102959718,0.0249909136897866,0.0330328469251879,-3.43130070914943
2595,"Q16795|NDUA9_HUMAN","NADH dehydrogenase [ubiquinone] 1 alpha subcomplex subunit 9, mitochondrial OS=Homo sapiens OX=9606 GN=NDUFA9 PE=1 SV=2",5.93456394611376,5.92413421226366,3.73924422686786,0.00124963755810362,0.00218091776912916,-0.835583521717237
2596,"Q9Y5L4|TIM13_HUMAN","Mitochondrial import inner membrane translocase subunit Tim13 OS=Homo sapiens OX=9606 GN=TIMM13 PE=1 SV=1",5.52476712941206,5.71923580391281,3.34161682321385,0.0031685668863312,0.00499344351714086,-1.64969262084116
2597,"Q9BR76|COR1B_HUMAN","Coronin-1B OS=Homo sapiens OX=9606 GN=CORO1B PE=1 SV=1",10.0235274719544,7.968615975184,17.2146556129949,1.15660668082852e-13,7.52185088038816e-13,15.8664277117163
2598,"O43633|CHM2A_HUMAN","Charged multivesicular body protein 2a OS=Homo sapiens OX=9606 GN=CHMP2A PE=1 SV=1",3.82524980648573,4.86947714244965,2.89428812178153,0.00881594079961855,0.0127264237264835,-2.53939644580977
2599,"Q8NF37|PCAT1_HUMAN","Lysophosphatidylcholine acyltransferase 1 OS=Homo sapiens OX=9606 GN=LPCAT1 PE=1 SV=2",4.55584214011875,5.23477330926616,2.65598504545286,0.0149664220707016,0.0210371394568094,-2.99489485080619
2600,"P46734|MP2K3_HUMAN","Dual specificity mitogen-activated protein kinase kinase 3 OS=Homo sapiens OX=9606 GN=MAP2K3 PE=1 SV=2",3.36957349014679,4.64163898428018,2.57618113859268,0.0178120872649916,0.0247926738865574,-3.14368083946073
2601,"Q9BUL8|PDC10_HUMAN","Programmed cell death protein 10 OS=Homo sapiens OX=9606 GN=PDCD10 PE=1 SV=1",9.42239655481205,7.66805051661281,13.5165109264913,1.11957165653932e-11,4.61000093869131e-11,13.4276357010528
2602,"Q8N4Q1|MIA40_HUMAN","Mitochondrial intermembrane space import and assembly protein 40 OS=Homo sapiens OX=9606 GN=CHCHD4 PE=1 SV=1",3.54994101664072,4.73182274752714,2.33364730192865,0.0298874181900145,0.0382280930337395,-3.5821341519919
2603,"P78356|PI42B_HUMAN","Phosphatidylinositol 5-phosphate 4-kinase type-2 beta OS=Homo sapiens OX=9606 GN=PIP4K2B PE=1 SV=1",3.48098841950905,4.69734644896131,2.3591149819638,0.028331253627349,0.0366024585454006,-3.53714839809976
2604,"Q8IV08|PLD3_HUMAN","5'-3' exonuclease PLD3 OS=Homo sapiens OX=9606 GN=PLD3 PE=1 SV=1",-0.313217888100182,7.19548388935835,-0.183287749904159,0.857506518625956,0.862885545402491,-5.8945747677647
2605,"P48426|PI42A_HUMAN","Phosphatidylinositol 5-phosphate 4-kinase type-2 alpha OS=Homo sapiens OX=9606 GN=PIP4K2A PE=1 SV=2",2.12402335135536,4.01886391488446,1.63415996310758,0.117484884301023,0.127881482770409,-4.69520999840234
2607,"Q96FQ6|S10AG_HUMAN","Protein S100-A16 OS=Homo sapiens OX=9606 GN=S100A16 PE=1 SV=1",9.04392157838828,7.47881302840092,12.5087166602688,4.65289793476965e-11,1.73078812066311e-10,12.5618622814343
2608,"Q9BWH6|RPAP1_HUMAN","RNA polymerase II-associated protein 1 OS=Homo sapiens OX=9606 GN=RPAP1 PE=1 SV=3",3.57536783756452,4.74453615798904,2.40746250550349,0.0255814035705034,0.0336482417992614,-3.45103570495344
2609,"Q99627|CSN8_HUMAN","COP9 signalosome complex subunit 8 OS=Homo sapiens OX=9606 GN=COPS8 PE=1 SV=1",5.23780906665577,5.57575677253467,3.43365111100012,0.00255797240152474,0.0041641411187612,-1.46264565483834
2611,"Q69YN4|VIR_HUMAN","Protein virilizer homolog OS=Homo sapiens OX=9606 GN=VIRMA PE=1 SV=2",5.28264887430508,5.59817667635932,3.41186107033809,0.00269118381261291,0.00436071451117832,-1.50702369475675
2612,"O60762|DPM1_HUMAN","Dolichol-phosphate mannosyltransferase subunit 1 OS=Homo sapiens OX=9606 GN=DPM1 PE=1 SV=1",8.73485622050292,7.32428034945824,11.5071647759762,2.10034766979303e-10,7.02548959922084e-10,11.5931466710371
2613,"Q96RL1|UIMC1_HUMAN","BRCA1-A complex subunit RAP80 OS=Homo sapiens OX=9606 GN=UIMC1 PE=1 SV=2",3.46620352011398,4.68995399926377,2.35343362160019,0.0286717688773141,0.0369679538438243,-3.54720663093782
2615,"P05161|ISG15_HUMAN","Ubiquitin-like protein ISG15 OS=Homo sapiens OX=9606 GN=ISG15 PE=1 SV=5",3.779429445831,4.84656696212229,2.44100694244513,0.0238214192989998,0.0317784006587489,-3.39075627216018
2616,"Q14244|MAP7_HUMAN","Ensconsin OS=Homo sapiens OX=9606 GN=MAP7 PE=1 SV=1",3.81311867084602,4.86341157462979,2.44626101449515,0.0235561846927924,0.0314354631082325,-3.38127608146416
2617,"Q9HCD5|NCOA5_HUMAN","Nuclear receptor coactivator 5 OS=Homo sapiens OX=9606 GN=NCOA5 PE=1 SV=2",8.83332556939543,7.3735150239045,14.0999961225175,5.10068939421917e-12,2.24430333345644e-11,13.8841587389232
2618,"Q92733|PRCC_HUMAN","Proline-rich protein PRCC OS=Homo sapiens OX=9606 GN=PRCC PE=1 SV=1",2.53963146497741,4.22666797169549,1.94752753871993,0.0652943635052866,0.0780936003402775,-4.22852295717493
2620,"P62829|RL23_HUMAN","60S ribosomal protein L23 OS=Homo sapiens OX=9606 GN=RPL23 PE=1 SV=1",7.64402718697236,6.77886583269296,5.92403441862511,7.73322254188161e-06,1.90764803461228e-05,3.56666467865503
2623,"Q01831|XPC_HUMAN","DNA repair protein complementing XP-C cells OS=Homo sapiens OX=9606 GN=XPC PE=1 SV=4",2.36681581204587,6.73756899814994,1.20738901264893,0.248037096619034,0.256429329211407,-5.22400804637564
2624,"Q9UBW7|ZMYM2_HUMAN","Zinc finger MYM-type protein 2 OS=Homo sapiens OX=9606 GN=ZMYM2 PE=1 SV=1",3.02810309252956,4.47090378547156,2.16129053428533,0.0426636156963961,0.0521278706541178,-3.87933026401282
2625,"Q9Y3B3|TMED7_HUMAN","Transmembrane emp24 domain-containing protein 7 OS=Homo sapiens OX=9606 GN=TMED7 PE=1 SV=2",9.71856689812104,7.8161356882673,15.9905408814614,4.74841718703771e-13,2.56042103222622e-12,15.1692192409613
2627,"P46776|RL27A_HUMAN","60S ribosomal protein L27a OS=Homo sapiens OX=9606 GN=RPL27A PE=1 SV=2",10.6407609021349,8.27723269027423,16.1916747884598,3.74141916154995e-13,2.0636767581615e-12,15.2904023515556
2628,"Q86U44|MTA70_HUMAN","N6-adenosine-methyltransferase catalytic subunit OS=Homo sapiens OX=9606 GN=METTL3 PE=1 SV=2",5.34416153024922,5.62893300433139,3.37578984288874,0.00292679132965779,0.00466976652266163,-1.58036314685051
2629,"O60869|EDF1_HUMAN","Endothelial differentiation-related factor 1 OS=Homo sapiens OX=9606 GN=EDF1 PE=1 SV=1",8.18983260294839,7.05176854068098,5.92647701630198,1.89862497809942e-05,4.37183383114997e-05,2.81256021769837
2630,"Q9UBW8|CSN7A_HUMAN","COP9 signalosome complex subunit 7a OS=Homo sapiens OX=9606 GN=COPS7A PE=1 SV=1",9.14718444945431,7.53044446393394,13.9627238844045,6.12210183287426e-12,2.65728208078533e-11,13.7795259990266
2631,"O95630|STABP_HUMAN","STAM-binding protein OS=Homo sapiens OX=9606 GN=STAMBP PE=1 SV=1",7.25993060259992,6.58681754050674,7.69549941626374,1.78778783766259e-07,4.77321995492439e-07,6.66140700064741
2632,"O96028|NSD2_HUMAN","Histone-lysine N-methyltransferase NSD2 OS=Homo sapiens OX=9606 GN=NSD2 PE=1 SV=1",1.92166727453901,3.91768587647629,1.56874459341185,0.132009922086122,0.141138072766334,-4.78503239165474
2633,"Q6P1M0|S27A4_HUMAN","Long-chain fatty acid transport protein 4 OS=Homo sapiens OX=9606 GN=SLC27A4 PE=1 SV=1",4.88573290561535,5.39971869201446,3.19986845871167,0.00439706835331441,0.00671774331756367,-1.9355069532558
2634,"Q9BVK6|TMED9_HUMAN","Transmembrane emp24 domain-containing protein 9 OS=Homo sapiens OX=9606 GN=TMED9 PE=1 SV=2",8.89882607897485,7.40626527869421,13.7537740156935,8.10582750172007e-12,3.43694227771171e-11,13.6170206518373
2635,"Q8N6R0|EFNMT_HUMAN","eEF1A lysine and N-terminal methyltransferase OS=Homo sapiens OX=9606 GN=EEF1AKNMT PE=1 SV=1",4.93738977875368,5.42554712858362,3.24434185900944,0.0039686517270215,0.00613380535890516,-1.84616029587812
2636,"Q5T5X7|BEND3_HUMAN","BEN domain-containing protein 3 OS=Homo sapiens OX=9606 GN=BEND3 PE=1 SV=1",2.04107585257807,3.97739016549582,1.67705486632125,0.108710576757789,0.120580731926675,-4.63481641992594
2637,"Q9H6E4|CC134_HUMAN","Coiled-coil domain-containing protein 134 OS=Homo sapiens OX=9606 GN=CCDC134 PE=1 SV=1",4.41965988459404,5.1666821815038,3.14535470409599,0.00498381903057529,0.0075128047250254,-2.0445749070506
2638,"Q9Y320|TMX2_HUMAN","Thioredoxin-related transmembrane protein 2 OS=Homo sapiens OX=9606 GN=TMX2 PE=1 SV=1",5.79238247763336,5.85304347802346,4.03608256389501,0.000620049715257618,0.0011260336810103,-0.221647955486549
2639,"Q8IWI9|MGAP_HUMAN","MAX gene-associated protein OS=Homo sapiens OX=9606 GN=MGA PE=1 SV=4",3.35331866439655,4.63351157140506,2.29173370627429,0.0326211199472709,0.0410697553292979,-3.65558875279
2640,"Q8IUH3|RBM45_HUMAN","RNA-binding protein 45 OS=Homo sapiens OX=9606 GN=RBM45 PE=1 SV=1",2.17743464667638,4.04556956254497,1.67330010283628,0.109455753904165,0.121128097881872,-4.64014933378134
2641,"Q9BVL4|SELO_HUMAN","Protein adenylyltransferase SelO, mitochondrial OS=Homo sapiens OX=9606 GN=SELENOO PE=1 SV=3",1.76193303127533,3.83781875484445,1.55537826814054,0.135154992334047,0.144038008976223,-4.80304011784433
2642,"O75348|VATG1_HUMAN","V-type proton ATPase subunit G 1 OS=Homo sapiens OX=9606 GN=ATP6V1G1 PE=1 SV=3",9.15489119725902,7.53429783783629,14.2091527007872,4.41615980380099e-12,1.95427761432572e-11,13.9661805333989
2643,"Q5T8D3|ACBD5_HUMAN","Acyl-CoA-binding domain-containing protein 5 OS=Homo sapiens OX=9606 GN=ACBD5 PE=1 SV=1",2.34072533033135,4.12721490437246,1.75730171003931,0.0937875205398694,0.107735187997105,-4.5187579734508
2644,"Q9H0U3|MAGT1_HUMAN","Magnesium transporter protein 1 OS=Homo sapiens OX=9606 GN=MAGT1 PE=1 SV=1",-0.69302653496967,11.536769578887,-0.883805003463128,0.38704620925667,0.396838323738529,-5.53880093446228
2645,"Q9Y3D8|KAD6_HUMAN","Adenylate kinase isoenzyme 6 OS=Homo sapiens OX=9606 GN=AK6 PE=1 SV=1",5.83287382484039,5.87328915162698,4.36346133691153,0.000285864880962324,0.00054055981910852,0.45571492711735
2647,"P84090|ERH_HUMAN","Enhancer of rudimentary homolog OS=Homo sapiens OX=9606 GN=ERH PE=1 SV=1",7.95639508880782,6.93504978361069,6.08429992903057,7.03645250816802e-06,1.74269594216539e-05,3.64534365451331
2649,"Q96C90|PP14B_HUMAN","Protein phosphatase 1 regulatory subunit 14B OS=Homo sapiens OX=9606 GN=PPP1R14B PE=1 SV=3",2.76724536846151,4.34047492343754,1.88735506892612,0.0733490126330512,0.0869706494109169,-4.3225381447101
2652,"Q96RN5|MED15_HUMAN","Mediator of RNA polymerase II transcription subunit 15 OS=Homo sapiens OX=9606 GN=MED15 PE=1 SV=2",6.29952590585532,6.10661519213444,4.42873240962314,0.000245015542509025,0.000468841868121146,0.590376333584627
2653,"Q14997|PSME4_HUMAN","Proteasome activator complex subunit 4 OS=Homo sapiens OX=9606 GN=PSME4 PE=1 SV=2",3.44592813624538,4.67981630732947,2.36273989587593,0.0281159513064896,0.0363731224899143,-3.53072410343048
2654,"Q9BPW8|NIPS1_HUMAN","Protein NipSnap homolog 1 OS=Homo sapiens OX=9606 GN=NIPSNAP1 PE=1 SV=1",7.04970083363666,6.48170265602511,5.27035772429388,3.42155004170607e-05,7.54897860204492e-05,2.29775206893215
2655,"P60520|GBRL2_HUMAN","Gamma-aminobutyric acid receptor-associated protein-like 2 OS=Homo sapiens OX=9606 GN=GABARAPL2 PE=1 SV=1",8.20203290689116,7.05786869265236,5.75524076830139,3.11518572589466e-05,6.90867802113735e-05,2.39985053601056
2656,"O95182|NDUA7_HUMAN","NADH dehydrogenase [ubiquinone] 1 alpha subcomplex subunit 7 OS=Homo sapiens OX=9606 GN=NDUFA7 PE=1 SV=3",5.53513957035756,5.72442202438556,3.57021013345458,0.00185894888355767,0.00315562310480469,-1.18339101561863
2657,"Q8TB72|PUM2_HUMAN","Pumilio homolog 2 OS=Homo sapiens OX=9606 GN=PUM2 PE=1 SV=2",1.94894336517206,3.93132392179282,1.57713220627929,0.130067608945821,0.139448703548151,-4.77367174805594
2658,"O14975|S27A2_HUMAN","Very long-chain acyl-CoA synthetase OS=Homo sapiens OX=9606 GN=SLC27A2 PE=1 SV=2",6.69829877894929,6.30600162868143,4.92412476680032,7.64687617999142e-05,0.000157857765645935,1.60339043381458
2659,"Q9H9Y2|RPF1_HUMAN","Ribosome production factor 1 OS=Homo sapiens OX=9606 GN=RPF1 PE=1 SV=2",3.72325210282495,4.81847829061926,2.45194698356491,0.0232722483986134,0.031132090456797,-3.37100495848548
2662,"Q15006|EMC2_HUMAN","ER membrane protein complex subunit 2 OS=Homo sapiens OX=9606 GN=EMC2 PE=1 SV=1",3.83866386165143,4.8761841700325,2.48451743980205,0.0217063543521148,0.029394816832797,-3.31193942316606
2664,"Q15054|DPOD3_HUMAN","DNA polymerase delta subunit 3 OS=Homo sapiens OX=9606 GN=POLD3 PE=1 SV=2",6.86102199266124,6.3873632355374,5.2170594093669,3.86993517306365e-05,8.43672164003117e-05,2.19175900366949
2666,"Q99700|ATX2_HUMAN","Ataxin-2 OS=Homo sapiens OX=9606 GN=ATXN2 PE=1 SV=2",6.38493473719897,6.14931960780627,4.46447257032456,0.000225188978735313,0.000434357499063605,0.664024924206051
2668,"Q9UK59|DBR1_HUMAN","Lariat debranching enzyme OS=Homo sapiens OX=9606 GN=DBR1 PE=1 SV=2",6.73165949090994,6.32268198466175,5.02264485302155,6.07686030392681e-05,0.000127916414270739,1.80231353899752
2669,"P62328|TYB4_HUMAN","Thymosin beta-4 OS=Homo sapiens OX=9606 GN=TMSB4X PE=1 SV=2",7.99622357286638,6.95496402563997,5.86872269161428,1.51021053940017e-05,3.53883784339054e-05,3.00377835303646
2670,"P57076|CF298_HUMAN","Cilia- and flagella-associated protein 298 OS=Homo sapiens OX=9606 GN=CFAP298 PE=1 SV=1",5.64531859315794,5.77951153578575,3.60451653001334,0.00171526517058405,0.00292850151075326,-1.11296742061604
2671,"Q6NXR4|TTI2_HUMAN","TELO2-interacting protein 2 OS=Homo sapiens OX=9606 GN=TTI2 PE=1 SV=1",3.11798835089841,4.51584641465599,2.26779969859937,0.0342835102248635,0.0428683060622684,-3.69720180375511
2673,"Q6P1X6|CH082_HUMAN","UPF0598 protein C8orf82 OS=Homo sapiens OX=9606 GN=C8orf82 PE=1 SV=2",3.30237522223478,4.60803985032417,2.34710321364389,0.0290556396016401,0.0373752798083242,-3.55839859266963
2674,"Q12913|PTPRJ_HUMAN","Receptor-type tyrosine-protein phosphatase eta OS=Homo sapiens OX=9606 GN=PTPRJ PE=1 SV=3",2.94811241785851,4.43090844813604,2.1452694201944,0.0440741865896365,0.053664015929823,-3.90627886076612
2675,"Q9UEU0|VTI1B_HUMAN","Vesicle transport through interaction with t-SNAREs homolog 1B OS=Homo sapiens OX=9606 GN=VTI1B PE=1 SV=3",3.33106498677219,4.62238473259288,2.22502902514341,0.0374489991383655,0.0463001434433871,-3.77094794930041
2677,"Q8TC07|TBC15_HUMAN","TBC1 domain family member 15 OS=Homo sapiens OX=9606 GN=TBC1D15 PE=1 SV=2",4.90959823647668,5.41165135744512,3.23762676427911,0.00403062985044004,0.00622210301691826,-1.85967106319464
2679,"Q9Y375|CIA30_HUMAN","Complex I intermediate-associated protein 30, mitochondrial OS=Homo sapiens OX=9606 GN=NDUFAF1 PE=1 SV=2",3.90350652370973,4.90860550106165,2.84121012512953,0.00993011309001489,0.0141964112129808,-2.6421806556102
2680,"Q9NV56|MRGBP_HUMAN","MRG/MORF4L-binding protein OS=Homo sapiens OX=9606 GN=MRGBP PE=1 SV=1",8.40133704019818,7.15752075930587,11.3522812921605,2.67497493364009e-10,8.80226794402937e-10,11.4328021926881
2681,"Q9NQS7|INCE_HUMAN","Inner centromere protein OS=Homo sapiens OX=9606 GN=INCENP PE=1 SV=3",3.7054044617184,4.80955447006598,2.68062165292499,0.0141785441851235,0.0199953828251741,-2.94855559120254
2682,"O75380|NDUS6_HUMAN","NADH dehydrogenase [ubiquinone] iron-sulfur protein 6, mitochondrial OS=Homo sapiens OX=9606 GN=NDUFS6 PE=1 SV=1",7.16220553411575,6.53795500626466,7.68222274929958,1.83613708181132e-07,4.89551784277949e-07,6.64021062186673
2683,"P86791|CCZ1_HUMAN","Vacuolar fusion protein CCZ1 homolog OS=Homo sapiens OX=9606 GN=CCZ1 PE=1 SV=1",5.10244302753545,5.50807375297451,3.39166159164289,0.00282073154623912,0.00452680969279726,-1.54811248157507
2683,"P86790|CCZ1B_HUMAN","Vacuolar fusion protein CCZ1 homolog B OS=Homo sapiens OX=9606 GN=CCZ1B PE=1 SV=1",5.10244302753545,5.50807375297451,3.39166159164289,0.00282073154623912,0.00452680969279726,-1.54811248157507
2684,"Q9Y679|AUP1_HUMAN","Lipid droplet-regulating VLDL assembly factor AUP1 OS=Homo sapiens OX=9606 GN=AUP1 PE=1 SV=2",1.80953231417368,3.86161839629362,1.5834418512456,0.128622240909282,0.138091362939413,-4.7650950285236
2685,"Q02241|KIF23_HUMAN","Kinesin-like protein KIF23 OS=Homo sapiens OX=9606 GN=KIF23 PE=1 SV=3",3.39646930661821,4.65508689251589,2.34360574810808,0.0292697543602128,0.0376381276843084,-3.56457503925239
2686,"Q99797|MIPEP_HUMAN","Mitochondrial intermediate peptidase OS=Homo sapiens OX=9606 GN=MIPEP PE=1 SV=2",4.07365063708654,4.99367755775005,2.5297027413856,0.019696508528239,0.0269863195137793,-3.22936285364059
2687,"Q13017|RHG05_HUMAN","Rho GTPase-activating protein 5 OS=Homo sapiens OX=9606 GN=ARHGAP5 PE=1 SV=2",4.13342037902318,5.02356242871837,2.81112544540296,0.0106201591649116,0.0151379536412106,-2.70011861244692
2690,"Q03154|ACY1_HUMAN","Aminoacylase-1 OS=Homo sapiens OX=9606 GN=ACY1 PE=1 SV=1",5.1186157544964,6.45401880464993,3.51400046610548,0.00212040329078933,0.00353860107045467,-1.29855747872619
2691,"O14936|CSKP_HUMAN","Peripheral plasma membrane protein CASK OS=Homo sapiens OX=9606 GN=CASK PE=1 SV=3",3.87544039097535,4.89457243469446,2.85548435829479,0.00961790105050344,0.0137756395254607,-2.61460873967828
2692,"Q96FZ2|HMCES_HUMAN","Abasic site processing protein HMCES OS=Homo sapiens OX=9606 GN=HMCES PE=1 SV=1",3.54850386124981,4.73110416983169,2.41111653052572,0.0253839820183024,0.0334113951352015,-3.44449030017628
2694,"Q8NBQ5|DHB11_HUMAN","Estradiol 17-beta-dehydrogenase 11 OS=Homo sapiens OX=9606 GN=HSD17B11 PE=1 SV=3",4.64315638951571,5.27843043396464,3.17016933265263,0.0047078662672456,0.00713593902712423,-1.99499083559817
2695,"Q6PD74|AAGAB_HUMAN","Alpha- and gamma-adaptin-binding protein p34 OS=Homo sapiens OX=9606 GN=AAGAB PE=1 SV=1",7.62452295451799,6.76911371646578,5.86956349656843,8.73792705742093e-06,2.13593772514734e-05,3.4632865708762
2696,"Q9UGV2|NDRG3_HUMAN","Protein NDRG3 OS=Homo sapiens OX=9606 GN=NDRG3 PE=1 SV=2",6.02720663784471,5.97045555812914,4.54470758524662,0.00018635748596223,0.000364756645121803,0.829104933755477
2697,"P62899|RL31_HUMAN","60S ribosomal protein L31 OS=Homo sapiens OX=9606 GN=RPL31 PE=1 SV=1",12.3782121240444,9.14595830122899,24.010935881264,1.72104079815746e-16,6.81558704691339e-15,18.4504544246697
2698,"Q7Z4H8|PLGT3_HUMAN","Protein O-glucosyltransferase 3 OS=Homo sapiens OX=9606 GN=POGLUT3 PE=1 SV=2",3.64042210459758,4.77706329150557,2.4092481810189,0.0254847486777117,0.0335325640496206,-3.44783769249572
2699,"P53350|PLK1_HUMAN","Serine/threonine-protein kinase PLK1 OS=Homo sapiens OX=9606 GN=PLK1 PE=1 SV=1",2.95859232992985,4.43614840417171,2.24152691394584,0.0361975767488631,0.0448971232226556,-3.74259689737779
2700,"Q15398|DLGP5_HUMAN","Disks large-associated protein 5 OS=Homo sapiens OX=9606 GN=DLGAP5 PE=1 SV=2",3.26079631288265,4.58725039564811,2.32059527730819,0.0307151766495595,0.0390275346867341,-3.60508641015421
2701,"Q9H9H4|VP37B_HUMAN","Vacuolar protein sorting-associated protein 37B OS=Homo sapiens OX=9606 GN=VPS37B PE=1 SV=1",8.38432996829904,7.1490172233563,9.55307706030266,5.36702825051678e-09,1.57900681973074e-08,9.33752847553542
2702,"Q14331|FRG1_HUMAN","Protein FRG1 OS=Homo sapiens OX=9606 GN=FRG1 PE=1 SV=1",5.48668726729068,5.70019587285212,3.56443315265436,0.00188428459494784,0.00318878931452711,-1.1952402896695
2703,"P49770|EI2BB_HUMAN","Translation initiation factor eIF-2B subunit beta OS=Homo sapiens OX=9606 GN=EIF2B2 PE=1 SV=3",8.36550123161734,7.13960285501545,10.1815587218808,1.80640874709946e-09,5.53275551020917e-09,10.120584119623
2704,"P21579|SYT1_HUMAN","Synaptotagmin-1 OS=Homo sapiens OX=9606 GN=SYT1 PE=1 SV=1",2.80592919227452,4.35981683534404,1.89516287946994,0.072256748218951,0.0858606421737535,-4.31045119718564
2705,"Q7L5D6|GET4_HUMAN","Golgi to ER traffic protein 4 homolog OS=Homo sapiens OX=9606 GN=GET4 PE=1 SV=1",4.17278506252672,5.04324477047014,2.55554539509699,0.0186268186350794,0.0257221132514547,-3.18181342678886
2707,"P46781|RS9_HUMAN","40S ribosomal protein S9 OS=Homo sapiens OX=9606 GN=RPS9 PE=1 SV=3",2.64134620331007,4.87799014965926,1.74643240592523,0.0956996979946261,0.109492967987908,-4.53470790518622
2708,"P51580|TPMT_HUMAN","Thiopurine S-methyltransferase OS=Homo sapiens OX=9606 GN=TPMT PE=1 SV=1",3.63222088324758,4.77296268083057,2.42670044105451,0.0245577960178897,0.0325576841146266,-3.41651749912606
2710,"Q12979|ABR_HUMAN","Active breakpoint cluster region-related protein OS=Homo sapiens OX=9606 GN=ABR PE=1 SV=2",2.45323662812095,4.18347055326726,1.70315177114047,0.103649587191938,0.116172026401444,-4.59750771676607
2711,"P09455|RET1_HUMAN","Retinol-binding protein 1 OS=Homo sapiens OX=9606 GN=RBP1 PE=1 SV=2",5.17090783277657,5.54230615559507,3.41522717425345,0.00267016999234774,0.00433213420587391,-1.50017181391947
2712,"Q9NPF4|OSGEP_HUMAN","Probable tRNA N6-adenosine threonylcarbamoyltransferase OS=Homo sapiens OX=9606 GN=OSGEP PE=1 SV=1",7.14974355169436,6.53172401505396,6.38005599965014,2.82050111342229e-06,7.12060936831201e-06,4.41376472577109
2713,"Q99504|EYA3_HUMAN","Eyes absent homolog 3 OS=Homo sapiens OX=9606 GN=EYA3 PE=1 SV=3",4.70248839269359,5.30809643555358,3.11939766889337,0.00528925375069255,0.00793903584411942,-2.09632369638922
2714,"O95721|SNP29_HUMAN","Synaptosomal-associated protein 29 OS=Homo sapiens OX=9606 GN=SNAP29 PE=1 SV=1",6.91531370914403,6.4145090937788,5.25852994052166,3.51626494829504e-05,7.74020586102681e-05,2.27426041877662
2715,"Q96ER3|SAAL1_HUMAN","Protein SAAL1 OS=Homo sapiens OX=9606 GN=SAAL1 PE=1 SV=2",3.52576471302076,4.71973459571716,2.39692118977789,0.0261589531878631,0.0342790911413454,-3.46988925855989
2716,"Q9Y508|RN114_HUMAN","E3 ubiquitin-protein ligase RNF114 OS=Homo sapiens OX=9606 GN=RNF114 PE=1 SV=1",5.28645769171024,5.6000810850619,3.483933008071,0.00227478108839178,0.00376360429321374,-1.36003929728687
2719,"Q9UGP4|LIMD1_HUMAN","LIM domain-containing protein 1 OS=Homo sapiens OX=9606 GN=LIMD1 PE=1 SV=1",2.11278857358398,4.01324652599877,1.69727899052504,0.104770629853939,0.117121639064362,-4.60594047845206
2720,"Q15286|RAB35_HUMAN","Ras-related protein Rab-35 OS=Homo sapiens OX=9606 GN=RAB35 PE=1 SV=1",6.02691948328917,5.97031198085137,2.77687438837697,0.0135594608010677,0.0191644361542257,-2.86123469729605
2721,"Q13416|ORC2_HUMAN","Origin recognition complex subunit 2 OS=Homo sapiens OX=9606 GN=ORC2 PE=1 SV=2",2.54551147883906,4.22960797862631,1.73936953149816,0.0969601222563073,0.110606361684973,-4.54503397919118
2722,"P63162|RSMN_HUMAN","Small nuclear ribonucleoprotein-associated protein N OS=Homo sapiens OX=9606 GN=SNRPN PE=1 SV=1",7.1079801749623,6.51084232668793,5.40901309598252,2.48672433465707e-05,5.58896012167526e-05,2.57182544845933
2722,"P14678|RSMB_HUMAN","Small nuclear ribonucleoprotein-associated proteins B and B' OS=Homo sapiens OX=9606 GN=SNRPB PE=1 SV=2",7.1079801749623,6.51084232668793,5.40901309598252,2.48672433465707e-05,5.58896012167526e-05,2.57182544845933
2723,"O95758|PTBP3_HUMAN","Polypyrimidine tract-binding protein 3 OS=Homo sapiens OX=9606 GN=PTBP3 PE=1 SV=2",5.51413487258418,5.71391967549887,3.56573575318356,0.00187854232844211,0.00318186888011532,-1.1925687506839
2724,"Q9NX20|RM16_HUMAN","39S ribosomal protein L16, mitochondrial OS=Homo sapiens OX=9606 GN=MRPL16 PE=1 SV=1",5.40635816598436,5.66003132219896,3.40070282591509,0.00276200797148204,0.00444368185967649,-1.52972729994273
2725,"O00159|MYO1C_HUMAN","Unconventional myosin-Ic OS=Homo sapiens OX=9606 GN=MYO1C PE=1 SV=4",2.2527127460072,4.08320861221038,1.66737251264465,0.110640980402233,0.122031869487269,-4.64855030325078
2726,"Q8NAV1|PR38A_HUMAN","Pre-mRNA-splicing factor 38A OS=Homo sapiens OX=9606 GN=PRPF38A PE=1 SV=1",3.66280103772403,4.7882527580688,2.63040755245285,0.0158280831104773,0.0221915950383604,-3.04280415405985
2727,"O75607|NPM3_HUMAN","Nucleoplasmin-3 OS=Homo sapiens OX=9606 GN=NPM3 PE=1 SV=3",6.39718918353189,6.15544683097273,4.63706767347808,0.000149922039964393,0.00029752569786748,1.01862893506941
2728,"Q9BV38|WDR18_HUMAN","WD repeat-containing protein 18 OS=Homo sapiens OX=9606 GN=WDR18 PE=1 SV=2",9.2325458384741,7.57312515844383,14.0146118591045,5.71296491589522e-12,2.48811254821228e-11,13.8192725255783
2729,"Q9Y2Z4|SYYM_HUMAN","Tyrosine--tRNA ligase, mitochondrial OS=Homo sapiens OX=9606 GN=YARS2 PE=1 SV=2",2.43800216223458,4.17585332032407,1.71764673951546,0.100926423861262,0.11418358268171,-4.57660322756766
2731,"Q6P1N9|TATD1_HUMAN","Putative deoxyribonuclease TATDN1 OS=Homo sapiens OX=9606 GN=TATDN1 PE=1 SV=2",7.53383759639091,6.72377103740224,8.55345245152292,3.34990085033223e-08,9.27183197252271e-08,7.96760510350069
2732,"Q9NY12|GAR1_HUMAN","H/ACA ribonucleoprotein complex subunit 1 OS=Homo sapiens OX=9606 GN=GAR1 PE=1 SV=1",2.63760492332361,4.27565470086859,1.84624077158557,0.0793429871479195,0.0934732253731609,-4.38562214874202
2733,"P05026|AT1B1_HUMAN","Sodium/potassium-transporting ATPase subunit beta-1 OS=Homo sapiens OX=9606 GN=ATP1B1 PE=1 SV=1",8.17866810665378,7.04618629253368,10.6784041994222,7.88664218957357e-10,2.48271238183632e-09,10.6997999355854
2734,"P43307|SSRA_HUMAN","Translocon-associated protein subunit alpha OS=Homo sapiens OX=9606 GN=SSR1 PE=1 SV=3",8.1028810526252,7.00829276551938,5.96538299330692,1.42638285464963e-05,3.34852072585432e-05,3.05159725479454
2735,"P49406|RM19_HUMAN","39S ribosomal protein L19, mitochondrial OS=Homo sapiens OX=9606 GN=MRPL19 PE=1 SV=2",3.65160855348282,4.78265651594819,2.34117920651487,0.0294191625901405,0.0377671810510307,-3.56885733691904
2736,"Q6P3W7|SCYL2_HUMAN","SCY1-like protein 2 OS=Homo sapiens OX=9606 GN=SCYL2 PE=1 SV=1",5.34364737920203,5.6286759288078,3.48782768037938,0.00225417812674732,0.00373272507009772,-1.35208059010339
2738,"O95429|BAG4_HUMAN","BAG family molecular chaperone regulator 4 OS=Homo sapiens OX=9606 GN=BAG4 PE=1 SV=1",6.72772501257542,6.32071474549449,4.8902234920091,8.27746618080284e-05,0.000170236350406469,1.53471437377187
2739,"Q9H4L4|SENP3_HUMAN","Sentrin-specific protease 3 OS=Homo sapiens OX=9606 GN=SENP3 PE=1 SV=2",3.4993273393108,4.70651590886218,2.40010344292844,0.0259833374542961,0.0341070062049233,-3.46420222069672
2740,"P62249|RS16_HUMAN","40S ribosomal protein S16 OS=Homo sapiens OX=9606 GN=RPS16 PE=1 SV=2",10.2841119960826,8.09890823724807,17.9876848602538,4.95695995278704e-14,3.71833701014138e-13,16.2606906380722
2741,"P26373|RL13_HUMAN","60S ribosomal protein L13 OS=Homo sapiens OX=9606 GN=RPL13 PE=1 SV=4",10.1200874755504,8.016895976982,17.5101812528798,8.33345681033743e-14,5.76010928542174e-13,16.0210872078431
2742,"Q9NP66|HM20A_HUMAN","High mobility group protein 20A OS=Homo sapiens OX=9606 GN=HMG20A PE=1 SV=1",2.67094821091213,4.29232634466285,2.11146808996326,0.0471897304165506,0.0572041757253525,-3.96273699818493
2743,"Q8NC56|LEMD2_HUMAN","LEM domain-containing protein 2 OS=Homo sapiens OX=9606 GN=LEMD2 PE=1 SV=1",2.6356267891827,4.27466563379813,1.85711347004554,0.0777176055134442,0.0917830617260001,-4.36903233643708
2744,"Q658Y4|F91A1_HUMAN","Protein FAM91A1 OS=Homo sapiens OX=9606 GN=FAM91A1 PE=1 SV=3",2.51045405297729,4.21207926569543,1.82176272855855,0.0831112471634807,0.0972578424253498,-4.42272395623972
2745,"Q8NDI1|EHBP1_HUMAN","EH domain-binding protein 1 OS=Homo sapiens OX=9606 GN=EHBP1 PE=1 SV=3",2.49816832986456,4.20593640413907,1.93731067089377,0.0666042687200646,0.079536735289159,-4.24462494765113
2746,"Q96GG9|DCNL1_HUMAN","DCN1-like protein 1 OS=Homo sapiens OX=9606 GN=DCUN1D1 PE=1 SV=1",5.80139047607773,5.85754747724565,3.55296330294411,0.00193559939353552,0.00326129438298107,-1.21875776281204
2747,"Q8IXM3|RM41_HUMAN","39S ribosomal protein L41, mitochondrial OS=Homo sapiens OX=9606 GN=MRPL41 PE=1 SV=1",8.35472629339235,7.13421538590296,11.879169276372,1.18653627791743e-10,4.11546366665055e-10,11.9664383888219
2748,"Q14320|FA50A_HUMAN","Protein FAM50A OS=Homo sapiens OX=9606 GN=FAM50A PE=1 SV=2",3.49557826118964,4.7046413698016,2.38250345894431,0.026968491530874,0.0351961669131745,-3.4956057479017
2748,"Q9Y247|FA50B_HUMAN","Protein FAM50B OS=Homo sapiens OX=9606 GN=FAM50B PE=1 SV=1",2.45315380919749,4.18342914380553,1.80911725049555,0.0851182806762556,0.0992144658200375,-4.44175548638344
2749,"Q8TAE8|G45IP_HUMAN","Growth arrest and DNA damage-inducible proteins-interacting protein 1 OS=Homo sapiens OX=9606 GN=GADD45GIP1 PE=1 SV=1",2.09571812868407,10.843727891611,1.7334581868918,0.103045331898078,0.11572550697491,-4.56410711295125
2750,"Q6NYC1|JMJD6_HUMAN","Bifunctional arginine demethylase and lysyl-hydroxylase JMJD6 OS=Homo sapiens OX=9606 GN=JMJD6 PE=1 SV=1",2.78822955779798,4.35096701810578,1.89227259927157,0.0726594022687701,0.0862592348858356,-4.31492946420283
2751,"Q8ND04|SMG8_HUMAN","Protein SMG8 OS=Homo sapiens OX=9606 GN=SMG8 PE=1 SV=1",3.33393039903995,4.62381743872676,2.62850693817572,0.0158939471081715,0.0222677206573727,-3.04635594936074
2752,"Q9H425|CA198_HUMAN","Uncharacterized protein C1orf198 OS=Homo sapiens OX=9606 GN=C1orf198 PE=1 SV=1",3.49769183302676,4.70569815572016,2.3923536524527,0.0264129426625891,0.0345296533959145,-3.47804505316797
2753,"A0AV96|RBM47_HUMAN","RNA-binding protein 47 OS=Homo sapiens OX=9606 GN=RBM47 PE=1 SV=2",5.37443351557176,5.64406899699266,3.96163592076264,0.000739380121677925,0.00133143754371376,-0.375813540887679
2754,"Q9BZI7|REN3B_HUMAN","Regulator of nonsense transcripts 3B OS=Homo sapiens OX=9606 GN=UPF3B PE=1 SV=1",7.29594391747954,6.60482419794655,7.85699913832405,1.29469103935492e-07,3.46390583844088e-07,6.91682041408067
2755,"Q96E11|RRFM_HUMAN","Ribosome-recycling factor, mitochondrial OS=Homo sapiens OX=9606 GN=MRRF PE=1 SV=1",5.37898967618792,5.64634707730074,3.39480967503581,0.00280014699997933,0.00449752438461427,-1.5417120370932
2757,"Q96Q89|KI20B_HUMAN","Kinesin-like protein KIF20B OS=Homo sapiens OX=9606 GN=KIF20B PE=1 SV=3",2.03291311989226,3.97330879915291,1.60583465320926,0.123600509857785,0.13354022495807,-4.73444571227447
2759,"Q9Y312|AAR2_HUMAN","Protein AAR2 homolog OS=Homo sapiens OX=9606 GN=AAR2 PE=1 SV=2",8.21984639174509,7.06677543507933,9.667111786862,4.38953138257989e-09,1.29997660176404e-08,9.4839383103365
2760,"Q969T9|WBP2_HUMAN","WW domain-binding protein 2 OS=Homo sapiens OX=9606 GN=WBP2 PE=1 SV=1",1.42489133212993,4.54184870242333,0.922594978234849,0.366946777800965,0.376531208564423,-5.50609789960545
2761,"O00186|STXB3_HUMAN","Syntaxin-binding protein 3 OS=Homo sapiens OX=9606 GN=STXBP3 PE=1 SV=2",4.70526797546276,5.30948622693816,3.15775133978752,0.00484405423355669,0.00731070513492484,-2.01981775439378
2762,"Q5T447|HECD3_HUMAN","E3 ubiquitin-protein ligase HECTD3 OS=Homo sapiens OX=9606 GN=HECTD3 PE=1 SV=1",2.11877064924439,4.01623756382898,1.62727036129591,0.118948443287906,0.129218822420553,-4.70480095331769
2764,"Q9BW91|NUDT9_HUMAN","ADP-ribose pyrophosphatase, mitochondrial OS=Homo sapiens OX=9606 GN=NUDT9 PE=1 SV=1",4.62273639932388,5.26822043886872,3.0604200410365,0.00605215077124,0.00897219117030188,-2.21343225742261
2765,"O75251|NDUS7_HUMAN","NADH dehydrogenase [ubiquinone] iron-sulfur protein 7, mitochondrial OS=Homo sapiens OX=9606 GN=NDUFS7 PE=1 SV=3",8.06676006122817,6.99023226982087,10.2945486631617,1.49247454186486e-09,4.60418829020811e-09,10.2553142993663
2766,"O15427|MOT4_HUMAN","Monocarboxylate transporter 4 OS=Homo sapiens OX=9606 GN=SLC16A3 PE=1 SV=1",-0.547824011573185,13.6861643415718,-0.854777276053316,0.402550793462796,0.412405682499139,-5.56242657091999
2767,"O95376|ARI2_HUMAN","E3 ubiquitin-protein ligase ARIH2 OS=Homo sapiens OX=9606 GN=ARIH2 PE=1 SV=1",2.10953659338441,4.01162053589899,1.70147358285688,0.103968883500568,0.116396663286277,-4.5999196154682
2768,"O75879|GATB_HUMAN","Glutamyl-tRNA(Gln) amidotransferase subunit B, mitochondrial OS=Homo sapiens OX=9606 GN=GATB PE=1 SV=1",4.28683831358208,5.10027139599782,2.96237057597941,0.00756137568998954,0.0110270062145681,-2.40655711750499
2769,"P13473|LAMP2_HUMAN","Lysosome-associated membrane glycoprotein 2 OS=Homo sapiens OX=9606 GN=LAMP2 PE=1 SV=2",5.31582338424775,5.61476393133066,3.51153896196314,0.00213264450901567,0.00355594688597242,-1.30359409917359
2770,"Q7L266|ASGL1_HUMAN","Isoaspartyl peptidase/L-asparaginase OS=Homo sapiens OX=9606 GN=ASRGL1 PE=1 SV=2",3.25352207897933,6.1326974322544,1.87632735584658,0.0749164203809261,0.0886652992519415,-4.3395518639922
2771,"Q7Z333|SETX_HUMAN","Probable helicase senataxin OS=Homo sapiens OX=9606 GN=SETX PE=1 SV=4",4.54960306823908,5.23165377332632,3.45555524296994,0.00243058818002999,0.00399051790751193,-1.41798115140699
2773,"O60925|PFD1_HUMAN","Prefoldin subunit 1 OS=Homo sapiens OX=9606 GN=PFDN1 PE=1 SV=2",10.7443374629269,8.32902097067023,20.8336906683463,2.83238745975487e-15,3.65929252350881e-14,17.4618926599119
2774,"Q9UNK0|STX8_HUMAN","Syntaxin-8 OS=Homo sapiens OX=9606 GN=STX8 PE=1 SV=2",5.61903695250792,5.76637071546074,3.48041304550917,0.00229356093618306,0.00379304536267388,-1.36723095356622
2776,"Q9BUR4|TCAB1_HUMAN","Telomerase Cajal body protein 1 OS=Homo sapiens OX=9606 GN=WRAP53 PE=1 SV=1",3.81834575695485,4.86602511768421,2.45334610660759,0.0232028719970358,0.0310716720655958,-3.36847573710173
2777,"Q9UFN0|NPS3A_HUMAN","Protein NipSnap homolog 3A OS=Homo sapiens OX=9606 GN=NIPSNAP3A PE=1 SV=2",4.3297183937619,5.12171143608773,2.60701414560264,0.0166569804422202,0.0232943605893744,-3.0864401928507
2778,"Q16836|HCDH_HUMAN","Hydroxyacyl-coenzyme A dehydrogenase, mitochondrial OS=Homo sapiens OX=9606 GN=HADH PE=1 SV=3",9.13706824670968,7.52538636256162,11.1956354992827,3.42472820293045e-10,1.11267540770314e-09,11.2676061542218
2782,"P08236|BGLR_HUMAN","Beta-glucuronidase OS=Homo sapiens OX=9606 GN=GUSB PE=1 SV=2",5.58334132941773,5.74852290391565,3.46184458874124,0.00239517728196798,0.00393741782048537,-1.40514689763391
2784,"Q13769|THOC5_HUMAN","THO complex subunit 5 homolog OS=Homo sapiens OX=9606 GN=THOC5 PE=1 SV=2",4.72433226197217,5.31901837019287,3.13572608487188,0.00509506801963847,0.00766849565113687,-2.06378513494387
2785,"Q99933|BAG1_HUMAN","BAG family molecular chaperone regulator 1 OS=Homo sapiens OX=9606 GN=BAG1 PE=1 SV=4",4.60487952094142,5.25929199967749,3.21284032322743,0.00426766522500477,0.00653560505818152,-1.90947955328729
2786,"P48960|AGRE5_HUMAN","Adhesion G protein-coupled receptor E5 OS=Homo sapiens OX=9606 GN=ADGRE5 PE=1 SV=4",1.98242577338027,3.94806512589692,1.58950075158244,0.127246954591506,0.136805578100335,-4.75683451176138
2787,"P42574|CASP3_HUMAN","Caspase-3 OS=Homo sapiens OX=9606 GN=CASP3 PE=1 SV=2",2.25342741774459,4.08356594807908,1.72914514983656,0.09880998494983,0.112217829515294,-4.55992866822254
2788,"Q9HAU5|RENT2_HUMAN","Regulator of nonsense transcripts 2 OS=Homo sapiens OX=9606 GN=UPF2 PE=1 SV=1",1.93226744410683,3.9229859612602,1.63558592038997,0.117183871499403,0.127589905337302,-4.69322113304742
2789,"P26885|FKBP2_HUMAN","Peptidyl-prolyl cis-trans isomerase FKBP2 OS=Homo sapiens OX=9606 GN=FKBP2 PE=1 SV=2",9.38820304583055,7.65095376212206,14.8542002497293,1.91926491637705e-12,9.16770462537426e-12,14.4303362415192
2791,"Q9BRR6|ADPGK_HUMAN","ADP-dependent glucokinase OS=Homo sapiens OX=9606 GN=ADPGK PE=1 SV=1",-1.89851849672308,8.47750840597155,-0.727073660484644,0.483251986755824,0.493022768792493,-5.64954147070261
2792,"P50750|CDK9_HUMAN","Cyclin-dependent kinase 9 OS=Homo sapiens OX=9606 GN=CDK9 PE=1 SV=3",5.86847435364905,5.89108941603131,4.25999027968506,0.000365092400608219,0.000680022129821791,0.241893193844835
2793,"Q92600|CNOT9_HUMAN","CCR4-NOT transcription complex subunit 9 OS=Homo sapiens OX=9606 GN=CNOT9 PE=1 SV=1",3.94983198233043,4.931768230372,2.51312611304135,0.0204126930446497,0.0278190683971333,-3.25974094511875
2794,"Q9H900|ZWILC_HUMAN","Protein zwilch homolog OS=Homo sapiens OX=9606 GN=ZWILCH PE=1 SV=2",5.58811170249304,5.7509080904533,2.79210704381678,0.0118781932139461,0.0168811531464351,-2.77652279401776
2795,"Q9Y4F1|FARP1_HUMAN","FERM, ARHGEF and pleckstrin domain-containing protein 1 OS=Homo sapiens OX=9606 GN=FARP1 PE=1 SV=1",3.79374680946213,4.85372564393785,2.45263705004915,0.0232380068885067,0.0310970895101671,-3.36975760322584
2796,"Q9UJW0|DCTN4_HUMAN","Dynactin subunit 4 OS=Homo sapiens OX=9606 GN=DCTN4 PE=1 SV=1",4.39636810395518,5.15503629118438,3.12916989656113,0.00517219244650082,0.00777545525928471,-2.07685589319551
2797,"Q8WVQ1|CANT1_HUMAN","Soluble calcium-activated nucleotidase 1 OS=Homo sapiens OX=9606 GN=CANT1 PE=1 SV=1",6.17429789396191,6.04400118618774,4.61259759200816,0.000158811263738514,0.000313711321392138,0.968472838826791
2798,"Q9NVN8|GNL3L_HUMAN","Guanine nucleotide-binding protein-like 3-like protein OS=Homo sapiens OX=9606 GN=GNL3L PE=1 SV=1",2.37226771188042,4.14298609514699,1.662124893288,0.11169931357326,0.122869244930587,-4.6559691089022
2799,"Q9Y237|PIN4_HUMAN","Peptidyl-prolyl cis-trans isomerase NIMA-interacting 4 OS=Homo sapiens OX=9606 GN=PIN4 PE=1 SV=1",9.49834230558382,7.70602339199869,16.1864926382337,3.7643448965348e-13,2.07038969309414e-12,15.2873142779409
2800,"P07305|H10_HUMAN","Histone H1.0 OS=Homo sapiens OX=9606 GN=H1-0 PE=1 SV=3",11.3887309874527,8.65121773293315,24.2261380481373,1.4418255873843e-16,6.81558704691339e-15,18.5070556285405
2801,"Q9H2J4|PDCL3_HUMAN","Phosducin-like protein 3 OS=Homo sapiens OX=9606 GN=PDCL3 PE=1 SV=1",5.64759231616394,5.78064839728875,3.6045673393714,0.00171506070972651,0.00292850151075326,-1.11286304983503
2802,"Q96IZ7|RSRC1_HUMAN","Serine/Arginine-related protein 53 OS=Homo sapiens OX=9606 GN=RSRC1 PE=1 SV=1",6.18364839623627,6.04867643732492,4.33191570460039,0.000307993945491531,0.0005787099512652,0.390567101456359
2803,"Q9UEY8|ADDG_HUMAN","Gamma-adducin OS=Homo sapiens OX=9606 GN=ADD3 PE=1 SV=1",5.78351114352931,5.84860781097144,4.35497370357385,0.000291656984820982,0.000549353909765548,0.438190239835987
2804,"P62847|RS24_HUMAN","40S ribosomal protein S24 OS=Homo sapiens OX=9606 GN=RPS24 PE=1 SV=1",11.3682645887276,8.64098453357056,19.6789842583841,8.64639572720683e-15,8.57954215199647e-14,17.0171923187029
2806,"Q9Y2R5|RT17_HUMAN","28S ribosomal protein S17, mitochondrial OS=Homo sapiens OX=9606 GN=MRPS17 PE=1 SV=1",5.05773308204168,5.48571878022762,3.40129315358745,0.0027582156787406,0.00444315077956122,-1.52852653630619
2807,"P04062|GLCM_HUMAN","Lysosomal acid glucosylceramidase OS=Homo sapiens OX=9606 GN=GBA PE=1 SV=3",4.79568708471243,5.354695781563,3.30893270951339,0.00341802535931783,0.00533633318466085,-1.71585607577679
2808,"P07602|SAP_HUMAN","Prosaposin OS=Homo sapiens OX=9606 GN=PSAP PE=1 SV=2",7.45208900426034,6.68289674133695,8.68191141281213,2.62876923999011e-08,7.33920346190132e-08,8.15259512146888
2809,"Q8NBX0|SCPDL_HUMAN","Saccharopine dehydrogenase-like oxidoreductase OS=Homo sapiens OX=9606 GN=SCCPDH PE=1 SV=1",-0.0730620412333671,12.2518942708904,-0.117096290671718,0.907923030533948,0.910524529188773,-5.90471430769877
2810,"O95453|PARN_HUMAN","Poly(A)-specific ribonuclease PARN OS=Homo sapiens OX=9606 GN=PARN PE=1 SV=1",5.67396849695411,5.79383648768384,3.6198125124447,0.00165478634160052,0.00283530370056164,-1.08153795808981
2811,"Q13015|AF1Q_HUMAN","Protein AF1q OS=Homo sapiens OX=9606 GN=MLLT11 PE=1 SV=1",8.74818469507087,7.33094458674222,12.2347072751104,6.96136811156915e-11,2.52365981445774e-10,12.3081466594614
2813,"P14635|CCNB1_HUMAN","G2/mitotic-specific cyclin-B1 OS=Homo sapiens OX=9606 GN=CCNB1 PE=1 SV=1",6.77498731095039,6.34434589468198,5.0531284328711,5.66060097876975e-05,0.000119809311535259,1.86365725616504
2815,"Q06587|RING1_HUMAN","E3 ubiquitin-protein ligase RING1 OS=Homo sapiens OX=9606 GN=RING1 PE=1 SV=2",2.5394482682106,4.22657637331208,1.83215609625475,0.0814926129297012,0.0956252849068423,-4.40701259151614
2816,"Q9BVL2|NUP58_HUMAN","Nucleoporin p58/p45 OS=Homo sapiens OX=9606 GN=NUP58 PE=1 SV=1",8.23073268519097,7.07221858180227,11.5086507182358,2.09550477334369e-10,7.01538554554193e-10,11.5946707721498
2817,"Q13362|2A5G_HUMAN","Serine/threonine-protein phosphatase 2A 56 kDa regulatory subunit gamma isoform OS=Homo sapiens OX=9606 GN=PPP2R5C PE=1 SV=3",1.64381395328135,3.77875921584746,1.45588395716975,0.160564929573358,0.168531891727761,-4.93328853089342
2819,"Q8TDP1|RNH2C_HUMAN","Ribonuclease H2 subunit C OS=Homo sapiens OX=9606 GN=RNASEH2C PE=1 SV=1",6.06792173098848,5.99081310470102,4.35673669238479,0.000290444274060595,0.000547605511818458,0.4418305823528
2820,"Q9Y376|CAB39_HUMAN","Calcium-binding protein 39 OS=Homo sapiens OX=9606 GN=CAB39 PE=1 SV=1",2.66625609620893,4.28998028731125,1.94973694982909,0.0650141128659819,0.0778067561498384,-4.22503350622793
2821,"Q53FA7|QORX_HUMAN","Quinone oxidoreductase PIG3 OS=Homo sapiens OX=9606 GN=TP53I3 PE=1 SV=2",3.33291994465305,4.62331221153331,2.34837653141512,0.0289780471426952,0.03730039501818,-3.55614870964782
2822,"Q9BX68|HINT2_HUMAN","Histidine triad nucleotide-binding protein 2, mitochondrial OS=Homo sapiens OX=9606 GN=HINT2 PE=1 SV=1",7.9888419391185,6.95127320876603,5.93231365731304,1.22055932781712e-05,2.91510757574188e-05,3.18243963976825
2824,"Q6DN03|H2B2C_HUMAN","Putative histone H2B type 2-C OS=Homo sapiens OX=9606 GN=H2BC20P PE=5 SV=3",1.85549928679302,3.88460188260329,1.6030554308489,0.124214700026248,0.134069693047674,-4.73826746326979
2824,"Q6DRA6|H2B2D_HUMAN","Putative histone H2B type 2-D OS=Homo sapiens OX=9606 GN=H2BC19P PE=5 SV=3",1.85549928679302,3.88460188260329,1.6030554308489,0.124214700026248,0.134069693047674,-4.73826746326979
2825,"Q9BXK5|B2L13_HUMAN","Bcl-2-like protein 13 OS=Homo sapiens OX=9606 GN=BCL2L13 PE=1 SV=1",3.79324825621855,4.85347636731606,2.46510133318977,0.0226275507217891,0.0303857936096575,-3.34719690786652
2826,"P14859|PO2F1_HUMAN","POU domain, class 2, transcription factor 1 OS=Homo sapiens OX=9606 GN=POU2F1 PE=1 SV=2",3.0913780275665,4.50254125299003,2.26595378896094,0.0344148982575489,0.0429628269427897,-3.70040101540132
2826,"P09086|PO2F2_HUMAN","POU domain, class 2, transcription factor 2 OS=Homo sapiens OX=9606 GN=POU2F2 PE=1 SV=3",3.0913780275665,4.50254125299003,2.26595378896094,0.0344148982575489,0.0429628269427897,-3.70040101540132
2826,"Q9UKI9|PO2F3_HUMAN","POU domain, class 2, transcription factor 3 OS=Homo sapiens OX=9606 GN=POU2F3 PE=2 SV=3",3.0913780275665,4.50254125299003,2.26595378896094,0.0344148982575489,0.0429628269427897,-3.70040101540132
2828,"O00767|ACOD_HUMAN","Acyl-CoA desaturase OS=Homo sapiens OX=9606 GN=SCD PE=1 SV=2",6.10021913327312,6.00696180584334,3.82106255924159,0.00103046489430214,0.0018240413071555,-0.666634792904044
2829,"P62266|RS23_HUMAN","40S ribosomal protein S23 OS=Homo sapiens OX=9606 GN=RPS23 PE=1 SV=3",7.58037742767165,6.74704095304261,5.83491406699501,9.44561081609465e-06,2.30453749315364e-05,3.39729171306183
2831,"Q8WVM7|STAG1_HUMAN","Cohesin subunit SA-1 OS=Homo sapiens OX=9606 GN=STAG1 PE=1 SV=3",2.35535618689195,4.13453033265275,1.70024618782126,0.104202941871039,0.11655471417882,-4.60168252959475
2833,"P63027|VAMP2_HUMAN","Vesicle-associated membrane protein 2 OS=Homo sapiens OX=9606 GN=VAMP2 PE=1 SV=3",2.53789619003036,4.22580033422197,1.83190668253173,0.0815311319622462,0.0956413339593687,-4.40739035205625
2834,"Q9Y365|STA10_HUMAN","START domain-containing protein 10 OS=Homo sapiens OX=9606 GN=STARD10 PE=1 SV=2",7.42998300036762,6.6718437393906,8.33151757954203,5.11818418939716e-08,1.40349067871646e-07,7.6415906805802
2837,"Q8WZA0|LZIC_HUMAN","Protein LZIC OS=Homo sapiens OX=9606 GN=LZIC PE=1 SV=1",9.27782716998593,7.59576582419975,14.7894196655666,2.08392697897152e-12,9.89287160177602e-12,14.3852624402881
2839,"O00422|SAP18_HUMAN","Histone deacetylase complex subunit SAP18 OS=Homo sapiens OX=9606 GN=SAP18 PE=1 SV=1",3.98547573891392,4.94959010866374,2.36362399355905,0.0280636703183902,0.0363299027322805,-3.52915645257079
2842,"Q9UBK8|MTRR_HUMAN","Methionine synthase reductase OS=Homo sapiens OX=9606 GN=MTRR PE=1 SV=4",2.86645645591882,4.39008046716619,2.1765220911107,0.0413606969056722,0.0506645507753222,-3.85359895446735
2844,"P40937|RFC5_HUMAN","Replication factor C subunit 5 OS=Homo sapiens OX=9606 GN=RFC5 PE=1 SV=1",5.72750568736809,5.82060508289083,4.13845044831005,0.00048670417122112,0.000891866282342367,-0.00964439850885945
2845,"Q96BW5|PTER_HUMAN","Phosphotriesterase-related protein OS=Homo sapiens OX=9606 GN=PTER PE=1 SV=1",5.06722769114874,5.49046608478115,3.2936823925307,0.00354088904703767,0.0055058250529463,-1.74667688843923
2846,"O43252|PAPS1_HUMAN","Bifunctional 3'-phosphoadenosine 5'-phosphosulfate synthase 1 OS=Homo sapiens OX=9606 GN=PAPSS1 PE=1 SV=2",0.911108271879308,5.66103190511268,0.514786792520311,0.61220632443336,0.62189824513679,-5.78329746854776
2847,"P30260|CDC27_HUMAN","Cell division cycle protein 27 homolog OS=Homo sapiens OX=9606 GN=CDC27 PE=1 SV=2",6.47491703328178,6.19431075584767,4.84334165784157,9.2372582614046e-05,0.000187967464621605,1.4395617516155
2848,"Q9Y3A6|TMED5_HUMAN","Transmembrane emp24 domain-containing protein 5 OS=Homo sapiens OX=9606 GN=TMED5 PE=1 SV=1",6.26810653738733,6.09090550790045,3.89394795628411,0.000867602048629957,0.00154928937255349,-0.515912726941506
2849,"Q9BRS2|RIOK1_HUMAN","Serine/threonine-protein kinase RIO1 OS=Homo sapiens OX=9606 GN=RIOK1 PE=1 SV=2",1.45429137912946,3.68399792877151,1.26458798268237,0.22020310281335,0.228328022039159,-5.16401601142385
2850,"Q9GZU8|PIP30_HUMAN","PSME3-interacting protein OS=Homo sapiens OX=9606 GN=PSME3IP1 PE=1 SV=1",7.24500414426001,6.57935431133679,5.44595831417313,2.28472585321645e-05,5.16208599464984e-05,2.64443242778478
2853,"Q5T280|CI114_HUMAN","Putative methyltransferase C9orf114 OS=Homo sapiens OX=9606 GN=SPOUT1 PE=1 SV=3",2.68182148832509,4.29776298336933,1.86765804832776,0.0761691694036051,0.0900096077973848,-4.35287920004847
2854,"P12277|KCRB_HUMAN","Creatine kinase B-type OS=Homo sapiens OX=9606 GN=CKB PE=1 SV=1",4.34144037265348,5.12757242553352,3.04668510601345,0.00624453343201225,0.00924315790590048,-2.24060690931118
2856,"Q9BTE6|AASD1_HUMAN","Alanyl-tRNA editing protein Aarsd1 OS=Homo sapiens OX=9606 GN=AARSD1 PE=1 SV=2",6.49332505624183,6.2035147673277,4.86685820440239,8.74249658523367e-05,0.000179130451586746,1.48731737459883
2857,"Q92817|EVPL_HUMAN","Envoplakin OS=Homo sapiens OX=9606 GN=EVPL PE=1 SV=3",2.00166839213508,3.95768643527432,1.66270947360102,0.111580993068935,0.12284438756517,-4.65514352017424
2858,"P17612|KAPCA_HUMAN","cAMP-dependent protein kinase catalytic subunit alpha OS=Homo sapiens OX=9606 GN=PRKACA PE=1 SV=2",1.86417341512255,3.88893894676806,1.60574585626158,0.123620093961185,0.13354022495807,-4.7345678960016
2859,"Q4G0J3|LARP7_HUMAN","La-related protein 7 OS=Homo sapiens OX=9606 GN=LARP7 PE=1 SV=1",2.38959549229694,4.15164998535525,1.98598483873657,0.0605661484148954,0.0728231328536375,-4.16741446632683
2860,"P36954|RPB9_HUMAN","DNA-directed RNA polymerase II subunit RPB9 OS=Homo sapiens OX=9606 GN=POLR2I PE=1 SV=1",6.45461859016176,6.18416153428766,4.72933814367985,0.000120685456113765,0.000242758101378263,1.20735261407227
2862,"Q86X29|LSR_HUMAN","Lipolysis-stimulated lipoprotein receptor OS=Homo sapiens OX=9606 GN=LSR PE=1 SV=4",2.378422562273,4.14606352034328,1.70029858082699,0.104192941597156,0.11655471417882,-4.60160729628325
2863,"Q96EE3|SEH1_HUMAN","Nucleoporin SEH1 OS=Homo sapiens OX=9606 GN=SEH1L PE=1 SV=3",3.26497120908676,4.58933784375017,2.32857098883181,0.0302068808948347,0.0385342913999714,-3.5910692871686
2864,"O15514|RPB4_HUMAN","DNA-directed RNA polymerase II subunit RPB4 OS=Homo sapiens OX=9606 GN=POLR2D PE=1 SV=1",7.37468965031123,6.6441970643624,5.1287417112609,4.74855819602232e-05,0.000101735943543049,2.01537687294764
2865,"Q96D46|NMD3_HUMAN","60S ribosomal export protein NMD3 OS=Homo sapiens OX=9606 GN=NMD3 PE=1 SV=1",4.62457128119373,5.26913787980365,3.10344658153874,0.00548586771737807,0.00820622387529298,-2.12806261736306
2866,"A7E2Y1|MYH7B_HUMAN","Myosin-7B OS=Homo sapiens OX=9606 GN=MYH7B PE=1 SV=4",1.61350400882919,3.76360424362138,1.44419611362901,0.163789950242763,0.17172965915976,-4.94814127042349
2868,"Q96I15|SCLY_HUMAN","Selenocysteine lyase OS=Homo sapiens OX=9606 GN=SCLY PE=1 SV=4",2.13311224648451,4.02340836244904,1.70647103800694,0.103020519780872,0.11572550697491,-4.59273212996673
2869,"Q9BWJ5|SF3B5_HUMAN","Splicing factor 3B subunit 5 OS=Homo sapiens OX=9606 GN=SF3B5 PE=1 SV=1",6.43585548341641,6.17477998091499,4.719151779932,0.000123607779978194,0.000248247236784584,1.18655082132497
2870,"Q69YQ0|CYTSA_HUMAN","Cytospin-A OS=Homo sapiens OX=9606 GN=SPECC1L PE=1 SV=2",2.22194305147194,4.06782376494275,1.66242502011442,0.111638553885387,0.122846611765149,-4.6555452739513
2872,"P43405|KSYK_HUMAN","Tyrosine-protein kinase SYK OS=Homo sapiens OX=9606 GN=SYK PE=1 SV=1",4.77313152247159,5.34341800044258,3.02894169050664,0.00650182183956809,0.00957613392591322,-2.27565540732234
2873,"P11441|UBL4A_HUMAN","Ubiquitin-like protein 4A OS=Homo sapiens OX=9606 GN=UBL4A PE=1 SV=1",3.83441776261051,4.87406112051204,2.4722126792104,0.0222859983150258,0.0300319926437859,-3.33429949509112
2875,"Q9NQ55|SSF1_HUMAN","Suppressor of SWI4 1 homolog OS=Homo sapiens OX=9606 GN=PPAN PE=2 SV=1",3.42008059353233,4.66689253597295,2.26148070972293,0.0347352007496324,0.0432924968876934,-3.70814736747656
2876,"Q8IXK0|PHC2_HUMAN","Polyhomeotic-like protein 2 OS=Homo sapiens OX=9606 GN=PHC2 PE=1 SV=1",4.13961778454851,5.02666113148104,2.95236082236004,0.00773442030514131,0.0112452863197863,-2.42615521732295
2879,"P60468|SC61B_HUMAN","Protein transport protein Sec61 subunit beta OS=Homo sapiens OX=9606 GN=SEC61B PE=1 SV=2",7.4986531289864,6.70617880369998,5.53319010465645,1.87152816184885e-05,4.31977423448326e-05,2.81513709284422
2880,"Q96EK5|KBP_HUMAN","KIF-binding protein OS=Homo sapiens OX=9606 GN=KIFBP PE=1 SV=1",5.40750263777556,5.66060355809456,3.98189386957735,0.00070480943064169,0.00127395131829601,-0.333868457084134
2881,"O14907|TX1B3_HUMAN","Tax1-binding protein 3 OS=Homo sapiens OX=9606 GN=TAX1BP3 PE=1 SV=2",11.0892607175835,8.50148259799853,20.3724305422224,4.39299729706536e-15,5.0637843094915e-14,17.2905589174932
2882,"P83731|RL24_HUMAN","60S ribosomal protein L24 OS=Homo sapiens OX=9606 GN=RPL24 PE=1 SV=1",10.3347091683095,8.12420682336151,19.0453264131615,1.63630763508085e-14,1.45491556467928e-13,16.7495232786422
2883,"Q96JJ3|ELMO2_HUMAN","Engulfment and cell motility protein 2 OS=Homo sapiens OX=9606 GN=ELMO2 PE=1 SV=2",-0.504709111420331,12.1332741022854,-0.752988906721273,0.460014492098673,0.470150197658586,-5.63945539742388
2884,"Q92890|UFD1_HUMAN","Ubiquitin recognition factor in ER-associated degradation protein 1 OS=Homo sapiens OX=9606 GN=UFD1 PE=1 SV=3",7.53772573566211,6.72571510703784,8.47143879059348,3.91501055373075e-08,1.07739747189874e-07,7.84808074129368
2885,"Q96CF2|CHM4C_HUMAN","Charged multivesicular body protein 4c OS=Homo sapiens OX=9606 GN=CHMP4C PE=1 SV=1",4.4334191280211,5.17356180321733,2.95349307011116,0.0077146570560043,0.0112207894467762,-2.42393953049075
2886,"P50747|BPL1_HUMAN","Biotin--protein ligase OS=Homo sapiens OX=9606 GN=HLCS PE=1 SV=1",2.23925320161518,4.07647884001437,1.66807148840149,0.110500655758353,0.121968900421347,-4.64756081850036
2887,"Q5U5X0|LYRM7_HUMAN","Complex III assembly factor LYRM7 OS=Homo sapiens OX=9606 GN=LYRM7 PE=1 SV=1",2.07890110078097,3.99630278959727,1.56651777014831,0.132529622814877,0.141575762440976,-4.78804070478381
2888,"Q8IYS1|P20D2_HUMAN","Peptidase M20 domain-containing protein 2 OS=Homo sapiens OX=9606 GN=PM20D2 PE=1 SV=2",5.01668263000041,5.46519355420699,3.36349190169086,0.00301164504014368,0.00478861453155508,-1.60533029172717
2889,"P07919|QCR6_HUMAN","Cytochrome b-c1 complex subunit 6, mitochondrial OS=Homo sapiens OX=9606 GN=UQCRH PE=1 SV=2",3.274989418879,4.59434694864628,2.28918948949627,0.0327942479704098,0.0412337866381704,-3.66002386484939
2889,"A0A096LP55|QCR6L_HUMAN","Cytochrome b-c1 complex subunit 6-like, mitochondrial OS=Homo sapiens OX=9606 GN=UQCRHL PE=3 SV=1",3.20816452537394,4.56093450189375,2.28015187737591,0.0334160873973085,0.0418948261931376,-3.67575612684906
2890,"Q8TCC3|RM30_HUMAN","39S ribosomal protein L30, mitochondrial OS=Homo sapiens OX=9606 GN=MRPL30 PE=1 SV=1",5.4538258216969,5.68376515005523,3.93347579372562,0.000790257883338918,0.00141973534804239,-0.434109992280757
2891,"Q9Y3S2|ZN330_HUMAN","Zinc finger protein 330 OS=Homo sapiens OX=9606 GN=ZNF330 PE=1 SV=1",2.27801623585129,8.14140706409941,1.66570081766957,0.122243491384521,0.132238674299074,-4.66736079901955
2892,"Q96MU7|YTDC1_HUMAN","YTH domain-containing protein 1 OS=Homo sapiens OX=9606 GN=YTHDC1 PE=1 SV=3",2.50725746684631,4.21048097262994,1.81867391185017,0.0835976529206603,0.0977082464312514,-4.42738120860643
2893,"Q9UQR1|ZN148_HUMAN","Zinc finger protein 148 OS=Homo sapiens OX=9606 GN=ZNF148 PE=1 SV=2",2.55320698198972,4.23345573020165,1.83147567655706,0.0815977331938744,0.0956903054512386,-4.40804306682618
2895,"Q5HYJ3|FA76B_HUMAN","Protein FAM76B OS=Homo sapiens OX=9606 GN=FAM76B PE=1 SV=3",3.864855656914,4.88928006766378,2.46857538915351,0.0224600888386297,0.0302136065788694,-3.34089854601221
2896,"Q96I59|SYNM_HUMAN","Probable asparagine--tRNA ligase, mitochondrial OS=Homo sapiens OX=9606 GN=NARS2 PE=1 SV=3",1.96361681700464,3.9386606477091,1.64079312837008,0.116090173264951,0.126557789825838,-4.68594728700157
2897,"Q9GZT8|NIF3L_HUMAN","NIF3-like protein 1 OS=Homo sapiens OX=9606 GN=NIF3L1 PE=1 SV=2",5.60805923170376,5.76088185505866,3.43397432619255,0.0025560459540879,0.00416276519595533,-1.46198697869123
2898,"Q9Y3T9|NOC2L_HUMAN","Nucleolar complex protein 2 homolog OS=Homo sapiens OX=9606 GN=NOC2L PE=1 SV=4",2.70767335808957,4.31068891825157,1.86917638321324,0.0759484470746464,0.08980390701394,-4.35054811247763
2899,"Q15650|TRIP4_HUMAN","Activating signal cointegrator 1 OS=Homo sapiens OX=9606 GN=TRIP4 PE=1 SV=4",1.59808299694956,3.75589373768156,1.48603430947916,0.152483233133854,0.160574520668856,-4.89453447278558
2900,"Q9H0E9|BRD8_HUMAN","Bromodomain-containing protein 8 OS=Homo sapiens OX=9606 GN=BRD8 PE=1 SV=2",2.37341418339417,4.14355933090387,1.77239535574152,0.0911868221973427,0.105142038173037,-4.49649166847903
2901,"P48729|KC1A_HUMAN","Casein kinase I isoform alpha OS=Homo sapiens OX=9606 GN=CSNK1A1 PE=1 SV=2",2.95497171217761,4.43433809529559,2.23655359931162,0.0365707319588537,0.0452724495310568,-3.7511560220936
2901,"Q8N752|KC1AL_HUMAN","Casein kinase I isoform alpha-like OS=Homo sapiens OX=9606 GN=CSNK1A1L PE=2 SV=2",2.74483634868268,4.32927041354812,2.15532709855231,0.0431838054767443,0.0526465012936876,-3.88937519620041
2902,"Q96L92|SNX27_HUMAN","Sorting nexin-27 OS=Homo sapiens OX=9606 GN=SNX27 PE=1 SV=2",2.28201973688147,4.09786210764752,1.67558232829718,0.109002304032854,0.120730400036389,-4.63690892866556
2904,"Q9H4A5|GLP3L_HUMAN","Golgi phosphoprotein 3-like OS=Homo sapiens OX=9606 GN=GOLPH3L PE=1 SV=1",5.73267377740806,5.82318912791081,4.34146604514151,0.000301118788042571,0.00056606803416206,0.410294543606325
2905,"A6NIH7|U119B_HUMAN","Protein unc-119 homolog B OS=Homo sapiens OX=9606 GN=UNC119B PE=1 SV=1",2.89530058052724,4.40450252947041,2.14510147270885,0.0440891948231875,0.053665317758227,-3.90656072225488
2906,"P63167|DYL1_HUMAN","Dynein light chain 1, cytoplasmic OS=Homo sapiens OX=9606 GN=DYNLL1 PE=1 SV=1",2.79117297060305,4.35243872450831,1.83816968289276,0.0805686744371297,0.0946565140625417,-4.3978936349273
2908,"Q96G46|DUS3L_HUMAN","tRNA-dihydrouridine(47) synthase [NAD(P)(+)]-like OS=Homo sapiens OX=9606 GN=DUS3L PE=1 SV=2",2.57113391747372,4.24241919794364,1.84099645553742,0.0801375297161997,0.0942288705461382,-4.39359997606894
2909,"Q9UFC0|LRWD1_HUMAN","Leucine-rich repeat and WD repeat-containing protein 1 OS=Homo sapiens OX=9606 GN=LRWD1 PE=1 SV=2",7.10914207513224,6.5114232767729,6.95998789880127,8.12544611153616e-07,2.10659714002789e-06,5.44129750799541
2912,"O43598|DNPH1_HUMAN","2'-deoxynucleoside 5'-phosphate N-hydrolase 1 OS=Homo sapiens OX=9606 GN=DNPH1 PE=1 SV=1",-0.295653573554416,11.8011606947498,-0.447915641377317,0.658910319816446,0.668459744741322,-5.81425160724113
2913,"Q9BT25|HAUS8_HUMAN","HAUS augmin-like complex subunit 8 OS=Homo sapiens OX=9606 GN=HAUS8 PE=1 SV=3",3.20379029770077,4.55874738805717,2.29954004195375,0.0320951492633434,0.0405118205409632,-3.64196357600245
2915,"P07902|GALT_HUMAN","Galactose-1-phosphate uridylyltransferase OS=Homo sapiens OX=9606 GN=GALT PE=1 SV=3",3.99544044726612,4.95457246283984,2.84979986263641,0.00974109287986813,0.0139449987368499,-2.62559508514864
2916,"P62310|LSM3_HUMAN","U6 snRNA-associated Sm-like protein LSm3 OS=Homo sapiens OX=9606 GN=LSM3 PE=1 SV=2",6.09495906390761,6.00433177116059,4.45274343087276,0.000231511084273119,0.000444991350200453,0.639862371535924
2917,"P62910|RL32_HUMAN","60S ribosomal protein L32 OS=Homo sapiens OX=9606 GN=RPL32 PE=1 SV=2",2.33615091434023,4.1249276963769,1.69544986792912,0.105121892278813,0.117446107160021,-4.6085625635726
2919,"Q9H9A5|CNO10_HUMAN","CCR4-NOT transcription complex subunit 10 OS=Homo sapiens OX=9606 GN=CNOT10 PE=1 SV=1",2.43333957962483,4.1735220290192,1.70620484763061,0.10307084764077,0.11572550697491,-4.59311536150712
2920,"Q9NUY8|TBC23_HUMAN","TBC1 domain family member 23 OS=Homo sapiens OX=9606 GN=TBC1D23 PE=1 SV=3",2.83291214940956,4.37330831391156,2.35602676107861,0.0285158809714346,0.0368162782495047,-3.54261737023296
2923,"Q96IX5|ATPMD_HUMAN","ATP synthase membrane subunit DAPIT, mitochondrial OS=Homo sapiens OX=9606 GN=ATP5MD PE=1 SV=1",8.11745327110945,7.01557887476151,9.2602029681373,9.05999485068049e-09,2.62460347442588e-08,8.95244231141977
2925,"P07203|GPX1_HUMAN","Glutathione peroxidase 1 OS=Homo sapiens OX=9606 GN=GPX1 PE=1 SV=4",1.39353866898234,4.70935438884015,0.914378145771374,0.371145103664205,0.380737716255579,-5.51313283685159
2928,"P0DPB6|RPAC2_HUMAN","DNA-directed RNA polymerases I and III subunit RPAC2 OS=Homo sapiens OX=9606 GN=POLR1D PE=1 SV=1",2.44097589861473,4.17734018851415,1.72146644134689,0.100219091028844,0.113551551573579,-4.57107300711102
2929,"Q96I51|RCC1L_HUMAN","RCC1-like G exchanging factor-like protein OS=Homo sapiens OX=9606 GN=RCC1L PE=1 SV=2",1.64970927867501,6.50851183607559,0.970512812401802,0.344920472828251,0.354685849462812,-5.46227294288326
2930,"Q96D71|REPS1_HUMAN","RalBP1-associated Eps domain-containing protein 1 OS=Homo sapiens OX=9606 GN=REPS1 PE=1 SV=3",5.63306899481354,5.77338673661355,4.28456813990493,0.000344476592533834,0.00064317889488616,0.292716014610379
2930,"Q8NFH8|REPS2_HUMAN","RalBP1-associated Eps domain-containing protein 2 OS=Homo sapiens OX=9606 GN=REPS2 PE=1 SV=2",5.63306899481354,5.77338673661355,4.28456813990493,0.000344476592533834,0.00064317889488616,0.292716014610379
2931,"O43314|VIP2_HUMAN","Inositol hexakisphosphate and diphosphoinositol-pentakisphosphate kinase 2 OS=Homo sapiens OX=9606 GN=PPIP5K2 PE=1 SV=3",2.13901125874874,4.02635786858115,1.6276921631063,0.118858400731758,0.129157449285144,-4.70421464273617
2932,"P61024|CKS1_HUMAN","Cyclin-dependent kinases regulatory subunit 1 OS=Homo sapiens OX=9606 GN=CKS1B PE=1 SV=1",5.27862816534458,5.59616632187907,3.44377574528398,0.00249829819660899,0.00408253313113099,-1.44200721778599
2934,"Q9H9P8|L2HDH_HUMAN","L-2-hydroxyglutarate dehydrogenase, mitochondrial OS=Homo sapiens OX=9606 GN=L2HGDH PE=1 SV=3",3.96273309633438,4.93821878737397,2.48767568166635,0.0215598660794547,0.0292272832415143,-3.30619142948078
2936,"O95551|TYDP2_HUMAN","Tyrosyl-DNA phosphodiesterase 2 OS=Homo sapiens OX=9606 GN=TDP2 PE=1 SV=1",5.58139195950011,5.74754821895684,4.07197861439766,0.000569580646052347,0.00103878990397988,-0.147303121094805
2937,"Q13630|FCL_HUMAN","GDP-L-fucose synthase OS=Homo sapiens OX=9606 GN=GFUS PE=1 SV=1",7.20918410023906,6.56144428932632,5.41196617796784,2.46992939138889e-05,5.56095213850716e-05,2.57763566827121
2939,"Q1ED39|KNOP1_HUMAN","Lysine-rich nucleolar protein 1 OS=Homo sapiens OX=9606 GN=KNOP1 PE=1 SV=1",2.75886541193002,4.33628494517179,1.88600285557688,0.0735396455259161,0.0871430087026091,-4.32462800851044
2940,"O75190|DNJB6_HUMAN","DnaJ homolog subfamily B member 6 OS=Homo sapiens OX=9606 GN=DNAJB6 PE=1 SV=2",5.75050699685946,5.83210573763651,4.35370036603923,0.000292536038770792,0.000550740219690732,0.435560884937248
2941,"Q8WWH5|TRUB1_HUMAN","Probable tRNA pseudouridine synthase 1 OS=Homo sapiens OX=9606 GN=TRUB1 PE=1 SV=1",3.86066550159442,4.88718499000399,2.47858960646795,0.0219838179657242,0.0297084709578913,-3.3227183001174
2942,"Q14134|TRI29_HUMAN","Tripartite motif-containing protein 29 OS=Homo sapiens OX=9606 GN=TRIM29 PE=1 SV=2",3.420473916291,4.66708919735228,2.33618486451989,0.0297288958162194,0.0380632686705835,-3.57766366957352
2943,"Q15004|PAF15_HUMAN","PCNA-associated factor OS=Homo sapiens OX=9606 GN=PCLAF PE=1 SV=1",4.70701383139906,5.31035915490631,3.23953905855835,0.00401288463562952,0.00619968131909055,-1.85582424557751
2944,"Q96P11|NSUN5_HUMAN","28S rRNA (cytosine-C(5))-methyltransferase OS=Homo sapiens OX=9606 GN=NSUN5 PE=1 SV=2",4.86148258078941,5.38759352960149,3.26126084607944,0.00381658308255102,0.00590826090382848,-1.81208840021413
2947,"Q96T60|PNKP_HUMAN","Bifunctional polynucleotide phosphatase/kinase OS=Homo sapiens OX=9606 GN=PNKP PE=1 SV=1",6.96648198800633,6.44009323320995,7.24657195039681,4.46574479027731e-07,1.16405669888745e-06,5.92781778041301
2948,"P48047|ATPO_HUMAN","ATP synthase subunit O, mitochondrial OS=Homo sapiens OX=9606 GN=ATP5PO PE=1 SV=1",9.1066227243564,7.51016360138498,14.1636214611932,4.68922948804381e-12,2.07035934965237e-11,13.9320937360527
2949,"Q9H3K2|GHITM_HUMAN","Growth hormone-inducible transmembrane protein OS=Homo sapiens OX=9606 GN=GHITM PE=1 SV=2",2.60240828833014,4.25805638337185,1.84729744212732,0.0791837310239104,0.0933427325297168,-4.38401280678984
2950,"Q9Y2K7|KDM2A_HUMAN","Lysine-specific demethylase 2A OS=Homo sapiens OX=9606 GN=KDM2A PE=1 SV=3",2.76176492799483,4.3377347032042,2.17631903901058,0.0413778255827699,0.0506694110984937,-3.85394268403755
2951,"Q8TD19|NEK9_HUMAN","Serine/threonine-protein kinase Nek9 OS=Homo sapiens OX=9606 GN=NEK9 PE=1 SV=2",2.33844490519514,4.12607469180435,1.76884949092026,0.0917921302162748,0.105808293812173,-4.50173478703524
2952,"Q9P031|TAP26_HUMAN","Thyroid transcription factor 1-associated protein 26 OS=Homo sapiens OX=9606 GN=CCDC59 PE=1 SV=2",3.86115394539529,4.88742921190443,2.36592446664454,0.0279280534637133,0.0362030322677765,-3.52507586949583
2953,"Q5C9Z4|NOM1_HUMAN","Nucleolar MIF4G domain-containing protein 1 OS=Homo sapiens OX=9606 GN=NOM1 PE=1 SV=1",3.61891680535041,4.76631064188199,2.42319891918329,0.0247412224619075,0.0327670128924472,-3.42281074674357
2954,"O43301|HS12A_HUMAN","Heat shock 70 kDa protein 12A OS=Homo sapiens OX=9606 GN=HSPA12A PE=1 SV=2",1.73933810873959,3.82652129357658,1.5274486033748,0.141927640649462,0.150446425247915,-4.84028290853629
2955,"Q9UPT9|UBP22_HUMAN","Ubiquitin carboxyl-terminal hydrolase 22 OS=Homo sapiens OX=9606 GN=USP22 PE=1 SV=2",3.5331935203185,4.72344899936603,2.54639735553412,0.0189990848877668,0.0261517614651062,-3.19867173547794
2956,"Q06265|EXOS9_HUMAN","Exosome complex component RRP45 OS=Homo sapiens OX=9606 GN=EXOSC9 PE=1 SV=3",5.59113065858956,5.75241756850156,3.61393281985011,0.00167778101044026,0.00286959435370724,-1.093621392359
2958,"Q15370|ELOB_HUMAN","Elongin-B OS=Homo sapiens OX=9606 GN=ELOB PE=1 SV=1",1.90009247265857,6.18784832402747,1.31043436108128,0.204537453082258,0.21242762189552,-5.11116616406103
2960,"P46976|GLYG_HUMAN","Glycogenin-1 OS=Homo sapiens OX=9606 GN=GYG1 PE=1 SV=4",3.63528848769259,4.77449648305308,2.38994221964151,0.0265479573111159,0.0346826045632156,-3.48234761852346
2961,"Q9BZ23|PANK2_HUMAN","Pantothenate kinase 2, mitochondrial OS=Homo sapiens OX=9606 GN=PANK2 PE=1 SV=3",3.89658900576561,4.90514674208959,2.84338634439878,0.00988189560145943,0.0141379777278405,-2.63798047782044
2962,"O15264|MK13_HUMAN","Mitogen-activated protein kinase 13 OS=Homo sapiens OX=9606 GN=MAPK13 PE=1 SV=1",5.58065579702498,5.74718013771927,4.14888539782639,0.000474836397254078,0.000871363264741754,0.0119620513638869
2963,"Q96B01|R51A1_HUMAN","RAD51-associated protein 1 OS=Homo sapiens OX=9606 GN=RAD51AP1 PE=1 SV=1",4.1188802250448,5.01629235172918,2.95139569045,0.00775130499551012,0.0112613298991373,-2.42804364562161
2966,"Q13112|CAF1B_HUMAN","Chromatin assembly factor 1 subunit B OS=Homo sapiens OX=9606 GN=CHAF1B PE=1 SV=1",2.9173307708157,4.41551762461463,2.22135171364983,0.0377332711033109,0.0466216603811768,-3.77725083964815
2969,"P19447|ERCC3_HUMAN","General transcription and DNA repair factor IIH helicase subunit XPB OS=Homo sapiens OX=9606 GN=ERCC3 PE=1 SV=1",2.41851823092674,4.16611135467015,1.71581473108736,0.101267188556133,0.114401019935773,-4.57925246334817
2972,"Q8WVK2|SNR27_HUMAN","U4/U6.U5 small nuclear ribonucleoprotein 27 kDa protein OS=Homo sapiens OX=9606 GN=SNRNP27 PE=1 SV=1",3.68007519864943,4.7968898385315,2.39264133689564,0.026396877977394,0.0345203737136437,-3.47753160428469
2975,"O96000|NDUBA_HUMAN","NADH dehydrogenase [ubiquinone] 1 beta subcomplex subunit 10 OS=Homo sapiens OX=9606 GN=NDUFB10 PE=1 SV=3",6.43268765074526,6.17319606457941,4.81570806333415,9.85498641814047e-05,0.000200325753483848,1.38338066156862
2976,"Q6UX53|MET7B_HUMAN","Methyltransferase-like protein 7B OS=Homo sapiens OX=9606 GN=METTL7B PE=1 SV=2",8.43850929573373,7.17610688707365,11.6919553419178,1.57889100780236e-10,5.3794074159638e-10,11.7806358873417
2977,"Q99417|MYCBP_HUMAN","c-Myc-binding protein OS=Homo sapiens OX=9606 GN=MYCBP PE=1 SV=3",6.30285663659498,6.10828055750427,4.57483623191871,0.000173583441947048,0.000341664750253648,0.890992142308089
2980,"Q9Y3D0|CIA2B_HUMAN","Cytosolic iron-sulfur assembly component 2B OS=Homo sapiens OX=9606 GN=CIAO2B PE=1 SV=1",6.22697570429923,6.0703400913564,4.63274098527001,0.000151456446830276,0.000300261235992051,1.00976367603658
2981,"Q13595|TRA2A_HUMAN","Transformer-2 protein homolog alpha OS=Homo sapiens OX=9606 GN=TRA2A PE=1 SV=1",8.47230819564214,7.19300633702785,11.9283728528965,1.10133269286822e-10,3.8302898532454e-10,12.0145904273304
2982,"Q32P41|TRM5_HUMAN","tRNA (guanine(37)-N1)-methyltransferase OS=Homo sapiens OX=9606 GN=TRMT5 PE=1 SV=2",4.42168281115192,5.16769364478274,3.034735665763,0.00641670107105771,0.00946297649475421,-2.26421772690335
2983,"Q7Z4H7|HAUS6_HUMAN","HAUS augmin-like complex subunit 6 OS=Homo sapiens OX=9606 GN=HAUS6 PE=1 SV=2",1.89176450408319,3.90273449124838,1.55487555212289,0.135274484081374,0.144068261054852,-4.80371508094416
2985,"Q14691|PSF1_HUMAN","DNA replication complex GINS protein PSF1 OS=Homo sapiens OX=9606 GN=GINS1 PE=1 SV=1",4.30163985789438,5.10767216815397,2.81881957526907,0.0104394459289535,0.0148969113515459,-2.68532368238088
2987,"P35080|PROF2_HUMAN","Profilin-2 OS=Homo sapiens OX=9606 GN=PFN2 PE=1 SV=3",8.23040893476963,7.0720567065916,10.9958437731092,4.71081196486329e-10,1.50887072085887e-09,11.0524010433173
2988,"Q6UW63|PLGT2_HUMAN","Protein O-glucosyltransferase 2 OS=Homo sapiens OX=9606 GN=POGLUT2 PE=1 SV=1",4.14510232972364,5.0294034040686,2.90334110656027,0.00863828110829431,0.0124886902992614,-2.52179593097041
2989,"Q9Y3L3|3BP1_HUMAN","SH3 domain-binding protein 1 OS=Homo sapiens OX=9606 GN=SH3BP1 PE=1 SV=3",3.00590650457155,4.45980549149256,2.1592403446256,0.0428418083659238,0.0522739871435621,-3.88278551568659
2989,"Q6ZT62|BGIN_HUMAN","Bargin OS=Homo sapiens OX=9606 GN=BARGIN PE=1 SV=2",1.48821892998461,3.70096170419909,1.38522358421199,0.180868998025088,0.188711556205038,-5.02160881853371
2990,"Q8TF05|PP4R1_HUMAN","Serine/threonine-protein phosphatase 4 regulatory subunit 1 OS=Homo sapiens OX=9606 GN=PPP4R1 PE=1 SV=1",3.68010438428616,4.79690443134986,2.44634549888875,0.0235519423349125,0.0314354631082325,-3.3811235574385
2991,"P12830|CADH1_HUMAN","Cadherin-1 OS=Homo sapiens OX=9606 GN=CDH1 PE=1 SV=3",2.88065399714817,4.39717923778087,1.90949294955081,0.070289236902212,0.0837035453366892,-4.28817968034699
2992,"Q9BT09|CNPY3_HUMAN","Protein canopy homolog 3 OS=Homo sapiens OX=9606 GN=CNPY3 PE=1 SV=1",0.400795949319031,14.0863723968062,0.5774750176441,0.569905427808276,0.580305711997319,-5.75048712132688
2993,"Q9NPJ3|ACO13_HUMAN","Acyl-coenzyme A thioesterase 13 OS=Homo sapiens OX=9606 GN=ACOT13 PE=1 SV=1",8.66194483155816,7.28782465498586,13.0080081606935,2.27225241565927e-11,8.91760632037532e-11,13.0036045736986
2995,"P42677|RS27_HUMAN","40S ribosomal protein S27 OS=Homo sapiens OX=9606 GN=RPS27 PE=1 SV=3",11.2268026668629,8.57025357263824,21.40676482593,1.66204141382697e-15,2.53922993779121e-14,17.6638816974228
2997,"Q9NUM4|T106B_HUMAN","Transmembrane protein 106B OS=Homo sapiens OX=9606 GN=TMEM106B PE=1 SV=2",2.37736929724636,4.14553688782996,1.7789764058984,0.0900725153403376,0.104294491446707,-4.4867407397962
2998,"Q9H5V9|CX056_HUMAN","UPF0428 protein CXorf56 OS=Homo sapiens OX=9606 GN=CXorf56 PE=1 SV=1",7.56645532441437,6.74007990141397,9.06632620911025,1.28880240629451e-08,3.67819812026231e-08,8.69021063280995
2999,"Q16637|SMN_HUMAN","Survival motor neuron protein OS=Homo sapiens OX=9606 GN=SMN1 PE=1 SV=1",6.33778097622568,6.12574272731962,4.71052387152574,0.000126138853873696,0.000253066486406321,1.168925042689
3002,"Q13510|ASAH1_HUMAN","Acid ceramidase OS=Homo sapiens OX=9606 GN=ASAH1 PE=1 SV=5",7.16228712588719,7.31235688352704,8.40373192159177,4.45564783837974e-08,1.22530315555443e-07,7.74856811409293
3003,"Q9NWY4|HPF1_HUMAN","Histone PARylation factor 1 OS=Homo sapiens OX=9606 GN=HPF1 PE=1 SV=2",4.19801711664908,5.05586079753132,2.92520196775714,0.00822332382747501,0.0119050445005129,-2.47921365783043
3003,"A8MVJ9|HPF1L_HUMAN","Putative histone PARylation factor 1-like OS=Homo sapiens OX=9606 PE=5 SV=1",2.18680911639092,4.05025679740224,1.65349561708581,0.113458302767659,0.12423619614775,-4.66813088663324
3004,"Q9NRY5|F1142_HUMAN","Protein FAM114A2 OS=Homo sapiens OX=9606 GN=FAM114A2 PE=1 SV=4",3.49649211943166,4.70509829892261,2.29469564567604,0.0324206257939351,0.0408707954507695,-3.65042201147756
3006,"Q96MW1|CCD43_HUMAN","Coiled-coil domain-containing protein 43 OS=Homo sapiens OX=9606 GN=CCDC43 PE=1 SV=2",7.18442320011864,6.5490638392661,5.55936577358278,1.76305154616269e-05,4.09146983286701e-05,2.8661570486478
3008,"Q9H3M7|TXNIP_HUMAN","Thioredoxin-interacting protein OS=Homo sapiens OX=9606 GN=TXNIP PE=1 SV=1",1.97422715783147,3.94396581812252,1.65034736842276,0.114105850232635,0.124886991881086,-4.67255616008354
3009,"P30046|DOPD_HUMAN","D-dopachrome decarboxylase OS=Homo sapiens OX=9606 GN=DDT PE=1 SV=3",2.41698357384897,4.16534402613127,1.71475244375031,0.101465230926098,0.114523934056135,-4.5807876753994
3010,"Q96H79|ZCCHL_HUMAN","Zinc finger CCCH-type antiviral protein 1-like OS=Homo sapiens OX=9606 GN=ZC3HAV1L PE=1 SV=2",3.78117200135647,4.84743823988502,2.46519838568642,0.0226228566703788,0.0303857936096575,-3.34702101483946
3011,"#CONTAM#SUMO1_HUMAN|",">sp|SUMO1_HUMAN|",9.77325956436262,7.8434820213881,14.6359773842214,2.53560191838739e-12,1.17615269708331e-11,14.2771519996218
3011,"P63165|SUMO1_HUMAN","Small ubiquitin-related modifier 1 OS=Homo sapiens OX=9606 GN=SUMO1 PE=1 SV=1",9.77325956436262,7.8434820213881,14.6359773842214,2.53560191838739e-12,1.17615269708331e-11,14.2771519996218
3011,"G2XKQ0|SUMO5_HUMAN","Small ubiquitin-related modifier 5 OS=Homo sapiens OX=9606 GN=SUMO1P1 PE=1 SV=2",9.3396738804829,7.62668917944823,14.5218151695295,2.93733859592185e-12,1.34949326900944e-11,14.1954705407682
3012,"P07948|LYN_HUMAN","Tyrosine-protein kinase Lyn OS=Homo sapiens OX=9606 GN=LYN PE=1 SV=3",5.06464676393428,5.48917562117393,3.85124383590842,0.00095963457442039,0.00170729811068323,-0.604242857969893
3012,"P08631|HCK_HUMAN","Tyrosine-protein kinase HCK OS=Homo sapiens OX=9606 GN=HCK PE=1 SV=5",5.06464676393428,5.48917562117393,3.85124383590842,0.00095963457442039,0.00170729811068323,-0.604242857969893
3013,"Q8IYU8|MICU2_HUMAN","Calcium uptake protein 2, mitochondrial OS=Homo sapiens OX=9606 GN=MICU2 PE=1 SV=2",5.21565008194356,5.56467728017856,3.45048773080452,0.00245949321223277,0.00403109785742706,-1.42831897254047
3014,"Q9H6F5|CCD86_HUMAN","Coiled-coil domain-containing protein 86 OS=Homo sapiens OX=9606 GN=CCDC86 PE=1 SV=1",3.98879606663816,4.95125027252586,2.92509518369756,0.00822530347308163,0.0119050445005129,-2.47942193565641
3018,"Q86UX7|URP2_HUMAN","Fermitin family homolog 3 OS=Homo sapiens OX=9606 GN=FERMT3 PE=1 SV=1",-0.795570777106041,12.7412522001445,-0.94597844421689,0.355173935704684,0.364742505324895,-5.48576356063035
3019,"Q9BUP3|HTAI2_HUMAN","Oxidoreductase HTATIP2 OS=Homo sapiens OX=9606 GN=HTATIP2 PE=1 SV=2",5.17913171738569,5.54641809789963,3.44657010549626,0.00248207028989675,0.00406291267691432,-1.43630907707667
3020,"Q9NPF5|DMAP1_HUMAN","DNA methyltransferase 1-associated protein 1 OS=Homo sapiens OX=9606 GN=DMAP1 PE=1 SV=1",4.5637285365473,5.23871650748043,2.98078732814304,0.00725267826774956,0.0106251184668325,-2.37044013115606
3021,"O60784|TOM1_HUMAN","Target of Myb protein 1 OS=Homo sapiens OX=9606 GN=TOM1 PE=1 SV=2",3.29015989851174,4.60193218846265,2.33796576295625,0.0296181064098309,0.037971931294655,-3.57452464722379
3024,"Q01629|IFM2_HUMAN","Interferon-induced transmembrane protein 2 OS=Homo sapiens OX=9606 GN=IFITM2 PE=1 SV=2",2.64537716391684,4.2795408211652,1.85653384793416,0.0778035139818014,0.0918563412541967,-4.36991843097098
3026,"Q2TAL8|QRIC1_HUMAN","Glutamine-rich protein 1 OS=Homo sapiens OX=9606 GN=QRICH1 PE=1 SV=1",2.36596926547276,4.13983687194316,1.70205271793311,0.103858601082076,0.116372413901628,-4.59908747704859
3029,"O00442|RTCA_HUMAN","RNA 3'-terminal phosphate cyclase OS=Homo sapiens OX=9606 GN=RTCA PE=1 SV=1",2.41328361297767,4.16349404569562,1.79794365148209,0.0869266000775199,0.101016423271492,-4.45849432244439
3032,"Q6GMV3|PTRD1_HUMAN","Putative peptidyl-tRNA hydrolase PTRHD1 OS=Homo sapiens OX=9606 GN=PTRHD1 PE=1 SV=1",9.3373186174264,7.62551154791998,13.48946521486,1.16189222293901e-11,4.76896061654073e-11,13.4057127451249
3034,"Q9NWT1|PK1IP_HUMAN","p21-activated protein kinase-interacting protein 1 OS=Homo sapiens OX=9606 GN=PAK1IP1 PE=1 SV=2",2.45159284496621,4.18264866168989,1.8079459394534,0.0853062991148496,0.0994035265109477,-4.44351361345538
3035,"P57105|SYJ2B_HUMAN","Synaptojanin-2-binding protein OS=Homo sapiens OX=9606 GN=SYNJ2BP PE=1 SV=2",7.79194153054166,6.85282300447761,9.53395750084733,5.55188215575989e-09,1.63041543094398e-08,9.31278883513579
3036,"P14174|MIF_HUMAN","Macrophage migration inhibitory factor OS=Homo sapiens OX=9606 GN=MIF PE=1 SV=4",9.98309912920327,7.94840180380842,16.1578453306086,3.89375689478283e-13,2.13242731791094e-12,15.2702108058826
3039,"O75880|SCO1_HUMAN","Protein SCO1 homolog, mitochondrial OS=Homo sapiens OX=9606 GN=SCO1 PE=1 SV=1",1.99742604508014,3.95556526174685,1.5550143933644,0.135241473821695,0.144068261054852,-4.80352868495674
3040,"Q9Y673|ALG5_HUMAN","Dolichyl-phosphate beta-glucosyltransferase OS=Homo sapiens OX=9606 GN=ALG5 PE=1 SV=1",6.15054196009469,6.03212321925413,4.42735776773146,0.000245812223806639,0.000470132668482644,0.587542355485252
3042,"P61353|RL27_HUMAN","60S ribosomal protein L27 OS=Homo sapiens OX=9606 GN=RPL27 PE=1 SV=2",3.27973677152626,4.59672062496992,2.32974419378279,0.0301327700387626,0.0384908314794116,-3.58900519617265
3044,"Q96IY1|NSL1_HUMAN","Kinetochore-associated protein NSL1 homolog OS=Homo sapiens OX=9606 GN=NSL1 PE=1 SV=3",3.9677115526518,4.94070801553269,2.84969457837,0.00974338872782498,0.0139449987368499,-2.6257984887881
3046,"Q9Y6I9|TX264_HUMAN","Testis-expressed protein 264 OS=Homo sapiens OX=9606 GN=TEX264 PE=1 SV=1",3.75013775620164,4.8319211173076,2.46125068094745,0.0228145266195766,0.0305835402107835,-3.35417283185125
3047,"Q9BQ95|ECSIT_HUMAN","Evolutionarily conserved signaling intermediate in Toll pathway, mitochondrial OS=Homo sapiens OX=9606 GN=ECSIT PE=1 SV=1",2.33280760003445,4.12325603922401,1.75808020166823,0.0936518363215371,0.107694017275364,-4.51761286731237
3048,"Q9BUR5|MIC26_HUMAN","MICOS complex subunit MIC26 OS=Homo sapiens OX=9606 GN=APOO PE=1 SV=1",9.41203963070888,7.66287205456122,14.992533396118,1.61151624818239e-12,7.82388090227264e-12,14.5254748217611
3050,"Q9HB40|RISC_HUMAN","Retinoid-inducible serine carboxypeptidase OS=Homo sapiens OX=9606 GN=SCPEP1 PE=1 SV=1",5.92809682304529,5.92090065072943,4.40255964951549,0.000260639727439468,0.000495782090238118,0.536402534997848
3051,"P05107|ITB2_HUMAN","Integrin beta-2 OS=Homo sapiens OX=9606 GN=ITGB2 PE=1 SV=2",-0.939440449664268,17.4973841057608,-1.53511549702963,0.140041160157027,0.148651355556811,-4.83011167984156
3054,"Q9Y657|SPIN1_HUMAN","Spindlin-1 OS=Homo sapiens OX=9606 GN=SPIN1 PE=1 SV=3",2.30559501870407,4.10964974855882,1.68209908270029,0.107716281596045,0.119684757328938,-4.62763818594613
3055,"Q9ULA0|DNPEP_HUMAN","Aspartyl aminopeptidase OS=Homo sapiens OX=9606 GN=DNPEP PE=1 SV=2",3.1077354611458,4.51071996977968,2.28829691946658,0.0328551851594332,0.0412969189891668,-3.66157915472207
3056,"Q9NZ63|TLS1_HUMAN","Telomere length and silencing protein 1 homolog OS=Homo sapiens OX=9606 GN=C9orf78 PE=1 SV=1",5.88389676651039,5.89880062246198,3.73996887390446,0.00124750688500719,0.00217818662461573,-0.834088586575831
3057,"Q9NWV8|BABA1_HUMAN","BRISC and BRCA1-A complex member 1 OS=Homo sapiens OX=9606 GN=BABAM1 PE=1 SV=1",4.54637015599764,5.23003731720561,3.03318956616538,0.0064393093935586,0.00949132510153162,-2.26727050779965
3059,"Q9NV70|EXOC1_HUMAN","Exocyst complex component 1 OS=Homo sapiens OX=9606 GN=EXOC1 PE=1 SV=4",3.22621146600956,4.56995797221156,2.26005793356331,0.0348376526808771,0.0434061368353971,-3.71060947695853
3060,"Q9HC36|MRM3_HUMAN","rRNA methyltransferase 3, mitochondrial OS=Homo sapiens OX=9606 GN=MRM3 PE=1 SV=2",7.29632926259015,6.60501687050186,7.60750529745545,2.13460413687913e-07,5.65603986716081e-07,6.52035739953595
3061,"Q96HQ2|C2AIL_HUMAN","CDKN2AIP N-terminal-like protein OS=Homo sapiens OX=9606 GN=CDKN2AIPNL PE=1 SV=1",6.65892322676971,6.28631385259164,4.8604459223721,8.87468246279761e-05,0.000181356302981798,1.47430090302756
3064,"O43156|TTI1_HUMAN","TELO2-interacting protein 1 homolog OS=Homo sapiens OX=9606 GN=TTI1 PE=1 SV=3",4.13102429991065,5.02236438916211,2.88880408189938,0.00892526023868866,0.0128697572730155,-2.55004863736088
3066,"P30414|NKTR_HUMAN","NK-tumor recognition protein OS=Homo sapiens OX=9606 GN=NKTR PE=1 SV=2",1.54747123443882,3.73058785642619,1.34709661135439,0.192647827731832,0.200457874802041,-5.06777655791437
3067,"Q9UBI1|COMD3_HUMAN","COMM domain-containing protein 3 OS=Homo sapiens OX=9606 GN=COMMD3 PE=1 SV=1",2.81486274589421,4.36428361215389,2.17033282866744,0.0418857056224457,0.0512750291403548,-3.86406768580678
3068,"Q9BSF4|TIM29_HUMAN","Mitochondrial import inner membrane translocase subunit Tim29 OS=Homo sapiens OX=9606 GN=TIMM29 PE=1 SV=2",2.85593577239131,4.38482012540244,1.90345426343152,0.07111251948301,0.0846054388163129,-4.29757869046666
3069,"P48723|HSP13_HUMAN","Heat shock 70 kDa protein 13 OS=Homo sapiens OX=9606 GN=HSPA13 PE=1 SV=1",2.57812271141178,4.24591359491267,2.05747976012342,0.0525799422065945,0.0633989281225771,-4.05176623470389
3070,"P62841|RS15_HUMAN","40S ribosomal protein S15 OS=Homo sapiens OX=9606 GN=RPS15 PE=1 SV=2",10.0873933817374,8.00054893007547,15.5955841491984,7.64015778842047e-13,3.95889737354223e-12,14.9231282620051
3073,"P51649|SSDH_HUMAN","Succinate-semialdehyde dehydrogenase, mitochondrial OS=Homo sapiens OX=9606 GN=ALDH5A1 PE=1 SV=2",5.36695768870237,5.64033108355797,3.38886503198772,0.00283914183297253,0.00455066447000176,-1.55379721983688
3074,"Q9UMY4|SNX12_HUMAN","Sorting nexin-12 OS=Homo sapiens OX=9606 GN=SNX12 PE=1 SV=4",6.0842258141282,5.99896514627088,4.55320792722863,0.000182660462982525,0.000358066589858819,0.846571364743268
3075,"Q13868|EXOS2_HUMAN","Exosome complex component RRP4 OS=Homo sapiens OX=9606 GN=EXOSC2 PE=1 SV=2",3.26340298016819,4.58855372929088,2.32408054629284,0.0304920963459254,0.0387824813121284,-3.59896436183843
3076,"O00411|RPOM_HUMAN","DNA-directed RNA polymerase, mitochondrial OS=Homo sapiens OX=9606 GN=POLRMT PE=1 SV=2",3.22986788319352,4.57178618080354,2.31581653218944,0.0310234941406851,0.0393284334677766,-3.61347233917485
3078,"Q99541|PLIN2_HUMAN","Perilipin-2 OS=Homo sapiens OX=9606 GN=PLIN2 PE=1 SV=2",1.85717493162486,3.88543970501921,1.52652301030929,0.142156799984293,0.150606406147366,-4.84150815586331
3081,"Q6P1Q9|MET2B_HUMAN","tRNA N(3)-methylcytidine methyltransferase METTL2B OS=Homo sapiens OX=9606 GN=METTL2B PE=1 SV=3",5.74646097274408,5.83008272557882,3.47092108421663,0.00234496530193918,0.00386462247634997,-1.38661763666936
3082,"Q70UQ0|IKIP_HUMAN","Inhibitor of nuclear factor kappa-B kinase-interacting protein OS=Homo sapiens OX=9606 GN=IKBIP PE=1 SV=1",5.63477702348212,5.77424075094784,4.22004466809428,0.000401269385624478,0.000743091454860145,0.159256697631213
3083,"P60033|CD81_HUMAN","CD81 antigen OS=Homo sapiens OX=9606 GN=CD81 PE=1 SV=1",5.24658689728905,5.58014568785131,3.31614326527306,0.00336139292284547,0.00525473851917084,-1.70127215339502
3084,"Q9UFW8|CGBP1_HUMAN","CGG triplet repeat-binding protein 1 OS=Homo sapiens OX=9606 GN=CGGBP1 PE=1 SV=2",4.69288543500926,5.30329495671142,3.46224624747643,0.00239293311029469,0.00393655080966733,-1.40432711464267
3086,"Q9Y3A4|RRP7A_HUMAN","Ribosomal RNA-processing protein 7 homolog A OS=Homo sapiens OX=9606 GN=RRP7A PE=1 SV=2",4.97631159588906,5.44500803715131,3.22157339469307,0.00418264173223251,0.00643097870171533,-1.8919416224321
3086,"Q9NSQ0|RRP7B_HUMAN","Putative ribosomal RNA-processing protein 7 homolog B OS=Homo sapiens OX=9606 GN=RRP7BP PE=5 SV=1",2.18734683105315,4.05052565473336,1.63655499686948,0.116979675440921,0.127403606915855,-4.69186876273444
3087,"Q8WU79|SMAP2_HUMAN","Stromal membrane-associated protein 2 OS=Homo sapiens OX=9606 GN=SMAP2 PE=1 SV=1",1.97161801778161,3.94266124809759,1.62911674090379,0.118554718479444,0.128900216364264,-4.70223361373701
3088,"Q14919|NC2A_HUMAN","Dr1-associated corepressor OS=Homo sapiens OX=9606 GN=DRAP1 PE=1 SV=3",6.99747830431447,6.45559139136402,5.25019450246571,3.58461170829369e-05,7.86816138935617e-05,2.25769473104839
3089,"Q9HD33|RM47_HUMAN","39S ribosomal protein L47, mitochondrial OS=Homo sapiens OX=9606 GN=MRPL47 PE=1 SV=2",7.70230846666998,6.80800647254178,8.84881273650305,1.92461949122695e-08,5.42841394961447e-08,8.38892965711066
3090,"Q9UM22|EPDR1_HUMAN","Mammalian ependymin-related protein 1 OS=Homo sapiens OX=9606 GN=EPDR1 PE=1 SV=2",8.74861032257572,7.33115740049464,11.316316051235,2.83047883161419e-10,9.28223466926288e-10,11.3951451380382
3091,"Q99496|RING2_HUMAN","E3 ubiquitin-protein ligase RING2 OS=Homo sapiens OX=9606 GN=RNF2 PE=1 SV=1",2.86620557741282,4.38995502791319,2.13805853330461,0.0447227554194044,0.054384904726692,-3.91836871425666
3093,"Q9BU61|NDUF3_HUMAN","NADH dehydrogenase [ubiquinone] 1 alpha subcomplex assembly factor 3 OS=Homo sapiens OX=9606 GN=NDUFAF3 PE=1 SV=1",3.37671060897228,4.64520754369292,2.36003999895041,0.0282761676323225,0.0365435533348243,-3.53550952716452
3094,"O43924|PDE6D_HUMAN","Retinal rod rhodopsin-sensitive cGMP 3',5'-cyclic phosphodiesterase subunit delta OS=Homo sapiens OX=9606 GN=PDE6D PE=1 SV=1",4.85518873651245,5.38444660746301,3.15735300528366,0.00484848547458293,0.00731452550044839,-2.02061368583215
3095,"Q9UKU7|ACAD8_HUMAN","Isobutyryl-CoA dehydrogenase, mitochondrial OS=Homo sapiens OX=9606 GN=ACAD8 PE=1 SV=1",3.63137650162467,4.77254049001912,2.43068699246727,0.0243505016017959,0.0323944129809655,-3.40934683709756
3097,"P49441|INPP_HUMAN","Inositol polyphosphate 1-phosphatase OS=Homo sapiens OX=9606 GN=INPP1 PE=1 SV=1",7.59567055340592,6.75468751590974,8.54324121314914,3.4153912965011e-08,9.44630495081123e-08,7.95278399888014
3099,"Q04941|PLP2_HUMAN","Proteolipid protein 2 OS=Homo sapiens OX=9606 GN=PLP2 PE=1 SV=1",0.102270413592764,13.7969701536483,0.160349847898904,0.874174554881716,0.878739435063866,-5.89887988350426
3100,"Q96GD0|PLPP_HUMAN","Pyridoxal phosphate phosphatase OS=Homo sapiens OX=9606 GN=PDXP PE=1 SV=2",4.64185710454129,5.27778079147743,3.09256278295546,0.00562406511593457,0.00838924862314921,-2.14969123604115
3102,"Q9H0G5|NSRP1_HUMAN","Nuclear speckle splicing regulatory protein 1 OS=Homo sapiens OX=9606 GN=NSRP1 PE=1 SV=1",3.19680661515849,4.55525554678603,2.31790530896922,0.0308883801542383,0.0391958680269669,-3.60980803679008
3105,"Q6UWP7|LCLT1_HUMAN","Lysocardiolipin acyltransferase 1 OS=Homo sapiens OX=9606 GN=LCLAT1 PE=1 SV=1",2.33047790984007,4.12209119412682,1.68718646577441,0.106721321908771,0.118853656161055,-4.62038241793415
3106,"P57772|SELB_HUMAN","Selenocysteine-specific elongation factor OS=Homo sapiens OX=9606 GN=EEFSEC PE=1 SV=4",2.57007602829898,4.24189025335627,1.84074430640181,0.0801759060351505,0.0942288705461382,-4.39398315774129
3109,"Q92530|PSMF1_HUMAN","Proteasome inhibitor PI31 subunit OS=Homo sapiens OX=9606 GN=PSMF1 PE=1 SV=2",9.41860313466524,7.6661538065394,13.3811925317211,1.34876812710263e-11,5.45457698460623e-11,13.3172506219371
3110,"P52756|RBM5_HUMAN","RNA-binding protein 5 OS=Homo sapiens OX=9606 GN=RBM5 PE=1 SV=2",3.52828108281731,4.72099278061544,2.3987063460749,0.0260603024324276,0.0341847238040362,-3.46669947235078
3112,"Q9NRF9|DPOE3_HUMAN","DNA polymerase epsilon subunit 3 OS=Homo sapiens OX=9606 GN=POLE3 PE=1 SV=1",6.47092117247914,6.19231282544636,3.97503276723804,0.00071633389730538,0.00129114489916934,-0.348075313766169
3113,"Q14108|SCRB2_HUMAN","Lysosome membrane protein 2 OS=Homo sapiens OX=9606 GN=SCARB2 PE=1 SV=2",3.9185943358507,4.91614940713213,2.50158473229121,0.0209256533446944,0.0284878944049058,-3.28083421576668
3116,"Q96ME7|ZN512_HUMAN","Zinc finger protein 512 OS=Homo sapiens OX=9606 GN=ZNF512 PE=1 SV=2",1.8346477205749,3.87417609949423,1.38851731932968,0.179878968702278,0.187746772746748,-5.01757102283358
3117,"P01911|DRB_HUMAN","HLA class II histocompatibility antigen, DRB1 beta chain OS=Homo sapiens OX=9606 GN=HLA-DRB1 PE=1 SV=2",-0.187633676377736,15.4187408416893,-0.290254335790613,0.774536550203081,0.782873646175338,-5.87047337176982
3117,"P79483|DRB3_HUMAN","HLA class II histocompatibility antigen, DR beta 3 chain OS=Homo sapiens OX=9606 GN=HLA-DRB3 PE=1 SV=1",-0.187633676377736,15.4187408416893,-0.290254335790613,0.774536550203081,0.782873646175338,-5.87047337176982
3118,"P53611|PGTB2_HUMAN","Geranylgeranyl transferase type-2 subunit beta OS=Homo sapiens OX=9606 GN=RABGGTB PE=1 SV=2",7.74232838941321,6.82801643391339,9.26677236097678,8.95317761991125e-09,2.59561248770017e-08,8.96122494662862
3119,"Q06787|FMR1_HUMAN","Synaptic functional regulator FMR1 OS=Homo sapiens OX=9606 GN=FMR1 PE=1 SV=1",3.92419984328902,4.91895216085129,2.868331679543,0.00934494806080078,0.0134096347499378,-2.58974871961161
3121,"Q712K3|UB2R2_HUMAN","Ubiquitin-conjugating enzyme E2 R2 OS=Homo sapiens OX=9606 GN=UBE2R2 PE=1 SV=1",6.03650512215941,5.97510480028649,4.54902919442068,0.000184468579384392,0.000361243148845326,0.837985510099808
3122,"Q9BZL1|UBL5_HUMAN","Ubiquitin-like protein 5 OS=Homo sapiens OX=9606 GN=UBL5 PE=1 SV=1",-0.782836738738403,9.3225030445708,-0.406049447653171,0.692758510409578,0.701873753967599,-5.82836635553488
3123,"P09497|CLCB_HUMAN","Clathrin light chain B OS=Homo sapiens OX=9606 GN=CLTB PE=1 SV=1",4.18329867822638,5.04850157831997,2.56944587936712,0.0180742494330221,0.0251121834417665,-3.15614264727691
3126,"Q15018|ABRX2_HUMAN","BRISC complex subunit Abraxas 2 OS=Homo sapiens OX=9606 GN=ABRAXAS2 PE=1 SV=2",4.89991766972127,5.40681107406742,3.22940647990731,0.00410778448829346,0.00633358841807362,-1.87620063098686
3127,"Q6P4E1|GOLM2_HUMAN","Protein GOLM2 OS=Homo sapiens OX=9606 GN=GOLM2 PE=1 SV=2",1.97937020401099,3.94653734121228,1.58094425886744,0.129192760610803,0.138587943257619,-4.76849314770874
3129,"P85037|FOXK1_HUMAN","Forkhead box protein K1 OS=Homo sapiens OX=9606 GN=FOXK1 PE=1 SV=1",8.82497654286677,7.36934051064017,13.106183608167,1.97864116707397e-11,7.80509066929794e-11,13.0874524805396
3130,"O43678|NDUA2_HUMAN","NADH dehydrogenase [ubiquinone] 1 alpha subcomplex subunit 2 OS=Homo sapiens OX=9606 GN=NDUFA2 PE=1 SV=3",6.52045746963973,6.21708097402665,4.89750925602757,8.13764414282373e-05,0.000167629373728579,1.54948304339653
3131,"Q01658|NC2B_HUMAN","Protein Dr1 OS=Homo sapiens OX=9606 GN=DR1 PE=1 SV=1",6.18842577263979,6.05106512552668,5.58490586877223,1.6633867360271e-05,3.88123571739656e-05,2.91584616683524
3132,"Q05655|KPCD_HUMAN","Protein kinase C delta type OS=Homo sapiens OX=9606 GN=PRKCD PE=1 SV=2",3.15141415470854,4.53255931656105,2.28798036951631,0.0328768215236124,0.0413106275672023,-3.66213065708917
3133,"Q8TEA8|DTD1_HUMAN","D-aminoacyl-tRNA deacylase 1 OS=Homo sapiens OX=9606 GN=DTD1 PE=1 SV=2",7.84725709337618,6.88048078589488,8.65767013220822,2.75136813426427e-08,7.6648099254106e-08,8.11789270648806
3134,"Q8WXF7|ATLA1_HUMAN","Atlastin-1 OS=Homo sapiens OX=9606 GN=ATL1 PE=1 SV=1",2.60597321602559,4.25983884721958,1.73544677338288,0.0976663081547934,0.111280049244142,-4.55075608830602
3138,"Q7Z5G4|GOGA7_HUMAN","Golgin subfamily A member 7 OS=Homo sapiens OX=9606 GN=GOLGA7 PE=1 SV=2",3.8164958012698,6.80476846496431,1.98153968597709,0.0685727722430463,0.0817353477200397,-4.21188635978202
3139,"Q01995|TAGL_HUMAN","Transgelin OS=Homo sapiens OX=9606 GN=TAGLN PE=1 SV=4",3.58154155190027,4.74762301515692,2.41965973316243,0.0249279158838,0.0329689028349811,-3.42916693541041
3140,"Q9Y580|RBM7_HUMAN","RNA-binding protein 7 OS=Homo sapiens OX=9606 GN=RBM7 PE=1 SV=1",4.74665364078751,5.33017905960054,3.09536082751637,0.00558821836757132,0.0083416239869386,-2.14413303547963
3142,"Q9NUD5|ZCHC3_HUMAN","Zinc finger CCHC domain-containing protein 3 OS=Homo sapiens OX=9606 GN=ZCCHC3 PE=1 SV=2",4.82152703726191,5.36761575783774,3.18451724304196,0.00455514080401184,0.00693721997446424,-1.96627230646468
3143,"P51153|RAB13_HUMAN","Ras-related protein Rab-13 OS=Homo sapiens OX=9606 GN=RAB13 PE=1 SV=1",6.59627514104542,6.25498980972949,4.96746232389289,6.91103644907274e-05,0.000143513971569202,1.69101646948281
3144,"Q9Y6I3|EPN1_HUMAN","Epsin-1 OS=Homo sapiens OX=9606 GN=EPN1 PE=1 SV=2",6.86645819342865,6.39008133592111,6.55773053394466,1.91741992096e-06,4.89202564327105e-06,4.73461474944461
3144,"Q9H201|EPN3_HUMAN","Epsin-3 OS=Homo sapiens OX=9606 GN=EPN3 PE=2 SV=1",6.67910671459579,6.29640559650468,6.30894177916753,3.29534863569248e-06,8.30307084254977e-06,4.28387567140505
3145,"P61769|B2MG_HUMAN","Beta-2-microglobulin OS=Homo sapiens OX=9606 GN=B2M PE=1 SV=1",5.69080836584137,5.80225642212747,3.65340895724592,0.00152923951715681,0.00263780113846493,-1.01244477467268
3145,"#CONTAM#B2MG_HUMAN|",">sp|B2MG_HUMAN|",5.69080836584137,5.80225642212747,3.65340895724592,0.00152923951715681,0.00263780113846493,-1.01244477467268
3146,"Q9NVH2|INT7_HUMAN","Integrator complex subunit 7 OS=Homo sapiens OX=9606 GN=INTS7 PE=1 SV=1",3.44572306380748,4.67971377111052,1.89847578460253,0.0718723131842586,0.0854565799133402,-4.30561640816544
3147,"P17677|NEUM_HUMAN","Neuromodulin OS=Homo sapiens OX=9606 GN=GAP43 PE=1 SV=1",1.25395564074923,3.5838300595814,1.25582189455015,0.223301260897608,0.231415842383793,-5.17394065571107
3149,"O15155|BET1_HUMAN","BET1 homolog OS=Homo sapiens OX=9606 GN=BET1 PE=1 SV=1",8.86653592845269,7.39012020343313,13.8966139800137,6.68814353211874e-12,2.8781173813649e-11,13.7285371140383
3151,"O60493|SNX3_HUMAN","Sorting nexin-3 OS=Homo sapiens OX=9606 GN=SNX3 PE=1 SV=3",5.28360906797782,5.5986567731957,3.47540617759752,0.00232053646445566,0.00383271788423607,-1.37745830967385
3152,"L0R819|ASURF_HUMAN","ASNSD1 upstream open reading frame protein OS=Homo sapiens OX=9606 GN=ASDURF PE=1 SV=1",6.33615706653275,6.12493077247316,4.71200617812807,0.000125700311479404,0.000252318143480556,1.17195364057533
3153,"Q99436|PSB7_HUMAN","Proteasome subunit beta type-7 OS=Homo sapiens OX=9606 GN=PSMB7 PE=1 SV=1",6.18130304821579,10.2771909056788,3.17050488623822,0.00898952685780934,0.0129478781902604,-2.40402011507945
3156,"Q9NQ50|RM40_HUMAN","39S ribosomal protein L40, mitochondrial OS=Homo sapiens OX=9606 GN=MRPL40 PE=1 SV=1",8.62073669650361,7.26722058745859,12.8925273773586,2.67670682501573e-11,1.037796704563e-10,12.9037306801174
3158,"O75530|EED_HUMAN","Polycomb protein EED OS=Homo sapiens OX=9606 GN=EED PE=1 SV=2",3.64846454671292,4.78108451256324,2.42951039872501,0.0244115126744775,0.0324195666770398,-3.41146381916659
3159,"P51948|MAT1_HUMAN","CDK-activating kinase assembly factor MAT1 OS=Homo sapiens OX=9606 GN=MNAT1 PE=1 SV=1",3.74467566588494,4.82919007214925,2.42830797566383,0.0244740100114952,0.0324801580642043,-3.413626731807
3161,"Q14956|GPNMB_HUMAN","Transmembrane glycoprotein NMB OS=Homo sapiens OX=9606 GN=GPNMB PE=1 SV=2",1.33496671875619,14.8132642625314,2.08925737327174,0.049343863392134,0.059689508748674,-3.99953648970522
3162,"P23511|NFYA_HUMAN","Nuclear transcription factor Y subunit alpha OS=Homo sapiens OX=9606 GN=NFYA PE=1 SV=2",5.42924950822426,5.67147699331891,4.11846837354729,0.000510263812003305,0.000933261603901532,-0.051022414846301
3163,"Q86UY6|NAA40_HUMAN","N-alpha-acetyltransferase 40 OS=Homo sapiens OX=9606 GN=NAA40 PE=1 SV=1",2.61127577458563,4.2624901264996,1.76047736129038,0.0932350941896471,0.107278874067586,-4.51408453328443
3164,"P82909|RT36_HUMAN","28S ribosomal protein S36, mitochondrial OS=Homo sapiens OX=9606 GN=MRPS36 PE=1 SV=2",10.0666006877179,7.99015258306575,18.7897356031004,2.12793610928627e-14,1.81251195149384e-13,16.636394836137
3165,"Q9NRX5|SERC1_HUMAN","Serine incorporator 1 OS=Homo sapiens OX=9606 GN=SERINC1 PE=1 SV=1",2.83352253718895,4.37361350780126,2.19527397703892,0.0398063874953178,0.0489006355638078,-3.82177401510744
3166,"P40818|UBP8_HUMAN","Ubiquitin carboxyl-terminal hydrolase 8 OS=Homo sapiens OX=9606 GN=USP8 PE=1 SV=1",3.06964548671026,4.49167498256191,2.28182605158437,0.0333000833549023,0.0417742981154689,-3.67284442464943
3168,"Q8WUY1|THEM6_HUMAN","Protein THEM6 OS=Homo sapiens OX=9606 GN=THEM6 PE=1 SV=2",4.23575500545933,5.07472974193645,3.00327864866654,0.00689212361573271,0.0101277389009813,-2.32623120247318
3170,"Q9H6T0|ESRP2_HUMAN","Epithelial splicing regulatory protein 2 OS=Homo sapiens OX=9606 GN=ESRP2 PE=1 SV=1",3.27802671870234,4.59586559855795,2.32582459241669,0.0303810275994787,0.0387307802178785,-3.59589897513325
3171,"P61009|SPCS3_HUMAN","Signal peptidase complex subunit 3 OS=Homo sapiens OX=9606 GN=SPCS3 PE=1 SV=1",7.999359496554,6.95653198748378,6.06463118645725,8.3054140098412e-06,2.03927576134494e-05,3.50551681849849
3172,"Q9BSD7|NTPCR_HUMAN","Cancer-related nucleoside-triphosphatase OS=Homo sapiens OX=9606 GN=NTPCR PE=1 SV=1",5.70470249579223,5.8092034871029,4.25150991515364,0.000372489004882209,0.000692459038530423,0.224353159513487
3173,"P51809|VAMP7_HUMAN","Vesicle-associated membrane protein 7 OS=Homo sapiens OX=9606 GN=VAMP7 PE=1 SV=3",5.40866974720032,5.66118711280694,3.90783075913614,0.000839615586137088,0.00150140269699386,-0.487186408821754
3175,"Q6UXV4|MIC27_HUMAN","MICOS complex subunit MIC27 OS=Homo sapiens OX=9606 GN=APOOL PE=1 SV=1",6.14404781463382,6.02887614652369,4.47343896994892,0.000220473372993025,0.000426115705834913,0.68249113572456
3176,"Q9NXE4|NSMA3_HUMAN","Sphingomyelin phosphodiesterase 4 OS=Homo sapiens OX=9606 GN=SMPD4 PE=1 SV=3",2.80182930230991,4.35776689036174,2.15618103772584,0.0431089650612696,0.0525719086113044,-3.88793782176664
3177,"Q15382|RHEB_HUMAN","GTP-binding protein Rheb OS=Homo sapiens OX=9606 GN=RHEB PE=1 SV=1",8.31848680553093,7.11609564197225,10.1705460122981,1.84047821025395e-09,5.6326240933845e-09,10.1073559938355
3179,"P05412|JUN_HUMAN","Transcription factor AP-1 OS=Homo sapiens OX=9606 GN=JUN PE=1 SV=2",4.8474391163049,5.38057179735923,3.13427664744967,0.00511202201952159,0.00769100616457918,-2.06667548244104
3180,"Q9UPN7|PP6R1_HUMAN","Serine/threonine-protein phosphatase 6 regulatory subunit 1 OS=Homo sapiens OX=9606 GN=PPP6R1 PE=1 SV=5",3.78131314401339,4.84750881121348,2.79742434989206,0.010949374557668,0.0155899009049637,-2.72642511305119
3182,"Q9Y478|AAKB1_HUMAN","5'-AMP-activated protein kinase subunit beta-1 OS=Homo sapiens OX=9606 GN=PRKAB1 PE=1 SV=4",4.12339219885821,5.01854833863589,2.53577627646392,0.0194400514430262,0.0266729144888279,-3.21820853026571
3183,"Q96RE7|NACC1_HUMAN","Nucleus accumbens-associated protein 1 OS=Homo sapiens OX=9606 GN=NACC1 PE=1 SV=1",2.68456659568742,4.29913553705049,2.07049501342969,0.0512321501217838,0.0619095348301531,-4.03043474660105
3185,"Q9UK41|VPS28_HUMAN","Vacuolar protein sorting-associated protein 28 homolog OS=Homo sapiens OX=9606 GN=VPS28 PE=1 SV=1",4.25335027238517,5.08352737539937,2.5747023892543,0.0178693376468815,0.0248633718614,-3.14641817562129
3187,"Q13459|MYO9B_HUMAN","Unconventional myosin-IXb OS=Homo sapiens OX=9606 GN=MYO9B PE=1 SV=3",2.13029948699748,4.02200198270552,1.70958991769841,0.102432404124574,0.115243938012744,-4.58823865656355
3188,"Q15291|RBBP5_HUMAN","Retinoblastoma-binding protein 5 OS=Homo sapiens OX=9606 GN=RBBP5 PE=1 SV=2",3.7227982293433,5.40450942619434,2.13648183577277,0.0448657150922278,0.0545415229255059,-3.92100894996253
3189,"Q68EM7|RHG17_HUMAN","Rho GTPase-activating protein 17 OS=Homo sapiens OX=9606 GN=ARHGAP17 PE=1 SV=1",2.0986113402164,4.00615790931498,1.62701664383966,0.119002632325255,0.129241222694565,-4.7051535691256
3191,"Q9UII2|ATIF1_HUMAN","ATPase inhibitor, mitochondrial OS=Homo sapiens OX=9606 GN=ATP5IF1 PE=1 SV=1",7.57058744223736,6.74214596032546,5.72700532674642,1.20486829226685e-05,2.88479037638518e-05,3.19061067735581
3192,"Q16890|TPD53_HUMAN","Tumor protein D53 OS=Homo sapiens OX=9606 GN=TPD52L1 PE=1 SV=1",6.07086680596278,5.99228564218817,3.82607656584513,0.00101834838780271,0.00180342285788428,-0.656271928788315
3193,"P51970|NDUA8_HUMAN","NADH dehydrogenase [ubiquinone] 1 alpha subcomplex subunit 8 OS=Homo sapiens OX=9606 GN=NDUFA8 PE=1 SV=3",8.4142531935548,7.16397883598419,10.8831692290083,5.64929241511645e-10,1.79601781983471e-09,10.9287637970621
3196,"Q5VW32|BROX_HUMAN","BRO1 domain-containing protein BROX OS=Homo sapiens OX=9606 GN=BROX PE=1 SV=1",3.59869246126931,4.75619846984144,2.42538737550239,0.0246264319436077,0.0326374399252632,-3.41887800490813
3198,"Q9BUA3|SPNDC_HUMAN","Spindlin interactor and repressor of chromatin-binding protein OS=Homo sapiens OX=9606 GN=SPINDOC PE=1 SV=3",1.71603873443704,3.8148716064253,1.5423102333913,0.138289750326993,0.146994903025655,-4.82053084186196
3199,"Q9H8V3|ECT2_HUMAN","Protein ECT2 OS=Homo sapiens OX=9606 GN=ECT2 PE=1 SV=4",2.40637248003456,4.16003847922406,1.71338248798479,0.101721120951309,0.114773669732917,-4.58276650510865
3200,"Q9NUL7|DDX28_HUMAN","Probable ATP-dependent RNA helicase DDX28 OS=Homo sapiens OX=9606 GN=DDX28 PE=1 SV=2",4.77610567601959,5.34490507721658,3.17446886178339,0.0046615857098498,0.00707414465231443,-1.98638867663821
3201,"Q01433|AMPD2_HUMAN","AMP deaminase 2 OS=Homo sapiens OX=9606 GN=AMPD2 PE=1 SV=2",4.32902650327797,5.12136549084577,2.99068867355928,0.00709176697927026,0.010405222130408,-2.35099162656961
3202,"Q6PK04|CC137_HUMAN","Coiled-coil domain-containing protein 137 OS=Homo sapiens OX=9606 GN=CCDC137 PE=1 SV=1",3.66725790442937,4.79048119142147,2.42971060277715,0.024401121265912,0.0324169485416705,-3.41110363981771
3204,"Q9BV40|VAMP8_HUMAN","Vesicle-associated membrane protein 8 OS=Homo sapiens OX=9606 GN=VAMP8 PE=1 SV=1",5.66251953533803,5.7881120068758,3.64639131411941,0.0015546617758413,0.00267446284047766,-1.02688364810328
3205,"O43929|ORC4_HUMAN","Origin recognition complex subunit 4 OS=Homo sapiens OX=9606 GN=ORC4 PE=1 SV=2",2.0471954442059,3.98044996130973,1.61068164845351,0.122535448688136,0.132517268946439,-4.72776852432375
3207,"Q8NHH9|ATLA2_HUMAN","Atlastin-2 OS=Homo sapiens OX=9606 GN=ATL2 PE=1 SV=2",3.06405151894841,4.48887799868099,2.24806097369688,0.035712613341995,0.0443527617311874,-3.7313352060383
3208,"Q9NZ43|USE1_HUMAN","Vesicle transport protein USE1 OS=Homo sapiens OX=9606 GN=USE1 PE=1 SV=2",2.90232387798832,4.40801417820094,1.80082604942203,0.0864569563438335,0.100561716593281,-4.454183275457
3209,"Q13438|OS9_HUMAN","Protein OS-9 OS=Homo sapiens OX=9606 GN=OS9 PE=1 SV=1",-0.983288794511884,8.41256309560463,-0.525698071434726,0.609830394112431,0.619648196709648,-5.77305293095248
3210,"P61916|NPC2_HUMAN","NPC intracellular cholesterol transporter 2 OS=Homo sapiens OX=9606 GN=NPC2 PE=1 SV=1",1.32161503097642,6.18322721752032,0.775462462849566,0.446917620910278,0.457128809910885,-5.62323427500877
3211,"P51452|DUS3_HUMAN","Dual specificity protein phosphatase 3 OS=Homo sapiens OX=9606 GN=DUSP3 PE=1 SV=1",4.89194537732204,5.4028249278678,3.33179562951821,0.00324159414202059,0.00508563058140964,-1.66958926919796
3213,"Q8NHP6|MSPD2_HUMAN","Motile sperm domain-containing protein 2 OS=Homo sapiens OX=9606 GN=MOSPD2 PE=1 SV=1",3.65033037546953,4.78201742694155,2.42400546228751,0.024698859295834,0.0327221638984724,-3.42136156954344
3215,"A6NJ78|MET15_HUMAN","12S rRNA N4-methylcytidine (m4C) methyltransferase OS=Homo sapiens OX=9606 GN=METTL15 PE=1 SV=1",2.6137951452968,4.26374981185518,2.09145435755435,0.0491269037671654,0.0594775407243984,-3.99590714445927
3216,"Q6PL18|ATAD2_HUMAN","ATPase family AAA domain-containing protein 2 OS=Homo sapiens OX=9606 GN=ATAD2 PE=1 SV=1",1.82202358086073,3.86786402963715,1.51197827436568,0.145798037938717,0.154167109602873,-4.86068543135029
3219,"Q8WUB8|PHF10_HUMAN","PHD finger protein 10 OS=Homo sapiens OX=9606 GN=PHF10 PE=1 SV=3",5.3803747069783,5.64703959269593,3.23453972036748,0.00405943758122418,0.0062640619990834,-1.86587982406775
3224,"#CONTAM#CYB5_HUMAN|",">sp|CYB5_HUMAN|",3.77211615999353,4.84291031920355,2.33722738703337,0.0296639943181721,0.0379928070941326,-3.5758262703446
3224,"P00167|CYB5_HUMAN","Cytochrome b5 OS=Homo sapiens OX=9606 GN=CYB5A PE=1 SV=2",3.77211615999353,4.84291031920355,2.33722738703337,0.0296639943181721,0.0379928070941326,-3.5758262703446
3226,"Q9H7Z6|KAT8_HUMAN","Histone acetyltransferase KAT8 OS=Homo sapiens OX=9606 GN=KAT8 PE=1 SV=2",2.03003421677665,3.97186934759511,1.59365561781656,0.126310978143491,0.135875179059078,-4.75115598391586
3227,"Q12872|SFSWA_HUMAN","Splicing factor, suppressor of white-apricot homolog OS=Homo sapiens OX=9606 GN=SFSWAP PE=1 SV=3",2.14987790136091,4.03179118988724,1.63137377112343,0.118074917427864,0.128487403080067,-4.69909230112132
3228,"Q9Y3B4|SF3B6_HUMAN","Splicing factor 3B subunit 6 OS=Homo sapiens OX=9606 GN=SF3B6 PE=1 SV=1",10.4523680093556,8.18303624388456,18.9286906991816,1.84399092190012e-14,1.61923798930029e-13,16.6982783923335
3229,"Q9Y399|RT02_HUMAN","28S ribosomal protein S2, mitochondrial OS=Homo sapiens OX=9606 GN=MRPS2 PE=1 SV=1",3.53516464392219,4.72443456116788,2.38116183458392,0.0270449914583651,0.0352482116163526,-3.49799461166165
3230,"Q6ZMZ3|SYNE3_HUMAN","Nesprin-3 OS=Homo sapiens OX=9606 GN=SYNE3 PE=1 SV=2",2.32601183793794,4.11985815817575,1.9788171291076,0.0614236089027007,0.0738310628396497,-4.1788631968109
3231,"P06746|DPOLB_HUMAN","DNA polymerase beta OS=Homo sapiens OX=9606 GN=POLB PE=1 SV=3",3.07553981091676,4.49462214466517,2.28254335507595,0.0332504944798843,0.0417256857065041,-3.67159653395832
3232,"Q9BY43|CHM4A_HUMAN","Charged multivesicular body protein 4a OS=Homo sapiens OX=9606 GN=CHMP4A PE=1 SV=3",9.0921142904555,7.50290938443453,15.2026162657763,1.23904219268816e-12,6.16319436931451e-12,14.6671127460909
3233,"Q4G0N4|NAKD2_HUMAN","NAD kinase 2, mitochondrial OS=Homo sapiens OX=9606 GN=NADK2 PE=1 SV=2",6.19378289192516,6.05374368516936,4.52266383928071,0.000196299928434885,0.000382466965827078,0.783788690981344
3235,"Q86Y82|STX12_HUMAN","Syntaxin-12 OS=Homo sapiens OX=9606 GN=STX12 PE=1 SV=1",4.89267920083128,5.40319183962242,2.97488272520047,0.00735030413535509,0.0107517746660779,-2.38202784182438
3236,"Q3MHD2|LSM12_HUMAN","Protein LSM12 homolog OS=Homo sapiens OX=9606 GN=LSM12 PE=1 SV=2",9.87036673642958,7.89203560742157,14.9585227258629,1.68205766355094e-12,8.15607305374197e-12,14.5022234442699
3239,"Q9NZ32|ARP10_HUMAN","Actin-related protein 10 OS=Homo sapiens OX=9606 GN=ACTR10 PE=1 SV=1",5.51300811757866,5.71335629799611,3.44032214324175,0.00251849847479451,0.00411205221711571,-1.44904845935908
3240,"O60828|PQBP1_HUMAN","Polyglutamine-binding protein 1 OS=Homo sapiens OX=9606 GN=PQBP1 PE=1 SV=1",3.50532403720021,4.70951425780689,2.3974774983952,0.0261281735266662,0.0342504147353302,-3.46889535794547
3244,"A2RRP1|NBAS_HUMAN","Neuroblastoma-amplified sequence OS=Homo sapiens OX=9606 GN=NBAS PE=1 SV=2",2.38827626513522,4.15099037177439,1.78701437685695,0.0887275064192209,0.102842710015223,-4.47479632673207
3245,"P23497|SP100_HUMAN","Nuclear autoantigen Sp-100 OS=Homo sapiens OX=9606 GN=SP100 PE=1 SV=3",3.82777061146283,4.8707375449382,2.42084428287461,0.024865285101867,0.0329086791482255,-3.42704008031893
3246,"Q9NVH0|EXD2_HUMAN","Exonuclease 3'-5' domain-containing protein 2 OS=Homo sapiens OX=9606 GN=EXD2 PE=1 SV=2",3.27364576639782,4.59367512240569,2.33215778585984,0.0299808317591829,0.0383348396787959,-3.58475703834151
3247,"Q9HAF1|EAF6_HUMAN","Chromatin modification-related protein MEAF6 OS=Homo sapiens OX=9606 GN=MEAF6 PE=1 SV=1",6.58882553756422,6.25126500798889,6.20085331808886,4.17963273558929e-06,1.0489951780977e-05,4.08486747063302
3248,"Q7Z2Z2|EFL1_HUMAN","Elongation factor-like GTPase 1 OS=Homo sapiens OX=9606 GN=EFL1 PE=1 SV=2",1.93597027957261,3.92483737899309,1.52278092115948,0.143086383647645,0.151492128808514,-4.84645581386768
3249,"Q9NVT9|ARMC1_HUMAN","Armadillo repeat-containing protein 1 OS=Homo sapiens OX=9606 GN=ARMC1 PE=1 SV=1",5.01113561106444,5.46242004473901,3.34606913991626,0.00313599311693798,0.00495834640665759,-1.64066847804728
3252,"P14406|CX7A2_HUMAN","Cytochrome c oxidase subunit 7A2, mitochondrial OS=Homo sapiens OX=9606 GN=COX7A2 PE=1 SV=1",10.7829315220962,8.34831800025488,21.76304417114,1.20105466173144e-15,2.02809668757283e-14,17.7837201027112
3254,"P61960|UFM1_HUMAN","Ubiquitin-fold modifier 1 OS=Homo sapiens OX=9606 GN=UFM1 PE=1 SV=1",10.0396983367069,7.97670140756022,19.2794758637363,1.28986079025044e-14,1.19374135636158e-13,16.8505131426573
3256,"Q9H4L7|SMRCD_HUMAN","SWI/SNF-related matrix-associated actin-dependent regulator of chromatin subfamily A containing DEAD/H box 1 OS=Homo sapiens OX=9606 GN=SMARCAD1 PE=1 SV=2",3.276761138115,4.59523280826428,2.30785519324446,0.0315434875299037,0.0399087831055305,-3.6274221259529
3257,"Q9BYW2|SETD2_HUMAN","Histone-lysine N-methyltransferase SETD2 OS=Homo sapiens OX=9606 GN=SETD2 PE=1 SV=3",-0.514023649095928,6.72059850857049,-0.228154183397566,0.823303118105197,0.830203510923261,-5.88531006034665
3258,"Q9GZR2|REXO4_HUMAN","RNA exonuclease 4 OS=Homo sapiens OX=9606 GN=REXO4 PE=1 SV=2",3.80612021108918,4.85991234475137,2.47221099367182,0.02228607869696,0.0300319926437859,-3.33430255424782
3259,"Q6P587|FAHD1_HUMAN","Acylpyruvase FAHD1, mitochondrial OS=Homo sapiens OX=9606 GN=FAHD1 PE=1 SV=2",8.02485268067718,6.96927857954537,10.4403217725212,1.16914562380733e-09,3.63587290117788e-09,10.4264964480288
3260,"P47914|RL29_HUMAN","60S ribosomal protein L29 OS=Homo sapiens OX=9606 GN=RPL29 PE=1 SV=2",11.7579163501997,8.83581041430665,21.3545293483947,1.74384187531648e-15,2.61505015284499e-14,17.6459498332219
3261,"Q14678|KANK1_HUMAN","KN motif and ankyrin repeat domain-containing protein 1 OS=Homo sapiens OX=9606 GN=KANK1 PE=1 SV=3",3.09834640389233,4.50602544115295,2.25513231537843,0.0351944822731955,0.0437808031428194,-3.71912646275254
3262,"Q9Y6N9|USH1C_HUMAN","Harmonin OS=Homo sapiens OX=9606 GN=USH1C PE=1 SV=3",3.16070237711692,4.53720342776524,2.30675534651122,0.0316159515462802,0.0399873237362611,-3.62934718871411
3263,"Q8TB03|CX038_HUMAN","Uncharacterized protein CXorf38 OS=Homo sapiens OX=9606 GN=CXorf38 PE=1 SV=1",2.36017449196709,4.13693948519033,1.78271342283923,0.0894450158918836,0.103630247121201,-4.48119229048969
3265,"Q9Y4X5|ARI1_HUMAN","E3 ubiquitin-protein ligase ARIH1 OS=Homo sapiens OX=9606 GN=ARIH1 PE=1 SV=2",2.69283090319862,4.30326769080609,1.77459787698021,0.0908125717555984,0.104836102326553,-4.49323112784189
3266,"Q9Y5K8|VATD_HUMAN","V-type proton ATPase subunit D OS=Homo sapiens OX=9606 GN=ATP6V1D PE=1 SV=1",4.44564072813689,5.17967260327523,3.00017639001929,0.00694080818657933,0.0101914994349086,-2.33233552610211
3268,"O95544|NADK_HUMAN","NAD kinase OS=Homo sapiens OX=9606 GN=NADK PE=1 SV=1",1.29092576684859,6.87548747211961,0.863025930112012,0.400411041523689,0.410322733528401,-5.55349703619907
3270,"Q9NSI2|F207A_HUMAN","Protein FAM207A OS=Homo sapiens OX=9606 GN=FAM207A PE=1 SV=2",2.5317796298095,4.22274205411153,1.82011586836298,0.0833702761596529,0.0975313166863153,-4.42520774449469
3271,"Q96ST2|IWS1_HUMAN","Protein IWS1 homolog OS=Homo sapiens OX=9606 GN=IWS1 PE=1 SV=2",5.02426163372223,5.4689830560679,3.31625327298455,0.00336053604897752,0.00525473851917084,-1.70104959792203
3272,"Q53FT3|HIKES_HUMAN","Protein Hikeshi OS=Homo sapiens OX=9606 GN=HIKESHI PE=1 SV=2",5.23314286530615,5.57342367185986,3.4889130677054,0.00224846913394837,0.00372487356527591,-1.34986234133252
3273,"P67812|SC11A_HUMAN","Signal peptidase complex catalytic subunit SEC11A OS=Homo sapiens OX=9606 GN=SEC11A PE=1 SV=1",3.79777331757675,4.85573889799516,2.46259228492247,0.0227492194598775,0.0305172456169088,-3.35174297453768
3273,"P0C7V7|SC11B_HUMAN","Putative signal peptidase complex catalytic subunit SEC11B OS=Homo sapiens OX=9606 GN=SEC11B PE=5 SV=1",2.19162885639603,4.0526666674048,1.65400418780674,0.113353989632658,0.124157285941887,-4.66741543408564
3274,"Q8N9N8|EIF1A_HUMAN","Probable RNA-binding protein EIF1AD OS=Homo sapiens OX=9606 GN=EIF1AD PE=1 SV=1",2.46144848096447,4.18757647968902,1.72632865242014,0.099324850747091,0.112736048165183,-4.5640205149093
3276,"Q8N0X4|CLYBL_HUMAN","Citramalyl-CoA lyase, mitochondrial OS=Homo sapiens OX=9606 GN=CLYBL PE=1 SV=2",3.5537018176662,4.73370314803988,2.3042468366616,0.0317817999325779,0.0401443339043389,-3.63373594214205
3277,"Q9UNQ2|DIM1_HUMAN","Probable dimethyladenosine transferase OS=Homo sapiens OX=9606 GN=DIMT1 PE=1 SV=1",6.21988735321474,6.06679591581415,4.5237668326838,0.000195789976717055,0.000381666536891475,0.786056866174522
3278,"Q15833|STXB2_HUMAN","Syntaxin-binding protein 2 OS=Homo sapiens OX=9606 GN=STXBP2 PE=1 SV=2",3.15719786809358,4.53545117325357,2.21857808228834,0.0379489872517146,0.0468430910288879,-3.78200083990354
3282,"P59998|ARPC4_HUMAN","Actin-related protein 2/3 complex subunit 4 OS=Homo sapiens OX=9606 GN=ARPC4 PE=1 SV=3",9.62808652288402,7.77089550064879,16.8056027394458,1.83573150318501e-13,1.10874074520727e-12,15.6438990084398
3283,"P21964|COMT_HUMAN","Catechol O-methyltransferase OS=Homo sapiens OX=9606 GN=COMT PE=1 SV=2",5.67692660025553,5.79531553933455,3.59072454595914,0.00177166342748342,0.00301809920168636,-1.14129087745736
3284,"Q969U7|PSMG2_HUMAN","Proteasome assembly chaperone 2 OS=Homo sapiens OX=9606 GN=PSMG2 PE=1 SV=1",5.86473297101967,5.88921872471662,3.56288004464304,0.00189115377874509,0.00319878901922377,-1.19842541036316
3285,"Q9H6V9|LDAH_HUMAN","Lipid droplet-associated hydrolase OS=Homo sapiens OX=9606 GN=LDAH PE=1 SV=1",3.93724783035789,4.92547615438573,2.50121095249077,0.0209424660307182,0.0285007049198533,-3.28151655079316
3286,"Q15773|MLF2_HUMAN","Myeloid leukemia factor 2 OS=Homo sapiens OX=9606 GN=MLF2 PE=1 SV=1",2.14565756975847,4.02968102408602,1.6419427278019,0.115849881050414,0.126374871517625,-4.68433909929163
3287,"Q96DG6|CMBL_HUMAN","Carboxymethylenebutenolidase homolog OS=Homo sapiens OX=9606 GN=CMBL PE=1 SV=1",5.16105859564175,5.53738153702766,3.36884507664057,0.00297441715208472,0.00473594128847236,-1.59446469539517
3289,"Q8IY57|YAF2_HUMAN","YY1-associated factor 2 OS=Homo sapiens OX=9606 GN=YAF2 PE=1 SV=3",1.72819950244634,3.82095199042995,1.52658097073418,0.142142441126797,0.150606406147366,-4.84143144815168
3291,"P40616|ARL1_HUMAN","ADP-ribosylation factor-like protein 1 OS=Homo sapiens OX=9606 GN=ARL1 PE=1 SV=1",7.68392638165939,6.79881543003648,5.71443873765033,1.26558725352433e-05,3.01330298458173e-05,3.14905996275071
3293,"C9J7I0|UMAD1_HUMAN","UBAP1-MVB12-associated (UMA)-domain containing protein 1 OS=Homo sapiens OX=9606 GN=UMAD1 PE=1 SV=2",4.30118684173982,5.10744566007669,3.01345678551497,0.00673469655079653,0.00990018393301514,-2.30618917887922
3294,"Q96RT1|ERBIN_HUMAN","Erbin OS=Homo sapiens OX=9606 GN=ERBIN PE=1 SV=2",-1.88978443394902,8.41439082593313,-1.3784413051303,0.194285684640403,0.202107507664294,-5.02947281851245
3295,"P41235|HNF4A_HUMAN","Hepatocyte nuclear factor 4-alpha OS=Homo sapiens OX=9606 GN=HNF4A PE=1 SV=3",3.12421373280882,4.51895910561119,2.27633843626195,0.0336817088214803,0.0421843132604747,-3.68238394618352
3297,"Q8N6N3|CA052_HUMAN","UPF0690 protein C1orf52 OS=Homo sapiens OX=9606 GN=C1orf52 PE=1 SV=1",3.89611341043344,4.9049089444235,2.70783045545566,0.0133541072393189,0.0188880649784636,-2.89716426667645
3298,"Q96R06|SPAG5_HUMAN","Sperm-associated antigen 5 OS=Homo sapiens OX=9606 GN=SPAG5 PE=1 SV=2",2.40526816942531,4.15948632391944,1.78694784903447,0.0887385669274209,0.102842710015223,-4.4748953436597
3299,"Q96H20|SNF8_HUMAN","Vacuolar-sorting protein SNF8 OS=Homo sapiens OX=9606 GN=SNF8 PE=1 SV=1",3.71053734289009,4.81212091065183,2.41265167372656,0.0253014634804447,0.0333255677043148,-3.44173888408604
3301,"Q86TB9|PATL1_HUMAN","Protein PAT1 homolog 1 OS=Homo sapiens OX=9606 GN=PATL1 PE=1 SV=2",2.22727522250397,4.07048985045877,1.73269726250151,0.0981639103890537,0.111714766478823,-4.55476121870808
3303,"P33552|CKS2_HUMAN","Cyclin-dependent kinases regulatory subunit 2 OS=Homo sapiens OX=9606 GN=CKS2 PE=1 SV=1",4.99869676685962,5.45620062263659,3.36446565778087,0.00300483943339177,0.00478042637130509,-1.60335408476533
3304,"Q6P3X3|TTC27_HUMAN","Tetratricopeptide repeat protein 27 OS=Homo sapiens OX=9606 GN=TTC27 PE=1 SV=1",3.94070281167903,4.9272036450463,2.49689850984338,0.0211373565630318,0.0287050521226358,-3.28938530060925
3305,"Q15404|RSU1_HUMAN","Ras suppressor protein 1 OS=Homo sapiens OX=9606 GN=RSU1 PE=1 SV=3",5.72646341527477,5.82008394684417,4.24395344406238,0.000379206204279029,0.000703926656930696,0.208722365933125
3306,"Q9H9B1|EHMT1_HUMAN","Histone-lysine N-methyltransferase EHMT1 OS=Homo sapiens OX=9606 GN=EHMT1 PE=1 SV=4",3.74749340301865,4.83059894071611,1.85955151082559,0.079243734171946,0.0933848719198017,-4.37188919694304
3307,"P46779|RL28_HUMAN","60S ribosomal protein L28 OS=Homo sapiens OX=9606 GN=RPL28 PE=1 SV=3",9.55898697200344,7.7363457252085,15.7750854254187,6.14722679442618e-13,3.24203056966312e-12,15.036332357557
3308,"Q99538|LGMN_HUMAN","Legumain OS=Homo sapiens OX=9606 GN=LGMN PE=1 SV=1",4.73990927575574,5.32680687708465,3.10355051799894,0.00548456396534187,0.00820622387529298,-2.1278559630204
3309,"Q9Y3B2|EXOS1_HUMAN","Exosome complex component CSL4 OS=Homo sapiens OX=9606 GN=EXOSC1 PE=1 SV=1",4.12078559727204,5.01724503784281,3.0163113765963,0.00669117045097627,0.00983995654555334,-2.30056417462026
3310,"P13762|DRB4_HUMAN","HLA class II histocompatibility antigen, DR beta 4 chain OS=Homo sapiens OX=9606 GN=HLA-DRB4 PE=1 SV=2",0.310021669298226,8.3062050203728,0.173578265333155,0.865426448332776,0.870400163553079,-5.89612404712612
3313,"Q9NRL3|STRN4_HUMAN","Striatin-4 OS=Homo sapiens OX=9606 GN=STRN4 PE=1 SV=2",3.5209124569598,4.71730846768668,2.39279919606184,0.0263880667612502,0.0345203737136437,-3.47724984915161
3314,"O15405|TOX3_HUMAN","TOX high mobility group box family member 3 OS=Homo sapiens OX=9606 GN=TOX3 PE=1 SV=2",3.63106584952791,4.77238516397074,2.41310338312341,0.0252772302469183,0.0333050432753714,-3.44092911884062
3314,"O94842|TOX4_HUMAN","TOX high mobility group box family member 4 OS=Homo sapiens OX=9606 GN=TOX4 PE=1 SV=1",3.63106584952791,4.77238516397074,2.41310338312341,0.0252772302469183,0.0333050432753714,-3.44092911884062
3314,"O94900|TOX_HUMAN","Thymocyte selection-associated high mobility group box protein TOX OS=Homo sapiens OX=9606 GN=TOX PE=1 SV=3",3.63106584952791,4.77238516397074,2.41310338312341,0.0252772302469183,0.0333050432753714,-3.44092911884062
3315,"Q9HAS0|NJMU_HUMAN","Protein Njmu-R1 OS=Homo sapiens OX=9606 GN=C17orf75 PE=1 SV=2",2.17671438413989,4.04520943127673,1.71667701896924,0.101106675348934,0.114320323081761,-4.57800578018576
3316,"Q8WYH8|ING5_HUMAN","Inhibitor of growth protein 5 OS=Homo sapiens OX=9606 GN=ING5 PE=1 SV=1",6.10232201046887,6.00801324444122,3.8011217651471,0.00108008451062894,0.00190312373726381,-0.707838342073442
3316,"Q9UNL4|ING4_HUMAN","Inhibitor of growth protein 4 OS=Homo sapiens OX=9606 GN=ING4 PE=1 SV=1",6.01077953416033,5.96224200628695,3.75989623181534,0.00119030391115248,0.0020849272329104,-0.792968167462278
3317,"Q9ULT8|HECD1_HUMAN","E3 ubiquitin-protein ligase HECTD1 OS=Homo sapiens OX=9606 GN=HECTD1 PE=1 SV=3",3.09501357608992,4.50435902725174,2.2757417456162,0.0337234456966189,0.0422228507095879,-3.68342044097142
3318,"Q9HA64|KT3K_HUMAN","Ketosamine-3-kinase OS=Homo sapiens OX=9606 GN=FN3KRP PE=1 SV=2",3.349019140051,4.63136180923228,2.35393675591315,0.0286414612305437,0.0369536279281478,-3.54631641079923
3319,"P11234|RALB_HUMAN","Ras-related protein Ral-B OS=Homo sapiens OX=9606 GN=RALB PE=1 SV=1",2.18411863039087,4.04891155440222,1.72420507392797,0.0997145672129767,0.113078375189974,-4.56710247890097
3320,"Q9UFG5|CS025_HUMAN","UPF0449 protein C19orf25 OS=Homo sapiens OX=9606 GN=C19orf25 PE=1 SV=2",4.57174993895773,5.24272720868565,3.0626394008957,0.00602160709657022,0.00893034950762532,-2.20903768033092
3322,"Q9P2W9|STX18_HUMAN","Syntaxin-18 OS=Homo sapiens OX=9606 GN=STX18 PE=1 SV=1",3.11046501789187,4.51208474815272,2.26606396026564,0.0344070435483055,0.0429628269427897,-3.70021011482141
3323,"O00483|NDUA4_HUMAN","Cytochrome c oxidase subunit NDUFA4 OS=Homo sapiens OX=9606 GN=NDUFA4 PE=1 SV=1",10.4518976534727,8.18280106594314,19.5950674939219,9.3984590317549e-15,9.16052336006491e-14,16.982756865468
3324,"Q9NV31|IMP3_HUMAN","U3 small nucleolar ribonucleoprotein protein IMP3 OS=Homo sapiens OX=9606 GN=IMP3 PE=1 SV=1",8.64409297712732,7.27889872777044,13.3947741872555,1.32369918363031e-11,5.36446511260706e-11,13.3284087982473
3325,"P49458|SRP09_HUMAN","Signal recognition particle 9 kDa protein OS=Homo sapiens OX=9606 GN=SRP9 PE=1 SV=2",10.7305693911531,8.32213693478335,19.283977705874,1.28400707114692e-14,1.19118728287124e-13,16.8524305137796
3327,"P29084|T2EB_HUMAN","Transcription initiation factor IIE subunit beta OS=Homo sapiens OX=9606 GN=GTF2E2 PE=1 SV=1",4.13665671235984,5.0251805953867,2.8412311013073,0.00992964725873488,0.0141964112129808,-2.64214017669802
3328,"Q969M3|YIPF5_HUMAN","Protein YIPF5 OS=Homo sapiens OX=9606 GN=YIPF5 PE=1 SV=1",5.89381431684483,5.9037593976292,4.24613967520677,0.0003772504089153,0.000700633899818574,0.213244809587724
3329,"P98171|RHG04_HUMAN","Rho GTPase-activating protein 4 OS=Homo sapiens OX=9606 GN=ARHGAP4 PE=1 SV=2",2.56485563941992,4.23928005891674,2.08960901151483,0.0493090800019885,0.0596793329165847,-3.99895575359401
3330,"Q86U28|ISCA2_HUMAN","Iron-sulfur cluster assembly 2 homolog, mitochondrial OS=Homo sapiens OX=9606 GN=ISCA2 PE=1 SV=2",5.03606517820028,5.47488482830692,3.26953550002907,0.00374429318711343,0.00580335296714441,-1.79540883436531
3332,"Q9BUH6|PAXX_HUMAN","Protein PAXX OS=Homo sapiens OX=9606 GN=PAXX PE=1 SV=2",4.10623682158417,5.00997064999887,2.91863849262634,0.00834585665840379,0.0120749899041167,-2.49201044191735
3336,"Q9Y2Q9|RT28_HUMAN","28S ribosomal protein S28, mitochondrial OS=Homo sapiens OX=9606 GN=MRPS28 PE=1 SV=1",6.2543676975773,6.08403608799544,4.48850628660458,0.000212771819141701,0.000412680858284912,0.713512172719721
3337,"P52435|RPB11_HUMAN","DNA-directed RNA polymerase II subunit RPB11-a OS=Homo sapiens OX=9606 GN=POLR2J PE=1 SV=1",5.01845306920778,5.46607877381067,3.40321124760339,0.00274592893913509,0.00443263162082603,-1.52462472386973
3337,"Q9H1A7|RPB1C_HUMAN","DNA-directed RNA polymerase II subunit RPB11-b2 OS=Homo sapiens OX=9606 GN=POLR2J3 PE=1 SV=1",5.01845306920778,5.46607877381067,3.40321124760339,0.00274592893913509,0.00443263162082603,-1.52462472386973
3337,"Q9GZM3|RPB1B_HUMAN","DNA-directed RNA polymerase II subunit RPB11-b1 OS=Homo sapiens OX=9606 GN=POLR2J2 PE=1 SV=2",5.01845306920778,5.46607877381067,3.40321124760339,0.00274592893913509,0.00443263162082603,-1.52462472386973
3338,"P61077|UB2D3_HUMAN","Ubiquitin-conjugating enzyme E2 D3 OS=Homo sapiens OX=9606 GN=UBE2D3 PE=1 SV=1",2.17355292983847,4.04362870412602,1.64813754254681,0.11456224259662,0.125231298693068,-4.67565859683682
3338,"P62837|UB2D2_HUMAN","Ubiquitin-conjugating enzyme E2 D2 OS=Homo sapiens OX=9606 GN=UBE2D2 PE=1 SV=1",2.17355292983847,4.04362870412602,1.64813754254681,0.11456224259662,0.125231298693068,-4.67565859683682
3339,"Q9BRG1|VPS25_HUMAN","Vacuolar protein-sorting-associated protein 25 OS=Homo sapiens OX=9606 GN=VPS25 PE=1 SV=1",3.7230279471772,4.81836621279538,2.44686571103776,0.0235258357220539,0.0314167421192881,-3.38018433281001
3340,"O75506|HSBP1_HUMAN","Heat shock factor-binding protein 1 OS=Homo sapiens OX=9606 GN=HSBP1 PE=1 SV=1",5.39054266764447,5.65212357302902,3.43986667793314,0.00252117444512221,0.00411467639411637,-1.44997696780953
3341,"Q9HCN4|GPN1_HUMAN","GPN-loop GTPase 1 OS=Homo sapiens OX=9606 GN=GPN1 PE=1 SV=1",4.06388652395006,4.98879550118181,2.87349387254909,0.00923737453145119,0.0132727266552646,-2.57974800896221
3345,"O75674|TM1L1_HUMAN","TOM1-like protein 1 OS=Homo sapiens OX=9606 GN=TOM1L1 PE=1 SV=2",5.32014211453727,5.61692329647542,3.37935299504119,0.0029026465241339,0.00463816486448019,-1.57312570785722
3346,"Q5J8M3|EMC4_HUMAN","ER membrane protein complex subunit 4 OS=Homo sapiens OX=9606 GN=EMC4 PE=1 SV=2",7.09700743514927,6.50535595678142,5.21122705645485,3.92249760055616e-05,8.54163787451425e-05,2.18013944146192
3347,"Q96RQ3|MCCA_HUMAN","Methylcrotonoyl-CoA carboxylase subunit alpha, mitochondrial OS=Homo sapiens OX=9606 GN=MCCC1 PE=1 SV=3",3.39812921570991,4.65591684706174,2.37086570767814,0.0276388070209154,0.035899264751555,-3.51630394619254
3348,"P41208|CETN2_HUMAN","Centrin-2 OS=Homo sapiens OX=9606 GN=CETN2 PE=1 SV=1",6.99157697678765,6.45264072760061,5.32782363116536,2.99699670491993e-05,6.65423143825935e-05,2.41163957323446
3350,"Q9UI09|NDUAC_HUMAN","NADH dehydrogenase [ubiquinone] 1 alpha subcomplex subunit 12 OS=Homo sapiens OX=9606 GN=NDUFA12 PE=1 SV=1",5.69942601343955,5.80656524592656,4.28602782741154,0.000343289592193856,0.000641584917449682,0.295733816429559
3351,"P01130|LDLR_HUMAN","Low-density lipoprotein receptor OS=Homo sapiens OX=9606 GN=LDLR PE=1 SV=1",2.5205042512485,4.21710436483103,1.73986242495274,0.0968717010622928,0.110550441032552,-4.54431433803871
3352,"O60613|SEP15_HUMAN","Selenoprotein F OS=Homo sapiens OX=9606 GN=SELENOF PE=1 SV=4",9.30626613383843,7.609985306126,15.6374892739675,7.2606637621542e-13,3.78261914537127e-12,14.9497619778768
3353,"P62070|RRAS2_HUMAN","Ras-related protein R-Ras2 OS=Homo sapiens OX=9606 GN=RRAS2 PE=1 SV=1",6.04095434581734,5.97732941211545,5.04255891367342,5.80154954942017e-05,0.000122523125426592,1.84239900195589
3355,"Q8IY95|TM192_HUMAN","Transmembrane protein 192 OS=Homo sapiens OX=9606 GN=TMEM192 PE=1 SV=1",4.76876793307731,5.34123620574544,2.68848011904223,0.0139356046618606,0.0196671839985936,-2.93373554005723
3356,"O95466|FMNL1_HUMAN","Formin-like protein 1 OS=Homo sapiens OX=9606 GN=FMNL1 PE=1 SV=3",1.90142484332983,3.9075646608717,1.54811013859751,0.136891115723438,0.145669097715654,-4.81278213841152
3357,"P63172|DYLT1_HUMAN","Dynein light chain Tctex-type 1 OS=Homo sapiens OX=9606 GN=DYNLT1 PE=1 SV=1",8.91691390883424,7.4153091936239,11.7289860236427,1.49173845414248e-10,5.10052668601113e-10,11.8177154338646
3358,"Q96GC9|VMP1_HUMAN","Vacuole membrane protein 1 OS=Homo sapiens OX=9606 GN=VMP1 PE=1 SV=1",2.60801765944869,4.26086106893113,1.81651708593026,0.0839387614074307,0.0980474003090437,-4.4306299479293
3359,"Q96DM3|RMC1_HUMAN","Regulator of MON1-CCZ1 complex OS=Homo sapiens OX=9606 GN=RMC1 PE=1 SV=2",1.76073603928422,3.83722025884889,1.37706915507552,0.183338753715631,0.191133008883071,-5.03157166973287
3360,"Q8N983|RM43_HUMAN","39S ribosomal protein L43, mitochondrial OS=Homo sapiens OX=9606 GN=MRPL43 PE=1 SV=1",6.58549705139089,6.24960076490223,4.96952943839637,6.87778771155084e-05,0.000142977768301678,1.6951913078834
3363,"Q9H5Q4|TFB2M_HUMAN","Dimethyladenosine transferase 2, mitochondrial OS=Homo sapiens OX=9606 GN=TFB2M PE=1 SV=1",3.50514366339008,4.70942407090182,2.39811849062138,0.0260927501289335,0.0342156294265647,-3.46775001219607
3364,"Q69YN2|C19L1_HUMAN","CWF19-like protein 1 OS=Homo sapiens OX=9606 GN=CWF19L1 PE=1 SV=2",2.57322184039337,4.24346315940347,1.74602052346123,0.0957728129057,0.109544067049003,-4.53531091398895
3366,"Q96GW9|SYMM_HUMAN","Methionine--tRNA ligase, mitochondrial OS=Homo sapiens OX=9606 GN=MARS2 PE=1 SV=2",4.24726193697105,5.08048320769231,2.57152214892485,0.0179930487200757,0.0250264586605099,-3.15230268561848
3370,"P61244|MAX_HUMAN","Protein max OS=Homo sapiens OX=9606 GN=MAX PE=1 SV=1",5.42840648215262,5.67105548028309,4.06532363502562,0.000578617398371694,0.00105327516961278,-0.161086353022336
3371,"Q86UV5|UBP48_HUMAN","Ubiquitin carboxyl-terminal hydrolase 48 OS=Homo sapiens OX=9606 GN=USP48 PE=1 SV=1",6.02770314834951,5.97070381338154,4.34410331034354,0.00029924754455207,0.000562825132645563,0.415741528967031
3372,"P52926|HMGA2_HUMAN","High mobility group protein HMGI-C OS=Homo sapiens OX=9606 GN=HMGA2 PE=1 SV=1",2.30633125852993,4.11001786847175,1.92495515241969,0.0682193767117996,0.0813393001983365,-4.26402219935584
3373,"Q8WYA0|IFT81_HUMAN","Intraflagellar transport protein 81 homolog OS=Homo sapiens OX=9606 GN=IFT81 PE=1 SV=1",2.25130512425822,4.08250480133589,1.74944582795429,0.0951662321185728,0.109044640969198,-4.53029304784597
3374,"Q86TG7|PEG10_HUMAN","Retrotransposon-derived protein PEG10 OS=Homo sapiens OX=9606 GN=PEG10 PE=1 SV=2",5.87876064644085,5.89623256242721,4.34616167554661,0.000297795167146011,0.000560367250005936,0.419992669501228
3375,"Q9HC52|CBX8_HUMAN","Chromobox protein homolog 8 OS=Homo sapiens OX=9606 GN=CBX8 PE=1 SV=3",2.98065810136001,4.44718128988679,2.24113256171519,0.0362270379027835,0.0449191935348524,-3.74327597868571
3377,"Q53GS7|GLE1_HUMAN","Nucleoporin GLE1 OS=Homo sapiens OX=9606 GN=GLE1 PE=1 SV=2",2.26871796265988,4.09121122053672,1.75161113267941,0.0947844897167731,0.108736676224546,-4.52711735823392
3379,"Q16563|SYPL1_HUMAN","Synaptophysin-like protein 1 OS=Homo sapiens OX=9606 GN=SYPL1 PE=1 SV=1",-2.63973912327571,10.8193996377496,-1.35770962209039,0.201374914170855,0.209312478282342,-5.05369543775151
3380,"Q14061|COX17_HUMAN","Cytochrome c oxidase copper chaperone OS=Homo sapiens OX=9606 GN=COX17 PE=1 SV=2",9.76972295217356,7.84171371529357,17.2879373576706,1.06582395827481e-13,7.02640794410619e-13,15.9052466816434
3381,"Q96EY4|TMA16_HUMAN","Translation machinery-associated protein 16 OS=Homo sapiens OX=9606 GN=TMA16 PE=1 SV=2",5.05383589830271,5.48377018835814,3.27898217138424,0.00366339579684607,0.00568483426757653,-1.77635427746628
3383,"Q13542|4EBP2_HUMAN","Eukaryotic translation initiation factor 4E-binding protein 2 OS=Homo sapiens OX=9606 GN=EIF4EBP2 PE=1 SV=1",2.96997478814432,6.52138320258557,1.90034586501061,0.0720836309292926,0.0856813766834753,-4.30462830349413
3385,"Q9BRQ6|MIC25_HUMAN","MICOS complex subunit MIC25 OS=Homo sapiens OX=9606 GN=CHCHD6 PE=1 SV=1",4.03664297743446,4.97517372792402,2.88898671883224,0.00892159870976634,0.012869297501911,-2.54969400204504
3387,"Q9NX31|OSER1_HUMAN","Oxidative stress-responsive serine-rich protein 1 OS=Homo sapiens OX=9606 GN=OSER1 PE=1 SV=2",3.26933377754917,4.59151912798137,2.33559398369086,0.0297657388605583,0.0380851095424225,-3.57870487327605
3389,"O94763|RMP_HUMAN","Unconventional prefoldin RPB5 interactor 1 OS=Homo sapiens OX=9606 GN=URI1 PE=1 SV=3",2.56178642574462,4.23774545207909,1.74984667389915,0.0950954635235475,0.108995991237171,-4.52970537021668
3390,"Q8WTV0|SCRB1_HUMAN","Scavenger receptor class B member 1 OS=Homo sapiens OX=9606 GN=SCARB1 PE=1 SV=1",6.13419724103095,6.02395085972226,4.38297212012388,0.000272984513739468,0.000518239831310135,0.495987959180517
3394,"Q96ND0|F210A_HUMAN","Protein FAM210A OS=Homo sapiens OX=9606 GN=FAM210A PE=1 SV=2",2.16313215276242,4.03841831558799,1.72042885508789,0.100410810245099,0.113700476306951,-4.57257612362655
3395,"Q5VTL8|PR38B_HUMAN","Pre-mRNA-splicing factor 38B OS=Homo sapiens OX=9606 GN=PRPF38B PE=1 SV=1",3.33185087246665,4.62277767544011,2.34196339001704,0.0293708015896257,0.0377176738225681,-3.56747369226877
3396,"A6NDU8|CE051_HUMAN","UPF0600 protein C5orf51 OS=Homo sapiens OX=9606 GN=C5orf51 PE=1 SV=1",5.1979936799283,5.55584907917093,3.45101743892785,0.00245645604151272,0.00402783465069164,-1.42723848901351
3398,"P60903|S10AA_HUMAN","Protein S100-A10 OS=Homo sapiens OX=9606 GN=S100A10 PE=1 SV=2",9.68196359124486,7.79783403482921,5.37407231661295,0.000230611892908445,0.000443484409439318,0.760849990890155
3399,"Q9BVC5|ASHWN_HUMAN","Ashwin OS=Homo sapiens OX=9606 GN=C2orf49 PE=1 SV=1",4.4457024269599,5.17970345268673,3.03659515016186,0.00638961167853029,0.0094289018636802,-2.26054551198752
3401,"Q9NSA3|CNBP1_HUMAN","Beta-catenin-interacting protein 1 OS=Homo sapiens OX=9606 GN=CTNNBIP1 PE=1 SV=1",5.39335320838937,5.65352884340147,3.56272176308716,0.00189185521994092,0.00319878901922377,-1.1987500031814
3409,"P55039|DRG2_HUMAN","Developmentally-regulated GTP-binding protein 2 OS=Homo sapiens OX=9606 GN=DRG2 PE=1 SV=1",6.16444888043626,6.03907667942491,4.59762072537303,0.000164512222977294,0.00032445685251403,0.937754149445071
3410,"Q9UJ41|RABX5_HUMAN","Rab5 GDP/GTP exchange factor OS=Homo sapiens OX=9606 GN=RABGEF1 PE=1 SV=3",2.63899379451011,4.27634913646184,1.85148540986018,0.0785552845273806,0.0926698708427233,-4.37762814811899
3411,"Q9BQC3|DPH2_HUMAN","2-(3-amino-3-carboxypropyl)histidine synthase subunit 2 OS=Homo sapiens OX=9606 GN=DPH2 PE=1 SV=1",1.86655424346546,3.89012936093951,1.54898653500666,0.136680797462602,0.145485504625662,-4.81160930960448
3412,"C9JLW8|MCRI1_HUMAN","Mapk-regulated corepressor-interacting protein 1 OS=Homo sapiens OX=9606 GN=MCRIP1 PE=1 SV=1",4.1441304104612,5.02891744443738,2.56091107399826,0.0184116686429721,0.0255003129409785,-3.17191209399252
3413,"O95219|SNX4_HUMAN","Sorting nexin-4 OS=Homo sapiens OX=9606 GN=SNX4 PE=1 SV=1",2.0951128335579,4.00440865598573,1.62458941280138,0.119522092124749,0.129768768945371,-4.70852483471777
3415,"Q01970|PLCB3_HUMAN","1-phosphatidylinositol 4,5-bisphosphate phosphodiesterase beta-3 OS=Homo sapiens OX=9606 GN=PLCB3 PE=1 SV=2",3.68535469974044,4.799529589077,2.42697376244165,0.0245435314859867,0.0325499814746981,-3.4160260651581
3417,"P16220|CREB1_HUMAN","Cyclic AMP-responsive element-binding protein 1 OS=Homo sapiens OX=9606 GN=CREB1 PE=1 SV=3",7.03479773603639,6.47425110722498,7.45243446072608,2.92493716572845e-07,7.69194541533778e-07,6.26853815568079
3418,"#CONTAM#NEDD8_HUMAN|",">sp|NEDD8_HUMAN|",9.60499850701083,7.7593514927122,12.4315915204049,5.2079793605771e-11,1.91872923810735e-10,12.4912779501587
3418,"Q15843|NEDD8_HUMAN","NEDD8 OS=Homo sapiens OX=9606 GN=NEDD8 PE=1 SV=1",9.60499850701083,7.7593514927122,12.4315915204049,5.2079793605771e-11,1.91872923810735e-10,12.4912779501587
3419,"Q6SJ93|F111B_HUMAN","Protein FAM111B OS=Homo sapiens OX=9606 GN=FAM111B PE=1 SV=1",2.87747299664828,4.39558873753092,2.2166635550304,0.038098543845429,0.0469674651952936,-3.78527757146457
3420,"P06241|FYN_HUMAN","Tyrosine-protein kinase Fyn OS=Homo sapiens OX=9606 GN=FYN PE=1 SV=3",2.14206866502436,4.02788657171896,1.68924286979004,0.106321368560667,0.118573232135949,-4.61744493674303
3423,"Q8NB16|MLKL_HUMAN","Mixed lineage kinase domain-like protein OS=Homo sapiens OX=9606 GN=MLKL PE=1 SV=1",3.43037267727352,4.67203857784354,2.3699868508978,0.0276900492181204,0.0359429162136762,-3.51786484540228
3424,"P60983|GMFB_HUMAN","Glia maturation factor beta OS=Homo sapiens OX=9606 GN=GMFB PE=1 SV=2",8.11719817295572,7.01545132568464,9.97186282110891,2.58446686628692e-09,7.79796037241742e-09,9.86572640520737
3426,"Q8NEF9|SRFB1_HUMAN","Serum response factor-binding protein 1 OS=Homo sapiens OX=9606 GN=SRFBP1 PE=1 SV=1",4.10607528396826,5.00988988119091,2.92638415148353,0.00820143813861878,0.0118794344746736,-2.47690767888361
3427,"P56385|ATP5I_HUMAN","ATP synthase subunit e, mitochondrial OS=Homo sapiens OX=9606 GN=ATP5ME PE=1 SV=2",9.42425225253578,7.66897836547467,16.4228117756698,2.85392594516827e-13,1.62779479835524e-12,15.4263344255643
3428,"O14802|RPC1_HUMAN","DNA-directed RNA polymerase III subunit RPC1 OS=Homo sapiens OX=9606 GN=POLR3A PE=1 SV=2",3.18549626076976,4.54960036959166,2.30651041376118,0.0316321099317197,0.039994621752749,-3.62977582586418
3429,"Q86W50|MET16_HUMAN","RNA N6-adenosine-methyltransferase METTL16 OS=Homo sapiens OX=9606 GN=METTL16 PE=1 SV=2",4.18671074681488,5.85406736497871,2.75753966272887,0.0119640302161438,0.0169968694952597,-2.80271341488189
3431,"Q8TA86|RP9_HUMAN","Retinitis pigmentosa 9 protein OS=Homo sapiens OX=9606 GN=RP9 PE=1 SV=2",1.62080790490329,3.76725619165843,1.49003181882377,0.151437105490126,0.159647550968507,-4.8893490142059
3435,"Q9P2J9|PDP2_HUMAN","[Pyruvate dehydrogenase [acetyl-transferring]]-phosphatase 2, mitochondrial OS=Homo sapiens OX=9606 GN=PDP2 PE=2 SV=2",-4.42732614980806,8.75499810474466,-1.35867029134688,0.203143104317364,0.211036414360996,-5.05230860319538
3436,"P28068|DMB_HUMAN","HLA class II histocompatibility antigen, DM beta chain OS=Homo sapiens OX=9606 GN=HLA-DMB PE=1 SV=1",1.57917264771672,9.54345995776224,1.19127082225892,0.256899029280904,0.265377317609735,-5.23970159051462
3439,"Q6NUQ1|RINT1_HUMAN","RAD50-interacting protein 1 OS=Homo sapiens OX=9606 GN=RINT1 PE=1 SV=1",3.06872921699473,4.49121684770415,2.26612136110271,0.0344029517832733,0.0429628269427897,-3.70011065079426
3440,"Q9UBD5|ORC3_HUMAN","Origin recognition complex subunit 3 OS=Homo sapiens OX=9606 GN=ORC3 PE=1 SV=1",2.50848697670463,4.2110957275591,1.73729343609899,0.097333318622559,0.110933474451407,-4.54806353265447
3442,"Q9ULV3|CIZ1_HUMAN","Cip1-interacting zinc finger protein OS=Homo sapiens OX=9606 GN=CIZ1 PE=1 SV=2",1.52108978491723,3.7173971316654,1.40076321045397,0.17623600615154,0.184177150836979,-5.00249034755101
3444,"O95571|ETHE1_HUMAN","Persulfide dioxygenase ETHE1, mitochondrial OS=Homo sapiens OX=9606 GN=ETHE1 PE=1 SV=2",2.16287535764245,4.03828991802801,1.63909104128929,0.116446720311612,0.126859047311745,-4.68832680602435
3446,"Q9BRP1|PDD2L_HUMAN","Programmed cell death protein 2-like OS=Homo sapiens OX=9606 GN=PDCD2L PE=1 SV=1",3.13306272990389,4.52338360415873,2.28777822433444,0.0328906451100409,0.0413145134334935,-3.66248281795688
3447,"Q9UHB7|AFF4_HUMAN","AF4/FMR2 family member 4 OS=Homo sapiens OX=9606 GN=AFF4 PE=1 SV=1",3.34915150159305,4.63142799000331,2.36011618740456,0.0282716349273993,0.0365435533348243,-3.53537452726069
3448,"Q71UM5|RS27L_HUMAN","40S ribosomal protein S27-like OS=Homo sapiens OX=9606 GN=RPS27L PE=1 SV=3",3.73280307382543,4.8232537761195,2.43422642403189,0.0241678222737615,0.0321958878041459,-3.4029753657115
3449,"Q9BQ61|TRIR_HUMAN","Telomerase RNA component interacting RNase OS=Homo sapiens OX=9606 GN=TRIR PE=1 SV=1",4.74844127651296,5.33107287746326,3.18904889296959,0.00450791229628959,0.0068734504319663,-1.95719454908006
3450,"Q96GC5|RM48_HUMAN","39S ribosomal protein L48, mitochondrial OS=Homo sapiens OX=9606 GN=MRPL48 PE=1 SV=2",8.12490867711149,7.01930657776253,10.8226788117151,6.23152556632004e-10,1.97459863624133e-09,10.861702672503
3451,"P52298|NCBP2_HUMAN","Nuclear cap-binding protein subunit 2 OS=Homo sapiens OX=9606 GN=NCBP2 PE=1 SV=1",6.94540104873815,6.42955276357586,6.45579910591063,2.39143836751677e-06,6.0612493185909e-06,4.55118814342823
3452,"O95905|ECD_HUMAN","Protein ecdysoneless homolog OS=Homo sapiens OX=9606 GN=ECD PE=1 SV=1",6.09264803092427,6.00317625466892,4.50746186981324,0.000203466095781714,0.000395628519575554,0.752520237175588
3457,"Q96AB3|ISOC2_HUMAN","Isochorismatase domain-containing protein 2 OS=Homo sapiens OX=9606 GN=ISOC2 PE=1 SV=1",-0.731363583178057,8.66037432768889,-0.246256830321655,0.810295468563073,0.817729371944386,-5.88062317669281
3459,"Q9UBV8|PEF1_HUMAN","Peflin OS=Homo sapiens OX=9606 GN=PEF1 PE=1 SV=1",7.15449898212968,6.53410173027162,4.96855597880338,6.89342518918124e-05,0.00014322550986696,1.69322531913022
3460,"Q96GD4|AURKB_HUMAN","Aurora kinase B OS=Homo sapiens OX=9606 GN=AURKB PE=1 SV=3",5.39606862532409,5.65488655186883,3.89219610350169,0.000871198893087101,0.00155499107018328,-0.519537317224246
3461,"Q9ULC3|RAB23_HUMAN","Ras-related protein Rab-23 OS=Homo sapiens OX=9606 GN=RAB23 PE=1 SV=1",2.04731188039067,3.98050817940212,1.66658300288441,0.110799662184166,0.122123876154892,-4.64966757976805
3463,"O43709|BUD23_HUMAN","Probable 18S rRNA (guanine-N(7))-methyltransferase OS=Homo sapiens OX=9606 GN=BUD23 PE=1 SV=2",4.14611530400624,5.0299098912099,2.53105107441171,0.0196393022693785,0.0269271060317334,-3.22688768676177
3464,"Q9Y3D3|RT16_HUMAN","28S ribosomal protein S16, mitochondrial OS=Homo sapiens OX=9606 GN=MRPS16 PE=1 SV=1",2.46788057941238,4.19079252891297,1.71786498975821,0.100885893474419,0.11418358268171,-4.57628748244188
3465,"Q96HR8|NAF1_HUMAN","H/ACA ribonucleoprotein complex non-core subunit NAF1 OS=Homo sapiens OX=9606 GN=NAF1 PE=1 SV=2",4.63270787177066,5.27320617509211,3.06968001107795,0.00592569456566271,0.00880166823989253,-2.19509000432025
3466,"Q9BZF9|UACA_HUMAN","Uveal autoantigen with coiled-coil domains and ankyrin repeats OS=Homo sapiens OX=9606 GN=UACA PE=1 SV=2",3.31701339265627,4.61535893553492,2.35124624528693,0.0288038763241874,0.0371258533137334,-3.55107567524867
3469,"Q9H3H3|CK068_HUMAN","UPF0696 protein C11orf68 OS=Homo sapiens OX=9606 GN=C11orf68 PE=1 SV=3",5.29507203389022,5.60438825615189,3.50789835887976,0.00215087697550979,0.00358014541967691,-1.31104226367903
3470,"O00488|ZN593_HUMAN","Zinc finger protein 593 OS=Homo sapiens OX=9606 GN=ZNF593 PE=1 SV=2",4.35633080243819,5.13501764042588,3.09981753015328,0.00553157825335598,0.00827051505841574,-2.13527688780864
3471,"O00115|DNS2A_HUMAN","Deoxyribonuclease-2-alpha OS=Homo sapiens OX=9606 GN=DNASE2 PE=1 SV=2",6.2582671339586,6.08598580618608,4.64934965063311,0.00014565128059571,0.000289946964991461,1.04378693696351
3472,"Q9Y4Y9|LSM5_HUMAN","U6 snRNA-associated Sm-like protein LSm5 OS=Homo sapiens OX=9606 GN=LSM5 PE=1 SV=3",0.13844376947555,10.46323290366,0.0987082104268706,0.922893992705407,0.925056462357671,-5.90651358698104
3473,"Q92759|TF2H4_HUMAN","General transcription factor IIH subunit 4 OS=Homo sapiens OX=9606 GN=GTF2H4 PE=1 SV=1",2.21734652602222,4.06552550221789,1.66306900795355,0.111508275191542,0.122801371376051,-4.65463565129176
3474,"P08962|CD63_HUMAN","CD63 antigen OS=Homo sapiens OX=9606 GN=CD63 PE=1 SV=2",9.65588517614346,7.78479482727851,14.4034553025594,3.42466193489691e-12,1.54752916072219e-11,14.1096438178494
3475,"Q9Y5Y2|NUBP2_HUMAN","Cytosolic Fe-S cluster assembly factor NUBP2 OS=Homo sapiens OX=9606 GN=NUBP2 PE=1 SV=1",4.4309754851771,5.17233998179533,2.62805580582846,0.0159096186200879,0.0222815684566527,-3.04719883913223
3479,"Q86WX3|AROS_HUMAN","Active regulator of SIRT1 OS=Homo sapiens OX=9606 GN=RPS19BP1 PE=1 SV=1",2.42070879766914,4.16720663804135,1.75779191015725,0.0937020632577263,0.107719600938264,-4.51803696611921
3481,"Q86UE8|TLK2_HUMAN","Serine/threonine-protein kinase tousled-like 2 OS=Homo sapiens OX=9606 GN=TLK2 PE=1 SV=2",2.09052972524133,4.00211710182745,1.68787592769393,0.106587084856704,0.118738505989094,-4.61939784595091
3482,"Q92879|CELF1_HUMAN","CUGBP Elav-like family member 1 OS=Homo sapiens OX=9606 GN=CELF1 PE=1 SV=2",7.74789780937075,6.83080114389216,5.96419617659503,7.06877628155435e-06,1.74902240899642e-05,3.64259384557056
3483,"Q14554|PDIA5_HUMAN","Protein disulfide-isomerase A5 OS=Homo sapiens OX=9606 GN=PDIA5 PE=1 SV=1",5.6513210844507,5.78251278143213,4.28641903716025,0.000342972162560814,0.00064130297516228,0.296542603700741
3484,"Q15121|PEA15_HUMAN","Astrocytic phosphoprotein PEA-15 OS=Homo sapiens OX=9606 GN=PEA15 PE=1 SV=2",7.10562524114425,6.50966485977891,7.61247411646906,2.11328086985925e-07,5.60725799376852e-07,6.52835765873908
3485,"P27448|MARK3_HUMAN","MAP/microtubule affinity-regulating kinase 3 OS=Homo sapiens OX=9606 GN=MARK3 PE=1 SV=5",1.89477924304674,3.90424186073016,1.55924240200376,0.134239439211606,0.143203613456548,-4.79784638324536
3486,"Q8WVC0|LEO1_HUMAN","RNA polymerase-associated protein LEO1 OS=Homo sapiens OX=9606 GN=LEO1 PE=1 SV=1",7.38612147314588,6.64991297577972,5.65348974347102,1.42324095015617e-05,3.34318343996415e-05,3.04882265837938
3487,"Q9Y5P4|CERT_HUMAN","Ceramide transfer protein OS=Homo sapiens OX=9606 GN=CERT1 PE=1 SV=1",2.09425924542523,4.0039818619194,1.60838076499026,0.12304007249646,0.132988287229469,-4.73094010772099
3490,"Q9Y3D6|FIS1_HUMAN","Mitochondrial fission 1 protein OS=Homo sapiens OX=9606 GN=FIS1 PE=1 SV=2",5.49610208853552,5.70490328347454,3.55679377913872,0.00191831103522557,0.00323641432323332,-1.21090513490324
3492,"Q9UGM6|SYWM_HUMAN","Tryptophan--tRNA ligase, mitochondrial OS=Homo sapiens OX=9606 GN=WARS2 PE=1 SV=1",3.60890367199857,4.76130407520607,2.41793887860098,0.0250191640607398,0.0330328469251879,-3.43225576765493
3493,"Q8NBM4|UBAC2_HUMAN","Ubiquitin-associated domain-containing protein 2 OS=Homo sapiens OX=9606 GN=UBAC2 PE=1 SV=1",7.02067568132326,6.46719007986842,5.20311089781985,3.99685215118746e-05,8.67411543521517e-05,2.16396316462019
3494,"Q92542|NICA_HUMAN","Nicastrin OS=Homo sapiens OX=9606 GN=NCSTN PE=1 SV=2",3.5276233290946,4.72066390375408,2.36191269727621,0.0281649491653473,0.0364242708386252,-3.53219057941367
3496,"Q6GMV2|SMYD5_HUMAN","SET and MYND domain-containing protein 5 OS=Homo sapiens OX=9606 GN=SMYD5 PE=1 SV=2",2.43795009341399,4.17582728591378,1.71630509103332,0.101175882293302,0.114363531643447,-4.57854356408754
3500,"P54252|ATX3_HUMAN","Ataxin-3 OS=Homo sapiens OX=9606 GN=ATXN3 PE=1 SV=5",2.78459600861708,4.34915024351532,2.13343232599324,0.0451433898649523,0.0548617585164351,-3.92611212005967
3502,"O95251|KAT7_HUMAN","Histone acetyltransferase KAT7 OS=Homo sapiens OX=9606 GN=KAT7 PE=1 SV=1",2.33130453465601,4.12250450653479,1.76144560582901,0.0930672202051958,0.107117727291481,-4.51265841647419
3504,"Q96FF9|CDCA5_HUMAN","Sororin OS=Homo sapiens OX=9606 GN=CDCA5 PE=1 SV=1",1.46136122867303,3.6875328535433,1.35917355679697,0.188852894784954,0.196828274207383,-5.05326711667596
3505,"Q8N8N7|PTGR2_HUMAN","Prostaglandin reductase 2 OS=Homo sapiens OX=9606 GN=PTGR2 PE=1 SV=1",5.21018830455451,5.56194639148404,3.3436136584434,0.00315391704924007,0.00497646747523535,-1.64564567643093
3508,"O95352|ATG7_HUMAN","Ubiquitin-like modifier-activating enzyme ATG7 OS=Homo sapiens OX=9606 GN=ATG7 PE=1 SV=1",2.57936007447682,4.24653227644519,1.84087495078668,0.0801560203622199,0.0942288705461382,-4.3937846268637
3509,"Q9BYC8|RM32_HUMAN","39S ribosomal protein L32, mitochondrial OS=Homo sapiens OX=9606 GN=MRPL32 PE=1 SV=1",7.43780765063647,6.67575606452502,7.5665819749449,2.31890145992943e-07,6.13171059115954e-07,6.45430517311549
3511,"P25774|CATS_HUMAN","Cathepsin S OS=Homo sapiens OX=9606 GN=CTSS PE=1 SV=3",0.0350370352148683,15.1831393249052,0.0578217300374461,0.954450365294444,0.955443033381074,-5.90975806422923
3512,"Q9BVC6|TM109_HUMAN","Transmembrane protein 109 OS=Homo sapiens OX=9606 GN=TMEM109 PE=1 SV=1",9.7144740755487,7.81408927698113,16.9962040995927,1.47843530364869e-13,9.19151056071613e-13,15.7488369571245
3514,"P62851|RS25_HUMAN","40S ribosomal protein S25 OS=Homo sapiens OX=9606 GN=RPS25 PE=1 SV=1",10.8790660000318,8.39638523922268,21.5080187889716,1.51470883255435e-15,2.38025673687111e-14,17.6983747456151
3517,"O43464|HTRA2_HUMAN","Serine protease HTRA2, mitochondrial OS=Homo sapiens OX=9606 GN=HTRA2 PE=1 SV=2",3.75617435480393,4.83493941660875,2.35084281259717,0.0288283031719987,0.0371449020121135,-3.551789058323
3519,"Q9Y3E1|HDGR3_HUMAN","Hepatoma-derived growth factor-related protein 3 OS=Homo sapiens OX=9606 GN=HDGFL3 PE=1 SV=1",4.89278432699568,5.40324440270462,3.35695118034756,0.00305775079694091,0.00485057295765245,-1.61860131456661
3521,"Q9H446|RWDD1_HUMAN","RWD domain-containing protein 1 OS=Homo sapiens OX=9606 GN=RWDD1 PE=1 SV=1",3.84188864204378,4.87779656022867,2.47539429935504,0.022134750966464,0.029869888265295,-3.32852318257851
3522,"Q96F86|EDC3_HUMAN","Enhancer of mRNA-decapping protein 3 OS=Homo sapiens OX=9606 GN=EDC3 PE=1 SV=1",6.23892372761702,6.07631410301529,4.67824080296022,0.000136082669393384,0.000272024027603597,1.10292248591087
3523,"Q92572|AP3S1_HUMAN","AP-3 complex subunit sigma-1 OS=Homo sapiens OX=9606 GN=AP3S1 PE=1 SV=1",3.60515991477923,4.7594321965964,2.42784302614042,0.0244982161840977,0.0325010793620869,-3.41446293350281
3529,"Q6PML9|ZNT9_HUMAN","Zinc transporter 9 OS=Homo sapiens OX=9606 GN=SLC30A9 PE=1 SV=1",2.5352201761042,6.4471451280995,0.920682166473097,0.375710928628732,0.38531887992025,-5.50031831139299
3532,"Q9Y2P8|RCL1_HUMAN","RNA 3'-terminal phosphate cyclase-like protein OS=Homo sapiens OX=9606 GN=RCL1 PE=1 SV=3",5.19866622030621,5.55618534935989,3.33546157154578,0.00321414492880803,0.00505286156631724,-1.66216399313167
3533,"Q9UK22|FBX2_HUMAN","F-box only protein 2 OS=Homo sapiens OX=9606 GN=FBXO2 PE=1 SV=2",3.02731265945425,4.47050856893391,2.24975693571126,0.0355877139025031,0.0442119065907186,-3.72840909878218
3535,"Q6IQ49|SDE2_HUMAN","Replication stress response regulator SDE2 OS=Homo sapiens OX=9606 GN=SDE2 PE=1 SV=1",2.09011866692851,4.00191157267104,1.62362445737831,0.119729134887802,0.129920284475208,-4.70986404123481
3536,"O75695|XRP2_HUMAN","Protein XRP2 OS=Homo sapiens OX=9606 GN=RP2 PE=1 SV=4",-0.096235283508479,12.7501755090306,-0.12417799409297,0.902383522462176,0.905913053840777,-5.90388338050525
3540,"P57081|WDR4_HUMAN","tRNA (guanine-N(7)-)-methyltransferase non-catalytic subunit WDR4 OS=Homo sapiens OX=9606 GN=WDR4 PE=1 SV=2",2.95035707032332,4.43203077436844,1.92576104913992,0.068112985208289,0.0812376062738267,-4.26275952521037
3541,"Q9P035|HACD3_HUMAN","Very-long-chain (3R)-3-hydroxyacyl-CoA dehydratase 3 OS=Homo sapiens OX=9606 GN=HACD3 PE=1 SV=2",5.41583034537242,5.66476741189299,4.06571698347093,0.000578079315819283,0.00105279345596227,-0.160271681163866
3542,"Q9Y6A9|SPCS1_HUMAN","Signal peptidase complex subunit 1 OS=Homo sapiens OX=9606 GN=SPCS1 PE=1 SV=5",7.2764324849367,6.59506848167513,5.17630625744867,4.25275176560105e-05,9.18289080065285e-05,2.11048331963033
3545,"P61803|DAD1_HUMAN","Dolichyl-diphosphooligosaccharide--protein glycosyltransferase subunit DAD1 OS=Homo sapiens OX=9606 GN=DAD1 PE=1 SV=3",4.80482357185736,5.35926402513546,3.28518972055843,0.00361116782507235,0.00561057147963218,-1.76382607251568
3547,"Q9UDX5|MTFP1_HUMAN","Mitochondrial fission process protein 1 OS=Homo sapiens OX=9606 GN=MTFP1 PE=1 SV=1",3.96032426793496,4.93701437317426,2.85728311009833,0.00957923074514913,0.0137304684917439,-2.6111306040007
3549,"P51553|IDH3G_HUMAN","Isocitrate dehydrogenase [NAD] subunit gamma, mitochondrial OS=Homo sapiens OX=9606 GN=IDH3G PE=1 SV=1",5.32985298725824,5.6217787328359,3.80634128713542,0.00106687204541046,0.00188242776115045,-0.697054822535687
3551,"P56589|PEX3_HUMAN","Peroxisomal biogenesis factor 3 OS=Homo sapiens OX=9606 GN=PEX3 PE=1 SV=1",4.96402700833112,5.43886574337234,3.1495372840783,0.00493623103428422,0.00744398334586535,-2.03622498511736
3552,"Q9BYN8|RT26_HUMAN","28S ribosomal protein S26, mitochondrial OS=Homo sapiens OX=9606 GN=MRPS26 PE=1 SV=1",2.37669966808102,4.14520207324729,1.69638575004543,0.104942041411915,0.117279204480659,-4.60722121640534
3554,"O95674|CDS2_HUMAN","Phosphatidate cytidylyltransferase 2 OS=Homo sapiens OX=9606 GN=CDS2 PE=1 SV=1",2.85140154842529,4.38255301341943,2.18023415394204,0.0410486962251669,0.0503464416906316,-3.84731177700166
3555,"P16070|CD44_HUMAN","CD44 antigen OS=Homo sapiens OX=9606 GN=CD44 PE=1 SV=3",1.34429270001666,3.62899858921511,1.29783058862098,0.208754909630473,0.216690860630175,-5.12585240810301
3556,"Q7Z4H3|HDDC2_HUMAN","5'-deoxynucleotidase HDDC2 OS=Homo sapiens OX=9606 GN=HDDC2 PE=1 SV=1",0.742448834133311,10.1180564814228,1.18618914171353,0.249109870435786,0.257469262061148,-5.25068376521095
3557,"Q969J3|BORC5_HUMAN","BLOC-1-related complex subunit 5 OS=Homo sapiens OX=9606 GN=BORCS5 PE=1 SV=1",4.06388194362861,4.98879321102109,2.86991475731345,0.00931183185991888,0.0133670964432094,-2.58668253326904
3558,"Q6P161|RM54_HUMAN","39S ribosomal protein L54, mitochondrial OS=Homo sapiens OX=9606 GN=MRPL54 PE=1 SV=1",7.29314595693698,6.60342521767527,5.58212135268306,1.67396761320065e-05,3.90355863768777e-05,2.9104332354855
3559,"Q9Y2T3|GUAD_HUMAN","Guanine deaminase OS=Homo sapiens OX=9606 GN=GDA PE=1 SV=1",3.62685437418738,4.77027942630047,2.31681258306831,0.030958996100486,0.0392595965042395,-3.61172521145159
3561,"Q14249|NUCG_HUMAN","Endonuclease G, mitochondrial OS=Homo sapiens OX=9606 GN=ENDOG PE=1 SV=4",3.35335312597985,4.63352880219671,2.35803833661855,0.0283954942901244,0.0366731476071717,-3.53905547925484
3562,"Q9HC21|TPC_HUMAN","Mitochondrial thiamine pyrophosphate carrier OS=Homo sapiens OX=9606 GN=SLC25A19 PE=1 SV=1",2.1549406196726,4.03432254904308,1.63999673648052,0.116256883691876,0.126688084408073,-4.68706087386532
3566,"Q9H488|OFUT1_HUMAN","GDP-fucose protein O-fucosyltransferase 1 OS=Homo sapiens OX=9606 GN=POFUT1 PE=1 SV=1",4.01031573024012,4.96201010432684,2.49872479943033,0.0210546156087865,0.028612873312329,-3.2860537522602
3567,"O00217|NDUS8_HUMAN","NADH dehydrogenase [ubiquinone] iron-sulfur protein 8, mitochondrial OS=Homo sapiens OX=9606 GN=NDUFS8 PE=1 SV=1",7.4170030476622,6.66535376303788,5.50266954735662,2.00664644801593e-05,4.6040457835884e-05,2.75552894952447
3568,"Q9H7C9|AAMDC_HUMAN","Mth938 domain-containing protein OS=Homo sapiens OX=9606 GN=AAMDC PE=1 SV=1",4.55547650426894,5.23459049134125,3.03923611840864,0.00635132715429956,0.00938679828946385,-2.25532875368411
3570,"Q8TCA0|LRC20_HUMAN","Leucine-rich repeat-containing protein 20 OS=Homo sapiens OX=9606 GN=LRRC20 PE=1 SV=1",3.06966786302096,4.49168617071726,2.27343427660427,0.0338852940845875,0.0424116977326599,-3.68742724599565
3571,"P54619|AAKG1_HUMAN","5'-AMP-activated protein kinase subunit gamma-1 OS=Homo sapiens OX=9606 GN=PRKAG1 PE=1 SV=1",4.25643604065406,5.08507025953381,2.97902550160637,0.00728167661059115,0.0106635431535854,-2.37389850163001
3571,"Q9UGJ0|AAKG2_HUMAN","5'-AMP-activated protein kinase subunit gamma-2 OS=Homo sapiens OX=9606 GN=PRKAG2 PE=1 SV=1",3.27788865061827,4.59579656451592,2.32897557635715,0.0301813042983316,0.0385272373274991,-3.59035753559494
3573,"Q9P032|NDUF4_HUMAN","NADH dehydrogenase [ubiquinone] 1 alpha subcomplex assembly factor 4 OS=Homo sapiens OX=9606 GN=NDUFAF4 PE=1 SV=1",7.66290418850887,6.78830433346122,8.94905663292413,1.59866970321391e-08,4.53231101426623e-08,8.52871704884559
3574,"P61966|AP1S1_HUMAN","AP-1 complex subunit sigma-1A OS=Homo sapiens OX=9606 GN=AP1S1 PE=1 SV=1",3.20061799629023,4.5571612373519,2.25480546450987,0.0352182786351124,0.0437953400339738,-3.71969125431341
3577,"P49593|PPM1F_HUMAN","Protein phosphatase 1F OS=Homo sapiens OX=9606 GN=PPM1F PE=1 SV=3",3.77791239865178,4.84580843853267,2.46437200587226,0.0226628545260035,0.0304119867288649,-3.34851859270268
3581,"Q15847|ADIRF_HUMAN","Adipogenesis regulatory factor OS=Homo sapiens OX=9606 GN=ADIRF PE=1 SV=1",8.24226332979433,7.07798390410395,10.9507235117135,5.06547275810028e-10,1.61440977803693e-09,11.0030892147143
3583,"O95260|ATE1_HUMAN","Arginyl-tRNA--protein transferase 1 OS=Homo sapiens OX=9606 GN=ATE1 PE=1 SV=2",4.50067582467875,5.20719015154616,3.11509813999412,0.00534156736926825,0.00800507371416223,-2.10488343510549
3585,"A6NKD9|CC85C_HUMAN","Coiled-coil domain-containing protein 85C OS=Homo sapiens OX=9606 GN=CCDC85C PE=1 SV=1",2.5217805747186,4.21774252656608,2.08921056590491,0.0493484951550725,0.059689508748674,-3.99961378824952
3587,"P63173|RL38_HUMAN","60S ribosomal protein L38 OS=Homo sapiens OX=9606 GN=RPL38 PE=1 SV=2",11.3496834856801,8.63169398204683,22.5475934738245,5.97387250756398e-16,1.28045115704418e-14,18.0331469344365
3591,"Q7L592|NDUF7_HUMAN","Protein arginine methyltransferase NDUFAF7, mitochondrial OS=Homo sapiens OX=9606 GN=NDUFAF7 PE=1 SV=1",1.96225374023134,3.93797910932245,1.58285334921822,0.128756481451799,0.138196948310406,-4.76589608914639
3592,"Q8NBL1|PGLT1_HUMAN","Protein O-glucosyltransferase 1 OS=Homo sapiens OX=9606 GN=POGLUT1 PE=1 SV=1",4.93490569135007,5.42430508488182,3.3439256660818,0.00315163398731132,0.0049749039980109,-1.64501328920125
3593,"Q9UJC5|SH3L2_HUMAN","SH3 domain-binding glutamic acid-rich-like protein 2 OS=Homo sapiens OX=9606 GN=SH3BGRL2 PE=1 SV=2",2.15403009664883,4.0338672875312,1.71779879626293,0.100898184534001,0.11418358268171,-4.57638324841496
3595,"Q14764|MVP_HUMAN","Major vault protein OS=Homo sapiens OX=9606 GN=MVP PE=1 SV=4",5.47867976939648,5.69619212390502,4.16427928533598,0.000457855048099799,0.000842610867678884,0.0438337259715462
3596,"P49711|CTCF_HUMAN","Transcriptional repressor CTCF OS=Homo sapiens OX=9606 GN=CTCF PE=1 SV=1",2.4637476870018,4.18872608270768,1.72173898710125,0.100168783603978,0.113551551573579,-4.57067806993981
3599,"Q02447|SP3_HUMAN","Transcription factor Sp3 OS=Homo sapiens OX=9606 GN=SP3 PE=1 SV=3",1.89858928782347,3.90614688311852,1.59466284676113,0.126084946498709,0.135707868051448,-4.74977768528082
3600,"Q6ULP2|AFTIN_HUMAN","Aftiphilin OS=Homo sapiens OX=9606 GN=AFTPH PE=1 SV=3",2.52871447776358,4.22120947808857,1.82921791001352,0.0819473898747758,0.0960710873988693,-4.41146047863254
3601,"Q9BUL9|RPP25_HUMAN","Ribonuclease P protein subunit p25 OS=Homo sapiens OX=9606 GN=RPP25 PE=1 SV=1",4.1769726726107,5.04533857551213,2.93781027637148,0.00799277056899183,0.0115990074220198,-2.45460290818793
3603,"P30047|GFRP_HUMAN","GTP cyclohydrolase 1 feedback regulatory protein OS=Homo sapiens OX=9606 GN=GCHFR PE=1 SV=3",5.3218411891811,5.61777283379733,3.30001527806057,0.00348935359825533,0.00543209053963815,-1.7338821778384
3604,"Q9BRL6|SRSF8_HUMAN","Serine/arginine-rich splicing factor 8 OS=Homo sapiens OX=9606 GN=SRSF8 PE=1 SV=1",5.9050657653063,5.90938512185993,4.40442111624655,0.000259496150813372,0.00049385080604621,0.540242351170333
3605,"Q13613|MTMR1_HUMAN","Myotubularin-related protein 1 OS=Homo sapiens OX=9606 GN=MTMR1 PE=1 SV=4",4.4609292550092,5.18731686671138,3.12671621116445,0.00520134673357777,0.00781623143023981,-2.08174566938237
3606,"Q8IYB5|SMAP1_HUMAN","Stromal membrane-associated protein 1 OS=Homo sapiens OX=9606 GN=SMAP1 PE=1 SV=2",3.6157065183528,4.76470549838318,2.32408939603735,0.0304915318101512,0.0387824813121284,-3.59894881043503
3612,"Q15555|MARE2_HUMAN","Microtubule-associated protein RP/EB family member 2 OS=Homo sapiens OX=9606 GN=MAPRE2 PE=1 SV=1",7.3379027523896,6.62580361540158,5.61524575123841,1.55242606885433e-05,3.63113023395453e-05,2.97475423117823
3614,"Q15052|ARHG6_HUMAN","Rho guanine nucleotide exchange factor 6 OS=Homo sapiens OX=9606 GN=ARHGEF6 PE=1 SV=2",5.20223293553249,5.55796870697303,3.47250371570002,0.0023363165215034,0.00385217070997348,-1.38338587339432
3615,"Q96CB9|NSUN4_HUMAN","5-methylcytosine rRNA methyltransferase NSUN4 OS=Homo sapiens OX=9606 GN=NSUN4 PE=1 SV=2",3.40606599176508,4.65988523508932,1.89359984099805,0.0724742557489013,0.0860671198464763,-4.31287358012835
3618,"Q8IXQ4|GPAM1_HUMAN","GPALPP motifs-containing protein 1 OS=Homo sapiens OX=9606 GN=GPALPP1 PE=1 SV=1",4.42762426812881,5.17066437327119,2.50074182089192,0.0209635855419638,0.0285092915353447,-3.28237287988455
3620,"Q03393|PTPS_HUMAN","6-pyruvoyl tetrahydrobiopterin synthase OS=Homo sapiens OX=9606 GN=PTS PE=1 SV=1",3.43518111045774,4.67444279443565,2.24010930465492,0.0363035854724072,0.0449851316603694,-3.74503772615198
3623,"P62913|RL11_HUMAN","60S ribosomal protein L11 OS=Homo sapiens OX=9606 GN=RPL11 PE=1 SV=2",11.7592919232441,8.83649820082886,24.1475595916372,1.53783474692079e-16,6.81558704691339e-15,18.4865213407115
3624,"Q13107|UBP4_HUMAN","Ubiquitin carboxyl-terminal hydrolase 4 OS=Homo sapiens OX=9606 GN=USP4 PE=1 SV=3",3.36609976747909,4.63990212294633,2.36481873753825,0.0279931622222185,0.0362630129729277,-3.52703747774449
3625,"P83876|TXN4A_HUMAN","Thioredoxin-like protein 4A OS=Homo sapiens OX=9606 GN=TXNL4A PE=1 SV=1",4.19149741500662,5.05260094671009,2.55893147234219,0.0184907723919314,0.0255801199097865,-3.17556620880695
3626,"P38571|LICH_HUMAN","Lysosomal acid lipase/cholesteryl ester hydrolase OS=Homo sapiens OX=9606 GN=LIPA PE=1 SV=2",8.49273393945305,7.20321920893331,12.1397542223544,8.01741283917161e-11,2.85805920655655e-10,12.2182904397805
3628,"O60563|CCNT1_HUMAN","Cyclin-T1 OS=Homo sapiens OX=9606 GN=CCNT1 PE=1 SV=1",6.37515162687117,6.14442805264237,5.97596726240276,6.88532592763389e-06,1.7080222178731e-05,3.66480072312941
3631,"Q9BYV8|CEP41_HUMAN","Centrosomal protein of 41 kDa OS=Homo sapiens OX=9606 GN=CEP41 PE=1 SV=1",2.78473315682912,4.34921881762135,2.18268525380014,0.04084385527873,0.0501111672476452,-3.84315684199813
3633,"O95396|MOCS3_HUMAN","Adenylyltransferase and sulfurtransferase MOCS3 OS=Homo sapiens OX=9606 GN=MOCS3 PE=1 SV=1",1.77705827940313,3.84538137890835,1.51249731516958,0.145666789694145,0.15407064294573,-4.86000354632276
3634,"O43824|GTPB6_HUMAN","Putative GTP-binding protein 6 OS=Homo sapiens OX=9606 GN=GTPBP6 PE=2 SV=4",3.04058444695011,4.47714446268184,2.17970019632115,0.0410934434028594,0.0503852729621046,-3.84821653922104
3635,"P49902|5NTC_HUMAN","Cytosolic purine 5'-nucleotidase OS=Homo sapiens OX=9606 GN=NT5C2 PE=1 SV=1",3.3973469066767,4.65552569254513,2.37072343914122,0.0276470961008729,0.035899264751555,-3.516556643991
3635,"Q86YG4|NT5D4_HUMAN","5'-nucleotidase domain-containing protein 4 OS=Homo sapiens OX=9606 GN=NT5DC4 PE=2 SV=2",2.34819044050548,4.13094745945952,1.7758450113543,0.0906012486801353,0.104686316752257,-4.49138363250844
3636,"Q96IJ6|GMPPA_HUMAN","Mannose-1-phosphate guanyltransferase alpha OS=Homo sapiens OX=9606 GN=GMPPA PE=1 SV=1",4.48166550572459,5.19768499206908,3.54488746438443,0.00197255292753892,0.00331774957231316,-1.23530928937265
3637,"Q5VWQ0|RSBN1_HUMAN","Lysine-specific demethylase 9 OS=Homo sapiens OX=9606 GN=RSBN1 PE=1 SV=2",1.49325820566969,3.70348134204163,1.34809562336985,0.192331640781132,0.200237105734819,-5.06658037624614
3638,"Q8NFF5|FAD1_HUMAN","FAD synthase OS=Homo sapiens OX=9606 GN=FLAD1 PE=1 SV=1",3.71593758058999,4.81482102950178,2.45139128341284,0.0232998567458862,0.0311581967598686,-3.37200930597664
3639,"Q9Y6A5|TACC3_HUMAN","Transforming acidic coiled-coil-containing protein 3 OS=Homo sapiens OX=9606 GN=TACC3 PE=1 SV=1",2.5133054209939,4.21350494970373,1.82580579750447,0.082478294823694,0.0966052434046918,-4.41661956552012
3640,"Q8N3D4|EH1L1_HUMAN","EH domain-binding protein 1-like protein 1 OS=Homo sapiens OX=9606 GN=EHBP1L1 PE=1 SV=2",0.314680810423021,4.46038554878525,0.218436871817777,0.829247945588479,0.835448992475787,-5.88819214224153
3641,"Q9NRX2|RM17_HUMAN","39S ribosomal protein L17, mitochondrial OS=Homo sapiens OX=9606 GN=MRPL17 PE=1 SV=1",5.4137736275271,5.66373905297033,3.54998096121021,0.00194916596104534,0.00328128069524467,-1.22487078427579
3642,"Q8WVY7|UBCP1_HUMAN","Ubiquitin-like domain-containing CTD phosphatase 1 OS=Homo sapiens OX=9606 GN=UBLCP1 PE=1 SV=2",4.37285062390544,5.1432775511595,2.93085689072601,0.00811913971550592,0.0117690843014675,-2.46818014252961
3643,"P62308|RUXG_HUMAN","Small nuclear ribonucleoprotein G OS=Homo sapiens OX=9606 GN=SNRPG PE=1 SV=1",10.600628853648,8.25716666603079,19.9671295359984,6.50902279398699e-15,6.84692288438522e-14,17.1331701316355
3643,"A8MWD9|RUXGL_HUMAN","Putative small nuclear ribonucleoprotein G-like protein 15 OS=Homo sapiens OX=9606 GN=SNRPGP15 PE=5 SV=2",10.600628853648,8.25716666603079,19.9671295359984,6.50902279398699e-15,6.84692288438522e-14,17.1331701316355
3645,"Q9HAW4|CLSPN_HUMAN","Claspin OS=Homo sapiens OX=9606 GN=CLSPN PE=1 SV=3",1.55958061709434,3.73664254775395,1.4194797604903,0.170782563289574,0.178526437324154,-4.9792338220513
3647,"Q9H7N4|SFR19_HUMAN","Splicing factor, arginine/serine-rich 19 OS=Homo sapiens OX=9606 GN=SCAF1 PE=1 SV=3",-3.06821159479198,11.250586007203,-2.53617366523289,0.0222478181029781,0.0300119480366033,-3.28682309561976
3650,"Q9BT22|ALG1_HUMAN","Chitobiosyldiphosphodolichol beta-mannosyltransferase OS=Homo sapiens OX=9606 GN=ALG1 PE=1 SV=2",3.65352384638061,4.78361416239709,2.39439587360918,0.0262990983273654,0.0344392954286928,-3.47439946979677
3651,"Q8NBT2|SPC24_HUMAN","Kinetochore protein Spc24 OS=Homo sapiens OX=9606 GN=SPC24 PE=1 SV=2",2.25662448992651,4.08516448417004,1.65467492736849,0.113216538085363,0.124077333227625,-4.66647159309384
3652,"Q9Y5Y6|ST14_HUMAN","Suppressor of tumorigenicity 14 protein OS=Homo sapiens OX=9606 GN=ST14 PE=1 SV=2",4.94530061027229,5.42950254434293,3.83631458198952,0.00099404530001799,0.0017660703299812,-0.635109269968304
3654,"Q9BWS9|CHID1_HUMAN","Chitinase domain-containing protein 1 OS=Homo sapiens OX=9606 GN=CHID1 PE=1 SV=1",2.5022025518644,4.20795351513898,1.81724474400498,0.0838235450723393,0.0979425336960565,-4.42953420759441
3656,"Q9NZM3|ITSN2_HUMAN","Intersectin-2 OS=Homo sapiens OX=9606 GN=ITSN2 PE=1 SV=3",2.37293526000931,4.14331986921144,1.69979344396874,0.104289391387362,0.116617530305356,-4.60233257268113
3659,"Q5SRD1|TI23B_HUMAN","Mitochondrial import inner membrane translocase subunit Tim23B OS=Homo sapiens OX=9606 GN=TIMM23B PE=1 SV=3",5.50630357833027,5.71000402837192,3.42363791551298,0.00261836425367751,0.00425705336852129,-1.48304553244208
3659,"O14925|TIM23_HUMAN","Mitochondrial import inner membrane translocase subunit Tim23 OS=Homo sapiens OX=9606 GN=TIMM23 PE=1 SV=1",5.50630357833027,5.71000402837192,3.42363791551298,0.00261836425367751,0.00425705336852129,-1.48304553244208
3663,"Q8N2F6|ARM10_HUMAN","Armadillo repeat-containing protein 10 OS=Homo sapiens OX=9606 GN=ARMC10 PE=1 SV=1",6.28092033630576,6.09731240735966,4.66425221361595,0.00014063372127981,0.000280538770428636,1.07429792151546
3664,"O15504|NUP42_HUMAN","Nucleoporin NUP42 OS=Homo sapiens OX=9606 GN=NUP42 PE=1 SV=1",1.62356683506912,3.76863565674134,1.42998053635431,0.167782902109717,0.175648974243224,-4.96607684293303
3665,"Q9BPY3|F118B_HUMAN","Protein FAM118B OS=Homo sapiens OX=9606 GN=FAM118B PE=1 SV=1",2.37702284820074,4.14536366330715,1.78797581260013,0.0885677971736447,0.102706632264618,-4.47336507883235
3667,"Q8WWC4|MAIP1_HUMAN","m-AAA protease-interacting protein 1, mitochondrial OS=Homo sapiens OX=9606 GN=MAIP1 PE=1 SV=1",4.98636599497905,5.45003523669631,3.36337345877836,0.00301247386894193,0.00478861453155508,-1.60557065955086
3668,"Q9Y605|MOFA1_HUMAN","MORF4 family-associated protein 1 OS=Homo sapiens OX=9606 GN=MRFAP1 PE=1 SV=1",2.78345528772799,4.34857988307078,1.89190510133655,0.0727107406512966,0.0862935732143933,-4.31549854207569
3674,"Q7Z7F7|RM55_HUMAN","39S ribosomal protein L55, mitochondrial OS=Homo sapiens OX=9606 GN=MRPL55 PE=1 SV=1",2.64428317114794,4.27899382478075,1.76734466164694,0.0920500631156873,0.106042113403769,-4.5039576494144
3678,"Q96S66|CLCC1_HUMAN","Chloride channel CLIC-like protein 1 OS=Homo sapiens OX=9606 GN=CLCC1 PE=1 SV=1",1.48544846989199,3.69957647415278,1.3793370392282,0.182649192709155,0.190517310195136,-5.02880565542762
3680,"Q9NXC5|MIO_HUMAN","GATOR complex protein MIOS OS=Homo sapiens OX=9606 GN=MIOS PE=1 SV=2",3.52936010106874,4.72153228974115,2.39937258771838,0.0260235733461574,0.0341481790670436,-3.4655086882142
3684,"Q9P013|CWC15_HUMAN","Spliceosome-associated protein CWC15 homolog OS=Homo sapiens OX=9606 GN=CWC15 PE=1 SV=2",3.58834008685111,4.75102228263234,2.32487123825627,0.0304416951848601,0.0387567878510951,-3.59757477387374
3686,"Q7Z6I8|CE024_HUMAN","UPF0461 protein C5orf24 OS=Homo sapiens OX=9606 GN=C5orf24 PE=1 SV=1",2.08921197487948,4.00145822664652,1.5959393736059,0.125798968173276,0.135437927144047,-4.74802992474272
3692,"P09001|RM03_HUMAN","39S ribosomal protein L3, mitochondrial OS=Homo sapiens OX=9606 GN=MRPL3 PE=1 SV=1",2.65886115180133,4.28628281510745,1.75723261443319,0.0937995714717653,0.107735187997105,-4.51885959063732
3693,"P17252|KPCA_HUMAN","Protein kinase C alpha type OS=Homo sapiens OX=9606 GN=PRKCA PE=1 SV=4",5.56656118117599,5.74013282979478,4.15805218455246,0.000464649902848835,0.000853891229579005,0.0309414786330429
3693,"P05771|KPCB_HUMAN","Protein kinase C beta type OS=Homo sapiens OX=9606 GN=PRKCB PE=1 SV=4",3.10722966871235,4.51046707356296,2.28331970779497,0.0331968998516896,0.0416720131819384,-3.67024566848989
3693,"P05129|KPCG_HUMAN","Protein kinase C gamma type OS=Homo sapiens OX=9606 GN=PRKCG PE=1 SV=3",2.32902570575862,4.1213650920861,1.67606328314205,0.108906948115399,0.12072898077866,-4.63622563078974
3694,"Q9Y547|IFT25_HUMAN","Intraflagellar transport protein 25 homolog OS=Homo sapiens OX=9606 GN=HSPB11 PE=1 SV=1",5.48709339053552,5.70039893447454,3.59321557149373,0.00176134353709445,0.00300284374976742,-1.1361763876807
3697,"O60783|RT14_HUMAN","28S ribosomal protein S14, mitochondrial OS=Homo sapiens OX=9606 GN=MRPS14 PE=1 SV=1",3.85209059766007,4.88289753803682,2.48271845949973,0.0217902113876537,0.0294876322820622,-3.31521194825315
3700,"P54725|RD23A_HUMAN","UV excision repair protein RAD23 homolog A OS=Homo sapiens OX=9606 GN=RAD23A PE=1 SV=1",0.524346645948023,11.6747525217557,0.26678917385534,0.794488266364835,0.802829350526146,-5.87552347343436
3705,"Q9C075|K1C23_HUMAN","Keratin, type I cytoskeletal 23 OS=Homo sapiens OX=9606 GN=KRT23 PE=1 SV=2",2.50839973064096,4.21105210452726,2.01554525819345,0.0571414442712187,0.0688128121502009,-4.11991583330669
3706,"O15091|MRPP3_HUMAN","Mitochondrial ribonuclease P catalytic subunit OS=Homo sapiens OX=9606 GN=PRORP PE=1 SV=2",2.52398523409976,4.21884485625666,1.82885058543608,0.0820044001224889,0.0961086576778029,-4.41201619273671
3707,"P84243|H33_HUMAN","Histone H3.3 OS=Homo sapiens OX=9606 GN=H3-3A PE=1 SV=2",9.87570245413216,7.89470346627286,13.46368489738,1.20378842734324e-11,4.91472475638543e-11,13.3847509015572
3707,"Q71DI3|H32_HUMAN","Histone H3.2 OS=Homo sapiens OX=9606 GN=H3C15 PE=1 SV=3",9.87570245413216,7.89470346627286,13.46368489738,1.20378842734324e-11,4.91472475638543e-11,13.3847509015572
3707,"P68431|H31_HUMAN","Histone H3.1 OS=Homo sapiens OX=9606 GN=H3C1 PE=1 SV=2",9.87570245413216,7.89470346627286,13.46368489738,1.20378842734324e-11,4.91472475638543e-11,13.3847509015572
3707,"Q16695|H31T_HUMAN","Histone H3.1t OS=Homo sapiens OX=9606 GN=H3-4 PE=1 SV=3",9.73784704535931,7.82577576188644,13.1863671364422,1.76829709455471e-11,7.01127066327049e-11,13.1552208656464
3710,"P18887|XRCC1_HUMAN","DNA repair protein XRCC1 OS=Homo sapiens OX=9606 GN=XRCC1 PE=1 SV=2",0.427868207158753,10.5085478986323,0.599703901380858,0.555272805976714,0.565705293201997,-5.73797879273289
3711,"O75688|PPM1B_HUMAN","Protein phosphatase 1B OS=Homo sapiens OX=9606 GN=PPM1B PE=1 SV=1",4.79857871729829,5.35614159785593,3.30538949968412,0.00344619447722904,0.00537377429620568,-1.72301982809247
3712,"P30049|ATPD_HUMAN","ATP synthase subunit delta, mitochondrial OS=Homo sapiens OX=9606 GN=ATP5F1D PE=1 SV=2",9.499824613647,7.70676454603028,16.9173166355671,1.61658459697939e-13,9.94225351177418e-13,15.7056722515478
3714,"Q8WUK0|PTPM1_HUMAN","Phosphatidylglycerophosphatase and protein-tyrosine phosphatase 1 OS=Homo sapiens OX=9606 GN=PTPMT1 PE=1 SV=1",1.84051618846516,3.87711033343936,1.52268259732328,0.143110875967939,0.151492128808514,-4.84658568638822
3715,"Q8NB37|GALD1_HUMAN","Glutamine amidotransferase-like class 1 domain-containing protein 1 OS=Homo sapiens OX=9606 GN=GATD1 PE=1 SV=1",4.31803004556445,5.11586726198901,3.04036490598419,0.00633503145514915,0.00936990822217603,-2.25309859910447
3720,"P27707|DCK_HUMAN","Deoxycytidine kinase OS=Homo sapiens OX=9606 GN=DCK PE=1 SV=1",2.75792389890951,4.33581418866154,1.88432954302592,0.0737761487703507,0.0873963608510308,-4.32721272568514
3723,"P49427|UB2R1_HUMAN","Ubiquitin-conjugating enzyme E2 R1 OS=Homo sapiens OX=9606 GN=CDC34 PE=1 SV=2",3.22625083614983,4.5699776572817,2.31860846719276,0.0308430180285089,0.0391512098284732,-3.60857409213866
3724,"P48163|MAOX_HUMAN","NADP-dependent malic enzyme OS=Homo sapiens OX=9606 GN=ME1 PE=1 SV=1",3.99833348617821,4.95601898229589,2.80142834721462,0.0108521714376823,0.0154572179190073,-2.71874253722331
3727,"P30711|GSTT1_HUMAN","Glutathione S-transferase theta-1 OS=Homo sapiens OX=9606 GN=GSTT1 PE=1 SV=4",3.4911317302002,4.70241810430688,2.37962611105454,0.027132805808927,0.0353387355765794,-3.5007282117617
3728,"Q9Y6A4|CFA20_HUMAN","Cilia- and flagella-associated protein 20 OS=Homo sapiens OX=9606 GN=CFAP20 PE=1 SV=1",3.12886001752765,4.52128224797061,2.26332017289373,0.0346031533172495,0.0431698445467953,-3.70496288396365
3729,"P07711|CATL1_HUMAN","Procathepsin L OS=Homo sapiens OX=9606 GN=CTSL PE=1 SV=2",1.02131054314514,13.7412705305502,1.26043702426809,0.221666004445611,0.229783014839958,-5.16872284747253
3730,"Q13190|STX5_HUMAN","Syntaxin-5 OS=Homo sapiens OX=9606 GN=STX5 PE=1 SV=2",6.32573069480687,6.11971758661022,4.50286160012449,0.000205686130347908,0.000399340192556453,0.743055400496199
3733,"Q16775|GLO2_HUMAN","Hydroxyacylglutathione hydrolase, mitochondrial OS=Homo sapiens OX=9606 GN=HAGH PE=1 SV=2",2.76715839783911,4.34043143812634,2.11991085271663,0.0463934266069207,0.0562920556056239,-3.94868618946865
3734,"O94919|ENDD1_HUMAN","Endonuclease domain-containing 1 protein OS=Homo sapiens OX=9606 GN=ENDOD1 PE=1 SV=2",2.35597700874124,4.1348407435774,1.70046200572206,0.104161753882526,0.11655471417882,-4.60137261671732
3735,"P54132|BLM_HUMAN","Bloom syndrome protein OS=Homo sapiens OX=9606 GN=BLM PE=1 SV=1",3.09720087328392,4.50545267584874,2.27808404441872,0.0335598805117808,0.0420590950424336,-3.67935082380211
3741,"Q15651|HMGN3_HUMAN","High mobility group nucleosome-binding domain-containing protein 3 OS=Homo sapiens OX=9606 GN=HMGN3 PE=1 SV=2",3.48136839011392,4.69753643426374,2.38204115068186,0.0269948298477868,0.0352186021396066,-3.49642900293109
3743,"P62875|RPAB5_HUMAN","DNA-directed RNA polymerases I, II, and III subunit RPABC5 OS=Homo sapiens OX=9606 GN=POLR2L PE=1 SV=1",2.33958518636037,4.12664483238697,1.67491975609931,0.109133784235131,0.120841262382875,-4.63785001475891
3744,"Q7Z4G4|TRM11_HUMAN","tRNA (guanine(10)-N2)-methyltransferase homolog OS=Homo sapiens OX=9606 GN=TRMT11 PE=1 SV=1",3.15732724720076,4.53551586280716,2.30473753671463,0.0317492947621851,0.0401164374251436,-3.63287764712959
3747,"P29762|RABP1_HUMAN","Cellular retinoic acid-binding protein 1 OS=Homo sapiens OX=9606 GN=CRABP1 PE=1 SV=2",2.30858597909049,4.11114522875203,1.75737689090875,0.0937744097951135,0.107735187997105,-4.51864740356559
3749,"Q9Y3A3|PHOCN_HUMAN","MOB-like protein phocein OS=Homo sapiens OX=9606 GN=MOB4 PE=1 SV=1",-0.25551289769372,8.60591222265657,-0.128778646473258,0.899944926577788,0.904172225293445,-5.90296990500951
3750,"O75438|NDUB1_HUMAN","NADH dehydrogenase [ubiquinone] 1 beta subcomplex subunit 1 OS=Homo sapiens OX=9606 GN=NDUFB1 PE=1 SV=1",3.96377606893934,4.93874027367645,2.5145119539377,0.0203518967258745,0.0277853909200769,-3.25720497610807
3751,"P11215|ITAM_HUMAN","Integrin alpha-M OS=Homo sapiens OX=9606 GN=ITGAM PE=1 SV=2",-2.07285532126655,9.93653396170043,-1.49942505357549,0.15939362972202,0.16734809774469,-4.88202673839897
3752,"Q8IUF1|CBWD2_HUMAN","COBW domain-containing protein 2 OS=Homo sapiens OX=9606 GN=CBWD2 PE=2 SV=1",1.66094578974567,3.78732513407962,1.42941785658578,0.16794255312792,0.175648974243224,-4.96678383406399
3752,"Q9BRT8|CBWD1_HUMAN","COBW domain-containing protein 1 OS=Homo sapiens OX=9606 GN=CBWD1 PE=1 SV=1",1.66094578974567,3.78732513407962,1.42941785658578,0.16794255312792,0.175648974243224,-4.96678383406399
3752,"Q5JTY5|CBWD3_HUMAN","COBW domain-containing protein 3 OS=Homo sapiens OX=9606 GN=CBWD3 PE=1 SV=1",1.66094578974567,3.78732513407962,1.42941785658578,0.16794255312792,0.175648974243224,-4.96678383406399
3752,"Q5RIA9|CBWD5_HUMAN","COBW domain-containing protein 5 OS=Homo sapiens OX=9606 GN=CBWD5 PE=2 SV=1",1.66094578974567,3.78732513407962,1.42941785658578,0.16794255312792,0.175648974243224,-4.96678383406399
3752,"Q4V339|CBWD6_HUMAN","COBW domain-containing protein 6 OS=Homo sapiens OX=9606 GN=CBWD6 PE=3 SV=1",1.66094578974567,3.78732513407962,1.42941785658578,0.16794255312792,0.175648974243224,-4.96678383406399
3754,"Q96CB8|INT12_HUMAN","Integrator complex subunit 12 OS=Homo sapiens OX=9606 GN=INTS12 PE=1 SV=1",3.17949745813683,4.5466009682752,2.30824742295122,0.0315176822745039,0.0398892428523471,-3.62673548361873
3755,"Q9BXV9|GON7_HUMAN","EKC/KEOPS complex subunit GON7 OS=Homo sapiens OX=9606 GN=GON7 PE=1 SV=2",8.56824244727019,7.24097346284188,12.0072012412246,9.77872182993376e-11,3.42878679829189e-10,12.0911512858897
3756,"Q9Y5J7|TIM9_HUMAN","Mitochondrial import inner membrane translocase subunit Tim9 OS=Homo sapiens OX=9606 GN=TIMM9 PE=1 SV=1",4.39030282778209,5.15200365309783,3.0264299701835,0.00653905986798904,0.00962361639593188,-2.28061153688038
3757,"Q15811|ITSN1_HUMAN","Intersectin-1 OS=Homo sapiens OX=9606 GN=ITSN1 PE=1 SV=3",1.44826277146038,3.68098362493697,1.35884997028659,0.188953797770013,0.196880141113545,-5.05365726778741
3758,"Q9BTD8|RBM42_HUMAN","RNA-binding protein 42 OS=Homo sapiens OX=9606 GN=RBM42 PE=1 SV=1",5.26723874168698,5.59047161005028,3.92344260655097,0.000809214786797489,0.0014510838049233,-0.45487692189781
3759,"P41743|KPCI_HUMAN","Protein kinase C iota type OS=Homo sapiens OX=9606 GN=PRKCI PE=1 SV=2",7.82150610945012,6.86760529393184,8.29323714673827,5.50999072390392e-08,1.50663808856748e-07,7.5845296056452
3760,"Q9P1F3|ABRAL_HUMAN","Costars family protein ABRACL OS=Homo sapiens OX=9606 GN=ABRACL PE=1 SV=1",0.0686742468814909,5.12562735548156,0.0380660496287377,0.97000316940394,0.970507329055397,-5.91067988313853
3761,"P08648|ITA5_HUMAN","Integrin alpha-5 OS=Homo sapiens OX=9606 GN=ITGA5 PE=1 SV=2",-3.57323897258804,9.93342984241041,-2.13956985126948,0.0552789134092008,0.0665906810467532,-3.99810032058717
3762,"Q8NCA5|FA98A_HUMAN","Protein FAM98A OS=Homo sapiens OX=9606 GN=FAM98A PE=1 SV=2",6.87378561871888,6.39374504856622,5.25444794207364,3.5495682921606e-05,7.80459047676659e-05,2.26614899857301
3764,"O95140|MFN2_HUMAN","Mitofusin-2 OS=Homo sapiens OX=9606 GN=MFN2 PE=1 SV=3",1.82288292178298,3.86829370009827,1.5324406370374,0.140696957195182,0.149265165390314,-4.83366476540991
3765,"Q96EQ0|SGTB_HUMAN","Small glutamine-rich tetratricopeptide repeat-containing protein beta OS=Homo sapiens OX=9606 GN=SGTB PE=1 SV=1",4.53710666212097,5.22540557026727,3.21384312327922,0.00425781734032528,0.00652311848796353,-1.90746633782318
3767,"Q9UBP6|TRMB_HUMAN","tRNA (guanine-N(7)-)-methyltransferase OS=Homo sapiens OX=9606 GN=METTL1 PE=1 SV=1",5.97752175029713,7.24927220028797,4.35500927912863,0.00058761724688464,0.00106915236318803,-0.0978003193100028
3768,"Q86YZ3|HORN_HUMAN","Hornerin OS=Homo sapiens OX=9606 GN=HRNR PE=1 SV=2",0.340781841039812,5.33523648634606,0.218274205939272,0.829372999803236,0.835448992475787,-5.88822662914746
3769,"Q5JT25|RAB41_HUMAN","Ras-related protein Rab-41 OS=Homo sapiens OX=9606 GN=RAB41 PE=1 SV=2",10.3954205378554,8.15456250813447,5.3549598651995,0.000255964849329619,0.000487853796989619,0.677036521836453
3776,"Q9Y2Q5|LTOR2_HUMAN","Ragulator complex protein LAMTOR2 OS=Homo sapiens OX=9606 GN=LAMTOR2 PE=1 SV=1",1.50832237473574,11.4644093715509,0.596157538553636,0.563488276719917,0.573923244807323,-5.73416694644394
3777,"O75817|POP7_HUMAN","Ribonuclease P protein subunit p20 OS=Homo sapiens OX=9606 GN=POP7 PE=1 SV=2",4.6456791719145,5.27969182516403,3.12050746750059,0.00527583133423592,0.00792197762746033,-2.0941136910441
3779,"O75127|PTCD1_HUMAN","Pentatricopeptide repeat-containing protein 1, mitochondrial OS=Homo sapiens OX=9606 GN=PTCD1 PE=1 SV=2",3.07113669956245,4.49242058898801,1.85410388195165,0.0781645750010881,0.0922543267180224,-4.37363115676533
3781,"Q9NUQ2|PLCE_HUMAN","1-acyl-sn-glycerol-3-phosphate acyltransferase epsilon OS=Homo sapiens OX=9606 GN=AGPAT5 PE=1 SV=3",3.63679619662277,4.77525033751817,2.43581655826582,0.0240861672077776,0.032098215212857,-3.4001113595121
3782,"P49914|MTHFS_HUMAN","5-formyltetrahydrofolate cyclo-ligase OS=Homo sapiens OX=9606 GN=MTHFS PE=1 SV=2",5.23717423467117,5.57543935654237,3.33870869848283,0.00319002149884241,0.00502314223744101,-1.65558550665022
3783,"Q15714|T22D1_HUMAN","TSC22 domain family protein 1 OS=Homo sapiens OX=9606 GN=TSC22D1 PE=1 SV=3",9.34648245006419,7.63009346423888,16.352046321635,3.09950826776801e-13,1.74458762706438e-12,15.3850892197552
3786,"Q8TB36|GDAP1_HUMAN","Ganglioside-induced differentiation-associated protein 1 OS=Homo sapiens OX=9606 GN=GDAP1 PE=1 SV=3",2.41133794356692,4.16252121099025,1.70323213871281,0.103634317280573,0.116172026401444,-4.59739216850071
3790,"Q13614|MTMR2_HUMAN","Myotubularin-related protein 2 OS=Homo sapiens OX=9606 GN=MTMR2 PE=1 SV=4",1.97875032192992,3.94622740017174,1.58547760617109,0.128158774831442,0.137670558900963,-4.76232223204885
3792,"Q9UHA3|RLP24_HUMAN","Probable ribosome biogenesis protein RLP24 OS=Homo sapiens OX=9606 GN=RSL24D1 PE=1 SV=1",9.65843018687633,7.78606733264495,16.9183806896887,1.61463400592568e-13,9.94225351177418e-13,15.7062569717982
3796,"O95169|NDUB8_HUMAN","NADH dehydrogenase [ubiquinone] 1 beta subcomplex subunit 8, mitochondrial OS=Homo sapiens OX=9606 GN=NDUFB8 PE=1 SV=1",8.33507528641154,7.12438988241255,11.8217609331833,1.29469898742882e-10,4.45848935742484e-10,11.9099007499509
3800,"Q96E29|MTEF3_HUMAN","Transcription termination factor 3, mitochondrial OS=Homo sapiens OX=9606 GN=MTERF3 PE=1 SV=2",2.80322342722461,4.35846395281909,1.72095435806396,0.100313671621275,0.113623899894648,-4.57181492738561
3803,"P20962|PTMS_HUMAN","Parathymosin OS=Homo sapiens OX=9606 GN=PTMS PE=1 SV=2",12.6437746074571,9.27873954293531,25.4243902848544,5.52345598822282e-17,6.61903413275164e-15,18.8022400802156
3804,"Q8NBN7|RDH13_HUMAN","Retinol dehydrogenase 13 OS=Homo sapiens OX=9606 GN=RDH13 PE=1 SV=2",3.15002835551832,4.53186641696594,2.29940318924639,0.0321043024598646,0.0405118205409632,-3.64220265985764
3807,"Q8WXC6|CSN9_HUMAN","COP9 signalosome complex subunit 9 OS=Homo sapiens OX=9606 GN=COPS9 PE=1 SV=3",2.15583900673533,5.15844710115466,1.1387015455138,0.2679938274717,0.276541473000816,-5.30082905015747
3810,"Q9NR33|DPOE4_HUMAN","DNA polymerase epsilon subunit 4 OS=Homo sapiens OX=9606 GN=POLE4 PE=1 SV=2",6.15867138700373,6.03618793270865,4.52106775164939,0.000197040223354337,0.000383715154230752,0.78050639616354
3814,"Q96NB3|ZN830_HUMAN","Zinc finger protein 830 OS=Homo sapiens OX=9606 GN=ZNF830 PE=1 SV=2",3.43023489923823,4.6719696888259,2.34101060254056,0.0294295700853487,0.0377679482761974,-3.56915479578771
3816,"O95707|RPP29_HUMAN","Ribonuclease P protein subunit p29 OS=Homo sapiens OX=9606 GN=POP4 PE=1 SV=2",1.64111675741018,3.77741061791187,1.50743695904713,0.14695053804796,0.155172674570665,-4.8666437158704
3825,"O43676|NDUB3_HUMAN","NADH dehydrogenase [ubiquinone] 1 beta subcomplex subunit 3 OS=Homo sapiens OX=9606 GN=NDUFB3 PE=1 SV=3",5.61459065637748,5.76414756739552,3.63536665361914,0.00159544519590516,0.002742171430462,-1.04956000539608
3828,"Q9BRT6|LLPH_HUMAN","Protein LLP homolog OS=Homo sapiens OX=9606 GN=LLPH PE=1 SV=1",4.33522699645821,5.12446573743589,2.59206530113415,0.0172079107805597,0.0240386271789386,-3.11423148348574
3829,"Q9NX18|SDHF2_HUMAN","Succinate dehydrogenase assembly factor 2, mitochondrial OS=Homo sapiens OX=9606 GN=SDHAF2 PE=1 SV=1",4.85751690230283,5.3856106903582,3.31610798353686,0.0033616677851215,0.00525473851917084,-1.70134353115783
3830,"Q9BW83|IFT27_HUMAN","Intraflagellar transport protein 27 homolog OS=Homo sapiens OX=9606 GN=IFT27 PE=1 SV=1",4.66534800790841,5.28952624316099,3.03243378416844,0.00645038901471473,0.00950401749202132,-2.2687626228424
3833,"Q9NRG1|PRDC1_HUMAN","Phosphoribosyltransferase domain-containing protein 1 OS=Homo sapiens OX=9606 GN=PRTFDC1 PE=1 SV=1",4.01949473565467,4.96659960703412,2.88859604358426,0.00892943277255553,0.0128709532663193,-2.55045258585724
3835,"Q5TC12|ATPF1_HUMAN","ATP synthase mitochondrial F1 complex assembly factor 1 OS=Homo sapiens OX=9606 GN=ATPAF1 PE=1 SV=1",6.9700561757391,6.44188032707633,5.30285315606074,3.17446941366087e-05,7.03610088807965e-05,2.36220328472985
3836,"Q9UBK9|UXT_HUMAN","Protein UXT OS=Homo sapiens OX=9606 GN=UXT PE=1 SV=1",2.02391799311578,3.96881123576468,1.59999192647969,0.124894675957916,0.13469033681736,-4.74247430823231
3837,"Q9P2D3|HTR5B_HUMAN","HEAT repeat-containing protein 5B OS=Homo sapiens OX=9606 GN=HEATR5B PE=1 SV=2",3.66138540123116,4.78754493982236,2.76967206849809,0.0116462751298307,0.0165576658972851,-2.77955407055582
3838,"P63313|TYB10_HUMAN","Thymosin beta-10 OS=Homo sapiens OX=9606 GN=TMSB10 PE=1 SV=2",1.97397404843333,3.94383926342344,1.53698353060101,0.1395846729282,0.148248549178916,-4.82762746582287
3842,"P48436|SOX9_HUMAN","Transcription factor SOX-9 OS=Homo sapiens OX=9606 GN=SOX9 PE=1 SV=1",2.47654654410468,4.19512551125912,1.81498525271086,0.084181759772667,0.0983014179935602,-4.43293564734234
3843,"Q6DKI2|LEG9C_HUMAN","Galectin-9C OS=Homo sapiens OX=9606 GN=LGALS9C PE=1 SV=2",-0.450237473054713,13.5325180738352,-0.730393557881089,0.473412329398294,0.483330010125545,-5.65531091959741
3843,"Q3B8N2|LEG9B_HUMAN","Galectin-9B OS=Homo sapiens OX=9606 GN=LGALS9B PE=1 SV=3",-0.450237473054713,13.5325180738352,-0.730393557881089,0.473412329398294,0.483330010125545,-5.65531091959741
3843,"O00182|LEG9_HUMAN","Galectin-9 OS=Homo sapiens OX=9606 GN=LGALS9 PE=1 SV=2",-0.450237473054713,13.5325180738352,-0.730393557881089,0.473412329398294,0.483330010125545,-5.65531091959741
3844,"Q5VZ89|DEN4C_HUMAN","DENN domain-containing protein 4C OS=Homo sapiens OX=9606 GN=DENND4C PE=1 SV=3",2.04506613521568,3.97938530681462,1.67575435000714,0.108968190217316,0.120730400036389,-4.63666455217731
3845,"Q8N6N7|ACBD7_HUMAN","Acyl-CoA-binding domain-containing protein 7 OS=Homo sapiens OX=9606 GN=ACBD7 PE=1 SV=1",5.64056553472538,5.77713500656947,4.14096803691006,0.000483814025792574,0.000886992380619718,-0.00443139408529269
3846,"Q9BWT3|PAPOG_HUMAN","Poly(A) polymerase gamma OS=Homo sapiens OX=9606 GN=PAPOLG PE=1 SV=2",3.73365687533607,4.82368067687482,1.8990052159275,0.0730555037628509,0.0866493190039975,-4.30985664929839
3848,"O14656|TOR1A_HUMAN","Torsin-1A OS=Homo sapiens OX=9606 GN=TOR1A PE=1 SV=1",2.22588019946891,4.06979233894124,1.6601085857092,0.112108235309463,0.123283834887584,-4.65881503527724
3849,"Q9Y4Z0|LSM4_HUMAN","U6 snRNA-associated Sm-like protein LSm4 OS=Homo sapiens OX=9606 GN=LSM4 PE=1 SV=1",7.2219240484314,6.56781426342248,5.4946972645835,2.04355198829849e-05,4.66647399463179e-05,2.73993767790402
3853,"Q9Y5U9|IR3IP_HUMAN","Immediate early response 3-interacting protein 1 OS=Homo sapiens OX=9606 GN=IER3IP1 PE=1 SV=1",2.57193799168045,4.24282123504701,1.72973059626056,0.0987032509716345,0.112131633230088,-4.559077516508
3860,"Q96JG6|VPS50_HUMAN","Syndetin OS=Homo sapiens OX=9606 GN=VPS50 PE=1 SV=3",1.7158956873252,3.81480008286938,1.53470576868458,0.140141449376048,0.148716808185718,-4.83065624512271
3863,"Q969S9|RRF2M_HUMAN","Ribosome-releasing factor 2, mitochondrial OS=Homo sapiens OX=9606 GN=GFM2 PE=1 SV=1",1.90960407249885,3.91165427545621,1.56386529269496,0.133150883553279,0.142121126054927,-4.7916197623541
3866,"Q8N442|GUF1_HUMAN","Translation factor GUF1, mitochondrial OS=Homo sapiens OX=9606 GN=GUF1 PE=1 SV=1",2.29746616177387,4.10558532009372,1.66972600267565,0.110169101120144,0.121742548597174,-4.64521742784276
3868,"P82932|RT06_HUMAN","28S ribosomal protein S6, mitochondrial OS=Homo sapiens OX=9606 GN=MRPS6 PE=1 SV=3",6.16681822701864,6.0402613527161,4.63099536223162,0.000152079986530149,0.00030134222755588,1.0061865629396
3869,"Q9H061|T126A_HUMAN","Transmembrane protein 126A OS=Homo sapiens OX=9606 GN=TMEM126A PE=1 SV=1",3.62432452746643,4.76901450294,2.39442242885199,0.0262976209985399,0.0344392954286928,-3.47435205511479
3870,"Q13425|SNTB2_HUMAN","Beta-2-syntrophin OS=Homo sapiens OX=9606 GN=SNTB2 PE=1 SV=1",3.37662260717438,4.64516354279398,2.28012540005329,0.0334179249971755,0.0418948261931376,-3.67580216626178
3871,"Q8N3E9|PLCD3_HUMAN","1-phosphatidylinositol 4,5-bisphosphate phosphodiesterase delta-3 OS=Homo sapiens OX=9606 GN=PLCD3 PE=1 SV=3",2.08444846525601,3.99907647183479,1.69133962434611,0.105914882244965,0.118160619137385,-4.61444710598986
3874,"Q5BJD5|TM41B_HUMAN","Transmembrane protein 41B OS=Homo sapiens OX=9606 GN=TMEM41B PE=1 SV=1",1.72237274850344,3.8180386134585,1.51079765577572,0.146096939475524,0.154397135006285,-4.86223577502379
3875,"Q8IYL3|CA174_HUMAN","UPF0688 protein C1orf174 OS=Homo sapiens OX=9606 GN=C1orf174 PE=1 SV=2",7.44860457707595,6.68115452774476,8.15019141006186,7.27111574497163e-08,1.9700067289332e-07,7.36912957679823
3879,"Q9BZV1|UBXN6_HUMAN","UBX domain-containing protein 6 OS=Homo sapiens OX=9606 GN=UBXN6 PE=1 SV=1",1.73285069472497,3.82327758656927,1.48791151523512,0.151991244454747,0.160187870558658,-4.89210078340705
3887,"P36404|ARL2_HUMAN","ADP-ribosylation factor-like protein 2 OS=Homo sapiens OX=9606 GN=ARL2 PE=1 SV=4",2.17854373753821,4.04612410797589,1.64184167704225,0.115870986092784,0.126374871517625,-4.68448049416612
3888,"Q9NXH9|TRM1_HUMAN","tRNA (guanine(26)-N(2))-dimethyltransferase OS=Homo sapiens OX=9606 GN=TRMT1 PE=1 SV=1",3.26667582762645,4.59019015302001,2.32533805213402,0.0304119750998169,0.0387567878510951,-3.59675425879131
3889,"Q9Y248|PSF2_HUMAN","DNA replication complex GINS protein PSF2 OS=Homo sapiens OX=9606 GN=GINS2 PE=1 SV=1",6.45176082106777,6.18273264974067,4.88998182446118,8.28214550740212e-05,0.000170241645507198,1.53422441207154
3891,"Q9BRT3|MIEN1_HUMAN","Migration and invasion enhancer 1 OS=Homo sapiens OX=9606 GN=MIEN1 PE=1 SV=1",6.86715493777763,6.3904297080956,6.65938796039439,1.54033458731277e-06,3.94826109264591e-06,4.91580684667512
3894,"Q86YH6|DLP1_HUMAN","Decaprenyl-diphosphate synthase subunit 2 OS=Homo sapiens OX=9606 GN=PDSS2 PE=1 SV=2",3.03364839135101,4.47367643488229,2.17718525075349,0.0413048002724027,0.0506282970546801,-3.85247621587211
3895,"Q9NV92|NFIP2_HUMAN","NEDD4 family-interacting protein 2 OS=Homo sapiens OX=9606 GN=NDFIP2 PE=1 SV=2",4.83045203433769,5.37207825637563,3.20099885415648,0.00438564178413947,0.00670294595829176,-1.93323997360095
3897,"Q9BW30|TPPP3_HUMAN","Tubulin polymerization-promoting protein family member 3 OS=Homo sapiens OX=9606 GN=TPPP3 PE=1 SV=1",3.22599366675534,4.56984907258446,2.29005910256908,0.0327349780318421,0.0411861651707818,-3.65850825232659
3899,"Q8TE02|ELP5_HUMAN","Elongator complex protein 5 OS=Homo sapiens OX=9606 GN=ELP5 PE=1 SV=2",4.88358508790926,5.39864478316141,3.10340042259267,0.00548644681948159,0.00820622387529298,-2.12815439342004
3900,"Q86V85|GP180_HUMAN","Integral membrane protein GPR180 OS=Homo sapiens OX=9606 GN=GPR180 PE=2 SV=1",2.09905847893612,4.00638147867484,1.68879739994795,0.106407900253809,0.118573232135949,-4.61808149397269
3904,"O75608|LYPA1_HUMAN","Acyl-protein thioesterase 1 OS=Homo sapiens OX=9606 GN=LYPLA1 PE=1 SV=1",7.0741369285355,6.49392070347453,5.00166190052526,6.38130617122181e-05,0.000133521895430456,1.76003077218193
3908,"Q56P03|EAPP_HUMAN","E2F-associated phosphoprotein OS=Homo sapiens OX=9606 GN=EAPP PE=1 SV=4",5.31802146043815,5.61586296942586,3.34971404562917,0.0031095704532695,0.00492465908888835,-1.6332788788121
3912,"Q9NWS8|RMND1_HUMAN","Required for meiotic nuclear division protein 1 homolog OS=Homo sapiens OX=9606 GN=RMND1 PE=1 SV=2",2.21124502009424,4.0624747492539,1.7347907136145,0.0977848437772107,0.11138214453913,-4.55171216820694
3920,"O95168|NDUB4_HUMAN","NADH dehydrogenase [ubiquinone] 1 beta subcomplex subunit 4 OS=Homo sapiens OX=9606 GN=NDUFB4 PE=1 SV=3",5.74737589672335,5.83054018756846,4.29912315080476,0.000332822399514312,0.000623535882301752,0.322804396754322
3922,"Q8N8V4|ANS4B_HUMAN","Ankyrin repeat and SAM domain-containing protein 4B OS=Homo sapiens OX=9606 GN=ANKS4B PE=1 SV=2",1.58282792206267,3.74826620023812,1.42927082270875,0.167984291730792,0.175648974243224,-4.96696854105872
3923,"Q9BWH2|FUND2_HUMAN","FUN14 domain-containing protein 2 OS=Homo sapiens OX=9606 GN=FUNDC2 PE=1 SV=2",5.58791545229308,5.75080996535332,3.63423966360739,0.00159967330012182,0.00274821160440384,-1.05187759383871
3930,"O15392|BIRC5_HUMAN","Baculoviral IAP repeat-containing protein 5 OS=Homo sapiens OX=9606 GN=BIRC5 PE=1 SV=3",3.44398018685268,4.67884233263312,2.38414154528567,0.0268753591572488,0.0350984168098398,-3.49268804916337
3934,"Q15120|PDK3_HUMAN","[Pyruvate dehydrogenase (acetyl-transferring)] kinase isozyme 3, mitochondrial OS=Homo sapiens OX=9606 GN=PDK3 PE=1 SV=1",1.89354448342948,3.90362448092152,1.60438108921626,0.123921419776208,0.133828181244993,-4.73644515705015
3935,"Q9NPH0|PPA6_HUMAN","Lysophosphatidic acid phosphatase type 6 OS=Homo sapiens OX=9606 GN=ACP6 PE=1 SV=3",3.64242893697019,4.77806670769188,2.42856089940829,0.0244608516569702,0.0324738892687363,-3.41317181941987
3936,"Q9Y3D7|TIM16_HUMAN","Mitochondrial import inner membrane translocase subunit TIM16 OS=Homo sapiens OX=9606 GN=PAM16 PE=1 SV=2",6.08070826396425,5.99720637118891,4.3647861748827,0.000284971268525628,0.000539134832345782,0.458450093408128
3938,"O96013|PAK4_HUMAN","Serine/threonine-protein kinase PAK 4 OS=Homo sapiens OX=9606 GN=PAK4 PE=1 SV=1",2.46604413269971,4.18987430555664,1.81300376533913,0.0844969947331706,0.0986097089186743,-4.43591614024436
3939,"Q6P4A8|PLBL1_HUMAN","Phospholipase B-like 1 OS=Homo sapiens OX=9606 GN=PLBD1 PE=1 SV=2",1.80378603919378,3.85874525880367,1.57215762267933,0.131216674981812,0.140485038565066,-4.78041520834402
3941,"Q9H081|MIS12_HUMAN","Protein MIS12 homolog OS=Homo sapiens OX=9606 GN=MIS12 PE=1 SV=1",3.23145437908815,4.57257942875086,2.32596722885356,0.0303719603920733,0.0387307802178785,-3.59564821765795
3942,"Q8NBF6|AVL9_HUMAN","Late secretory pathway protein AVL9 homolog OS=Homo sapiens OX=9606 GN=AVL9 PE=1 SV=1",1.88406115364925,3.89888281603141,1.55530983330149,0.135171253618466,0.144038008976223,-4.80313201062215
3945,"Q3KQU3|MA7D1_HUMAN","MAP7 domain-containing protein 1 OS=Homo sapiens OX=9606 GN=MAP7D1 PE=1 SV=1",3.25684310703342,4.58527379272349,2.32974336460676,0.030132822358168,0.0384908314794116,-3.5890066551924
3946,"Q96N66|MBOA7_HUMAN","Lysophospholipid acyltransferase 7 OS=Homo sapiens OX=9606 GN=MBOAT7 PE=1 SV=2",4.5283607611878,5.22103261980068,3.09571280547324,0.00558372474439155,0.00833876658879265,-2.14343373954402
3949,"Q9BTT4|MED10_HUMAN","Mediator of RNA polymerase II transcription subunit 10 OS=Homo sapiens OX=9606 GN=MED10 PE=1 SV=1",3.32745742255672,4.62058095048514,2.3473139830758,0.0290427826510921,0.0373712276760376,-3.55802621996231
3950,"Q7Z7H8|RM10_HUMAN","39S ribosomal protein L10, mitochondrial OS=Homo sapiens OX=9606 GN=MRPL10 PE=1 SV=3",4.14905587725103,5.0313801778323,2.55239886826802,0.018754082359221,0.0258607511042266,-3.18761517913194
3954,"Q68D91|MBLC2_HUMAN","Metallo-beta-lactamase domain-containing protein 2 OS=Homo sapiens OX=9606 GN=MBLAC2 PE=1 SV=3",4.02288704119391,4.96829575980374,2.87424061661807,0.00922191185726317,0.0132627421182156,-2.57830079170053
3956,"O43760|SNG2_HUMAN","Synaptogyrin-2 OS=Homo sapiens OX=9606 GN=SYNGR2 PE=1 SV=1",3.12212904242475,4.51791676041916,2.27702149647768,0.0336339888594256,0.0421382548352713,-3.68119723412791
3957,"Q9Y3C4|TPRKB_HUMAN","EKC/KEOPS complex subunit TPRKB OS=Homo sapiens OX=9606 GN=TPRKB PE=1 SV=1",2.43323855527209,4.17347151684283,1.68634851497819,0.106884663200045,0.119001143238917,-4.62157863757059
3959,"Q07817|B2CL1_HUMAN","Bcl-2-like protein 1 OS=Homo sapiens OX=9606 GN=BCL2L1 PE=1 SV=1",6.59525719857942,6.25448083849649,4.9830403919179,6.66442569389884e-05,0.00013876711152791,1.72246783212212
3961,"Q8TC26|TM163_HUMAN","Transmembrane protein 163 OS=Homo sapiens OX=9606 GN=TMEM163 PE=2 SV=1",5.52336744229264,5.7185359603531,3.44945299170897,0.00246543669859129,0.00403911969769212,-1.43042951519861
3966,"Q9BVI4|NOC4L_HUMAN","Nucleolar complex protein 4 homolog OS=Homo sapiens OX=9606 GN=NOC4L PE=1 SV=1",4.97831404202952,5.44600926022154,3.8099201172227,0.00105790553028789,0.00186831939982036,-0.689660323455858
3967,"Q9UKZ1|CNO11_HUMAN","CCR4-NOT transcription complex subunit 11 OS=Homo sapiens OX=9606 GN=CNOT11 PE=1 SV=1",3.91164576412791,4.91267512127074,2.48595030143909,0.0216397792608414,0.0293149719050807,-3.3093320653381
3969,"Q9UNL2|SSRG_HUMAN","Translocon-associated protein subunit gamma OS=Homo sapiens OX=9606 GN=SSR3 PE=1 SV=1",10.0586703854362,7.98618743192486,19.4197560008982,1.11990637423129e-14,1.05937089454311e-13,16.909835621665
3970,"Q9Y3E7|CHMP3_HUMAN","Charged multivesicular body protein 3 OS=Homo sapiens OX=9606 GN=CHMP3 PE=1 SV=3",1.74406693494361,3.82888570667859,1.4809889636593,0.153811999852656,0.161840994652289,-4.90106343486286
3971,"Q9NRP2|COXM2_HUMAN","COX assembly mitochondrial protein 2 homolog OS=Homo sapiens OX=9606 GN=CMC2 PE=1 SV=1",9.23052335040676,7.57211391441016,14.7046575357954,2.32196014166291e-12,1.08753607608299e-11,14.3257774336932
3975,"P51397|DAP1_HUMAN","Death-associated protein 1 OS=Homo sapiens OX=9606 GN=DAP PE=1 SV=3",4.53514501484738,5.22442474663047,2.64866380595388,0.0152084230442645,0.0213694995329994,-3.00862928228584
3980,"O14548|COX7R_HUMAN","Cytochrome c oxidase subunit 7A-related protein, mitochondrial OS=Homo sapiens OX=9606 GN=COX7A2L PE=1 SV=2",5.73534190562875,5.82452319202116,4.27862493563548,0.000349352172791275,0.000651650128510857,0.280428162930233
3981,"Q9BUL5|PHF23_HUMAN","PHD finger protein 23 OS=Homo sapiens OX=9606 GN=PHF23 PE=1 SV=1",3.36956626771155,4.64163537306256,2.36445722782614,0.028014479486739,0.0362784211314986,-3.52767870461867
3982,"P22897|MRC1_HUMAN","Macrophage mannose receptor 1 OS=Homo sapiens OX=9606 GN=MRC1 PE=1 SV=1",2.23962026183558,11.1544693429417,1.74858678800556,0.101204299301097,0.114363531643447,-4.54453729096962
3983,"A8MPP1|D11L8_HUMAN","Putative ATP-dependent RNA helicase DDX11-like protein 8 OS=Homo sapiens OX=9606 GN=DDX11L8 PE=1 SV=1",3.33637084581557,4.62503766211457,2.22225049995594,0.0376636096220403,0.046550528746342,-3.77571088125433
3983,"Q96FC9|DDX11_HUMAN","ATP-dependent DNA helicase DDX11 OS=Homo sapiens OX=9606 GN=DDX11 PE=1 SV=1",3.15155062669024,4.5326275525519,2.20771746695358,0.0388045394416869,0.0477613417041223,-3.80056711652256
3985,"Q9NXR7|BABA2_HUMAN","BRISC and BRCA1-A complex member 2 OS=Homo sapiens OX=9606 GN=BABAM2 PE=1 SV=2",5.88147955776122,5.89759201808739,4.44972105700484,0.000233168899662901,0.000447730804838987,0.633634971413217
3987,"Q9H1E3|NUCKS_HUMAN","Nuclear ubiquitous casein and cyclin-dependent kinase substrate 1 OS=Homo sapiens OX=9606 GN=NUCKS1 PE=1 SV=1",4.69662155882346,5.30516301861852,3.03774464684477,0.00637292081119469,0.00941148643003435,-2.25827506427293
3989,"Q96JB2|COG3_HUMAN","Conserved oligomeric Golgi complex subunit 3 OS=Homo sapiens OX=9606 GN=COG3 PE=1 SV=3",3.91742260440082,4.91556354140719,2.4903256535605,0.021437666167304,0.0290759214564524,-3.30136570413227
3995,"Q9NWU5|RM22_HUMAN","39S ribosomal protein L22, mitochondrial OS=Homo sapiens OX=9606 GN=MRPL22 PE=1 SV=1",1.92136166471154,3.91753307156255,1.56501792236785,0.132880618846173,0.141871986288898,-4.79006506228146
3996,"Q8NDH3|PEPL1_HUMAN","Probable aminopeptidase NPEPL1 OS=Homo sapiens OX=9606 GN=NPEPL1 PE=1 SV=3",5.56073114824938,5.73721781333147,4.19657396204911,0.000424178324890074,0.000783254940444502,0.110684508978983
3998,"Q9NVZ3|NECP2_HUMAN","Adaptin ear-binding coat-associated protein 2 OS=Homo sapiens OX=9606 GN=NECAP2 PE=1 SV=1",-4.64523748155367,9.93166366534471,-2.47342833300176,0.0312229542196493,0.0395422282058059,-3.49773103056817
3999,"Q92466|DDB2_HUMAN","DNA damage-binding protein 2 OS=Homo sapiens OX=9606 GN=DDB2 PE=1 SV=1",2.3593309785081,4.13651772846084,1.70146278013662,0.103970941569223,0.116396663286277,-4.59993513553889
4000,"Q9UHQ9|NB5R1_HUMAN","NADH-cytochrome b5 reductase 1 OS=Homo sapiens OX=9606 GN=CYB5R1 PE=1 SV=1",2.01482989912436,3.96426718876896,1.66731370253606,0.110652793864949,0.122031869487269,-4.64863354204263
4003,"O75575|RPC9_HUMAN","DNA-directed RNA polymerase III subunit RPC9 OS=Homo sapiens OX=9606 GN=CRCP PE=1 SV=1",2.14620602289807,4.02995525065582,1.67942003097903,0.10824339816491,0.120166402230364,-4.63145262593279
4006,"Q9ULK4|MED23_HUMAN","Mediator of RNA polymerase II transcription subunit 23 OS=Homo sapiens OX=9606 GN=MED23 PE=1 SV=2",3.02951242943717,4.47160845392537,2.18645107765617,0.0405309533253513,0.0497431209125287,-3.83676791305575
4007,"Q14457|BECN1_HUMAN","Beclin-1 OS=Homo sapiens OX=9606 GN=BECN1 PE=1 SV=2",3.02981031558277,4.47175739699817,2.25087273314085,0.0355057591293249,0.0441243294538092,-3.72648328636217
4010,"Q9NPA8|ENY2_HUMAN","Transcription and mRNA export factor ENY2 OS=Homo sapiens OX=9606 GN=ENY2 PE=1 SV=1",9.24381647650227,7.57876047745792,14.4476236647739,3.23361137634048e-12,1.47330222472318e-11,14.1418088651385
4011,"Q9C0H2|TTYH3_HUMAN","Protein tweety homolog 3 OS=Homo sapiens OX=9606 GN=TTYH3 PE=1 SV=3",6.71871646336057,6.31621047088707,5.05365716021451,5.65364213518097e-05,0.000119727844996957,1.86472035586395
4013,"Q92643|GPI8_HUMAN","GPI-anchor transamidase OS=Homo sapiens OX=9606 GN=PIGK PE=1 SV=2",2.1830223520482,4.04836341523088,1.72145986879636,0.100220304479746,0.113551551573579,-4.57108253061862
4016,"Q9H009|NACA2_HUMAN","Nascent polypeptide-associated complex subunit alpha-2 OS=Homo sapiens OX=9606 GN=NACA2 PE=1 SV=1",2.08130982582322,3.9975071521184,1.62148928982898,0.120188333374016,0.130325869526842,-4.7128251856765
4028,"Q9NR19|ACSA_HUMAN","Acetyl-coenzyme A synthetase, cytoplasmic OS=Homo sapiens OX=9606 GN=ACSS2 PE=1 SV=1",2.65196675243056,4.28283561542206,2.06440573565955,0.0518588111878232,0.062588220399097,-4.04042532376747
4030,"Q92558|WASF1_HUMAN","Wiskott-Aldrich syndrome protein family member 1 OS=Homo sapiens OX=9606 GN=WASF1 PE=1 SV=1",2.00972305959788,3.96171376900572,1.59759497862977,0.125428874265685,0.135152859200361,-4.74576156247216
4032,"Q4J6C6|PPCEL_HUMAN","Prolyl endopeptidase-like OS=Homo sapiens OX=9606 GN=PREPL PE=1 SV=1",1.7883825218307,3.85104350012213,1.51064396997113,0.14613588570465,0.154397135006285,-4.86243751958971
4033,"Q8IX18|DHX40_HUMAN","Probable ATP-dependent RNA helicase DHX40 OS=Homo sapiens OX=9606 GN=DHX40 PE=1 SV=2",2.01928822931819,3.96649635386588,1.60194481526211,0.124460853146394,0.134297725508301,-4.73979328185599
4034,"O60870|KIN17_HUMAN","DNA/RNA-binding protein KIN17 OS=Homo sapiens OX=9606 GN=KIN PE=1 SV=2",4.02849175793066,4.97109811817212,2.52180658094008,0.0200346699525919,0.0274008807522128,-3.24384527559585
4048,"Q9UL45|BL1S6_HUMAN","Biogenesis of lysosome-related organelles complex 1 subunit 6 OS=Homo sapiens OX=9606 GN=BLOC1S6 PE=1 SV=1",2.44297026786564,4.1783373731396,1.80279853071917,0.0861368396589294,0.100249949421668,-4.45123033837805
4051,"Q6QNY1|BL1S2_HUMAN","Biogenesis of lysosome-related organelles complex 1 subunit 2 OS=Homo sapiens OX=9606 GN=BLOC1S2 PE=1 SV=1",7.55760103327971,6.73565275584664,9.03919702886716,1.3544610873426e-08,3.85986320227166e-08,8.65304478917224
4052,"Q9Y6M7|S4A7_HUMAN","Sodium bicarbonate cotransporter 3 OS=Homo sapiens OX=9606 GN=SLC4A7 PE=1 SV=2",5.28443339559018,5.59906893700187,3.36112154234723,0.00302827464954983,0.00480795358750486,-1.6101403516389
4055,"Q2M385|MPEG1_HUMAN","Macrophage-expressed gene 1 protein OS=Homo sapiens OX=9606 GN=MPEG1 PE=1 SV=1",1.92268801936272,3.91819624888814,1.5682982426797,0.132113956245087,0.141210086491833,-4.78563564968141
4056,"Q05397|FAK1_HUMAN","Focal adhesion kinase 1 OS=Homo sapiens OX=9606 GN=PTK2 PE=1 SV=2",3.68800889772272,4.80085668806814,2.81612213699327,0.0105024642931907,0.0149779693014869,-2.69051233482731
4058,"Q9UKK3|PARP4_HUMAN","Protein mono-ADP-ribosyltransferase PARP4 OS=Homo sapiens OX=9606 GN=PARP4 PE=1 SV=3",-0.783266264064292,13.244957874076,-1.04904360675439,0.306365133139653,0.315798062272467,-5.39066805836005
4060,"P28062|PSB8_HUMAN","Proteasome subunit beta type-8 OS=Homo sapiens OX=9606 GN=PSMB8 PE=1 SV=3",1.98505626892169,3.94938037366763,1.61613457091912,0.12134646091327,0.13141599845741,-4.72023840549617
4061,"Q9UBI6|GBG12_HUMAN","Guanine nucleotide-binding protein G(I)/G(S)/G(O) subunit gamma-12 OS=Homo sapiens OX=9606 GN=GNG12 PE=1 SV=3",3.32444523923112,4.61907485882234,2.30592197440359,0.0316709607709848,0.0400305971662151,-3.63080550377554
4063,"O75629|CREG1_HUMAN","Protein CREG1 OS=Homo sapiens OX=9606 GN=CREG1 PE=1 SV=1",4.13747070225803,5.0255875903358,2.55735738608551,0.0185538997236053,0.0256490175712318,-3.17847083920568
4064,"Q9H6S0|YTDC2_HUMAN","3'-5' RNA helicase YTHDC2 OS=Homo sapiens OX=9606 GN=YTHDC2 PE=1 SV=2",1.79181968896135,3.85276208368746,1.46458198350764,0.158198496221291,0.166229315079686,-4.92217323443348
4066,"Q9Y584|TIM22_HUMAN","Mitochondrial import inner membrane translocase subunit Tim22 OS=Homo sapiens OX=9606 GN=TIMM22 PE=1 SV=2",3.47146149673529,4.69258298757443,2.39111027890043,0.0264824786565055,0.03460880611933,-3.48026380936493
4068,"Q9NVA1|UQCC1_HUMAN","Ubiquinol-cytochrome-c reductase complex assembly factor 1 OS=Homo sapiens OX=9606 GN=UQCC1 PE=1 SV=3",-0.56759754574137,7.30817062141895,-0.255754795730058,0.802887448010738,0.810465829795842,-5.87836104090812
4074,"P22830|HEMH_HUMAN","Ferrochelatase, mitochondrial OS=Homo sapiens OX=9606 GN=FECH PE=1 SV=2",0.821184385486572,3.36744443195007,0.925573894217495,0.365432608548286,0.375077457454252,-5.503533251514
4079,"Q14135|VGLL4_HUMAN","Transcription cofactor vestigial-like protein 4 OS=Homo sapiens OX=9606 GN=VGLL4 PE=1 SV=4",2.2944070872686,4.10405578284109,1.76232422351531,0.0929151112487324,0.10697463466137,-4.51136382446092
4081,"Q8N668|COMD1_HUMAN","COMM domain-containing protein 1 OS=Homo sapiens OX=9606 GN=COMMD1 PE=1 SV=1",1.11592893302569,6.23878590950459,0.514149959453835,0.614760216457533,0.624327837869033,-5.78164264155776
4084,"P15529|MCP_HUMAN","Membrane cofactor protein OS=Homo sapiens OX=9606 GN=CD46 PE=1 SV=3",3.87150155635688,4.89260301738522,2.26852096136662,0.0342322973917702,0.0428320913091697,-3.69595135866068
4087,"Q9BPX6|MICU1_HUMAN","Calcium uptake protein 1, mitochondrial OS=Homo sapiens OX=9606 GN=MICU1 PE=1 SV=1",3.39434931704038,4.65402689772697,2.337607512935,0.0296403624116131,0.0379878146753364,-3.57515620498488
4088,"O60293|ZC3H1_HUMAN","Zinc finger C3H1 domain-containing protein OS=Homo sapiens OX=9606 GN=ZFC3H1 PE=1 SV=3",1.7227271051042,3.81821579175888,1.44969405439069,0.162266429545046,0.17022500102137,-4.94116648930371
4091,"Q15629|TRAM1_HUMAN","Translocating chain-associated membrane protein 1 OS=Homo sapiens OX=9606 GN=TRAM1 PE=1 SV=3",1.79792496805127,3.85581472323241,1.54387443494203,0.137911386433199,0.146633205680148,-4.81844328019991
4095,"P07311|ACYP1_HUMAN","Acylphosphatase-1 OS=Homo sapiens OX=9606 GN=ACYP1 PE=1 SV=2",5.39475600157228,5.65423023999292,3.55220057660056,0.00193906013342528,0.00326569620021318,-1.22032122758355
4099,"Q9Y2X9|ZN281_HUMAN","Zinc finger protein 281 OS=Homo sapiens OX=9606 GN=ZNF281 PE=1 SV=1",3.83252476456237,4.87311462148797,2.89657197376693,0.00877079388378043,0.0126707528902644,-2.53495813126957
4101,"Q00535|CDK5_HUMAN","Cyclin-dependent-like kinase 5 OS=Homo sapiens OX=9606 GN=CDK5 PE=1 SV=3",2.28646928166055,4.10008688003706,1.6465626143797,0.11488845126446,0.125552238821507,-4.6778677870447
4102,"Q14653|IRF3_HUMAN","Interferon regulatory factor 3 OS=Homo sapiens OX=9606 GN=IRF3 PE=1 SV=1",2.5496518055815,4.23167814199753,1.73870973854319,0.0970785923941776,0.11070870281919,-4.54599706886741
4103,"Q9Y5T5|UBP16_HUMAN","Ubiquitin carboxyl-terminal hydrolase 16 OS=Homo sapiens OX=9606 GN=USP16 PE=1 SV=1",4.06280876311474,4.98825662076415,2.87256407711255,0.00925666231980549,0.0132928571172142,-2.58154979215955
4107,"Q5TEU4|NDUF5_HUMAN","Arginine-hydroxylase NDUFAF5, mitochondrial OS=Homo sapiens OX=9606 GN=NDUFAF5 PE=1 SV=1",2.29019643229569,4.10195045535463,1.67817853027267,0.108488412082349,0.120403685937459,-4.63321875485049
4109,"O75167|PHAR2_HUMAN","Phosphatase and actin regulator 2 OS=Homo sapiens OX=9606 GN=PHACTR2 PE=1 SV=2",1.82741920891751,3.87056184366554,1.52789200316592,0.14181797126905,0.150371575154459,-4.83969575608608
4111,"Q9BVS4|RIOK2_HUMAN","Serine/threonine-protein kinase RIO2 OS=Homo sapiens OX=9606 GN=RIOK2 PE=1 SV=2",2.20638813070966,4.06004630456161,1.73058389120092,0.098547862026743,0.112019270387647,-4.5578365791658
4112,"Q7KZN9|COX15_HUMAN","Cytochrome c oxidase assembly protein COX15 homolog OS=Homo sapiens OX=9606 GN=COX15 PE=1 SV=1",2.25865986261477,4.08618217051417,1.65805766860719,0.112525476359123,0.123563283150691,-4.66170717462472
4113,"P51790|CLCN3_HUMAN","H(+)/Cl(-) exchange transporter 3 OS=Homo sapiens OX=9606 GN=CLCN3 PE=1 SV=2",-3.00953739908655,7.82604463023599,-1.8289778383147,0.0941728824031837,0.108131702133092,-4.44689325254818
4114,"P62072|TIM10_HUMAN","Mitochondrial import inner membrane translocase subunit Tim10 OS=Homo sapiens OX=9606 GN=TIMM10 PE=1 SV=1",6.71220824711706,6.31295636276531,4.99084435780312,6.54425653406746e-05,0.000136486390336727,1.73821423595658
4115,"Q00653|NFKB2_HUMAN","Nuclear factor NF-kappa-B p100 subunit OS=Homo sapiens OX=9606 GN=NFKB2 PE=1 SV=4",1.67923692686128,3.79647070263742,1.51373775125015,0.145353518010294,0.153781545572858,-4.85837319242948
4117,"Q8IV48|ERI1_HUMAN","3'-5' exoribonuclease 1 OS=Homo sapiens OX=9606 GN=ERI1 PE=1 SV=3",5.1058733935739,5.50978893599373,3.28468110438365,0.00361541966328185,0.00561491153837641,-1.76485278446597
4121,"Q8WXD5|GEMI6_HUMAN","Gem-associated protein 6 OS=Homo sapiens OX=9606 GN=GEMIN6 PE=1 SV=1",1.92323909732232,3.91847178786794,1.56903076454958,0.131943258007475,0.141105984257994,-4.78464555232355
4124,"Q6DKK2|TTC19_HUMAN","Tetratricopeptide repeat protein 19, mitochondrial OS=Homo sapiens OX=9606 GN=TTC19 PE=1 SV=4",2.27306167679997,4.09338307760677,1.7502359778581,0.0950267759887269,0.108949698498094,-4.52913452156723
4131,"Q6IBW4|CNDH2_HUMAN","Condensin-2 complex subunit H2 OS=Homo sapiens OX=9606 GN=NCAPH2 PE=1 SV=1",5.94298881251242,5.92834664546299,4.45193878028327,0.000231951285316113,0.000445614994245028,0.638204489150516
4145,"O94916|NFAT5_HUMAN","Nuclear factor of activated T-cells 5 OS=Homo sapiens OX=9606 GN=NFAT5 PE=1 SV=1",1.92940774697242,3.92155611269299,1.63044061428928,0.118273089822435,0.128630337801236,-4.7003914562733
4149,"Q6ZW49|PAXI1_HUMAN","PAX-interacting protein 1 OS=Homo sapiens OX=9606 GN=PAXIP1 PE=1 SV=2",4.58183095837574,5.24776771839465,3.17964980365962,0.00460640446369014,0.0070069763671304,-1.97601883571171
4150,"Q8NDF8|PAPD5_HUMAN","Terminal nucleotidyltransferase 4B OS=Homo sapiens OX=9606 GN=TENT4B PE=1 SV=2",3.31737604415681,4.61554026128519,2.31897595101406,0.0308193353597634,0.0391340505062958,-3.60792912772054
4152,"O95249|GOSR1_HUMAN","Golgi SNAP receptor complex member 1 OS=Homo sapiens OX=9606 GN=GOSR1 PE=1 SV=1",2.38975109530687,4.15172778686022,1.79064985671282,0.0881249053227237,0.102223828108613,-4.46938147949154
4155,"Q7Z6M1|RABEK_HUMAN","Rab9 effector protein with kelch motifs OS=Homo sapiens OX=9606 GN=RABEPK PE=1 SV=1",1.73393505100171,3.82381976470764,1.49177827290476,0.150981914247143,0.159254895849726,-4.8870801114342
4156,"Q969H8|MYDGF_HUMAN","Myeloid-derived growth factor OS=Homo sapiens OX=9606 GN=MYDGF PE=1 SV=1",3.59984711730398,4.75677579785877,2.37852645318255,0.0271958476878709,0.035408864930099,-3.50268503907466
4164,"Q9BVT8|TMUB1_HUMAN","Transmembrane and ubiquitin-like domain-containing protein 1 OS=Homo sapiens OX=9606 GN=TMUB1 PE=1 SV=1",5.82132756286721,5.86751602064039,3.65993927381386,0.0015059517089877,0.00260112789573919,-0.999005538075008
4165,"Q9H4I9|EMRE_HUMAN","Essential MCU regulator, mitochondrial OS=Homo sapiens OX=9606 GN=SMDT1 PE=1 SV=1",2.79025166832244,4.351978073368,1.88714844209411,0.0733781144298673,0.0869783683974721,-4.32285755511617
4166,"Q9BUI4|RPC3_HUMAN","DNA-directed RNA polymerase III subunit RPC3 OS=Homo sapiens OX=9606 GN=POLR3C PE=1 SV=1",-3.18792008989172,8.12741449320053,-1.24565569338455,0.2401563591909,0.248548920130367,-5.17956593194568
4169,"Q9NUG6|PDRG1_HUMAN","p53 and DNA damage-regulated protein 1 OS=Homo sapiens OX=9606 GN=PDRG1 PE=1 SV=2",2.2980462953961,4.10587538690483,1.68516018839372,0.107116667844952,0.1191905119084,-4.62327428669095
4170,"P24386|RAE1_HUMAN","Rab proteins geranylgeranyltransferase component A 1 OS=Homo sapiens OX=9606 GN=CHM PE=1 SV=3",2.67056651393603,4.2921354961748,2.14326642386737,0.0442534817275109,0.0538312494947605,-3.909639567055
4174,"P62256|UBE2H_HUMAN","Ubiquitin-conjugating enzyme E2 H OS=Homo sapiens OX=9606 GN=UBE2H PE=1 SV=1",1.68776602057654,3.80073524949505,1.46409690504741,0.158329718385615,0.166321805125408,-4.92279450931431
4175,"Q9NWX6|THG1_HUMAN","Probable tRNA(His) guanylyltransferase OS=Homo sapiens OX=9606 GN=THG1L PE=1 SV=2",4.7359616174214,5.32483304791748,3.26624319619797,0.00377289441510345,0.00584532937551239,-1.80204650231442
4177,"Q9P2K5|MYEF2_HUMAN","Myelin expression factor 2 OS=Homo sapiens OX=9606 GN=MYEF2 PE=1 SV=3",2.22565072180855,4.06967760011106,1.65941130655762,0.112249943351868,0.123404420875126,-4.65979861509512
4178,"Q9NR56|MBNL1_HUMAN","Muscleblind-like protein 1 OS=Homo sapiens OX=9606 GN=MBNL1 PE=1 SV=2",4.54838538562257,5.23104493201807,3.03715410369452,0.00638149032283334,0.00942052827565504,-2.25944151951764
4181,"P10451|OSTP_HUMAN","Osteopontin OS=Homo sapiens OX=9606 GN=SPP1 PE=1 SV=1",-3.29538477991157,6.82627985437362,-2.2279692525085,0.0393460917456802,0.0483506074755407,-3.78922095523917
4186,"O15118|NPC1_HUMAN","NPC intracellular cholesterol transporter 1 OS=Homo sapiens OX=9606 GN=NPC1 PE=1 SV=2",1.76585978668791,3.83978213255074,1.53594324946652,0.139838732118808,0.148477418272866,-4.829011178736
4188,"Q8N1N4|K2C78_HUMAN","Keratin, type II cytoskeletal 78 OS=Homo sapiens OX=9606 GN=KRT78 PE=1 SV=2",-0.348809364457605,14.5491708756596,-0.119802200126611,0.906907131144282,0.909742692784129,-5.9040940982586
4198,"Q9NRY2|SOSSC_HUMAN","SOSS complex subunit C OS=Homo sapiens OX=9606 GN=INIP PE=1 SV=1",2.10686006000183,4.0102822692077,1.68879726487165,0.106407926501221,0.118573232135949,-4.61808168697216
4199,"Q96EL2|RT24_HUMAN","28S ribosomal protein S24, mitochondrial OS=Homo sapiens OX=9606 GN=MRPS24 PE=1 SV=1",2.23829452646198,4.07599950243777,1.74136131267657,0.0966032378813238,0.110378453828277,-4.54212500714347
4200,"P62854|RS26_HUMAN","40S ribosomal protein S26 OS=Homo sapiens OX=9606 GN=RPS26 PE=1 SV=3",6.30171313180437,6.10770880510897,3.9242609559125,0.000807651779666593,0.0014489558954876,-0.453183160278415
4203,"Q9H0R3|TM222_HUMAN","Transmembrane protein 222 OS=Homo sapiens OX=9606 GN=TMEM222 PE=1 SV=2",2.48044756498056,4.19707602169707,1.73117661602027,0.0984400476226902,0.111989702058104,-4.55697432513752
4205,"Q99836|MYD88_HUMAN","Myeloid differentiation primary response protein MyD88 OS=Homo sapiens OX=9606 GN=MYD88 PE=1 SV=1",2.37989465810271,4.14679956825814,1.7064361140277,0.103027121562193,0.11572550697491,-4.5927824121507
4207,"O75113|N4BP1_HUMAN","NEDD4-binding protein 1 OS=Homo sapiens OX=9606 GN=N4BP1 PE=1 SV=4",2.1046511303849,4.00917780439923,1.62003944514298,0.120500986945061,0.130573824863069,-4.71483421824013
4208,"O75449|KTNA1_HUMAN","Katanin p60 ATPase-containing subunit A1 OS=Homo sapiens OX=9606 GN=KATNA1 PE=1 SV=1",2.06960826209064,3.9916563702521,1.58991208033736,0.127154035782813,0.136743865297159,-4.75627284586628
4209,"Q96GX2|A7L3B_HUMAN","Ataxin-7-like protein 3B OS=Homo sapiens OX=9606 GN=ATXN7L3B PE=1 SV=2",4.76578266138452,5.33974356989904,3.26993289512071,0.00374085522928891,0.00580035949768921,-1.79460752980943
4211,"O15260|SURF4_HUMAN","Surfeit locus protein 4 OS=Homo sapiens OX=9606 GN=SURF4 PE=1 SV=3",9.77844006639785,7.8460722724057,14.2583666161948,4.13959493028214e-12,1.8418334151589e-11,14.002822907933
4212,"Q8TE77|SSH3_HUMAN","Protein phosphatase Slingshot homolog 3 OS=Homo sapiens OX=9606 GN=SSH3 PE=1 SV=2",5.46900856673167,5.69135652257262,4.17384027824733,0.00044761528379705,0.00082455447015246,0.0636271055319799
4214,"O43674|NDUB5_HUMAN","NADH dehydrogenase [ubiquinone] 1 beta subcomplex subunit 5, mitochondrial OS=Homo sapiens OX=9606 GN=NDUFB5 PE=1 SV=1",4.94247952110216,5.42809199975786,3.21447870792598,0.00425158710449489,0.00651876158992646,-1.90619025720058
4215,"P22415|USF1_HUMAN","Upstream stimulatory factor 1 OS=Homo sapiens OX=9606 GN=USF1 PE=1 SV=1",3.41910321394677,4.66640384618017,2.32309124987997,0.0305552655429805,0.0388499908654145,-3.60070262035242
4216,"O43617|TPPC3_HUMAN","Trafficking protein particle complex subunit 3 OS=Homo sapiens OX=9606 GN=TRAPPC3 PE=1 SV=1",2.24733485355699,4.08051966598528,1.66877683176221,0.110359205846249,0.121847703615732,-4.64656200783399
4222,"B1AK53|ESPN_HUMAN","Espin OS=Homo sapiens OX=9606 GN=ESPN PE=1 SV=1",5.75861771411712,5.83616109626534,4.18739872131833,0.00043348587351609,0.000799674467195471,0.0916934407562922
4225,"Q16134|ETFD_HUMAN","Electron transfer flavoprotein-ubiquinone oxidoreductase, mitochondrial OS=Homo sapiens OX=9606 GN=ETFDH PE=1 SV=2",1.48107224985592,4.59106295220042,0.961215847185872,0.347641642653201,0.357388604596748,-5.47226388711288
4226,"Q9BVW5|TIPIN_HUMAN","TIMELESS-interacting protein OS=Homo sapiens OX=9606 GN=TIPIN PE=1 SV=2",4.59036638470483,5.2520354315592,3.21794125531258,0.00421780141358479,0.00647986250690401,-1.89923725593391
4230,"Q15904|VAS1_HUMAN","V-type proton ATPase subunit S1 OS=Homo sapiens OX=9606 GN=ATP6AP1 PE=1 SV=2",2.3294663569754,4.12158541769448,1.69298696652942,0.105596450347298,0.117907869442314,-4.61208990380575
4234,"O14893|GEMI2_HUMAN","Gem-associated protein 2 OS=Homo sapiens OX=9606 GN=GEMIN2 PE=1 SV=1",7.42811124570555,6.67090786205956,7.86112310301794,1.28412478378078e-07,3.43802532514326e-07,6.92328398806236
4237,"P62304|RUXE_HUMAN","Small nuclear ribonucleoprotein E OS=Homo sapiens OX=9606 GN=SNRPE PE=1 SV=1",6.65659099657393,6.28514773749375,5.05573870489546,5.6263301312901e-05,0.000119215030299763,1.86890537314731
4257,"Q9UGU5|HMGX4_HUMAN","HMG domain-containing protein 4 OS=Homo sapiens OX=9606 GN=HMGXB4 PE=1 SV=2",1.75076384574231,3.83223416207794,1.55867871316282,0.13437267573309,0.14330603921673,-4.79860464981182
4260,"Q9NRG0|CHRC1_HUMAN","Chromatin accessibility complex protein 1 OS=Homo sapiens OX=9606 GN=CHRAC1 PE=1 SV=1",8.37695270561291,7.14532859201324,11.7813311636006,1.37700306523776e-10,4.72501051797269e-10,11.8698525840039
4271,"Q9Y6G5|COMDA_HUMAN","COMM domain-containing protein 10 OS=Homo sapiens OX=9606 GN=COMMD10 PE=1 SV=1",-0.913978420660049,6.17121516559976,-0.541234848507641,0.594177467979275,0.604062120866176,-5.76990013093939
4272,"Q15528|MED22_HUMAN","Mediator of RNA polymerase II transcription subunit 22 OS=Homo sapiens OX=9606 GN=MED22 PE=1 SV=2",1.08242242430695,3.49806345136026,1.14205338338357,0.266592232611971,0.275168926422544,-5.29737156590973
4275,"Q9NX14|NDUBB_HUMAN","NADH dehydrogenase [ubiquinone] 1 beta subcomplex subunit 11, mitochondrial OS=Homo sapiens OX=9606 GN=NDUFB11 PE=1 SV=1",3.01169311908928,4.46269879875142,1.93934070069944,0.066342162836447,0.0792483173814213,-4.24143005320156
4276,"Q3ZAQ7|VMA21_HUMAN","Vacuolar ATPase assembly integral membrane protein VMA21 OS=Homo sapiens OX=9606 GN=VMA21 PE=1 SV=1",5.10421363022613,5.50895905431985,3.31031814559629,0.00340707216528401,0.00532139060297908,-1.71305448542597
4282,"Q9H6U8|ALG9_HUMAN","Alpha-1,2-mannosyltransferase ALG9 OS=Homo sapiens OX=9606 GN=ALG9 PE=1 SV=2",5.33253066627267,5.62311757234312,3.99164404613114,0.000688749307443636,0.00124667834210531,-0.313678435823207
4287,"Q9HAU4|SMUF2_HUMAN","E3 ubiquitin-protein ligase SMURF2 OS=Homo sapiens OX=9606 GN=SMURF2 PE=1 SV=1",-0.3362333255671,14.428847833332,-0.541907263329342,0.593722518611675,0.603759032396976,-5.76955102801241
4289,"Q9UK45|LSM7_HUMAN","U6 snRNA-associated Sm-like protein LSm7 OS=Homo sapiens OX=9606 GN=LSM7 PE=1 SV=1",3.15954826331273,4.53662637086315,1.95104568270254,0.0648486108787961,0.0776328208592553,-4.22296531539916
4291,"Q9NZC7|WWOX_HUMAN","WW domain-containing oxidoreductase OS=Homo sapiens OX=9606 GN=WWOX PE=1 SV=1",1.75496279444494,3.83433363642925,1.50550297487364,0.147443613904329,0.155650648075587,-4.86917686712062
4294,"P16930|FAAA_HUMAN","Fumarylacetoacetase OS=Homo sapiens OX=9606 GN=FAH PE=1 SV=2",3.57131186277828,4.74250817059592,2.38291133267001,0.0269452741992074,0.0351777910026953,-3.49487935716888
4295,"P15336|ATF2_HUMAN","Cyclic AMP-dependent transcription factor ATF-2 OS=Homo sapiens OX=9606 GN=ATF2 PE=1 SV=4",2.92545286580518,4.41957867210937,2.21810307780819,0.0379860429576062,0.0468437749477206,-3.78281396739837
4295,"P17544|ATF7_HUMAN","Cyclic AMP-dependent transcription factor ATF-7 OS=Homo sapiens OX=9606 GN=ATF7 PE=1 SV=3",2.92545286580518,4.41957867210937,2.21810307780819,0.0379860429576062,0.0468437749477206,-3.78281396739837
4297,"Q9Y232|CDYL_HUMAN","Chromodomain Y-like protein OS=Homo sapiens OX=9606 GN=CDYL PE=1 SV=2",2.60505904603561,4.25938176222459,2.04410540133186,0.0539979958879766,0.0650680075645414,-4.07359809463577
4299,"Q5T653|RM02_HUMAN","39S ribosomal protein L2, mitochondrial OS=Homo sapiens OX=9606 GN=MRPL2 PE=1 SV=2",2.51076701536626,4.21223574688991,1.82506016939375,0.0825947081610313,0.096682768750371,-4.41774605531764
4302,"Q66K14|TBC9B_HUMAN","TBC1 domain family member 9B OS=Homo sapiens OX=9606 GN=TBC1D9B PE=1 SV=3",-4.15756886914603,9.1333520454267,-2.39039329032383,0.0363933822074766,0.0450818923741264,-3.62827952368652
4303,"Q6RW13|ATRAP_HUMAN","Type-1 angiotensin II receptor-associated protein OS=Homo sapiens OX=9606 GN=AGTRAP PE=1 SV=1",1.32930363632181,3.62150405736769,1.26708507932925,0.21932665437484,0.227480500900629,-5.16117822189043
4304,"O00463|TRAF5_HUMAN","TNF receptor-associated factor 5 OS=Homo sapiens OX=9606 GN=TRAF5 PE=1 SV=2",1.91491140262228,3.91430794051792,1.62421098016196,0.119603253452385,0.129820277922662,-4.70905011124266
4306,"Q96AT9|RPE_HUMAN","Ribulose-phosphate 3-epimerase OS=Homo sapiens OX=9606 GN=RPE PE=1 SV=1",2.33728653856127,4.12549550848742,1.77617554835217,0.0905453114769135,0.1046679559953,-4.49089382269318
4307,"Q9UJX4|APC5_HUMAN","Anaphase-promoting complex subunit 5 OS=Homo sapiens OX=9606 GN=ANAPC5 PE=1 SV=2",4.65020176046802,5.28195311944079,3.13945629095206,0.00505168634824883,0.0076121301137996,-2.05634491817889
4315,"Q9NWZ8|GEMI8_HUMAN","Gem-associated protein 8 OS=Homo sapiens OX=9606 GN=GEMIN8 PE=1 SV=1",3.05318703885656,4.48344575863507,2.21337613437733,0.0383566021844783,0.0472704604386177,-3.79090019671683
4318,"P62312|LSM6_HUMAN","U6 snRNA-associated Sm-like protein LSm6 OS=Homo sapiens OX=9606 GN=LSM6 PE=1 SV=1",6.8417184930004,6.37771148570698,6.71932374653025,1.35462382143818e-06,3.48383547931662e-06,5.02181470131401
4319,"Q96AT1|K1143_HUMAN","Uncharacterized protein KIAA1143 OS=Homo sapiens OX=9606 GN=KIAA1143 PE=1 SV=2",2.43540892931983,4.1745567038667,1.71729510131229,0.100991754506937,0.114223929157376,-4.57711188514951
4320,"P11169|GTR3_HUMAN","Solute carrier family 2, facilitated glucose transporter member 3 OS=Homo sapiens OX=9606 GN=SLC2A3 PE=1 SV=1",2.23780098681982,4.07575273261669,1.73310738810085,0.0980895487398302,0.111663146850487,-4.55416409254644
4320,"Q8TDB8|GTR14_HUMAN","Solute carrier family 2, facilitated glucose transporter member 14 OS=Homo sapiens OX=9606 GN=SLC2A14 PE=1 SV=1",2.0530161384055,3.98336030840953,1.68062028732208,0.108006971300294,0.119938517307797,-4.62974425320278
4323,"Q8IY47|KBTB2_HUMAN","Kelch repeat and BTB domain-containing protein 2 OS=Homo sapiens OX=9606 GN=KBTBD2 PE=1 SV=2",1.84468373723449,3.87919410782403,1.53892370710473,0.139111859383202,0.147827948833929,-4.8250448274578
4325,"P62861|RS30_HUMAN","40S ribosomal protein S30 OS=Homo sapiens OX=9606 GN=FAU PE=1 SV=1",9.34739744883858,7.63055096362607,15.4092078449369,9.596803395761e-13,4.8808048974478e-12,14.8031292086083
4329,"A1L390|PKHG3_HUMAN","Pleckstrin homology domain-containing family G member 3 OS=Homo sapiens OX=9606 GN=PLEKHG3 PE=1 SV=1",1.96518070190027,3.93944259015692,1.58361728641062,0.128582245796961,0.138086930632719,-4.7648561846038
4330,"O75818|RPP40_HUMAN","Ribonuclease P protein subunit p40 OS=Homo sapiens OX=9606 GN=RPP40 PE=1 SV=3",3.80472548490465,4.85921498165911,2.87360803970606,0.00923500888901875,0.0132727266552646,-2.57952675784307
4331,"Q9BQC6|RT63_HUMAN","Ribosomal protein 63, mitochondrial OS=Homo sapiens OX=9606 GN=MRPL57 PE=1 SV=1",4.93526561033399,5.42448504437378,3.22255268335713,0.00417321098984102,0.00641904207386653,-1.88997422798833
4332,"Q96B45|BORC7_HUMAN","BLOC-1-related complex subunit 7 OS=Homo sapiens OX=9606 GN=BORCS7 PE=3 SV=2",3.2949261951699,4.60431533679173,2.34232203682538,0.0293487081351365,0.0377018773174092,-3.56684079810873
4338,"Q15388|TOM20_HUMAN","Mitochondrial import receptor subunit TOM20 homolog OS=Homo sapiens OX=9606 GN=TOMM20 PE=1 SV=1",3.73694588371152,4.82532518106254,2.36795549816794,0.0278088250556599,0.0360699529483644,-3.52147146519165
4351,"Q9H2P9|DPH5_HUMAN","Diphthine methyl ester synthase OS=Homo sapiens OX=9606 GN=DPH5 PE=1 SV=2",2.06305604558593,3.98838026199975,1.68570596364109,0.107010059473724,0.119106310775899,-4.6224956174521
4353,"Q15545|TAF7_HUMAN","Transcription initiation factor TFIID subunit 7 OS=Homo sapiens OX=9606 GN=TAF7 PE=1 SV=1",3.16127827449978,4.53749137645667,2.2927892883881,0.0325495370262921,0.0410064520782803,-3.65374784405565
4355,"O43251|RFOX2_HUMAN","RNA binding protein fox-1 homolog 2 OS=Homo sapiens OX=9606 GN=RBFOX2 PE=1 SV=3",2.00857064332858,3.96113756087107,1.64498153884765,0.115216722338517,0.125839540710153,-4.68008401182785
4355,"Q9NWB1|RFOX1_HUMAN","RNA binding protein fox-1 homolog 1 OS=Homo sapiens OX=9606 GN=RBFOX1 PE=1 SV=2",2.00857064332858,3.96113756087107,1.64498153884765,0.115216722338517,0.125839540710153,-4.68008401182785
4357,"Q9UPI3|FLVC2_HUMAN","Feline leukemia virus subgroup C receptor-related protein 2 OS=Homo sapiens OX=9606 GN=FLVCR2 PE=1 SV=1",2.67958270662351,4.29664359251854,1.77506288701244,0.0907337275093912,0.104776499973352,-4.4925423735401
4361,"Q9HAC8|UBTD1_HUMAN","Ubiquitin domain-containing protein 1 OS=Homo sapiens OX=9606 GN=UBTD1 PE=1 SV=1",-5.07047061664903,7.86765602790001,-3.3907462644199,0.0056395473322774,0.0084090849067653,-2.00978420683023
4362,"Q9BQD3|KXDL1_HUMAN","KxDL motif-containing protein 1 OS=Homo sapiens OX=9606 GN=KXD1 PE=1 SV=2",2.29126859059754,4.10248653450555,1.68347192846855,0.107447014444889,0.119468741447037,-4.62568178648726
4369,"O14641|DVL2_HUMAN","Segment polarity protein dishevelled homolog DVL-2 OS=Homo sapiens OX=9606 GN=DVL2 PE=1 SV=1",2.86650005216191,4.39010226528774,2.20711318785311,0.0388526548244049,0.0478052799852857,-3.80159857882245
4371,"Q99720|SGMR1_HUMAN","Sigma non-opioid intracellular receptor 1 OS=Homo sapiens OX=9606 GN=SIGMAR1 PE=1 SV=1",2.80273563411079,4.35822005626218,2.16112758193341,0.0426777540801537,0.0521286019062791,-3.87960496454534
4373,"Q9UMZ2|SYNRG_HUMAN","Synergin gamma OS=Homo sapiens OX=9606 GN=SYNRG PE=1 SV=2",3.09728580753036,4.50549514297196,2.19004046066849,0.040234744481433,0.0494110897140406,-3.83067229029217
4374,"Q9BQ75|CMS1_HUMAN","Protein CMSS1 OS=Homo sapiens OX=9606 GN=CMSS1 PE=1 SV=2",2.17838612537393,4.04604530189375,1.64879489893784,0.114426318707608,0.12518935124305,-4.67473604014341
4375,"Q6UW78|UQCC3_HUMAN","Ubiquinol-cytochrome-c reductase complex assembly factor 3 OS=Homo sapiens OX=9606 GN=UQCC3 PE=1 SV=2",2.52466585136502,4.21918516488929,1.82856858281384,0.0820481914997746,0.0961307173688777,-4.4124427731323
4387,"Q8IWT0|ARCH_HUMAN","Protein archease OS=Homo sapiens OX=9606 GN=ZBTB8OS PE=1 SV=2",3.27713471364743,4.5954195960305,2.23600073981935,0.036612430459909,0.0453095008905977,-3.75210682608175
4389,"O75787|RENR_HUMAN","Renin receptor OS=Homo sapiens OX=9606 GN=ATP6AP2 PE=1 SV=2",6.17449604783409,6.04410026312383,4.64824081321645,0.000146031758952275,0.000290404066098274,1.0415160840722
4393,"Q96K49|TM87B_HUMAN","Transmembrane protein 87B OS=Homo sapiens OX=9606 GN=TMEM87B PE=1 SV=1",3.38840834513858,4.65105641177607,2.36783264648888,0.0278160234555049,0.0360699529483644,-3.5216895327631
4407,"Q99755|PI51A_HUMAN","Phosphatidylinositol 4-phosphate 5-kinase type-1 alpha OS=Homo sapiens OX=9606 GN=PIP5K1A PE=1 SV=1",0.0787205085537934,6.28048248982038,0.0500328211595177,0.96058036956026,0.961329457449181,-5.91016684785569
4409,"O75419|CDC45_HUMAN","Cell division control protein 45 homolog OS=Homo sapiens OX=9606 GN=CDC45 PE=1 SV=1",2.48757744075713,4.20064095958535,1.73061805959413,0.0985416441756875,0.112019270387647,-4.55778687921965
4410,"Q9H6Y2|WDR55_HUMAN","WD repeat-containing protein 55 OS=Homo sapiens OX=9606 GN=WDR55 PE=1 SV=2",2.25515607045307,4.08443027443332,1.65877211303833,0.112379979906589,0.12351211037407,-4.66069998936885
4416,"O60830|TI17B_HUMAN","Mitochondrial import inner membrane translocase subunit Tim17-B OS=Homo sapiens OX=9606 GN=TIMM17B PE=1 SV=1",2.73039753587733,9.7128799716495,1.49340954614049,0.163976313336904,0.171878248392889,-4.89074388941027
4419,"Q96S44|PRPK_HUMAN","EKC/KEOPS complex subunit TP53RK OS=Homo sapiens OX=9606 GN=TP53RK PE=1 SV=2",1.76397726444884,3.8388408714312,1.48658566128193,0.152338596877458,0.160510015867053,-4.89381992861222
4421,"Q9BRU9|UTP23_HUMAN","rRNA-processing protein UTP23 homolog OS=Homo sapiens OX=9606 GN=UTP23 PE=1 SV=2",2.40438470835956,4.15904459338656,1.95813546891455,0.0639585116687998,0.0766625996030134,-4.21174541211183
4426,"P19971|TYPH_HUMAN","Thymidine phosphorylase OS=Homo sapiens OX=9606 GN=TYMP PE=1 SV=2",-1.10143850691273,12.4218956084634,-1.26760805645926,0.21914343739829,0.227351720286558,-5.16058329390396
4428,"Q9BQE5|APOL2_HUMAN","Apolipoprotein L2 OS=Homo sapiens OX=9606 GN=APOL2 PE=1 SV=1",-2.80668609531101,12.0040849620847,-1.9709520060957,0.0699720231023111,0.0833515745494733,-4.22807126772656
4432,"P29558|RBMS1_HUMAN","RNA-binding motif, single-stranded-interacting protein 1 OS=Homo sapiens OX=9606 GN=RBMS1 PE=1 SV=3",5.2621067879255,5.58790563316953,3.47407998321818,0.00232773366396334,0.00383966349882556,-1.38016684440154
4432,"Q6XE24|RBMS3_HUMAN","RNA-binding motif, single-stranded-interacting protein 3 OS=Homo sapiens OX=9606 GN=RBMS3 PE=1 SV=1",5.2621067879255,5.58790563316953,3.47407998321818,0.00232773366396334,0.00383966349882556,-1.38016684440154
4434,"Q9NW75|GPTC2_HUMAN","G patch domain-containing protein 2 OS=Homo sapiens OX=9606 GN=GPATCH2 PE=1 SV=1",2.6980070339748,4.30585575619418,2.15087160590627,0.0435762065530364,0.0530912643130348,-3.89686927369234
4436,"P20933|ASPG_HUMAN","N(4)-(beta-N-acetylglucosaminyl)-L-asparaginase OS=Homo sapiens OX=9606 GN=AGA PE=1 SV=2",2.40073106232246,4.15721777036801,1.79443410333536,0.0875014131449811,0.101561784928603,-4.46373678677573
4437,"O76096|CYTF_HUMAN","Cystatin-F OS=Homo sapiens OX=9606 GN=CST7 PE=1 SV=1",5.37212487905398,5.64291467873377,3.38990826433208,0.00283226031326532,0.00454152528366158,-1.5516766894726
4439,"Q5K4L6|S27A3_HUMAN","Solute carrier family 27 member 3 OS=Homo sapiens OX=9606 GN=SLC27A3 PE=1 SV=4",2.12062189507183,4.0171631867427,2.05306073677469,0.0530447413190786,0.06393934066326,-4.05898962814038
4440,"Q15628|TRADD_HUMAN","Tumor necrosis factor receptor type 1-associated DEATH domain protein OS=Homo sapiens OX=9606 GN=TRADD PE=1 SV=2",1.7159120293057,3.81480825385964,1.48641543331919,0.15238324084704,0.160513126473626,-4.89404056400355
4441,"Q9NXX6|NSE4A_HUMAN","Non-structural maintenance of chromosomes element 4 homolog A OS=Homo sapiens OX=9606 GN=NSMCE4A PE=1 SV=2",2.415307311047,4.16450589473028,1.71554319169316,0.101317780196806,0.114407848337061,-4.57964495655219
4442,"Q13541|4EBP1_HUMAN","Eukaryotic translation initiation factor 4E-binding protein 1 OS=Homo sapiens OX=9606 GN=EIF4EBP1 PE=1 SV=3",10.2641104486796,8.08890746354657,17.9162041405699,5.35363688478105e-14,3.94856360275997e-13,16.2256078293328
4444,"Q13572|ITPK1_HUMAN","Inositol-tetrakisphosphate 1-kinase OS=Homo sapiens OX=9606 GN=ITPK1 PE=1 SV=2",1.78164523046627,3.84767485443992,1.50293618239163,0.148100123489775,0.156258009162958,-4.87253493256657
4445,"O75884|RBBP9_HUMAN","Serine hydrolase RBBP9 OS=Homo sapiens OX=9606 GN=RBBP9 PE=1 SV=2",1.95862925180327,3.93616686510842,1.57243137553641,0.13115322240137,0.140485038565066,-4.78004453868572
4450,"P10109|ADX_HUMAN","Adrenodoxin, mitochondrial OS=Homo sapiens OX=9606 GN=FDX1 PE=1 SV=1",2.6847561120564,4.29923029523498,1.84924550301494,0.0788908607170886,0.0930259766495532,-4.38104418231107
4456,"Q96QR8|PURB_HUMAN","Transcriptional activator protein Pur-beta OS=Homo sapiens OX=9606 GN=PURB PE=1 SV=3",3.70471622453435,4.80921035147396,2.34240490884499,0.0293436052150485,0.0377018773174092,-3.56669454868958
4457,"P82921|RT21_HUMAN","28S ribosomal protein S21, mitochondrial OS=Homo sapiens OX=9606 GN=MRPS21 PE=1 SV=3",4.62838506035687,5.27104476938522,3.09611494060068,0.00557859505731299,0.00833433875461972,-2.14263476431986
4465,"Q96EX1|SIM12_HUMAN","Small integral membrane protein 12 OS=Homo sapiens OX=9606 GN=SMIM12 PE=1 SV=3",6.25869155586525,6.08619801713941,4.65638250430802,0.000143261258609035,0.000285336702351156,1.05818781383967
4466,"Q8WUA4|TF3C2_HUMAN","General transcription factor 3C polypeptide 2 OS=Homo sapiens OX=9606 GN=GTF3C2 PE=1 SV=2",3.42254880441043,4.668126641412,2.28415351948503,0.0331394270182742,0.0416134357535407,-3.66879453771788
4471,"Q9NRR3|C42S2_HUMAN","CDC42 small effector protein 2 OS=Homo sapiens OX=9606 GN=CDC42SE2 PE=1 SV=1",3.18610623302887,4.54990535572122,2.29765448500871,0.0322214736495752,0.0406463543744641,-3.64525698020949
4472,"Q9P0P0|RN181_HUMAN","E3 ubiquitin-protein ligase RNF181 OS=Homo sapiens OX=9606 GN=RNF181 PE=1 SV=1",3.93149489474792,7.37200650214437,2.0484180940215,0.0643711299351753,0.0771091631146312,-4.13078711799081
4475,"Q9NY26|S39A1_HUMAN","Zinc transporter ZIP1 OS=Homo sapiens OX=9606 GN=SLC39A1 PE=1 SV=1",3.65252125842269,4.78311286841813,2.43022921067028,0.0243742225310515,0.0324035762239462,-3.41017056175265
4477,"Q9NVA4|T184C_HUMAN","Transmembrane protein 184C OS=Homo sapiens OX=9606 GN=TMEM184C PE=1 SV=2",4.84461233721691,5.37915840781524,3.30240473688508,0.00347009964662122,0.00540448367293353,-1.72905312178323
4481,"O60499|STX10_HUMAN","Syntaxin-10 OS=Homo sapiens OX=9606 GN=STX10 PE=1 SV=1",1.87310413831857,3.89340430836607,1.54659534614226,0.137255269085598,0.146016243708083,-4.81480808272047
4483,"Q7Z4G1|COMD6_HUMAN","COMM domain-containing protein 6 OS=Homo sapiens OX=9606 GN=COMMD6 PE=1 SV=1",2.34592542376969,4.12981495109163,1.77609954016863,0.090558171797492,0.1046679559953,-4.49100646198221
4489,"Q03135|CAV1_HUMAN","Caveolin-1 OS=Homo sapiens OX=9606 GN=CAV1 PE=1 SV=4",3.00900105769573,4.46135276805465,2.22046365316359,0.0378022168399089,0.0466768873744866,-3.77877206695841
4489,"P56539|CAV3_HUMAN","Caveolin-3 OS=Homo sapiens OX=9606 GN=CAV3 PE=1 SV=1",3.00900105769573,4.46135276805465,2.22046365316359,0.0378022168399089,0.0466768873744866,-3.77877206695841
4492,"Q9BVC3|DCC1_HUMAN","Sister chromatid cohesion protein DCC1 OS=Homo sapiens OX=9606 GN=DSCC1 PE=1 SV=2",2.61488157325878,4.26429302583617,2.06126095731384,0.0521851365388915,0.0629623239344194,-4.04557769235001
4494,"Q9BVS5|TR61B_HUMAN","tRNA (adenine(58)-N(1))-methyltransferase, mitochondrial OS=Homo sapiens OX=9606 GN=TRMT61B PE=1 SV=2",4.21860567374574,5.06615507607965,2.9619635100456,0.0075683396489281,0.0110329828278581,-2.40735455444908
4509,"Q9GZY8|MFF_HUMAN","Mitochondrial fission factor OS=Homo sapiens OX=9606 GN=MFF PE=1 SV=1",3.8037679772045,4.85873622780904,2.47229744248938,0.0222819563736672,0.0300319926437859,-3.33414565321649
4514,"Q8N335|GPD1L_HUMAN","Glycerol-3-phosphate dehydrogenase 1-like protein OS=Homo sapiens OX=9606 GN=GPD1L PE=1 SV=1",2.50509062197872,4.20939755019614,1.73410610391535,0.0979086693671927,0.111490203213159,-4.55270957534407
4516,"P42766|RL35_HUMAN","60S ribosomal protein L35 OS=Homo sapiens OX=9606 GN=RPL35 PE=1 SV=2",2.46323286939074,4.18846867390215,1.81081332082616,0.0848466659607522,0.0989278206992416,-4.43920828392767
4520,"Q13952|NFYC_HUMAN","Nuclear transcription factor Y subunit gamma OS=Homo sapiens OX=9606 GN=NFYC PE=1 SV=3",2.081709591152,3.99770703478278,1.62141443953838,0.120204457841511,0.130325869526842,-4.71292893803255
4522,"Q9HD34|LYRM4_HUMAN","LYR motif-containing protein 4 OS=Homo sapiens OX=9606 GN=LYRM4 PE=1 SV=1",2.57165840282563,4.2426814406196,1.75136859263871,0.0948271837965323,0.108753249215564,-4.52747321385994
4532,"O60449|LY75_HUMAN","Lymphocyte antigen 75 OS=Homo sapiens OX=9606 GN=LY75 PE=1 SV=3",-1.86934462623275,7.60181281571232,-0.857621234444672,0.409903883618118,0.419715412747275,-5.55131333527065
4540,"Q7Z7C8|TAF8_HUMAN","Transcription initiation factor TFIID subunit 8 OS=Homo sapiens OX=9606 GN=TAF8 PE=1 SV=1",1.98254607167082,3.94812527504219,1.6554492460939,0.113058035966881,0.123974206343632,-4.66538164446906
4543,"Q9BZD4|NUF2_HUMAN","Kinetochore protein Nuf2 OS=Homo sapiens OX=9606 GN=NUF2 PE=1 SV=2",2.22260524657689,4.06815486249523,1.94956254332015,0.0650361964946799,0.0778089982922677,-4.22530905161869
4545,"Q7L5Y9|MAEA_HUMAN","E3 ubiquitin-protein transferase MAEA OS=Homo sapiens OX=9606 GN=MAEA PE=1 SV=1",4.64769668768241,5.28070058304799,3.20321052778401,0.00436336860605285,0.00667155247549781,-1.92880390610033
4546,"O60831|PRAF2_HUMAN","PRA1 family protein 2 OS=Homo sapiens OX=9606 GN=PRAF2 PE=1 SV=1",5.55816308158968,5.73593378000162,4.13124177588344,0.000495075408825947,0.000906774654605089,-0.0245713244630803
4547,"Q99685|MGLL_HUMAN","Monoglyceride lipase OS=Homo sapiens OX=9606 GN=MGLL PE=1 SV=2",-1.54258857683042,5.4689448553808,-0.926560400844273,0.364932096840194,0.374663619422599,-5.50268226975462
4556,"Q8TF01|PNISR_HUMAN","Arginine/serine-rich protein PNISR OS=Homo sapiens OX=9606 GN=PNISR PE=1 SV=2",4.74543462442255,5.32956955141806,3.15836813038857,0.00483720055022575,0.00730322436014475,-2.01858526017457
4558,"Q9BXT5|TEX15_HUMAN","Testis-expressed protein 15 OS=Homo sapiens OX=9606 GN=TEX15 PE=1 SV=2",-7.27347602669725,10.0219180375368,-3.84261179596021,0.00279569884759133,0.00449225399132997,-1.3729137373355
4564,"Q92504|S39A7_HUMAN","Zinc transporter SLC39A7 OS=Homo sapiens OX=9606 GN=SLC39A7 PE=1 SV=2",2.02910550108968,3.97140498975162,1.66891458514079,0.110331598652663,0.121847703615732,-4.64636690381645
4570,"Q9UPM8|AP4E1_HUMAN","AP-4 complex subunit epsilon-1 OS=Homo sapiens OX=9606 GN=AP4E1 PE=1 SV=2",-0.318360766144842,7.9235119107122,-0.101998808870702,0.920704694386278,0.923102362861243,-5.90609407342118
4580,"Q9Y3C0|WASC3_HUMAN","WASH complex subunit 3 OS=Homo sapiens OX=9606 GN=WASHC3 PE=1 SV=1",5.8533105165906,5.88350749750208,4.42252638905338,0.000248632993060385,0.000474819952025042,0.577581189375799
4582,"Q9H490|PIGU_HUMAN","Phosphatidylinositol glycan anchor biosynthesis class U protein OS=Homo sapiens OX=9606 GN=PIGU PE=1 SV=3",2.05172744736779,3.98271596289068,1.66952937208778,0.110208460447408,0.121751096907466,-4.64549601806569
4590,"Q01167|FOXK2_HUMAN","Forkhead box protein K2 OS=Homo sapiens OX=9606 GN=FOXK2 PE=1 SV=3",2.36742674153523,4.1405656099744,1.93669691294967,0.0666836937560613,0.0796068902204142,-4.2455904522851
4592,"Q9NRC6|SPTN5_HUMAN","Spectrin beta chain, non-erythrocytic 5 OS=Homo sapiens OX=9606 GN=SPTBN5 PE=1 SV=2",-0.119668997801362,17.2119714167533,-0.199912840559696,0.843517916413107,0.849253132371983,-5.8919550668688
4601,"Q8N6G6|ATL1_HUMAN","ADAMTS-like protein 1 OS=Homo sapiens OX=9606 GN=ADAMTSL1 PE=1 SV=4",-2.20373248259464,12.5329987719698,-1.50507498670291,0.156497212815813,0.16448656001662,-4.87426275471303
4602,"Q8IWP9|CC28A_HUMAN","Coiled-coil domain-containing protein 28A OS=Homo sapiens OX=9606 GN=CCDC28A PE=1 SV=1",-0.0244262258146692,6.02382872667633,-0.0148481091331513,0.988296871833112,0.988553639012076,-5.91127777327905
4608,"P60059|SC61G_HUMAN","Protein transport protein Sec61 subunit gamma OS=Homo sapiens OX=9606 GN=SEC61G PE=1 SV=1",-1.43488456264042,12.0319015936016,-1.96019015342576,0.0637025856440183,0.076451045738613,-4.20848877180737
4616,"Q9UHA4|LTOR3_HUMAN","Ragulator complex protein LAMTOR3 OS=Homo sapiens OX=9606 GN=LAMTOR3 PE=1 SV=1",6.18707485321471,6.05038966581414,4.66938015191091,0.000138947827825645,0.000277607232552533,1.08479283888695
4623,"Q9NQ92|COPRS_HUMAN","Coordinator of PRMT5 and differentiation stimulator OS=Homo sapiens OX=9606 GN=COPRS PE=1 SV=3",3.62520124068172,4.76945285954764,2.43039924204962,0.0243654094879335,0.0324030488872345,-3.40986461950248
4624,"Q9UQN3|CHM2B_HUMAN","Charged multivesicular body protein 2b OS=Homo sapiens OX=9606 GN=CHMP2B PE=1 SV=1",5.04515951271153,5.47943199556255,3.77641069593583,0.00114487297590773,0.00201175762539697,-0.758875476314448
4628,"O00559|RCAS1_HUMAN","Receptor-binding cancer antigen expressed on SiSo cells OS=Homo sapiens OX=9606 GN=EBAG9 PE=1 SV=1",2.26299110953675,4.08834779397516,1.75326832610826,0.0944932180650203,0.108434840402482,-4.52468497097554
4635,"P35908|K22E_HUMAN","Keratin, type II cytoskeletal 2 epidermal OS=Homo sapiens OX=9606 GN=KRT2 PE=1 SV=2",1.31253328117469,4.24591761429941,1.02739863152152,0.316199862365447,0.325586913641875,-5.41137102610573
4635,"#CONTAM#K22E_HUMAN|",">sp|K22E_HUMAN|",1.31253328117469,4.24591761429941,1.02739863152152,0.316199862365447,0.325586913641875,-5.41137102610573
4645,"O43715|TRIA1_HUMAN","TP53-regulated inhibitor of apoptosis 1 OS=Homo sapiens OX=9606 GN=TRIAP1 PE=1 SV=1",2.8969813268423,4.40534290262793,1.90237966951144,0.0712599105309288,0.084754604740215,-4.29924915552297
4647,"Q6ZUT1|NKAP1_HUMAN","Uncharacterized protein NKAPD1 OS=Homo sapiens OX=9606 GN=NKAPD1 PE=1 SV=2",2.38665185192309,4.15017816516833,1.70785929083522,0.102758386802892,0.115543162731055,-4.59073276846125
4648,"P52739|ZN131_HUMAN","Zinc finger protein 131 OS=Homo sapiens OX=9606 GN=ZNF131 PE=1 SV=2",1.69976876237009,3.80673662039183,1.4756244997722,0.155235166590868,0.163204639916669,-4.90798606856391
4649,"A9UHW6|MI4GD_HUMAN","MIF4G domain-containing protein OS=Homo sapiens OX=9606 GN=MIF4GD PE=1 SV=1",2.38352729824107,4.14861588832732,1.70482822860758,0.103331456306885,0.115984287691402,-4.59509656799413
4671,"Q9NX70|MED29_HUMAN","Mediator of RNA polymerase II transcription subunit 29 OS=Homo sapiens OX=9606 GN=MED29 PE=1 SV=1",2.25942520413023,4.0865648412719,1.71308947122206,0.101775924277449,0.114773669732917,-4.58318960285664
4676,"P03928|ATP8_HUMAN","ATP synthase protein 8 OS=Homo sapiens OX=9606 GN=MT-ATP8 PE=1 SV=1",-0.751385705804195,10.1968162185716,-0.305378649392663,0.766004854041802,0.775267793917176,-5.86423940521398
4680,"P33527|MRP1_HUMAN","Multidrug resistance-associated protein 1 OS=Homo sapiens OX=9606 GN=ABCC1 PE=1 SV=3",2.38775559213031,4.15073003527194,1.79089150552461,0.0880849765873455,0.102208306166751,-4.46902128089223
4681,"Q9NW08|RPC2_HUMAN","DNA-directed RNA polymerase III subunit RPC2 OS=Homo sapiens OX=9606 GN=POLR3B PE=1 SV=2",2.18050340950216,4.04710394395786,1.64819283725757,0.114550803860464,0.125231298693068,-4.67558100491528
4690,"P12318|FCG2A_HUMAN","Low affinity immunoglobulin gamma Fc region receptor II-a OS=Homo sapiens OX=9606 GN=FCGR2A PE=1 SV=4",0.894139101755615,8.50579748730073,0.257348740449515,0.80195727954502,0.80973918863056,-5.87779537825022
4690,"P31995|FCG2C_HUMAN","Low affinity immunoglobulin gamma Fc region receptor II-c OS=Homo sapiens OX=9606 GN=FCGR2C PE=1 SV=1",0.894139101755615,8.50579748730073,0.257348740449515,0.80195727954502,0.80973918863056,-5.87779537825022
4695,"O14734|ACOT8_HUMAN","Acyl-coenzyme A thioesterase 8 OS=Homo sapiens OX=9606 GN=ACOT8 PE=1 SV=1",1.71749400353884,3.8155992409762,1.51167729257459,0.145874190807419,0.154205281331291,-4.86108075938111
4711,"O75896|TUSC2_HUMAN","Tumor suppressor candidate 2 OS=Homo sapiens OX=9606 GN=TUSC2 PE=1 SV=3",0.383720322735613,5.3876866182697,0.206782574651081,0.838219096805931,0.844139032880678,-5.89059826673443
4714,"Q9H2V7|SPNS1_HUMAN","Protein spinster homolog 1 OS=Homo sapiens OX=9606 GN=SPNS1 PE=1 SV=1",2.34641408922772,4.13005928382064,1.77701218692563,0.0904038593831876,0.104558000227332,-4.48965375099758
4715,"P62699|YPEL5_HUMAN","Protein yippee-like 5 OS=Homo sapiens OX=9606 GN=YPEL5 PE=1 SV=1",-1.72175293694279,7.48396581460757,-0.975613153933977,0.349409000682623,0.35901378506221,-5.45139856928967
4730,"P02745|C1QA_HUMAN","Complement C1q subcomponent subunit A OS=Homo sapiens OX=9606 GN=C1QA PE=1 SV=2",0.743261017930823,4.98390811598794,0.449085347694306,0.658080205735132,0.667793566705392,-5.81374628433722
4731,"O60921|HUS1_HUMAN","Checkpoint protein HUS1 OS=Homo sapiens OX=9606 GN=HUS1 PE=1 SV=1",2.00459000122963,3.9591472398216,1.59636031777089,0.125704783791918,0.135374382545143,-4.7474533543296
4740,"Q9H267|VP33B_HUMAN","Vacuolar protein sorting-associated protein 33B OS=Homo sapiens OX=9606 GN=VPS33B PE=1 SV=2",1.9742595950956,3.94398203675458,1.53763800345113,0.139425032126059,0.148119860288446,-4.82675655645205
4755,"P19256|LFA3_HUMAN","Lymphocyte function-associated antigen 3 OS=Homo sapiens OX=9606 GN=CD58 PE=1 SV=1",1.51201669762033,3.71286058801695,1.39191385382766,0.178862575760792,0.186820650211353,-5.01339902501898
4758,"O43708|MAAI_HUMAN","Maleylacetoacetate isomerase OS=Homo sapiens OX=9606 GN=GSTZ1 PE=1 SV=3",2.4813076592242,4.19750606881888,1.81104119858536,0.0848102302419902,0.098915294284054,-4.438865923568
4770,"Q5T5Y3|CAMP1_HUMAN","Calmodulin-regulated spectrin-associated protein 1 OS=Homo sapiens OX=9606 GN=CAMSAP1 PE=1 SV=2",2.02057709992971,3.96714078917164,1.66695571647796,0.11072472728572,0.12207623140035,-4.6491401822145
4778,"P49247|RPIA_HUMAN","Ribose-5-phosphate isomerase OS=Homo sapiens OX=9606 GN=RPIA PE=1 SV=3",2.23330948601433,4.07350698221395,1.73104668397967,0.0984636731082292,0.111989702058104,-4.55716335935561
4784,"Q9NV88|INT9_HUMAN","Integrator complex subunit 9 OS=Homo sapiens OX=9606 GN=INTS9 PE=1 SV=2",1.89870373668047,3.90620410754702,1.55577135701674,0.135061619160593,0.144000895532618,-4.80251222639129
4787,"Q9NX62|IMPA3_HUMAN","Golgi-resident adenosine 3',5'-bisphosphate 3'-phosphatase OS=Homo sapiens OX=9606 GN=BPNT2 PE=1 SV=1",3.21650929256868,4.56510688549112,2.29701728790938,0.0322642664818407,0.0406870048984889,-3.64636960080671
4788,"Q9H944|MED20_HUMAN","Mediator of RNA polymerase II transcription subunit 20 OS=Homo sapiens OX=9606 GN=MED20 PE=1 SV=1",2.98746564146501,4.45058505993929,2.17660984133277,0.0413532966373467,0.0506645507753222,-3.85345040373068
4790,"Q9Y3A2|UTP11_HUMAN","Probable U3 small nucleolar RNA-associated protein 11 OS=Homo sapiens OX=9606 GN=UTP11 PE=1 SV=2",2.53895942479742,4.22633195160549,1.74013274569881,0.0968232370693719,0.110550441032552,-4.54391959809946
4792,"Q13670|PM2PB_HUMAN","Putative postmeiotic segregation increased 2-like protein 11 OS=Homo sapiens OX=9606 GN=PMS2P11 PE=5 SV=1",1.85946489014021,3.88658468427689,1.54542063846247,0.13753821885559,0.146276834970725,-4.81637812650153
4795,"Q8N5G0|SIM20_HUMAN","Small integral membrane protein 20 OS=Homo sapiens OX=9606 GN=SMIM20 PE=1 SV=3",2.06976923077892,3.99173685459624,1.67231863451324,0.10965125146513,0.121309574178376,-4.6415418607979
4800,"P32780|TF2H1_HUMAN","General transcription factor IIH subunit 1 OS=Homo sapiens OX=9606 GN=GTF2H1 PE=1 SV=1",2.19063725092413,4.05217086466885,1.72605601363951,0.0993748119320935,0.11275951250768,-4.5644163514753
4801,"Q5T6V5|QSPP_HUMAN","Queuosine salvage protein OS=Homo sapiens OX=9606 GN=C9orf64 PE=1 SV=1",3.96417279079867,4.93893863460612,2.50994770659415,0.0205527713390164,0.0280000600336919,-3.26555458765361
4807,"Q6ZW31|SYDE1_HUMAN","Rho GTPase-activating protein SYDE1 OS=Homo sapiens OX=9606 GN=SYDE1 PE=1 SV=1",-3.47477880029258,7.58153870113628,-1.28965021702979,0.224880716832981,0.232989978419531,-5.13101176578524
4819,"Q9P2X0|DPM3_HUMAN","Dolichol-phosphate mannosyltransferase subunit 3 OS=Homo sapiens OX=9606 GN=DPM3 PE=1 SV=2",6.12104687074402,6.01737567457879,4.54076766658492,0.000188096535216373,0.000367973404767802,0.821007681679559
4834,"Q9Y5J6|T10B_HUMAN","Mitochondrial import inner membrane translocase subunit Tim10 B OS=Homo sapiens OX=9606 GN=TIMM10B PE=1 SV=1",1.97913713993088,5.47979250356047,1.17173887638973,0.254736495908046,0.263214038981744,-5.26613831875115
4841,"Q9H008|LHPP_HUMAN","Phospholysine phosphohistidine inorganic pyrophosphate phosphatase OS=Homo sapiens OX=9606 GN=LHPP PE=1 SV=2",2.102820677586,4.00826257799978,1.68888755897022,0.10639038219194,0.118573232135949,-4.61795267058362
4860,"Q8N5M9|JAGN1_HUMAN","Protein jagunal homolog 1 OS=Homo sapiens OX=9606 GN=JAGN1 PE=1 SV=1",2.01122739994998,3.96246593918177,1.59821961278345,0.125289480559897,0.135040453570998,-4.74490527951486
4865,"O15121|DEGS1_HUMAN","Sphingolipid delta(4)-desaturase DES1 OS=Homo sapiens OX=9606 GN=DEGS1 PE=1 SV=1",4.56723595088471,5.24047021464914,3.19157341308827,0.00448180872177309,0.0068363564099946,-1.95213595313733
4871,"Q16626|MEA1_HUMAN","Male-enhanced antigen 1 OS=Homo sapiens OX=9606 GN=MEA1 PE=1 SV=2",4.17644078848738,5.04507263345047,2.56899495353677,0.0180919301424053,0.0251276807533406,-3.15697642144885
4907,"Q9Y6G3|RM42_HUMAN","39S ribosomal protein L42, mitochondrial OS=Homo sapiens OX=9606 GN=MRPL42 PE=1 SV=1",2.57028882147826,4.24199664994591,1.84087433975566,0.0801561133585953,0.0942288705461382,-4.39378555542633
4911,"Q8N5P1|ZC3H8_HUMAN","Zinc finger CCCH domain-containing protein 8 OS=Homo sapiens OX=9606 GN=ZC3H8 PE=1 SV=2",4.84468751813623,5.3791959982749,3.21587790491122,0.00423790289915125,0.00650555269606552,-1.90338082020522
4914,"O60268|K0513_HUMAN","Uncharacterized protein KIAA0513 OS=Homo sapiens OX=9606 GN=KIAA0513 PE=1 SV=1",-1.35883322533577,7.15363546613118,-0.73315000732293,0.477435530996485,0.487308269972553,-5.6475784430079
4936,"Q15047|SETB1_HUMAN","Histone-lysine N-methyltransferase SETDB1 OS=Homo sapiens OX=9606 GN=SETDB1 PE=1 SV=1",1.90641498482986,3.91005973162171,1.6134242590151,0.121936216702425,0.131943348595935,-4.72398357070706
4952,"Q14576|ELAV3_HUMAN","ELAV-like protein 3 OS=Homo sapiens OX=9606 GN=ELAVL3 PE=2 SV=3",-2.59824104261333,7.4684834260822,-0.968883917251068,0.354269323223214,0.363910590824272,-5.4559630610815
4953,"Q9H5X1|CIA2A_HUMAN","Cytosolic iron-sulfur assembly component 2A OS=Homo sapiens OX=9606 GN=CIAO2A PE=1 SV=1",6.56022406238277,6.23696427039817,6.28811744040433,3.44938531512431e-06,8.66283983250398e-06,4.24568295996851
4958,"O14653|GOSR2_HUMAN","Golgi SNAP receptor complex member 2 OS=Homo sapiens OX=9606 GN=GOSR2 PE=1 SV=2",1.53532019144594,3.72451233492975,1.45277601119453,0.16141743288118,0.169380516923561,-4.93724739939158
4980,"Q9BSJ5|CQ080_HUMAN","Uncharacterized protein C17orf80 OS=Homo sapiens OX=9606 GN=C17orf80 PE=2 SV=2",1.9946514827604,3.95417798058698,1.59409737264957,0.12621180251063,0.135806439258224,-4.75055156540752
4990,"Q9NUT2|MITOS_HUMAN","Mitochondrial potassium channel ATP-binding subunit OS=Homo sapiens OX=9606 GN=ABCB8 PE=1 SV=3",1.97800011622474,3.94585229731915,1.58837666203527,0.127501174930008,0.13700237886702,-4.75836888071211
4997,"O14730|RIOK3_HUMAN","Serine/threonine-protein kinase RIO3 OS=Homo sapiens OX=9606 GN=RIOK3 PE=1 SV=2",2.15723071212291,4.03546759526824,1.64462227480374,0.115291424975394,0.125885418648686,-4.68058737728137
5000,"Q9UHW5|GPN3_HUMAN","GPN-loop GTPase 3 OS=Homo sapiens OX=9606 GN=GPN3 PE=1 SV=2",1.35046168481613,3.63208308161485,1.30191372855259,0.207381260230294,0.21532304527687,-5.12110760868206
5005,"Q96MR6|CFA57_HUMAN","Cilia- and flagella-associated protein 57 OS=Homo sapiens OX=9606 GN=CFAP57 PE=2 SV=3",-4.63722472348833,14.4192317803112,-1.63233457310181,0.132242819246245,0.141308591201233,-4.71502676283334
5013,"O75324|SNN_HUMAN","Stannin OS=Homo sapiens OX=9606 GN=SNN PE=1 SV=1",0.862407385574355,4.48188513974449,0.573509078229157,0.572536736159192,0.582830892176861,-5.75267084658582
5027,"Q08495|DEMA_HUMAN","Dematin OS=Homo sapiens OX=9606 GN=DMTN PE=1 SV=3",1.63851766083082,3.7761110696222,1.44948539856192,0.162324039238177,0.170239049596017,-4.94143158060753
5043,"Q9P2F6|RHG20_HUMAN","Rho GTPase-activating protein 20 OS=Homo sapiens OX=9606 GN=ARHGAP20 PE=1 SV=2",3.70506140023075,4.80938293932216,2.32120610948152,0.030675970915473,0.0389905870005186,-3.60401381599419
5058,"Q5PSV4|BRM1L_HUMAN","Breast cancer metastasis-suppressor 1-like protein OS=Homo sapiens OX=9606 GN=BRMS1L PE=1 SV=2",2.10988747697169,4.01179597769263,1.63050246667969,0.118259945705588,0.128630337801236,-4.70030536173015
5064,"Q7L3T8|SYPM_HUMAN","Probable proline--tRNA ligase, mitochondrial OS=Homo sapiens OX=9606 GN=PARS2 PE=1 SV=1",1.70668121663452,3.81019284752404,1.48192411680302,0.153565001906348,0.161625275379836,-4.89985462004344
5074,"Q9BPZ3|PAIP2_HUMAN","Polyadenylate-binding protein-interacting protein 2 OS=Homo sapiens OX=9606 GN=PAIP2 PE=1 SV=1",2.48448862027611,4.19909654934484,1.8124113409884,0.0845914425416826,0.0986900162986298,-4.43680680381411
5090,"Q7Z7A1|CNTRL_HUMAN","Centriolin OS=Homo sapiens OX=9606 GN=CNTRL PE=1 SV=2",-5.16994197506713,8.9045388740994,-1.94357632619574,0.0795698060770633,0.0936544645052563,-4.29249243906179
5096,"Q32P44|EMAL3_HUMAN","Echinoderm microtubule-associated protein-like 3 OS=Homo sapiens OX=9606 GN=EML3 PE=1 SV=1",4.36740270011125,5.14055358926241,2.46223164489268,0.0227667576889795,0.0305301348319649,-3.3523962160922
5109,"O00220|TR10A_HUMAN","Tumor necrosis factor receptor superfamily member 10A OS=Homo sapiens OX=9606 GN=TNFRSF10A PE=1 SV=3",2.96368683463401,4.43869565652379,2.23340928832622,0.0368084666343138,0.0455374667551761,-3.75656178879494
5138,"Q9NWB6|ARGL1_HUMAN","Arginine and glutamate-rich protein 1 OS=Homo sapiens OX=9606 GN=ARGLU1 PE=1 SV=1",5.87258552849162,5.8931450034526,4.35629661977677,0.000290746512764612,0.000547907035802132,0.440921901534685
