"Protein Group","Accession","Description","logFC","AveExpr","t","P.Value","adj.P.Val","B"
1224,"Q4KMG0|CDON_HUMAN","Cell adhesion molecule-related/down-regulated by oncogenes OS=Homo sapiens GN=CDON PE=1 SV=2",10.4820544922916,8.36951196502284,11.7737628176976,1.02106536192524e-06,0.00118137262374751,5.56414847991238
1140,"P05067|A4_HUMAN","Amyloid beta A4 protein OS=Homo sapiens GN=APP PE=1 SV=3",6.03480792719077,6.14588868247242,3.36090879644958,0.00854133750053208,0.271380204983947,-2.45995641456748
24,"A6NMY6|AXA2L_HUMAN","Putative annexin A2-like protein OS=Homo sapiens GN=ANXA2P2 PE=5 SV=2",3.66579223151851,4.96138083463629,1.85841475986813,0.0965106065830074,0.477619508379171,-4.75518965225491
1147,"P16422|EPCAM_HUMAN","Epithelial cell adhesion molecule OS=Homo sapiens GN=EPCAM PE=1 SV=2",5.06996275779077,5.66346609777242,3.10514400599701,0.0128253225206176,0.300425786221313,-2.85407982525644
1003,"P11166|GTR1_HUMAN","Solute carrier family 2, facilitated glucose transporter member 1 OS=Homo sapiens GN=SLC2A1 PE=1 SV=2",7.08131492551848,10.2500383793468,5.34625213174466,0.000486558655507026,0.081841880599375,0.310071484070936
794,"Q8NBF6|AVL9_HUMAN","Late secretory pathway protein AVL9 homolog OS=Homo sapiens GN=AVL9 PE=1 SV=1",-2.02924623083149,9.62527213229327,-0.898699244163031,0.392535722605326,0.704129970626919,-5.90143384414762
1271,"Q8WXG9|GPR98_HUMAN","G-protein coupled receptor 98 OS=Homo sapiens GN=GPR98 PE=1 SV=2",7.30429715954063,8.32370525659195,4.86653328830735,0.000923526451254517,0.0971381912819524,-0.302614910336724
928,"Q9BQD7|F173A_HUMAN","Protein FAM173A OS=Homo sapiens GN=FAM173A PE=2 SV=1",-0.836949753415942,6.31486601630233,-0.473858197804391,0.647037826741735,0.870308062782419,-6.19777044180511
355,"Q96TA2|YMEL1_HUMAN","ATP-dependent zinc metalloprotease YME1L1 OS=Homo sapiens GN=YME1L1 PE=1 SV=2",2.01900880075067,15.3552069317014,3.36866481617099,0.00854511164744292,0.271380204983947,-2.45607303848226
404,"P38570|ITAE_HUMAN","Integrin alpha-E OS=Homo sapiens GN=ITGAE PE=1 SV=3",0.373708910251784,14.518860867777,0.307307239102775,0.76655085080276,0.932695170891345,-6.26596705084703
15,"P01889|1B07_HUMAN","HLA class I histocompatibility antigen, B-7 alpha chain OS=Homo sapiens GN=HLA-B PE=1 SV=3",0.546060516070726,5.53328213812787,0.396853460379692,0.700846699201939,0.9046870532624,-6.23309533105384
1231,"Q92581|SL9A6_HUMAN","Sodium/hydrogen exchanger 6 OS=Homo sapiens GN=SLC9A6 PE=1 SV=2",-1.29767180968801,10.1029089917466,-0.767724282528149,0.4625812665297,0.750057812909378,-6.01013627454339
985,"Q8IYB5|SMAP1_HUMAN","Stromal membrane-associated protein 1 OS=Homo sapiens GN=SMAP1 PE=1 SV=2",2.9392594629192,8.21654431159499,1.42266361754105,0.189007471346554,0.570813142796986,-5.33866480773556
478,"P08910|ABHD2_HUMAN","Abhydrolase domain-containing protein 2 OS=Homo sapiens GN=ABHD2 PE=2 SV=1",0.865587008427186,13.3620431248349,0.713912338135162,0.495820287675752,0.768986692816147,-6.04810312059717
1015,"Q9Y228|T3JAM_HUMAN","TRAF3-interacting JNK-activating modulator OS=Homo sapiens GN=TRAF3IP3 PE=1 SV=2",0.808978514365519,4.71595345934327,0.565897645577674,0.585481005781834,0.822089227778618,-6.14781419875883
1129,"O00453|LST1_HUMAN","Leukocyte-specific transcript 1 protein OS=Homo sapiens GN=LST1 PE=1 SV=2",-2.71518393775585,8.87956272320841,-1.19806815707696,0.261896561074792,0.605289248338956,-5.60239972210513
358,"O60884|DNJA2_HUMAN","DnaJ homolog subfamily A member 2 OS=Homo sapiens GN=DNAJA2 PE=1 SV=1",0.909515175988526,15.3887504257709,2.26661405130277,0.0500252319529933,0.426226784568813,-4.15249997958301
1210,"P59768|GBG2_HUMAN","Guanine nucleotide-binding protein G(I)/G(S)/G(O) subunit gamma-2 OS=Homo sapiens GN=GNG2 PE=1 SV=2",2.29971308317143,7.03407376611569,1.52799664797903,0.161324700417458,0.570813142796986,-5.20530918947742
1151,"Q6N075|MFSD5_HUMAN","Molybdate-anion transporter OS=Homo sapiens GN=MFSD5 PE=1 SV=2",0.735938052290703,8.11333528885353,0.370383412104459,0.719779490692247,0.911143184607144,-6.2438484981761
891,"Q02127|PYRD_HUMAN","Dihydroorotate dehydrogenase (quinone), mitochondrial OS=Homo sapiens GN=DHODH PE=1 SV=3",1.99522646333143,9.94806048423764,2.15758939794424,0.0597097493904998,0.435992770226613,-4.31704673117462
730,"Q8IXI2|MIRO1_HUMAN","Mitochondrial Rho GTPase 1 OS=Homo sapiens GN=RHOT1 PE=1 SV=2",-1.5967922594655,10.635276209738,-0.969968484729477,0.357745125312811,0.681610346582517,-5.83634350135774
675,"O75015|FCG3B_HUMAN","Low affinity immunoglobulin gamma Fc region receptor III-B OS=Homo sapiens GN=FCGR3B PE=1 SV=2",-1.01456154888515,8.20305927070513,-0.329174500468788,0.749656731427413,0.926659015236664,-6.25915547652887
702,"Q16610|ECM1_HUMAN","Extracellular matrix protein 1 OS=Homo sapiens GN=ECM1 PE=1 SV=2",0.139625176800278,9.13871434580323,0.0696560392548709,0.946011212641857,0.989758037313463,-6.31453431166885
723,"O43768|ENSA_HUMAN","Alpha-endosulfine OS=Homo sapiens GN=ENSA PE=1 SV=1",-1.58908968332553,9.70591304980325,-0.819091629910723,0.434171278417576,0.730121634804725,-5.96924024118038
746,"Q9HBL7|PLRKT_HUMAN","Plasminogen receptor (KT) OS=Homo sapiens GN=PLGRKT PE=1 SV=1",1.11900259145986,16.5253326750084,0.899119008729343,0.395156098003813,0.706021831660743,-5.8981268397921
748,"Q9HCM2|PLXA4_HUMAN","Plexin-A4 OS=Homo sapiens GN=PLXNA4 PE=1 SV=4",-2.51574260693578,7.02371057874802,-1.70877641224082,0.12213070886627,0.517601575671335,-4.96436573101578
131,"Q9Y2P4|S27A6_HUMAN","Long-chain fatty acid transport protein 6 OS=Homo sapiens GN=SLC27A6 PE=2 SV=1",-1.82799512209204,7.39760156107292,-1.05116782417007,0.32095229497758,0.650077234078646,-5.75737892987724
961,"Q6ZUX7|LHPL2_HUMAN","Lipoma HMGIC fusion partner-like 2 protein OS=Homo sapiens GN=LHFPL2 PE=2 SV=2",-4.70673635210008,11.2803658572921,-1.33456572572864,0.219184938415444,0.583884522328452,-5.4443502479264
1122,"P60602|ROMO1_HUMAN","Reactive oxygen species modulator 1 OS=Homo sapiens GN=ROMO1 PE=1 SV=1",-2.03107651004535,7.42361023813669,-1.27688064577512,0.234029940896624,0.593256634837707,-5.51330734198996
938,"Q6ZWL3|CP4V2_HUMAN","Cytochrome P450 4V2 OS=Homo sapiens GN=CYP4V2 PE=1 SV=2",-0.528500014994014,6.43934961951928,-0.280059163986672,0.785848312520347,0.935388071780211,-6.27509742335126
705,"P80723|BASP1_HUMAN","Brain acid soluble protein 1 OS=Homo sapiens GN=BASP1 PE=1 SV=2",0.584097551507965,5.72989937086459,0.467141744811188,0.651651490395986,0.872639785171477,-6.20108875536299
903,"P22794|EVI2A_HUMAN","Protein EVI2A OS=Homo sapiens GN=EVI2A PE=2 SV=2",-1.41905191467526,10.3111547014431,-0.67668860836606,0.515845793776019,0.782219637482116,-6.07688352282386
698,"O75907|DGAT1_HUMAN","Diacylglycerol O-acyltransferase 1 OS=Homo sapiens GN=DGAT1 PE=1 SV=2",-0.232582537758013,8.93622117662635,-0.120809267451534,0.90653219623515,0.986405454533187,-6.30929312970679
1048,"Q6UXD7|MFSD7_HUMAN","Major facilitator superfamily domain-containing protein 7 OS=Homo sapiens GN=MFSD7 PE=2 SV=1",0.530880185836954,6.06525678005901,0.397446026597704,0.70042529530866,0.9046870532624,-6.23284641250173
1047,"O15554|KCNN4_HUMAN","Intermediate conductance calcium-activated potassium channel protein 4 OS=Homo sapiens GN=KCNN4 PE=1 SV=1",-0.138771145688632,7.27596584943584,-0.100595156355873,0.922107017148726,0.988972549431232,-6.3116999763544
235,"Q93050|VPP1_HUMAN","V-type proton ATPase 116 kDa subunit a isoform 1 OS=Homo sapiens GN=ATP6V0A1 PE=1 SV=3",0.552087502848558,17.3179164551765,0.633401808444817,0.544360057738197,0.796694090784552,-6.10392618467093
979,"Q96EX1|SIM12_HUMAN","Small integral membrane protein 12 OS=Homo sapiens GN=SMIM12 PE=1 SV=3",-1.54048775584192,10.2177323681562,-0.967472996302193,0.358923714036102,0.681610346582517,-5.8386904903385
396,"Q9UMX5|NENF_HUMAN","Neudesin OS=Homo sapiens GN=NENF PE=1 SV=1",1.02894543226014,15.0903221725791,2.60606745438345,0.0287664021868226,0.350281566552442,-3.63030752986095
164,"Q9NXW2|DJB12_HUMAN","DnaJ homolog subfamily B member 12 OS=Homo sapiens GN=DNAJB12 PE=1 SV=4",1.894259300986,15.2309273822334,2.06281352461764,0.073466615110361,0.453435127784536,-4.47549366078163
1234,"Q9UL54|TAOK2_HUMAN","Serine/threonine-protein kinase TAO2 OS=Homo sapiens GN=TAOK2 PE=1 SV=2",0.15889707771009,8.9675482977233,0.0655350948321244,0.949200018703685,0.990109269979445,-6.31483418995517
1030,"P13498|CY24A_HUMAN","Cytochrome b-245 light chain OS=Homo sapiens GN=CYBA PE=1 SV=3",4.13224703900147,8.64725209583027,1.8578492769535,0.0965972039418548,0.477619508379171,-4.75599450852226
719,"Q15526|SURF1_HUMAN","Surfeit locus protein 1 OS=Homo sapiens GN=SURF1 PE=1 SV=1",-1.93865861824623,12.1720827161737,-0.964119674115999,0.363553691155234,0.683339160759115,-5.83883641285028
911,"P55081|MFAP1_HUMAN","Microfibrillar-associated protein 1 OS=Homo sapiens GN=MFAP1 PE=1 SV=2",0.664210853562405,7.30649587303341,0.353416230831838,0.732023616006527,0.915205615088329,-6.25036313836998
682,"O14966|RAB7L_HUMAN","Ras-related protein Rab-7L1 OS=Homo sapiens GN=RAB29 PE=1 SV=1",0.646895883325724,11.173084871786,1.30439131300755,0.224901328396412,0.590983654197148,-5.48129766056391
1058,"Q5VT66|MARC1_HUMAN","Mitochondrial amidoxime-reducing component 1 OS=Homo sapiens GN=MARC1 PE=1 SV=1",0.560779124824005,6.35817668120823,0.384898270638768,0.709371610018006,0.908589207662036,-6.23804077308664
1290,"P09544|WNT2_HUMAN","Protein Wnt-2 OS=Homo sapiens GN=WNT2 PE=2 SV=1",0.479491847273914,6.87198808693139,0.193508202892121,0.850915953409843,0.96340436837522,-6.29702393727058
1056,"Q13613|MTMR1_HUMAN","Myotubularin-related protein 1 OS=Homo sapiens GN=MTMR1 PE=1 SV=4",0.564189316030624,5.36021673867407,0.358553953129432,0.728307372240126,0.915000422684894,-6.24842176363155
1295,"Q9C0A0|CNTP4_HUMAN","Contactin-associated protein-like 4 OS=Homo sapiens GN=CNTNAP4 PE=1 SV=3",3.10348423696744,8.63843875047621,1.45899623828136,0.179022669237939,0.570813142796986,-5.293305429895
796,"O94921|CDK14_HUMAN","Cyclin-dependent kinase 14 OS=Homo sapiens GN=CDK14 PE=1 SV=3",0.253451995187284,9.51895123541906,0.285966901005301,0.78146410841939,0.93406385688443,-6.27331314705924
575,"O15258|RER1_HUMAN","Protein RER1 OS=Homo sapiens GN=RER1 PE=1 SV=1",0.564284136547947,14.1481454047422,1.33466100848122,0.215204516418448,0.583884522328452,-5.44555481872534
535,"Q96QD8|S38A2_HUMAN","Sodium-coupled neutral amino acid transporter 2 OS=Homo sapiens GN=SLC38A2 PE=1 SV=2",-1.20183890045227,10.0776684699223,-0.743987510937581,0.476113797247706,0.756680856340105,-6.02825538735667
491,"Q5VW32|BROX_HUMAN","BRO1 domain-containing protein BROX OS=Homo sapiens GN=BROX PE=1 SV=1",0.512087964389742,13.4970572315488,1.10229453754697,0.299318545071134,0.63357286860426,-5.70515409695684
594,"Q96ND0|F210A_HUMAN","Protein FAM210A OS=Homo sapiens GN=FAM210A PE=1 SV=2",0.792279631571127,11.2225507603204,1.47274971515084,0.175364822716355,0.570813142796986,-5.27595597895133
838,"O60427|FADS1_HUMAN","Fatty acid desaturase 1 OS=Homo sapiens GN=FADS1 PE=1 SV=3",1.04629397301791,11.171797997244,2.40993953941586,0.0396099567352146,0.400685835070315,-3.93345657390018
735,"P60468|SC61B_HUMAN","Protein transport protein Sec61 subunit beta OS=Homo sapiens GN=SEC61B PE=1 SV=2",0.647430462397256,14.5794281708962,1.42864776970781,0.187330392610382,0.570813142796986,-5.33124179356568
644,"Q7Z434|MAVS_HUMAN","Mitochondrial antiviral-signaling protein OS=Homo sapiens GN=MAVS PE=1 SV=2",0.667381087554647,11.2816629583391,1.8008093672228,0.105715768783858,0.48279513156171,-4.83664275054838
761,"Q12981|SEC20_HUMAN","Vesicle transport protein SEC20 OS=Homo sapiens GN=BNIP1 PE=1 SV=3",0.350491322244599,11.7404744045748,0.462717914611529,0.654698917799062,0.872786208417354,-6.20324978592676
1247,"Q8N131|PORIM_HUMAN","Porimin OS=Homo sapiens GN=TMEM123 PE=1 SV=1",0.353848283675356,8.12476987039301,0.101573591545356,0.921352272478854,0.988972549431232,-6.3115935715113
553,"Q8TBM8|DJB14_HUMAN","DnaJ homolog subfamily B member 14 OS=Homo sapiens GN=DNAJB14 PE=1 SV=1",0.719846489427399,12.5048709510283,2.24106068138577,0.0521469932746679,0.426226784568813,-4.19124842944557
35,"Q07065|CKAP4_HUMAN","Cytoskeleton-associated protein 4 OS=Homo sapiens GN=CKAP4 PE=1 SV=2",0.672465543660813,18.791625418957,4.14237239803344,0.00258816621230573,0.163180002501965,-1.29892015037142
329,"O75558|STX11_HUMAN","Syntaxin-11 OS=Homo sapiens GN=STX11 PE=1 SV=1",0.702727197176621,14.9360072021216,3.31170852495271,0.00923130088301845,0.271380204983947,-2.535381819311
641,"Q9H1E5|TMX4_HUMAN","Thioredoxin-related transmembrane protein 4 OS=Homo sapiens GN=TMX4 PE=1 SV=1",0.36275749465112,14.0293921322384,0.834577703260983,0.42584308257483,0.727770231224636,-5.95646609542155
778,"Q9GZY8|MFF_HUMAN","Mitochondrial fission factor OS=Homo sapiens GN=MFF PE=1 SV=1",0.370057134353095,11.2198854104518,0.679390094946308,0.514212581667223,0.780766347754562,-6.07501080154262
1211,"O43677|NDUC1_HUMAN","NADH dehydrogenase [ubiquinone] 1 subunit C1, mitochondrial OS=Homo sapiens GN=NDUFC1 PE=3 SV=1",-1.52365376935418,7.74650395221465,-0.827354468360467,0.42971392932603,0.730071976843197,-5.96244976005132
525,"P51159|RB27A_HUMAN","Ras-related protein Rab-27A OS=Homo sapiens GN=RAB27A PE=1 SV=3",0.44806386835797,11.6297171714888,1.18577370583183,0.266478474732615,0.605289248338956,-5.61593704190453
708,"Q9P0J0|NDUAD_HUMAN","NADH dehydrogenase [ubiquinone] 1 alpha subcomplex subunit 13 OS=Homo sapiens GN=NDUFA13 PE=1 SV=3",0.53659595453556,12.9842134289743,1.5217032882177,0.162872280585593,0.570813142796986,-5.2134322944945
464,"Q8N5K1|CISD2_HUMAN","CDGSH iron-sulfur domain-containing protein 2 OS=Homo sapiens GN=CISD2 PE=1 SV=1",0.750737293697609,14.9008753917426,3.38180302098369,0.00826481430703288,0.271380204983947,-2.427990152771
200,"P12235|ADT1_HUMAN","ADP/ATP translocase 1 OS=Homo sapiens GN=SLC25A4 PE=1 SV=4",-0.747341131724009,6.59577055196872,-0.382884125901555,0.710812105711936,0.908589207662036,-6.23885957544583
1144,"P60059|SC61G_HUMAN","Protein transport protein Sec61 subunit gamma OS=Homo sapiens GN=SEC61G PE=1 SV=1",0.686756779029112,15.9233078724608,4.1003740551725,0.00275394722117437,0.163180002501965,-1.35922953603516
619,"O75044|SRGP2_HUMAN","SLIT-ROBO Rho GTPase-activating protein 2 OS=Homo sapiens GN=SRGAP2 PE=1 SV=2",-3.54111836719967,9.11083903097108,-2.19342355819027,0.0563402734802038,0.435992770226613,-4.26319457567249
755,"Q9HC21|TPC_HUMAN","Mitochondrial thiamine pyrophosphate carrier OS=Homo sapiens GN=SLC25A19 PE=1 SV=1",0.657087948553965,12.5987606168336,2.85369943122156,0.0192325355375904,0.300425786221313,-3.24494871935417
714,"Q6IC98|GRAM4_HUMAN","GRAM domain-containing protein 4 OS=Homo sapiens GN=GRAMD4 PE=1 SV=1",-1.45368089271381,10.3140155207266,-0.701357373288609,0.501050070497144,0.772953242086928,-6.0595347574265
654,"Q9NP90|RAB9B_HUMAN","Ras-related protein Rab-9B OS=Homo sapiens GN=RAB9B PE=1 SV=1",-0.551797069958289,14.0199429891516,-0.170442689661491,0.868944270871148,0.973433282115418,-6.30133597023869
362,"O96005|CLPT1_HUMAN","Cleft lip and palate transmembrane protein 1 OS=Homo sapiens GN=CLPTM1 PE=1 SV=1",0.435375321230376,15.3292801630449,2.15137020982694,0.0603141762626475,0.435992770226613,-4.32636814929822
829,"Q04721|NOTC2_HUMAN","Neurogenic locus notch homolog protein 2 OS=Homo sapiens GN=NOTCH2 PE=1 SV=3",0.22509039633109,10.0223492623308,0.244590355212559,0.812333141138209,0.951284862648693,-6.28503934179742
161,"Q96PQ1|SIG12_HUMAN","Sialic acid-binding Ig-like lectin 12 OS=Homo sapiens GN=SIGLEC12 PE=2 SV=1",0.250234001789085,13.096948032506,0.804809712300985,0.441949404048999,0.732572292958012,-5.98083964806787
828,"O43674|NDUB5_HUMAN","NADH dehydrogenase [ubiquinone] 1 beta subcomplex subunit 5, mitochondrial OS=Homo sapiens GN=NDUFB5 PE=1 SV=1",0.525864602275215,13.1435264502269,1.98112021504296,0.0793570956050555,0.461366844195114,-4.57827334609135
227,"Q9UIQ6|LCAP_HUMAN","Leucyl-cystinyl aminopeptidase OS=Homo sapiens GN=LNPEP PE=1 SV=3",0.576916799875827,15.0627824707974,1.50231249624583,0.167723531704141,0.570813142796986,-5.23834004390471
508,"Q5T2E6|CJ076_HUMAN","UPF0668 protein C10orf76 OS=Homo sapiens GN=C10orf76 PE=2 SV=1",-2.21778173901869,10.8208412785925,-1.40983400006018,0.19264686642754,0.570813142796986,-5.35451455040743
933,"Q9NWH9|SLTM_HUMAN","SAFB-like transcription modulator OS=Homo sapiens GN=SLTM PE=1 SV=2",0.581877438947565,10.2839495339759,0.968347843191167,0.358510208153489,0.681610346582517,-5.83786825517787
711,"Q8WVX9|FACR1_HUMAN","Fatty acyl-CoA reductase 1 OS=Homo sapiens GN=FAR1 PE=1 SV=1",0.616012899647941,11.7156889962548,2.09064778773918,0.0665361758845121,0.444654373430078,-4.41696684027602
983,"Q96AA3|RFT1_HUMAN","Protein RFT1 homolog OS=Homo sapiens GN=RFT1 PE=1 SV=1",0.800409868738109,11.6194638583961,2.35491288257913,0.0433271511560758,0.419839963323591,-4.01786554510902
563,"P27448|MARK3_HUMAN","MAP/microtubule affinity-regulating kinase 3 OS=Homo sapiens GN=MARK3 PE=1 SV=4",-1.36511871792084,8.97095961711975,-0.901825491056212,0.390960392609616,0.703653938244563,-5.89866405570127
793,"O43676|NDUB3_HUMAN","NADH dehydrogenase [ubiquinone] 1 beta subcomplex subunit 3 OS=Homo sapiens GN=NDUFB3 PE=1 SV=3",0.551821148347853,14.3284735302107,2.34023725350544,0.0443755988418142,0.421018668695158,-4.04031586432072
1119,"Q6NXT4|ZNT6_HUMAN","Zinc transporter 6 OS=Homo sapiens GN=SLC30A6 PE=1 SV=2",-1.67129725704509,7.96756656259143,-0.646493423608844,0.534314539450015,0.792670438041166,-6.09735706415137
1052,"Q9H330|TM245_HUMAN","Transmembrane protein 245 OS=Homo sapiens GN=TMEM245 PE=1 SV=2",-0.666577448794631,8.04887204256264,-0.434354293615731,0.674396830484492,0.886678560080178,-6.21663927080208
685,"Q15165|PON2_HUMAN","Serum paraoxonase/arylesterase 2 OS=Homo sapiens GN=PON2 PE=1 SV=3",0.437067982550749,11.4513508415753,0.78947621728346,0.45040403950367,0.743131357744711,-5.99309766432103
707,"Q92820|GGH_HUMAN","Gamma-glutamyl hydrolase OS=Homo sapiens GN=GGH PE=1 SV=2",0.736791814098693,10.0911535866774,0.913448814411369,0.385142994228597,0.699427594779699,-5.88829647363921
565,"Q7KZI7|MARK2_HUMAN","Serine/threonine-protein kinase MARK2 OS=Homo sapiens GN=MARK2 PE=1 SV=2",0.298376901122921,6.22633786744422,0.221843255242561,0.829454996110471,0.959661472324459,-6.29071743682018
884,"Q7Z3B0|SIM15_HUMAN","Small integral membrane protein 15 OS=Homo sapiens GN=SMIM15 PE=3 SV=1",0.638502818283916,13.9036414214501,2.17008346396941,0.0585132351032047,0.435992770226613,-4.29829784604548
782,"O14523|C2C2L_HUMAN","C2 domain-containing protein 2-like OS=Homo sapiens GN=C2CD2L PE=1 SV=3",-3.09118671803454,8.30564013907748,-2.00246463478351,0.0766859932843882,0.458384632886412,-4.54707020507113
359,"Q9NPA0|EMC7_HUMAN","ER membrane protein complex subunit 7 OS=Homo sapiens GN=EMC7 PE=1 SV=1",0.444645156926274,14.418561796022,1.56216210755758,0.15314895036073,0.570813142796986,-5.16088236703291
831,"P34741|SDC2_HUMAN","Syndecan-2 OS=Homo sapiens GN=SDC2 PE=1 SV=2",-3.3699617196791,8.82998879397783,-2.15367632110591,0.0600893607226337,0.435992770226613,-4.32291259380754
432,"Q8NET5|NFAM1_HUMAN","NFAT activation molecule 1 OS=Homo sapiens GN=NFAM1 PE=1 SV=1",0.0666758444718525,13.3424866864988,0.133098250154396,0.897083806682774,0.985352756551079,-6.3076158421124
356,"Q16799|RTN1_HUMAN","Reticulon-1 OS=Homo sapiens GN=RTN1 PE=1 SV=1",0.491869600457971,13.2822925873186,2.17665462578039,0.0578933350741976,0.435992770226613,-4.28842510691509
471,"O43464|HTRA2_HUMAN","Serine protease HTRA2, mitochondrial OS=Homo sapiens GN=HTRA2 PE=1 SV=2",0.550460567633394,13.7797617359682,2.4050598318849,0.0399263843426014,0.400685835070315,-3.94095576218883
367,"O15229|KMO_HUMAN","Kynurenine 3-monooxygenase OS=Homo sapiens GN=KMO PE=1 SV=2",0.681493854115972,15.3458899913929,4.98459064700025,0.000786367942573011,0.0909827709556974,-0.148293664527265
380,"Q9P2W9|STX18_HUMAN","Syntaxin-18 OS=Homo sapiens GN=STX18 PE=1 SV=1",0.294806069556712,14.0021721155824,0.95672786415713,0.364031276306658,0.683339160759115,-5.84874066923768
902,"O76024|WFS1_HUMAN","Wolframin OS=Homo sapiens GN=WFS1 PE=1 SV=2",-1.89343354224394,6.46119716281631,-1.24951333577008,0.243415024022622,0.594158613489818,-5.54468962871328
1023,"Q96GZ6|S41A3_HUMAN","Solute carrier family 41 member 3 OS=Homo sapiens GN=SLC41A3 PE=1 SV=2",-2.33472514329279,6.79089383941818,-1.5119321965516,0.165301113952794,0.570813142796986,-5.22600632444743
607,"Q9NZ45|CISD1_HUMAN","CDGSH iron-sulfur domain-containing protein 1 OS=Homo sapiens GN=CISD1 PE=1 SV=1",0.324153831590792,13.1974400294287,1.22538264095204,0.251946032158639,0.60476061093779,-5.57197047541108
131,"Q5K4L6|S27A3_HUMAN","Long-chain fatty acid transport protein 3 OS=Homo sapiens GN=SLC27A3 PE=2 SV=3",0.238657331891526,15.5842011652825,0.722159784336337,0.488780975754379,0.764383277704339,-6.04447528461095
373,"Q96KC8|DNJC1_HUMAN","DnaJ homolog subfamily C member 1 OS=Homo sapiens GN=DNAJC1 PE=1 SV=1",0.416875194325414,13.5649289546784,1.80433473006416,0.105129678453528,0.48279513156171,-4.83168988947336
900,"O95258|UCP5_HUMAN","Brain mitochondrial carrier protein 1 OS=Homo sapiens GN=SLC25A14 PE=2 SV=1",-1.59557684673773,9.32747121900271,-0.967800056777292,0.358769084104785,0.681610346582517,-5.83838316849054
1092,"Q6UX65|DRAM2_HUMAN","DNA damage-regulated autophagy modulator protein 2 OS=Homo sapiens GN=DRAM2 PE=1 SV=1",-3.00353558122737,8.1425427939478,-1.87606127990742,0.0938445961735201,0.471560581150473,-4.73002252174409
293,"Q9H7Z7|PGES2_HUMAN","Prostaglandin E synthase 2 OS=Homo sapiens GN=PTGES2 PE=1 SV=1",0.554383351506024,14.8862494761417,2.2601934818879,0.0505502391988736,0.426226784568813,-4.16224567573498
240,"Q9UBC2|EP15R_HUMAN","Epidermal growth factor receptor substrate 15-like 1 OS=Homo sapiens GN=EPS15L1 PE=1 SV=1",0.397585995705029,13.9044144973926,1.43462833818206,0.185667227274092,0.570813142796986,-5.32380420248072
648,"P43307|SSRA_HUMAN","Translocon-associated protein subunit alpha OS=Homo sapiens GN=SSR1 PE=1 SV=3",0.546264507956291,16.1239534734964,2.98739927584975,0.015495886478453,0.300425786221313,-3.03685719042262
262,"Q8WUD1|RAB2B_HUMAN","Ras-related protein Rab-2B OS=Homo sapiens GN=RAB2B PE=1 SV=1",0.498293903347825,17.6303373492461,2.69209393018072,0.0250050128708734,0.321453332128894,-3.49659699756104
612,"Q9UNL2|SSRG_HUMAN","Translocon-associated protein subunit gamma OS=Homo sapiens GN=SSR3 PE=1 SV=1",0.426910577457766,15.1407032836844,1.7960100090376,0.106518549477582,0.48279513156171,-4.84337858937598
297,"P28845|DHI1_HUMAN","Corticosteroid 11-beta-dehydrogenase isozyme 1 OS=Homo sapiens GN=HSD11B1 PE=1 SV=3",0.634797034474548,16.5497406297825,5.76183725375405,0.000286677312720866,0.0663371301636084,0.810202419710289
490,"Q9H2D1|MFTC_HUMAN","Mitochondrial folate transporter/carrier OS=Homo sapiens GN=SLC25A32 PE=1 SV=2",0.646503233806884,13.646317199159,2.8633469270061,0.0189343301654802,0.300425786221313,-3.22992297584807
1075,"Q9H0X9|OSBL5_HUMAN","Oxysterol-binding protein-related protein 5 OS=Homo sapiens GN=OSBPL5 PE=1 SV=1",-1.26832687438768,9.97576672645901,-0.77263359850657,0.459814163357148,0.750057812909378,-6.00632686870889
1176,"O43561|LAT_HUMAN","Linker for activation of T-cells family member 1 OS=Homo sapiens GN=LAT PE=1 SV=1",0.545719818761027,6.09676755273683,0.279005015399124,0.786631455351898,0.935388071780211,-6.27541195651538
1164,"Q15070|OXA1L_HUMAN","Mitochondrial inner membrane protein OXA1L OS=Homo sapiens GN=OXA1L PE=1 SV=3",-3.67735786200522,9.31771682421976,-2.15158729397668,0.0602929786100748,0.435992770226613,-4.32604290746777
1303,"P51157|RAB28_HUMAN","Ras-related protein Rab-28 OS=Homo sapiens GN=RAB28 PE=1 SV=2",-5.68798080911323,12.180190411031,-1.81691819553341,0.107209798788567,0.48279513156171,-4.82235442346182
486,"Q92523|CPT1B_HUMAN","Carnitine O-palmitoyltransferase 1, muscle isoform OS=Homo sapiens GN=CPT1B PE=1 SV=2",-0.671469609526927,7.9990903186314,-0.403999748373117,0.695771874590188,0.901464791602292,-6.23006953795638
626,"Q5U3C3|TM164_HUMAN","Transmembrane protein 164 OS=Homo sapiens GN=TMEM164 PE=2 SV=1",-1.88952881845417,10.165871815373,-1.30143642038926,0.225867303504038,0.591240882701747,-5.48475769980906
810,"Q9P0V8|SLAF8_HUMAN","SLAM family member 8 OS=Homo sapiens GN=SLAMF8 PE=1 SV=1",0.794606216673577,12.7583962252659,2.62342955137488,0.0279637909474822,0.344192618364223,-3.60334672942508
564,"Q8NHH9|ATLA2_HUMAN","Atlastin-2 OS=Homo sapiens GN=ATL2 PE=1 SV=2",0.569252317377272,10.2786005411914,0.981179663059532,0.352485574362924,0.681610346582517,-5.82573980405339
54,"Q0VD83|APOBR_HUMAN","Apolipoprotein B receptor OS=Homo sapiens GN=APOBR PE=1 SV=2",0.624164759576168,16.8573278189084,3.29299962908723,0.00950869933217822,0.271380204983947,-2.56411726774496
926,"Q15722|LT4R1_HUMAN","Leukotriene B4 receptor 1 OS=Homo sapiens GN=LTB4R PE=1 SV=2",-1.7888371870928,9.38871924992062,-1.22062921962985,0.253655120237222,0.60476061093779,-5.57730064672533
747,"P57105|SYJ2B_HUMAN","Synaptojanin-2-binding protein OS=Homo sapiens GN=SYNJ2BP PE=1 SV=2",0.350831676347815,13.6093518817342,1.36549169624877,0.205694200272791,0.582222752471286,-5.40860137176572
333,"Q5T8D3|ACBD5_HUMAN","Acyl-CoA-binding domain-containing protein 5 OS=Homo sapiens GN=ACBD5 PE=1 SV=1",0.60045014219155,15.3389529935848,3.60790975783376,0.00580713560013353,0.258417534205942,-2.08486793834426
361,"Q13505|MTX1_HUMAN","Metaxin-1 OS=Homo sapiens GN=MTX1 PE=1 SV=2",0.443670431902845,13.9314710946975,2.56687800673641,0.0306644113508546,0.359631578726992,-3.69110447721267
657,"O95476|CNEP1_HUMAN","CTD nuclear envelope phosphatase 1 OS=Homo sapiens GN=CTDNEP1 PE=1 SV=2",0.488121888221675,12.7086371917951,1.66661797690004,0.130406510433444,0.534180702809603,-5.02179701046679
869,"Q04941|PLP2_HUMAN","Proteolipid protein 2 OS=Homo sapiens GN=PLP2 PE=1 SV=1",0.351838876414686,14.6178757761116,2.08467537273872,0.0671806545088994,0.444654373430078,-4.42583542221185
1011,"Q9ULQ1|TPC1_HUMAN","Two pore calcium channel protein 1 OS=Homo sapiens GN=TPCN1 PE=1 SV=3",-1.31916397415582,8.74974056057102,-0.855942553048887,0.41453448367061,0.720144741151495,-5.93850988680988
1002,"Q8NG11|TSN14_HUMAN","Tetraspanin-14 OS=Homo sapiens GN=TSPAN14 PE=1 SV=1",-0.538023971062637,7.97190840156832,-0.248338370973531,0.809521822288692,0.948953139197585,-6.28405133532765
845,"A8CG34|P121C_HUMAN","Nuclear envelope pore membrane protein POM 121C OS=Homo sapiens GN=POM121C PE=1 SV=2",-2.70312755277911,7.68753790423138,-1.44265973144473,0.1834539243468,0.570813142796986,-5.31378643529936
974,"Q6NXT6|TAPT1_HUMAN","Transmembrane anterior posterior transformation protein 1 homolog OS=Homo sapiens GN=TAPT1 PE=1 SV=1",0.358828691725479,11.8899360430538,0.589836302366044,0.570006061465009,0.814567536733448,-6.13347172311055
438,"Q6UW68|TM205_HUMAN","Transmembrane protein 205 OS=Homo sapiens GN=TMEM205 PE=1 SV=1",0.466133182818975,16.2305739746345,0.700369891597042,0.50260906037671,0.774119658678733,-6.05918508233021
604,"Q7Z7H5|TMED4_HUMAN","Transmembrane emp24 domain-containing protein 4 OS=Homo sapiens GN=TMED4 PE=1 SV=1",0.50690322716525,14.2362228317429,1.27004911920565,0.236344064415455,0.593256634837707,-5.52118456179616
962,"P56962|STX17_HUMAN","Syntaxin-17 OS=Homo sapiens GN=STX17 PE=1 SV=2",0.497067472355806,10.2978506056304,0.888542987481614,0.397684701915972,0.708670070111423,-5.91037705169557
566,"P00167|CYB5_HUMAN","Cytochrome b5 OS=Homo sapiens GN=CYB5A PE=1 SV=2",0.357548402524086,13.2763172043476,1.21814104857883,0.254553515580556,0.60476061093779,-5.58008491906119
617,"P49903|SPS1_HUMAN","Selenide, water dikinase 1 OS=Homo sapiens GN=SEPHS1 PE=1 SV=2",-0.286953639164151,12.0527886382268,-0.456566067940698,0.658947985079607,0.874315159102185,-6.20622241836693
33,"P27824|CALX_HUMAN","Calnexin OS=Homo sapiens GN=CANX PE=1 SV=2",0.448796079551986,20.0580076976428,4.11629212543917,0.00268982028449561,0.163180002501965,-1.33634028832382
890,"Q8TB36|GDAP1_HUMAN","Ganglioside-induced differentiation-associated protein 1 OS=Homo sapiens GN=GDAP1 PE=1 SV=3",0.609161717501609,12.6794260844352,2.9344613160808,0.0168772470666841,0.300425786221313,-3.1192034177266
41,"P21796|VDAC1_HUMAN","Voltage-dependent anion-selective channel protein 1 OS=Homo sapiens GN=VDAC1 PE=1 SV=2",0.464299605307332,19.8955146509289,3.50589499730067,0.00680439537747838,0.271380204983947,-2.23900992108808
910,"Q9UGH3|S23A2_HUMAN","Solute carrier family 23 member 2 OS=Homo sapiens GN=SLC23A2 PE=1 SV=1",0.448661481704404,11.463188621556,1.42832280231243,0.187421133443747,0.570813142796986,-5.33164538780292
165,"P42167|LAP2B_HUMAN","Lamina-associated polypeptide 2, isoforms beta/gamma OS=Homo sapiens GN=TMPO PE=1 SV=2",0.470819795249067,13.4025759550195,1.97802085775537,0.0797522634736584,0.461366844195114,-4.58279433882068
539,"Q9UNK0|STX8_HUMAN","Syntaxin-8 OS=Homo sapiens GN=STX8 PE=1 SV=2",0.364300127971958,14.6317489243454,1.84311025923432,0.0988801903194548,0.477999689801925,-4.77693652158057
467,"P39880|CUX1_HUMAN","Homeobox protein cut-like 1 OS=Homo sapiens GN=CUX1 PE=1 SV=3",-1.95957618649219,10.6328747799153,-1.11789233900172,0.292950628700804,0.632398288897071,-5.68884956311137
231,"P33897|ABCD1_HUMAN","ATP-binding cassette sub-family D member 1 OS=Homo sapiens GN=ABCD1 PE=1 SV=2",0.206780002720865,14.5493507074777,0.573386161116009,0.580615482160462,0.818801433959309,-6.14338668346325
488,"O00264|PGRC1_HUMAN","Membrane-associated progesterone receptor component 1 OS=Homo sapiens GN=PGRMC1 PE=1 SV=3",0.430316386051059,14.5239665208963,2.09183709766076,0.0664085529667396,0.444654373430078,-4.41519986710053
1180,"Q8WV19|SFT2A_HUMAN","Vesicle transport protein SFT2A OS=Homo sapiens GN=SFT2D1 PE=1 SV=1",-3.77572359659876,8.98052541272102,-1.81618156560002,0.103182250493577,0.48279513156171,-4.81501489937086
195,"O94826|TOM70_HUMAN","Mitochondrial import receptor subunit TOM70 OS=Homo sapiens GN=TOMM70A PE=1 SV=1",0.360861424495509,16.0230237904218,1.94004426565074,0.0847489237574888,0.466223966403082,-4.63797919704066
845,"Q96HA1|P121A_HUMAN","Nuclear envelope pore membrane protein POM 121 OS=Homo sapiens GN=POM121 PE=1 SV=2",-2.74545019538716,7.66637658292736,-1.47639209803534,0.17440713150888,0.570813142796986,-5.27134510080347
272,"O15400|STX7_HUMAN","Syntaxin-7 OS=Homo sapiens GN=STX7 PE=1 SV=4",0.413869931764015,17.0460579070266,2.30555888610532,0.0469537087155212,0.421018668695158,-4.09325300695061
694,"Q96A26|F162A_HUMAN","Protein FAM162A OS=Homo sapiens GN=FAM162A PE=1 SV=2",0.38150088884939,14.2281426577327,1.85120260982069,0.0976205457972674,0.477999689801925,-4.76544710981148
958,"Q9NYP7|ELOV5_HUMAN","Elongation of very long chain fatty acids protein 5 OS=Homo sapiens GN=ELOVL5 PE=1 SV=1",0.447538423872636,13.0060980777399,2.52144499096282,0.0330229609330842,0.368864915735533,-3.76146825287716
336,"Q8WWP7|GIMA1_HUMAN","GTPase IMAP family member 1 OS=Homo sapiens GN=GIMAP1 PE=1 SV=1",0.419826487796993,14.6236469034871,3.10605032728199,0.0128067201860175,0.300425786221313,-2.85267548200781
113,"Q5JTV8|TOIP1_HUMAN","Torsin-1A-interacting protein 1 OS=Homo sapiens GN=TOR1AIP1 PE=1 SV=2",0.459858154641996,16.3073912567583,3.31525623859615,0.00917965685105966,0.271380204983947,-2.52993609029784
292,"Q8TCJ2|STT3B_HUMAN","Dolichyl-diphosphooligosaccharide--protein glycosyltransferase subunit STT3B OS=Homo sapiens GN=STT3B PE=1 SV=1",0.502900346810593,15.3022000864261,3.32786079279966,0.00899859539167178,0.271380204983947,-2.51059677745435
990,"Q9NZ43|USE1_HUMAN","Vesicle transport protein USE1 OS=Homo sapiens GN=USE1 PE=1 SV=2",1.48082910399087,6.52421229747498,1.04185119234307,0.325021248304425,0.652863861611493,-5.76669072144664
1088,"P22732|GTR5_HUMAN","Solute carrier family 2, facilitated glucose transporter member 5 OS=Homo sapiens GN=SLC2A5 PE=1 SV=1",-1.97120419235726,10.4755095647523,-1.28361504412224,0.231767215520131,0.593256634837707,-5.50551409788751
649,"P56589|PEX3_HUMAN","Peroxisomal biogenesis factor 3 OS=Homo sapiens GN=PEX3 PE=1 SV=1",0.539253488893817,12.5231218567189,0.900431694123527,0.391662174787812,0.703653938244563,-5.89989991266635
783,"Q9NS69|TOM22_HUMAN","Mitochondrial import receptor subunit TOM22 homolog OS=Homo sapiens GN=TOMM22 PE=1 SV=3",0.61410702524692,12.5097074063052,1.93505263176674,0.0854273819165543,0.466223966403082,-4.64520295019252
672,"O14735|CDIPT_HUMAN","CDP-diacylglycerol--inositol 3-phosphatidyltransferase OS=Homo sapiens GN=CDIPT PE=1 SV=1",0.264508602817401,14.2136148156827,0.695307026975899,0.504654308145603,0.774119658678733,-6.06384118035519
741,"Q02413|DSG1_HUMAN","Desmoglein-1 OS=Homo sapiens GN=DSG1 PE=1 SV=2",1.74229788094008,7.95530303109546,0.662794614948459,0.524295388228398,0.785205104311992,-6.08640897576894
676,"Q9BV40|VAMP8_HUMAN","Vesicle-associated membrane protein 8 OS=Homo sapiens GN=VAMP8 PE=1 SV=1",0.428649196659951,15.9303069223865,2.47839557200756,0.0354253324887327,0.378146555036074,-3.82799979261537
429,"O95292|VAPB_HUMAN","Vesicle-associated membrane protein-associated protein B/C OS=Homo sapiens GN=VAPB PE=1 SV=3",0.403085148285886,13.7012729389609,1.57779683248537,0.149532434646145,0.569108641071019,-5.14037084964313
688,"Q9H3K2|GHITM_HUMAN","Growth hormone-inducible transmembrane protein OS=Homo sapiens GN=GHITM PE=1 SV=2",0.407932853155019,15.4917400348741,2.70655079354594,0.0244235921780298,0.321453332128894,-3.47410134506935
489,"P34810|CD68_HUMAN","Macrosialin OS=Homo sapiens GN=CD68 PE=1 SV=2",0.541142908834184,13.8401962603795,2.54354899942579,0.0318535661169819,0.361319372523021,-3.72725242813817
344,"P09382|LEG1_HUMAN","Galectin-1 OS=Homo sapiens GN=LGALS1 PE=1 SV=2",0.435504232979,17.5680037790567,2.92181848452044,0.0172254690256616,0.300425786221313,-3.13888055913966
1102,"O95619|YETS4_HUMAN","YEATS domain-containing protein 4 OS=Homo sapiens GN=YEATS4 PE=1 SV=1",0.290012095957263,6.53031914926423,0.132363993165121,0.897647874226326,0.985352756551079,-6.30772060155594
116,"Q12797|ASPH_HUMAN","Aspartyl/asparaginyl beta-hydroxylase OS=Homo sapiens GN=ASPH PE=1 SV=3",0.463041964797942,16.9267429155626,2.91382139914493,0.0174495301337644,0.300425786221313,-3.15132890576381
706,"Q9H936|GHC1_HUMAN","Mitochondrial glutamate carrier 1 OS=Homo sapiens GN=SLC25A22 PE=1 SV=1",0.453404794578992,12.7544281728682,1.2514221954935,0.242750466399314,0.594158613489818,-5.54251586237051
496,"Q9BVK6|TMED9_HUMAN","Transmembrane emp24 domain-containing protein 9 OS=Homo sapiens GN=TMED9 PE=1 SV=2",0.558400276367077,14.18011573892,1.45833799364616,0.17919939487772,0.570813142796986,-5.29413334412975
826,"Q6Y1H2|HACD2_HUMAN","Very-long-chain (3R)-3-hydroxyacyl-CoA dehydratase 2 OS=Homo sapiens GN=HACD2 PE=1 SV=1",0.40152092678075,13.9514630928447,2.09638686910644,0.0659225031154324,0.444654373430078,-4.40843735589173
789,"Q9Y6X5|ENPP4_HUMAN","Bis(5'-adenosyl)-triphosphatase ENPP4 OS=Homo sapiens GN=ENPP4 PE=1 SV=3",0.371975925766556,12.4381557897449,1.15404458374052,0.278602861341467,0.61840870806312,-5.6504083174226
596,"Q9Y487|VPP2_HUMAN","V-type proton ATPase 116 kDa subunit a isoform 2 OS=Homo sapiens GN=ATP6V0A2 PE=1 SV=2",-2.04832208615164,10.8477396639222,-1.25416351104405,0.241798717435572,0.593972645590143,-5.53939011739572
941,"Q6PK18|OGFD3_HUMAN","2-oxoglutarate and iron-dependent oxygenase domain-containing protein 3 OS=Homo sapiens GN=OGFOD3 PE=1 SV=2",-1.63125933693782,9.28637424102704,-1.06012743518365,0.317076280762204,0.648315847048952,-5.74836376465956
483,"Q7L1W4|LRC8D_HUMAN","Volume-regulated anion channel subunit LRRC8D OS=Homo sapiens GN=LRRC8D PE=1 SV=1",-2.28456817190895,10.5280387924874,-1.46293786399756,0.177967603270737,0.570813142796986,-5.28834313924198
602,"Q9ULG6|CCPG1_HUMAN","Cell cycle progression protein 1 OS=Homo sapiens GN=CCPG1 PE=1 SV=3",0.462037500557052,12.5999126883311,1.46018702639651,0.178703353013367,0.570813142796986,-5.29180713590028
905,"Q5QGZ9|CL12A_HUMAN","C-type lectin domain family 12 member A OS=Homo sapiens GN=CLEC12A PE=1 SV=3",-1.64265309615404,9.38271967451692,-1.09139922346535,0.303830699403621,0.636833549293459,-5.71644101857667
1272,"Q96E16|SMI19_HUMAN","Small integral membrane protein 19 OS=Homo sapiens GN=SMIM19 PE=3 SV=2",-0.933527441117461,5.66990051872192,-0.593822069911586,0.567451901872364,0.813558674679461,-6.1310304493649
103,"P11717|MPRI_HUMAN","Cation-independent mannose-6-phosphate receptor OS=Homo sapiens GN=IGF2R PE=1 SV=3",0.0896320496392384,17.223877795699,0.224495041973391,0.827453870733771,0.959661472324459,-6.29008367501117
800,"Q8NE01|CNNM3_HUMAN","Metal transporter CNNM3 OS=Homo sapiens GN=CNNM3 PE=1 SV=1",-3.0653379227379,7.7641542990426,-2.21219827812351,0.0546496648996864,0.43307987869135,-4.23488595145623
301,"P20339|RAB5A_HUMAN","Ras-related protein Rab-5A OS=Homo sapiens GN=RAB5A PE=1 SV=2",0.17743050606477,16.1727219284991,0.421412542038419,0.683473809038059,0.893535815883654,-6.22247944654029
1171,"Q15311|RBP1_HUMAN","RalA-binding protein 1 OS=Homo sapiens GN=RALBP1 PE=1 SV=3",1.81486519687738,7.64634140847205,1.05618845863495,0.318775856283395,0.648315847048952,-5.75233441129348
498,"P16989|YBOX3_HUMAN","Y-box-binding protein 3 OS=Homo sapiens GN=YBX3 PE=1 SV=4",0.29408169070661,14.7896865397826,1.38930754241665,0.198595395945136,0.572117695243707,-5.37968707118547
111,"Q8TBA6|GOGA5_HUMAN","Golgin subfamily A member 5 OS=Homo sapiens GN=GOLGA5 PE=1 SV=3",0.223103388839764,14.6476203173828,1.39109186812651,0.198072105626537,0.572117695243707,-5.37750804702635
1273,"Q86WC4|OSTM1_HUMAN","Osteopetrosis-associated transmembrane protein 1 OS=Homo sapiens GN=OSTM1 PE=1 SV=1",4.64679191588722,10.1034459092498,2.69783831128173,0.0247723261289771,0.321453332128894,-3.48765911953796
967,"Q13425|SNTB2_HUMAN","Beta-2-syntrophin OS=Homo sapiens GN=SNTB2 PE=1 SV=1",0.408203690732737,10.8792647575936,0.843390567142894,0.421152878295066,0.725809788974884,-5.94910581189015
588,"Q9P0I2|EMC3_HUMAN","ER membrane protein complex subunit 3 OS=Homo sapiens GN=EMC3 PE=1 SV=3",0.332804861315228,13.8817588288844,1.90938387239749,0.0889982896588072,0.471560581150473,-4.68223707571326
690,"Q99442|SEC62_HUMAN","Translocation protein SEC62 OS=Homo sapiens GN=SEC62 PE=1 SV=1",0.388690388590227,14.316314319501,2.30422562178794,0.0470557239201716,0.421018668695158,-4.09528496093926
119,"Q13586|STIM1_HUMAN","Stromal interaction molecule 1 OS=Homo sapiens GN=STIM1 PE=1 SV=3",0.460709404543605,15.6155074307456,3.25807327750456,0.0100500318249484,0.271380204983947,-2.61783722408283
321,"P61018|RAB4B_HUMAN","Ras-related protein Rab-4B OS=Homo sapiens GN=RAB4B PE=1 SV=1",0.617239344253075,14.5037838626513,1.79015274822436,0.107505965675164,0.48279513156171,-4.85158835322963
754,"Q99735|MGST2_HUMAN","Microsomal glutathione S-transferase 2 OS=Homo sapiens GN=MGST2 PE=1 SV=1",0.284882917345527,15.0223318487326,1.3314345454412,0.216221000434631,0.583884522328452,-5.44939032587039
295,"P20337|RAB3B_HUMAN","Ras-related protein Rab-3B OS=Homo sapiens GN=RAB3B PE=1 SV=2",0.338325462506925,13.2672779887918,1.73347193187811,0.117509362750514,0.506131831155974,-4.93040074329746
295,"Q96E17|RAB3C_HUMAN","Ras-related protein Rab-3C OS=Homo sapiens GN=RAB3C PE=2 SV=1",0.338325462506925,13.2672779887918,1.73347193187811,0.117509362750514,0.506131831155974,-4.93040074329746
777,"Q9UBP0|SPAST_HUMAN","Spastin OS=Homo sapiens GN=SPAST PE=1 SV=1",-1.08907835724501,11.4631239463585,-0.326111930621812,0.752806749091,0.927248670517712,-6.25955620728676
996,"Q96J42|TXD15_HUMAN","Thioredoxin domain-containing protein 15 OS=Homo sapiens GN=TXNDC15 PE=1 SV=1",0.590448844946073,10.5601164879377,1.0369970614228,0.327156829030776,0.656014646774017,-5.77151689713658
173,"Q53GQ0|DHB12_HUMAN","Very-long-chain 3-oxoacyl-CoA reductase OS=Homo sapiens GN=HSD17B12 PE=1 SV=2",0.432468090016769,18.5609068470522,4.13377614695939,0.00262121252524216,0.163180002501965,-1.31124285079025
759,"Q8WWB7|GLMP_HUMAN","Glycosylated lysosomal membrane protein OS=Homo sapiens GN=GLMP PE=1 SV=1",-0.00973968738474618,11.7386785826574,-0.0205806850250915,0.984035288867298,0.99519184465715,-6.31691852166217
232,"O75746|CMC1_HUMAN","Calcium-binding mitochondrial carrier protein Aralar1 OS=Homo sapiens GN=SLC25A12 PE=1 SV=2",-0.0297990165139765,13.2892237848273,-0.0646451950584342,0.94988875512289,0.990109269979445,-6.31489654956088
1138,"Q8TBQ9|KISHA_HUMAN","Protein kish-A OS=Homo sapiens GN=TMEM167A PE=1 SV=1",2.43341499676332,10.1151668298678,1.55808846049138,0.154103983833619,0.570813142796986,-5.16620821130294
412,"P28068|DMB_HUMAN","HLA class II histocompatibility antigen, DM beta chain OS=Homo sapiens GN=HLA-DMB PE=1 SV=1",0.374157345025798,15.7024211176508,2.68400673232546,0.0253363582313764,0.322133697513214,-3.50917850804089
143,"P51148|RAB5C_HUMAN","Ras-related protein Rab-5C OS=Homo sapiens GN=RAB5C PE=1 SV=2",0.20668188859813,18.5772514508913,1.02463530434788,0.332643730989876,0.66356689095739,-5.78372827482954
411,"Q70UQ0|IKIP_HUMAN","Inhibitor of nuclear factor kappa-B kinase-interacting protein OS=Homo sapiens GN=IKBIP PE=1 SV=1",-0.0916918740802242,14.6466637287448,-0.258461031319046,0.801943553384687,0.946784378842941,-6.28130893981986
1309,"Q9UP38|FZD1_HUMAN","Frizzled-1 OS=Homo sapiens GN=FZD1 PE=1 SV=2",-1.08133286382427,6.5224400254869,-0.558534871426723,0.590286469298222,0.825830042295094,-6.15211468212272
1172,"Q5SWH9|TMM69_HUMAN","Transmembrane protein 69 OS=Homo sapiens GN=TMEM69 PE=2 SV=1",1.75074576114686,8.5158092364167,1.25423291979309,0.241774659726609,0.593972645590143,-5.53931091400187
948,"Q8N511|TM199_HUMAN","Transmembrane protein 199 OS=Homo sapiens GN=TMEM199 PE=1 SV=1",-1.16512582961459,9.20852200262827,-0.770546402573007,0.460989263924682,0.750057812909378,-6.00794902053711
445,"P61009|SPCS3_HUMAN","Signal peptidase complex subunit 3 OS=Homo sapiens GN=SPCS3 PE=1 SV=1",0.272573756912507,16.211240090008,1.39772926185575,0.196135943743869,0.571610294487798,-5.36938704473472
87,"Q86UE4|LYRIC_HUMAN","Protein LYRIC OS=Homo sapiens GN=MTDH PE=1 SV=2",0.366769796119694,17.1594169100289,3.56977541542831,0.00616064278318582,0.263994951857259,-2.14235184039007
45,"Q86UP2|KTN1_HUMAN","Kinectin OS=Homo sapiens GN=KTN1 PE=1 SV=1",0.36953975771139,16.4754400360915,1.19983088927734,0.261244894683365,0.605289248338956,-5.60045063866142
38,"P04264|K2C1_HUMAN","Keratin, type II cytoskeletal 1 OS=Homo sapiens GN=KRT1 PE=1 SV=6",0.405959665213103,19.8462194075265,1.1620907000415,0.275748331245559,0.617100230659792,-5.64154232044886
940,"Q5RI15|COX20_HUMAN","Cytochrome c oxidase protein 20 homolog OS=Homo sapiens GN=COX20 PE=1 SV=2",0.459781284345373,13.3975429593692,2.59975395965078,0.0290639847787679,0.350281566552442,-3.64010773392537
296,"P35610|SOAT1_HUMAN","Sterol O-acyltransferase 1 OS=Homo sapiens GN=SOAT1 PE=1 SV=3",0.360444421852677,15.9163022799196,1.18583635204357,0.266454964237166,0.605289248338956,-5.61586831578197
951,"Q9H6H4|REEP4_HUMAN","Receptor expression-enhancing protein 4 OS=Homo sapiens GN=REEP4 PE=1 SV=1",-1.58742623919453,10.3736133088751,-0.896479298113177,0.39365710812047,0.705048411912358,-5.90339583658581
372,"P51571|SSRD_HUMAN","Translocon-associated protein subunit delta OS=Homo sapiens GN=SSR4 PE=1 SV=1",0.314797857315174,17.1032893422388,1.3531451861884,0.209458886919685,0.582222752471286,-5.4234652223756
969,"Q8TD22|SFXN5_HUMAN","Sideroflexin-5 OS=Homo sapiens GN=SFXN5 PE=1 SV=1",-1.20038155962247,8.7789996803019,-0.729219181711359,0.484660977802321,0.764383277704339,-6.03927617342318
298,"Q9P0L0|VAPA_HUMAN","Vesicle-associated membrane protein-associated protein A OS=Homo sapiens GN=VAPA PE=1 SV=3",0.333951649266886,17.2329834418804,2.85916448767385,0.019063025076362,0.300425786221313,-3.23643692675575
710,"Q9BPX6|MICU1_HUMAN","Calcium uptake protein 1, mitochondrial OS=Homo sapiens GN=MICU1 PE=1 SV=1",0.284863259879403,12.3978039818651,0.747405724063918,0.474149419330897,0.756677073332204,-6.02567687564681
1142,"Q96AG3|S2546_HUMAN","Solute carrier family 25 member 46 OS=Homo sapiens GN=SLC25A46 PE=1 SV=1",-2.60701575614906,7.73984385947364,-1.4003738197119,0.195369061838899,0.570813142796986,-5.36614463129338
402,"P53007|TXTP_HUMAN","Tricarboxylate transport protein, mitochondrial OS=Homo sapiens GN=SLC25A1 PE=1 SV=2",0.313680800822452,16.0212257615825,1.64091310192111,0.135700081918783,0.548968513216896,-5.05645961935993
475,"Q9UHQ9|NB5R1_HUMAN","NADH-cytochrome b5 reductase 1 OS=Homo sapiens GN=CYB5R1 PE=1 SV=1",0.263079873627149,14.7336301310727,1.38150708028437,0.200897001152805,0.57392056872542,-5.38919231872742
364,"Q9Y2U8|MAN1_HUMAN","Inner nuclear membrane protein Man1 OS=Homo sapiens GN=LEMD3 PE=1 SV=2",0.122580660856231,11.9085613076096,0.383007716835722,0.710723679656969,0.908589207662036,-6.23880945206201
16,"P04843|RPN1_HUMAN","Dolichyl-diphosphooligosaccharide--protein glycosyltransferase subunit 1 OS=Homo sapiens GN=RPN1 PE=1 SV=1",0.28614537211125,20.157500538115,2.81737842615442,0.0203989354618861,0.302172192272657,-3.30152253512611
287,"Q9UP95|S12A4_HUMAN","Solute carrier family 12 member 4 OS=Homo sapiens GN=SLC12A4 PE=1 SV=2",-1.4564006413838,10.0867317221281,-0.882866579315534,0.400583284921182,0.708670070111423,-5.91533867942953
343,"Q9NPL8|TIDC1_HUMAN","Complex I assembly factor TIMMDC1, mitochondrial OS=Homo sapiens GN=TIMMDC1 PE=1 SV=2",0.341072890274567,13.733253024711,1.42327799240347,0.188834693639068,0.570813142796986,-5.33790358958688
246,"P28288|ABCD3_HUMAN","ATP-binding cassette sub-family D member 3 OS=Homo sapiens GN=ABCD3 PE=1 SV=1",0.186922124659207,15.0044751113172,0.910946919892464,0.386389898884782,0.699613635382931,-5.89053730899265
322,"Q96C19|EFHD2_HUMAN","EF-hand domain-containing protein D2 OS=Homo sapiens GN=EFHD2 PE=1 SV=1",0.344481445471892,17.1442899048125,3.04479387409615,0.0141290269256325,0.300425786221313,-2.94768613506302
769,"Q13564|ULA1_HUMAN","NEDD8-activating enzyme E1 regulatory subunit OS=Homo sapiens GN=NAE1 PE=1 SV=1",-1.84030080522648,9.5926923014875,-1.27692738254658,0.234014174380499,0.593256634837707,-5.51325335248993
923,"Q5BJH7|YIF1B_HUMAN","Protein YIF1B OS=Homo sapiens GN=YIF1B PE=1 SV=1",0.32664110669022,12.9594987544453,1.78110009930336,0.109048803101613,0.486188680672062,-4.86425327493977
1145,"O95298|NDUC2_HUMAN","NADH dehydrogenase [ubiquinone] 1 subunit C2 OS=Homo sapiens GN=NDUFC2 PE=1 SV=1",-0.231789961674046,10.8090361503301,-0.335595192968358,0.744970880009683,0.921851666493266,-6.25688592793678
1145,"E9PQ53|NDUCR_HUMAN","NADH dehydrogenase [ubiquinone] 1 subunit C2, isoform 2 OS=Homo sapiens GN=NDUFC2-KCTD14 PE=1 SV=1",-0.231789961674046,10.8090361503301,-0.335595192968358,0.744970880009683,0.921851666493266,-6.25688592793678
504,"O15121|DEGS1_HUMAN","Sphingolipid delta(4)-desaturase DES1 OS=Homo sapiens GN=DEGS1 PE=1 SV=1",0.377991572967455,13.7255877868291,1.79612927698629,0.106498531194288,0.48279513156171,-4.84321129488141
1196,"Q9UGQ3|GTR6_HUMAN","Solute carrier family 2, facilitated glucose transporter member 6 OS=Homo sapiens GN=SLC2A6 PE=1 SV=2",-1.5494959003575,9.48449499375217,-0.994826048238212,0.346161508004308,0.678828584340652,-5.81270195097554
452,"Q15904|VAS1_HUMAN","V-type proton ATPase subunit S1 OS=Homo sapiens GN=ATP6AP1 PE=1 SV=2",0.0512851477233855,15.1595541543923,0.12460469568813,0.903612342851907,0.986405454533187,-6.30879236784404
20,"P54707|AT12A_HUMAN","Potassium-transporting ATPase alpha chain 2 OS=Homo sapiens GN=ATP12A PE=1 SV=3",0.25975064854955,13.5264263489783,1.01117207960443,0.338698701207953,0.671017803591783,-5.79689740997037
160,"O60641|AP180_HUMAN","Clathrin coat assembly protein AP180 OS=Homo sapiens GN=SNAP91 PE=1 SV=2",0.258617662841926,13.6493537186674,1.61192344730023,0.141903251326101,0.55466912764966,-5.09521682570753
239,"Q15907|RB11B_HUMAN","Ras-related protein Rab-11B OS=Homo sapiens GN=RAB11B PE=1 SV=4",0.299849590388469,17.6599629053553,1.83845599795197,0.0996115461477397,0.478092755163642,-4.78353495368575
395,"O95470|SGPL1_HUMAN","Sphingosine-1-phosphate lyase 1 OS=Homo sapiens GN=SGPL1 PE=1 SV=3",0.227292425176262,13.7767415031127,1.46162728802605,0.178317804152254,0.570813142796986,-5.28999396943976
631,"Q9Y6M7|S4A7_HUMAN","Sodium bicarbonate cotransporter 3 OS=Homo sapiens GN=SLC4A7 PE=1 SV=2",-1.96536110886205,10.3802717395401,-1.20277348289907,0.26015998036727,0.605289248338956,-5.59719242744425
139,"Q9UGP8|SEC63_HUMAN","Translocation protein SEC63 homolog OS=Homo sapiens GN=SEC63 PE=1 SV=2",0.279103746994824,15.4171240044407,1.58772060055506,0.147276805349308,0.566110510927408,-5.12729398586148
239,"P62491|RB11A_HUMAN","Ras-related protein Rab-11A OS=Homo sapiens GN=RAB11A PE=1 SV=3",0.312523852299602,17.5959528053774,2.09041850990438,0.0665608065312619,0.444654373430078,-4.4173074456171
494,"Q9NZ01|TECR_HUMAN","Very-long-chain enoyl-CoA reductase OS=Homo sapiens GN=TECR PE=1 SV=1",0.389757313523123,15.1823746721648,2.51897282009677,0.0331563969200479,0.368864915735533,-3.76529284809949
552,"P13473|LAMP2_HUMAN","Lysosome-associated membrane glycoprotein 2 OS=Homo sapiens GN=LAMP2 PE=1 SV=2",0.266719112170478,15.1323254390043,1.17679219931074,0.269866532141165,0.60746221339947,-5.62576322994688
279,"P50402|EMD_HUMAN","Emerin OS=Homo sapiens GN=EMD PE=1 SV=1",0.356817979435366,14.8499492687741,1.71727629911369,0.120521578498831,0.51265980265863,-4.95270177285345
784,"Q96T83|SL9A7_HUMAN","Sodium/hydrogen exchanger 7 OS=Homo sapiens GN=SLC9A7 PE=1 SV=1",0.251936906919735,11.7940063721943,0.806919030119293,0.440794763517294,0.732256721800967,-5.97913752992165
146,"Q9UJS0|CMC2_HUMAN","Calcium-binding mitochondrial carrier protein Aralar2 OS=Homo sapiens GN=SLC25A13 PE=1 SV=2",0.0456265337451143,16.1318679505356,0.152398966843082,0.882279643325128,0.979652156743928,-6.30465528152411
206,"Q02978|M2OM_HUMAN","Mitochondrial 2-oxoglutarate/malate carrier protein OS=Homo sapiens GN=SLC25A11 PE=1 SV=3",0.287589925460487,17.1583223184022,2.40795609050234,0.0397382729120563,0.400685835070315,-3.93650507004505
213,"P62834|RAP1A_HUMAN","Ras-related protein Rap-1A OS=Homo sapiens GN=RAP1A PE=1 SV=1",0.266492680116389,14.5746031825197,1.75517592839993,0.113581369057966,0.497778954545708,-4.90036035676839
385,"P07477|TRY1_HUMAN","Trypsin-1 OS=Homo sapiens GN=PRSS1 PE=1 SV=1",-0.178717374770752,19.0183561785129,-0.217989698723548,0.832959956492287,0.959661472324459,-6.29131548792666
385,"P07478|TRY2_HUMAN","Trypsin-2 OS=Homo sapiens GN=PRSS2 PE=1 SV=1",-0.178717374770752,19.0183561785129,-0.217989698723548,0.832959956492287,0.959661472324459,-6.29131548792666
568,"O96011|PX11B_HUMAN","Peroxisomal membrane protein 11B OS=Homo sapiens GN=PEX11B PE=1 SV=1",0.218237847159225,13.7443395306818,1.26285790314671,0.238800539126004,0.593972645590143,-5.52944541095247
410,"P04233|HG2A_HUMAN","HLA class II histocompatibility antigen gamma chain OS=Homo sapiens GN=CD74 PE=1 SV=3",-0.023814154698524,17.0253567306083,-0.0680648435846084,0.947242369949868,0.99002657816802,-6.31465226627676
117,"Q9Y277|VDAC3_HUMAN","Voltage-dependent anion-selective channel protein 3 OS=Homo sapiens GN=VDAC3 PE=1 SV=1",0.346775083602569,18.379947735349,3.13993431607017,0.0121309061835452,0.300425786221313,-2.80020528630216
740,"P30273|FCERG_HUMAN","High affinity immunoglobulin epsilon receptor subunit gamma OS=Homo sapiens GN=FCER1G PE=1 SV=1",0.386022022737215,17.2061327357044,2.95171565582845,0.0164136324683363,0.300425786221313,-3.09235519537142
559,"Q9NZJ7|MTCH1_HUMAN","Mitochondrial carrier homolog 1 OS=Homo sapiens GN=MTCH1 PE=1 SV=1",0.378705130669939,14.4124461826296,2.06084602743349,0.0698125045133583,0.449729741194404,-4.46114049274472
363,"P11279|LAMP1_HUMAN","Lysosome-associated membrane glycoprotein 1 OS=Homo sapiens GN=LAMP1 PE=1 SV=3",0.281690302200126,18.0433982488345,2.75446427720399,0.0225928690782744,0.313787144771568,-3.39951118366626
497,"Q14739|LBR_HUMAN","Lamin-B receptor OS=Homo sapiens GN=LBR PE=1 SV=2",0.189166063394344,15.3464706549785,1.22818206359797,0.250943924542065,0.60362187254713,-5.56882460459319
618,"P01906|DQA2_HUMAN","HLA class II histocompatibility antigen, DQ alpha 2 chain OS=Homo sapiens GN=HLA-DQA2 PE=1 SV=2",0.222796262856061,15.3619600133774,0.359277656269373,0.72785784998643,0.915000422684894,-6.24808844687569
168,"Q96A33|CCD47_HUMAN","Coiled-coil domain-containing protein 47 OS=Homo sapiens GN=CCDC47 PE=1 SV=1",0.333053015347987,16.0251957669244,1.80339051562984,0.105286356422401,0.48279513156171,-4.83301685614094
323,"O15269|SPTC1_HUMAN","Serine palmitoyltransferase 1 OS=Homo sapiens GN=SPTLC1 PE=1 SV=1",0.144119651294369,13.8577064060794,0.767697204656123,0.462596559042205,0.750057812909378,-6.0101572271011
1208,"Q15125|EBP_HUMAN","3-beta-hydroxysteroid-Delta(8),Delta(7)-isomerase OS=Homo sapiens GN=EBP PE=1 SV=3",0.289501197614369,12.7028439984852,1.72620985947392,0.118851360545299,0.507420753324396,-4.94041279003805
801,"O14807|RASM_HUMAN","Ras-related protein M-Ras OS=Homo sapiens GN=MRAS PE=1 SV=2",0.926392256645745,12.8842946955756,1.5909487440734,0.146549670970657,0.565193231043499,-5.12303060978341
830,"O60830|TI17B_HUMAN","Mitochondrial import inner membrane translocase subunit Tim17-B OS=Homo sapiens GN=TIMM17B PE=1 SV=1",-1.25951016208181,9.46056386406203,-0.744146815236748,0.476022131840774,0.756680856340105,-6.02813544761343
1034,"Q01650|LAT1_HUMAN","Large neutral amino acids transporter small subunit 1 OS=Homo sapiens GN=SLC7A5 PE=1 SV=2",1.0878096455946,4.66889313550218,0.835488109397091,0.425356909102491,0.727770231224636,-5.95570878569578
1148,"Q7Z460|CLAP1_HUMAN","CLIP-associating protein 1 OS=Homo sapiens GN=CLASP1 PE=1 SV=1",-1.82569241509075,9.78001268606919,-1.19437321259983,0.26326683230065,0.605289248338956,-5.60647866626721
757,"Q9H490|PIGU_HUMAN","Phosphatidylinositol glycan anchor biosynthesis class U protein OS=Homo sapiens GN=PIGU PE=1 SV=3",0.331277551874082,11.6198041271205,1.25068851946069,0.243005713603305,0.594158613489818,-5.54335162666396
303,"Q14534|ERG1_HUMAN","Squalene monooxygenase OS=Homo sapiens GN=SQLE PE=1 SV=3",0.174547692250968,13.9424184578307,0.838359624894064,0.423825965804954,0.727546947234914,-5.95331556087043
701,"Q9BUR5|MIC26_HUMAN","MICOS complex subunit MIC26 OS=Homo sapiens GN=APOO PE=1 SV=1",0.0765221890461767,13.7099933014353,0.211675535824778,0.837139839993318,0.95974952701521,-6.29307843255872
189,"Q9NP72|RAB18_HUMAN","Ras-related protein Rab-18 OS=Homo sapiens GN=RAB18 PE=1 SV=1",0.286843030347683,18.0483412736242,2.0590061545494,0.0700197896205702,0.449729741194404,-4.46386101159641
646,"Q9H665|IGFR1_HUMAN","IGF-like family receptor 1 OS=Homo sapiens GN=IGFLR1 PE=1 SV=1",0.242794878431528,14.5207085076213,0.925663237694059,0.379097080056976,0.694011584851142,-5.87728417040134
199,"Q96AG4|LRC59_HUMAN","Leucine-rich repeat-containing protein 59 OS=Homo sapiens GN=LRRC59 PE=1 SV=1",0.238909110266974,17.9594209877625,2.33415054153601,0.0448177663765692,0.421018668695158,-4.0496190008665
40,"Q16891|MIC60_HUMAN","MICOS complex subunit MIC60 OS=Homo sapiens GN=IMMT PE=1 SV=1",0.286595811759405,17.7415119376709,2.48573289398914,0.0350038514370096,0.378146555036074,-3.81667087922757
351,"Q15005|SPCS2_HUMAN","Signal peptidase complex subunit 2 OS=Homo sapiens GN=SPCS2 PE=1 SV=3",0.319213567766756,16.3870083259108,2.14878927426584,0.0605667527806433,0.435992770226613,-4.33023427272671
1277,"P15954|COX7C_HUMAN","Cytochrome c oxidase subunit 7C, mitochondrial OS=Homo sapiens GN=COX7C PE=1 SV=1",-2.04791045737658,9.24029742880616,-0.643038648843193,0.536452471634696,0.793702697802229,-6.0996456012229
528,"Q92604|LGAT1_HUMAN","Acyl-CoA:lysophosphatidylglycerol acyltransferase 1 OS=Homo sapiens GN=LPGAT1 PE=1 SV=1",0.0192412496169982,12.1915365475145,0.0424769012105465,0.967058536169556,0.993004636324664,-6.31617502151614
493,"Q9NVV0|TM38B_HUMAN","Trimeric intracellular cation channel type B OS=Homo sapiens GN=TMEM38B PE=1 SV=1",0.25063637784095,13.6966780984566,1.63186956836982,0.137608352185535,0.550831633492651,-5.06858883157219
198,"P30511|HLAF_HUMAN","HLA class I histocompatibility antigen, alpha chain F OS=Homo sapiens GN=HLA-F PE=2 SV=3",0.819435314155026,15.0380072096291,1.88471160643578,0.0925631624398119,0.471560581150473,-4.71765016278999
86,"P36222|CH3L1_HUMAN","Chitinase-3-like protein 1 OS=Homo sapiens GN=CHI3L1 PE=1 SV=2",0.261287642439147,18.1591871774005,1.14405127155528,0.282511743505545,0.622602070925554,-5.66112433652461
270,"Q00325|MPCP_HUMAN","Phosphate carrier protein, mitochondrial OS=Homo sapiens GN=SLC25A3 PE=1 SV=2",0.19926240957129,19.1796479757083,1.84235600550348,0.0989983689841316,0.477999689801925,-4.77800632029062
147,"Q9UBV2|SE1L1_HUMAN","Protein sel-1 homolog 1 OS=Homo sapiens GN=SEL1L PE=1 SV=3",0.0370213692783956,15.3213783083158,0.161720603852617,0.875146611014294,0.976417192809584,-6.30308284422727
1046,"Q9BVC6|TM109_HUMAN","Transmembrane protein 109 OS=Homo sapiens GN=TMEM109 PE=1 SV=1",0.308002194451303,15.2743834123408,1.10710784926944,0.297341978530689,0.632398288897071,-5.70014097538815
286,"Q9Y4W6|AFG32_HUMAN","AFG3-like protein 2 OS=Homo sapiens GN=AFG3L2 PE=1 SV=2",0.0935420225284052,14.4493014337831,0.520573488521667,0.615396776814242,0.848646091506648,-6.17345266086583
160,"Q13492|PICAL_HUMAN","Phosphatidylinositol-binding clathrin assembly protein OS=Homo sapiens GN=PICALM PE=1 SV=2",0.28551983622171,16.3103227503141,2.30897137043666,0.0466935932663619,0.421018668695158,-4.08805108877892
997,"Q9Y289|SC5A6_HUMAN","Sodium-dependent multivitamin transporter OS=Homo sapiens GN=SLC5A6 PE=2 SV=2",0.277683171872564,11.968593285918,0.446300007600594,0.66606760213948,0.87972627360203,-6.21109861881537
154,"P51572|BAP31_HUMAN","B-cell receptor-associated protein 31 OS=Homo sapiens GN=BCAP31 PE=1 SV=3",0.28826921078301,19.4745110074959,2.01496731381363,0.0751615103203684,0.453435127784536,-4.52873838012638
153,"Q9UH99|SUN2_HUMAN","SUN domain-containing protein 2 OS=Homo sapiens GN=SUN2 PE=1 SV=3",0.239156578791471,14.7217294367892,1.19435161888128,0.263274857400042,0.605289248338956,-5.60650247774354
652,"Q9NRZ7|PLCC_HUMAN","1-acyl-sn-glycerol-3-phosphate acyltransferase gamma OS=Homo sapiens GN=AGPAT3 PE=1 SV=1",0.422330943036254,13.4987822982543,1.56483250910101,0.152525767903871,0.570813142796986,-5.15738695129212
1205,"Q6UWB1|I27RA_HUMAN","Interleukin-27 receptor subunit alpha OS=Homo sapiens GN=IL27RA PE=2 SV=2",-0.0731604633149612,6.16474084007125,-0.0522843363328227,0.959459709454824,0.992929234203249,-6.3156746385569
995,"Q53FV1|ORML2_HUMAN","ORM1-like protein 2 OS=Homo sapiens GN=ORMDL2 PE=1 SV=2",0.192457055991206,11.132206284738,0.526162418656063,0.611665268833672,0.846527172297319,-6.17039934966104
975,"P08174|DAF_HUMAN","Complement decay-accelerating factor OS=Homo sapiens GN=CD55 PE=1 SV=4",-2.47329586258655,11.9866516982065,-1.2236238658323,0.256318150457174,0.605289248338956,-5.57168896435687
338,"Q9NR97|TLR8_HUMAN","Toll-like receptor 8 OS=Homo sapiens GN=TLR8 PE=1 SV=1",0.296119204781737,13.8256010436007,1.49290465437568,0.170122828621405,0.570813142796986,-5.25035802862506
448,"O15126|SCAM1_HUMAN","Secretory carrier-associated membrane protein 1 OS=Homo sapiens GN=SCAMP1 PE=1 SV=2",-0.0584899250961293,14.9309974961911,-0.201895156521913,0.84454923682455,0.96340436837522,-6.29524604429666
982,"O14569|C56D2_HUMAN","Cytochrome b561 domain-containing protein 2 OS=Homo sapiens GN=CYB561D2 PE=1 SV=1",0.245207178394297,12.0203482793169,0.950950385918528,0.366799530380784,0.684976960139819,-5.85410706033624
849,"Q8TAD4|ZNT5_HUMAN","Zinc transporter 5 OS=Homo sapiens GN=SLC30A5 PE=1 SV=1",0.0843436012762178,8.03760841544344,0.039851929063871,0.969093002669871,0.993004636324664,-6.31629138638782
699,"Q9UKM7|MA1B1_HUMAN","Endoplasmic reticulum mannosyl-oligosaccharide 1,2-alpha-mannosidase OS=Homo sapiens GN=MAN1B1 PE=1 SV=2",-3.22683759786644,11.7515310000909,-1.55245345945625,0.15961397445134,0.570813142796986,-5.17541674785235
965,"Q13651|I10R1_HUMAN","Interleukin-10 receptor subunit alpha OS=Homo sapiens GN=IL10RA PE=1 SV=2",0.210853254511592,5.62720404405917,0.109059661044988,0.915580490030114,0.988972549431232,-6.31074546312332
791,"O75019|LIRA1_HUMAN","Leukocyte immunoglobulin-like receptor subfamily A member 1 OS=Homo sapiens GN=LILRA1 PE=2 SV=1",0.14738774655749,6.80578893356037,0.10045142993007,0.922217891715045,0.988972549431232,-6.31171552005261
352,"P10620|MGST1_HUMAN","Microsomal glutathione S-transferase 1 OS=Homo sapiens GN=MGST1 PE=1 SV=1",0.210593412003529,16.9813732662023,1.39100902519916,0.198096374774349,0.572117695243707,-5.3776092539778
44,"Q12913|PTPRJ_HUMAN","Receptor-type tyrosine-protein phosphatase eta OS=Homo sapiens GN=PTPRJ PE=1 SV=3",0.231421300622785,17.7594933920547,1.25727660080601,0.240721637316626,0.593972645590143,-5.53583476096913
69,"Q9UKU0|ACSL6_HUMAN","Long-chain-fatty-acid--CoA ligase 6 OS=Homo sapiens GN=ACSL6 PE=2 SV=4",0.116093251390154,13.3230609473439,0.506921679917291,0.624560746222843,0.857838370189009,-6.18078196497938
97,"P50416|CPT1A_HUMAN","Carnitine O-palmitoyltransferase 1, liver isoform OS=Homo sapiens GN=CPT1A PE=1 SV=2",0.229686095765796,17.2832087543991,2.30464273275074,0.0470237850641363,0.421018668695158,-4.09464929232828
236,"Q9Y5K8|VATD_HUMAN","V-type proton ATPase subunit D OS=Homo sapiens GN=ATP6V1D PE=1 SV=1",0.260968131081185,16.2991491323449,2.40129125689336,0.0401724778462891,0.400685835070315,-3.94674557964174
283,"Q86Y82|STX12_HUMAN","Syntaxin-12 OS=Homo sapiens GN=STX12 PE=1 SV=1",0.232885019273979,17.0918798806105,2.17138796361345,0.058389661272321,0.435992770226613,-4.29633856775695
766,"Q5R3K3|FA26F_HUMAN","Protein FAM26F OS=Homo sapiens GN=FAM26F PE=2 SV=1",1.24508449765667,15.4601692293179,1.43347483801721,0.190072019438947,0.570813142796986,-5.32513141811063
929,"P78382|S35A1_HUMAN","CMP-sialic acid transporter OS=Homo sapiens GN=SLC35A1 PE=2 SV=1",-3.06608301630098,7.63739737217435,-1.92225152056072,0.0871909055823095,0.469208733761545,-4.66369587477587
1146,"Q9Y6N1|COX11_HUMAN","Cytochrome c oxidase assembly protein COX11, mitochondrial OS=Homo sapiens GN=COX11 PE=1 SV=3",-1.88542324270948,6.52392957083793,-1.23849290747847,0.247281130864601,0.599799304843488,-5.55719456791649
337,"O95210|STBD1_HUMAN","Starch-binding domain-containing protein 1 OS=Homo sapiens GN=STBD1 PE=1 SV=1",0.0897198647254225,13.6216521203334,0.407713655561392,0.693140798756937,0.900071721842622,-6.22847651204745
712,"O95477|ABCA1_HUMAN","ATP-binding cassette sub-family A member 1 OS=Homo sapiens GN=ABCA1 PE=1 SV=3",0.0128028533027322,10.2594468758015,0.0157860533351363,0.987754152519233,0.99519184465715,-6.31701242337102
281,"Q9Y5M8|SRPRB_HUMAN","Signal recognition particle receptor subunit beta OS=Homo sapiens GN=SRPRB PE=1 SV=3",0.200067072846744,15.7381912507861,1.44867535079833,0.181811201519395,0.570813142796986,-5.30626083150394
476,"Q8WWM7|ATX2L_HUMAN","Ataxin-2-like protein OS=Homo sapiens GN=ATXN2L PE=1 SV=2",-0.0573304014851868,13.0017153562054,-0.194166186517059,0.850416043560185,0.96340436837522,-6.29688715804055
1134,"Q7Z7N9|T179B_HUMAN","Transmembrane protein 179B OS=Homo sapiens GN=TMEM179B PE=1 SV=1",0.260357397315614,11.8716359642404,0.0715086405796339,0.944769306359699,0.989758037313463,-6.31435930351924
110,"P05141|ADT2_HUMAN","ADP/ATP translocase 2 OS=Homo sapiens GN=SLC25A5 PE=1 SV=7",0.223000628583033,18.3848956476097,1.43018559057256,0.186901502619982,0.570813142796986,-5.32933113108207
245,"Q92930|RAB8B_HUMAN","Ras-related protein Rab-8B OS=Homo sapiens GN=RAB8B PE=1 SV=2",0.17840303078582,16.0346559453964,1.11731634712396,0.293183867882047,0.632398288897071,-5.68945469211282
423,"Q9Y320|TMX2_HUMAN","Thioredoxin-related transmembrane protein 2 OS=Homo sapiens GN=TMX2 PE=1 SV=1",0.156777704705627,14.8563590268753,0.89299642439986,0.39542104314275,0.706021831660743,-5.90646590434994
447,"Q6PCB7|S27A1_HUMAN","Long-chain fatty acid transport protein 1 OS=Homo sapiens GN=SLC27A1 PE=2 SV=1",0.151848784663969,13.1222008510722,0.671399525609533,0.519052515121152,0.784815149569169,-6.08053058868326
786,"Q8NBJ9|SIDT2_HUMAN","SID1 transmembrane family member 2 OS=Homo sapiens GN=SIDT2 PE=1 SV=2",-1.59372421185916,9.08957968414199,-1.06533933145666,0.314838219595763,0.648237035838578,-5.74309254796941
13,"Q9P2E9|RRBP1_HUMAN","Ribosome-binding protein 1 OS=Homo sapiens GN=RRBP1 PE=1 SV=4",0.205407234832343,18.5167539834989,1.87899079846448,0.093408767546038,0.471560581150473,-4.72583508449828
530,"Q9H0U3|MAGT1_HUMAN","Magnesium transporter protein 1 OS=Homo sapiens GN=MAGT1 PE=1 SV=1",0.281584034068521,15.2087310014642,1.2747862032923,0.234737403432433,0.593256634837707,-5.515725429051
1265,"P15502|ELN_HUMAN","Elastin OS=Homo sapiens GN=ELN PE=1 SV=3",0.200046754082203,14.3308794150202,1.229278788711,0.250552222695031,0.60362187254713,-5.56759078440191
135,"Q9Y5S8|NOX1_HUMAN","NADPH oxidase 1 OS=Homo sapiens GN=NOX1 PE=1 SV=2",-0.018372408789487,12.1576161974875,-0.0508497607058589,0.9605709712373,0.993004636324664,-6.31575429526284
765,"Q9Y5Y5|PEX16_HUMAN","Peroxisomal membrane protein PEX16 OS=Homo sapiens GN=PEX16 PE=1 SV=2",0.132881697742897,11.8724245689102,0.562178379208338,0.587905789070163,0.823495154908206,-6.1499931043108
1078,"Q9H300|PARL_HUMAN","Presenilins-associated rhomboid-like protein, mitochondrial OS=Homo sapiens GN=PARL PE=1 SV=2",0.350069180926129,8.61524287198017,0.165366627938929,0.872359834264961,0.975188722941604,-6.30244257068735
667,"Q96GC9|VMP1_HUMAN","Vacuole membrane protein 1 OS=Homo sapiens GN=VMP1 PE=1 SV=1",0.273472946220013,13.8011936751564,1.93618085517621,0.0852735857855507,0.466223966403082,-4.64357083407783
420,"Q96RT6|CTGE2_HUMAN","cTAGE family member 2 OS=Homo sapiens GN=CTAGE1 PE=1 SV=2",0.312857821850415,13.0753632357453,1.61455261433368,0.14133028459728,0.55466912764966,-5.09171674625615
924,"Q6UWP7|LCLT1_HUMAN","Lysocardiolipin acyltransferase 1 OS=Homo sapiens GN=LCLAT1 PE=1 SV=1",0.287346288798396,8.28840295642689,0.150640100048385,0.883626832331686,0.980207329825274,-6.30494157065299
1286,"Q9NYJ8|TAB2_HUMAN","TGF-beta-activated kinase 1 and MAP3K7-binding protein 2 OS=Homo sapiens GN=TAB2 PE=1 SV=1",0.823127361452224,4.50562100808896,0.629771687461004,0.544709386534937,0.796694090784552,-6.10833034354694
1097,"Q7L804|RFIP2_HUMAN","Rab11 family-interacting protein 2 OS=Homo sapiens GN=RAB11FIP2 PE=1 SV=1",0.190809285379325,12.8226319616805,1.00342324877567,0.342221199306291,0.675682470302694,-5.80441488636015
1135,"Q9Y6K0|CEPT1_HUMAN","Choline/ethanolaminephosphotransferase 1 OS=Homo sapiens GN=CEPT1 PE=1 SV=1",0.102351439163442,11.9684762570293,0.4469244029141,0.665633555156449,0.87972627360203,-6.21080506364958
341,"O75844|FACE1_HUMAN","CAAX prenyl protease 1 homolog OS=Homo sapiens GN=ZMPSTE24 PE=1 SV=2",0.0872703877017162,15.6513547611443,0.464791563824923,0.653269603173395,0.872786208417354,-6.20223924779072
814,"P56134|ATPK_HUMAN","ATP synthase subunit f, mitochondrial OS=Homo sapiens GN=ATP5J2 PE=1 SV=3",0.255592708594069,16.4022603210818,1.67218973015909,0.129284155296865,0.53231945793051,-5.01424765861599
100,"O60313|OPA1_HUMAN","Dynamin-like 120 kDa protein, mitochondrial OS=Homo sapiens GN=OPA1 PE=1 SV=3",0.209707268298102,15.9015682258527,1.40180759330575,0.194954369650814,0.570813142796986,-5.36438512508835
193,"O95202|LETM1_HUMAN","LETM1 and EF-hand domain-containing protein 1, mitochondrial OS=Homo sapiens GN=LETM1 PE=1 SV=1",0.172968577966078,15.7988100780236,1.4117861910687,0.192089209604297,0.570813142796986,-5.35210853216766
773,"Q15382|RHEB_HUMAN","GTP-binding protein Rheb OS=Homo sapiens GN=RHEB PE=1 SV=1",0.25731836244327,13.8423792863553,1.90601431132044,0.0894773959268595,0.471560581150473,-4.68708428908279
1050,"P03928|ATP8_HUMAN","ATP synthase protein 8 OS=Homo sapiens GN=MT-ATP8 PE=1 SV=1",1.96958701480017,10.8229305343585,1.22000059984657,0.253881848600969,0.60476061093779,-5.57800445121213
914,"Q15041|AR6P1_HUMAN","ADP-ribosylation factor-like protein 6-interacting protein 1 OS=Homo sapiens GN=ARL6IP1 PE=1 SV=2",0.128195776898867,13.8930265021699,0.725752481259776,0.486681439565058,0.764383277704339,-6.04183492024057
1063,"Q9UBG0|MRC2_HUMAN","C-type mannose receptor 2 OS=Homo sapiens GN=MRC2 PE=1 SV=2",-1.62112668770931,8.28313795114739,-1.05796027805442,0.318010491880252,0.648315847048952,-5.75054975079649
257,"Q96JJ7|TMX3_HUMAN","Protein disulfide-isomerase TMX3 OS=Homo sapiens GN=TMX3 PE=1 SV=2",0.207807904979282,15.3376168724209,1.41805659466229,0.190307449113941,0.570813142796986,-5.34436652516679
1130,"B7ZAQ6|GPHRA_HUMAN","Golgi pH regulator A OS=Homo sapiens GN=GPR89A PE=1 SV=2",0.309159308237207,11.1983630139588,0.936202097759522,0.373935963894075,0.688923423925868,-5.86768646972166
1130,"P0CG08|GPHRB_HUMAN","Golgi pH regulator B OS=Homo sapiens GN=GPR89B PE=1 SV=1",0.309159308237207,11.1983630139588,0.936202097759522,0.373935963894075,0.688923423925868,-5.86768646972166
847,"P57729|RAB38_HUMAN","Ras-related protein Rab-38 OS=Homo sapiens GN=RAB38 PE=1 SV=1",0.220744320349615,13.6167089148123,1.3254369649981,0.218121303360389,0.583884522328452,-5.45650387766039
999,"Q96BI3|APH1A_HUMAN","Gamma-secretase subunit APH-1A OS=Homo sapiens GN=APH1A PE=1 SV=1",-3.46172485477992,8.52989643522006,-2.22728138241802,0.0533274836430392,0.428471517881919,-4.21209907862523
75,"Q9H115|SNAB_HUMAN","Beta-soluble NSF attachment protein OS=Homo sapiens GN=NAPB PE=1 SV=2",0.128605683771863,14.594563760766,0.902307149966314,0.390718084380504,0.703653938244563,-5.89823660935982
599,"O15173|PGRC2_HUMAN","Membrane-associated progesterone receptor component 2 OS=Homo sapiens GN=PGRMC2 PE=1 SV=1",0.192674723328166,14.4517559359627,0.766722098821533,0.463147481314865,0.750057812909378,-6.01091132404891
695,"P50281|MMP14_HUMAN","Matrix metalloproteinase-14 OS=Homo sapiens GN=MMP14 PE=1 SV=3",0.579625495454703,12.2488634872929,0.941891910003182,0.371170866411912,0.687452830093717,-5.86246801440507
403,"Q8TB96|TIP_HUMAN","T-cell immunomodulatory protein OS=Homo sapiens GN=ITFG1 PE=1 SV=1",0.218647037673472,13.268381448622,0.62349212467987,0.54864335776153,0.799129992727128,-6.11238349105767
789,"Q6UWV6|ENPP7_HUMAN","Ectonucleotide pyrophosphatase/phosphodiesterase family member 7 OS=Homo sapiens GN=ENPP7 PE=1 SV=3",0.152702838960694,11.6051585740487,0.504225527385438,0.626378755187714,0.857838370189009,-6.1822077785384
107,"P45880|VDAC2_HUMAN","Voltage-dependent anion-selective channel protein 2 OS=Homo sapiens GN=VDAC2 PE=1 SV=2",0.226714583992543,18.1232127852998,2.29992875357803,0.0473859889574037,0.421018668695158,-4.1018318626018
647,"Q8NEW0|ZNT7_HUMAN","Zinc transporter 7 OS=Homo sapiens GN=SLC30A7 PE=2 SV=1",0.17719783076271,14.2543103444637,0.982369593159631,0.351930729239284,0.681610346582517,-5.82460864026479
589,"P57088|TMM33_HUMAN","Transmembrane protein 33 OS=Homo sapiens GN=TMEM33 PE=1 SV=2",-0.148947632586975,16.1073091243701,-0.494654000592949,0.632854353216533,0.861889330169693,-6.18721158018975
823,"Q9Y6A9|SPCS1_HUMAN","Signal peptidase complex subunit 1 OS=Homo sapiens GN=SPCS1 PE=1 SV=4",0.142487211036874,14.8039563904501,0.619059744208844,0.551430030663074,0.800574564920344,-6.1152220371686
679,"Q9P035|HACD3_HUMAN","Very-long-chain (3R)-3-hydroxyacyl-CoA dehydratase 3 OS=Homo sapiens GN=HACD3 PE=1 SV=2",0.116508667179792,15.1092272391411,0.669880924563617,0.519975462711094,0.784815149569169,-6.08157297509189
209,"P49755|TMEDA_HUMAN","Transmembrane emp24 domain-containing protein 10 OS=Homo sapiens GN=TMED10 PE=1 SV=2",0.133360003968761,17.8531429180552,0.850309529547343,0.417495673278641,0.723117505963156,-5.94328142484936
881,"P33908|MA1A1_HUMAN","Mannosyl-oligosaccharide 1,2-alpha-mannosidase IA OS=Homo sapiens GN=MAN1A1 PE=1 SV=3",-2.00832794678976,10.0375693889063,-1.34466928551173,0.212077161456154,0.582222752471286,-5.43361885610415
1042,"P20292|AL5AP_HUMAN","Arachidonate 5-lipoxygenase-activating protein OS=Homo sapiens GN=ALOX5AP PE=1 SV=2",0.159588753601485,11.716588498092,0.598575121458611,0.564414499809478,0.812223353581549,-6.12809942659125
703,"O43752|STX6_HUMAN","Syntaxin-6 OS=Homo sapiens GN=STX6 PE=1 SV=1",0.123268988445279,10.4589934925695,0.222226736459264,0.8291655276514,0.959661472324459,-6.29062624743632
376,"O00161|SNP23_HUMAN","Synaptosomal-associated protein 23 OS=Homo sapiens GN=SNAP23 PE=1 SV=1",0.266618334270603,14.8908230590419,1.42404341076398,0.188619630084323,0.570813142796986,-5.33695494440038
401,"Q8NF37|PCAT1_HUMAN","Lysophosphatidylcholine acyltransferase 1 OS=Homo sapiens GN=LPCAT1 PE=1 SV=2",0.118542201263269,14.079853503356,0.575615395656899,0.579171390399412,0.818801433959309,-6.14205825425244
523,"O43914|TYOBP_HUMAN","TYRO protein tyrosine kinase-binding protein OS=Homo sapiens GN=TYROBP PE=1 SV=1",0.097789691424861,14.108333161209,0.573572912569261,0.580494428984512,0.818801433959309,-6.14327557909485
418,"Q96N66|MBOA7_HUMAN","Lysophospholipid acyltransferase 7 OS=Homo sapiens GN=MBOAT7 PE=1 SV=2",0.183859563526362,13.8717537549693,1.0956112572538,0.302080074039958,0.635466628480421,-5.71208760178532
774,"Q9NP80|PLPL8_HUMAN","Calcium-independent phospholipase A2-gamma OS=Homo sapiens GN=PNPLA8 PE=1 SV=1",-1.78019459633682,9.709179431693,-1.10043564969982,0.300084643038146,0.63357286860426,-5.7070857636701
1051,"Q9H7M9|GI24_HUMAN","Platelet receptor Gi24 OS=Homo sapiens GN=C10orf54 PE=1 SV=3",0.056810107683793,10.0130071431375,0.0912630472539825,0.929309648879744,0.988972549431232,-6.31266319665394
186,"P07948|LYN_HUMAN","Tyrosine-protein kinase Lyn OS=Homo sapiens GN=LYN PE=1 SV=3",0.0571231163433801,16.2383811666867,0.370674846608843,0.719569906056604,0.911143184607144,-6.2437340141911
253,"O75787|RENR_HUMAN","Renin receptor OS=Homo sapiens GN=ATP6AP2 PE=1 SV=2",0.215154187451828,15.2871559058313,1.31945999875265,0.220029085337256,0.583884522328452,-5.46357197050256
1104,"Q9Y5W9|SNX11_HUMAN","Sorting nexin-11 OS=Homo sapiens GN=SNX11 PE=1 SV=2",-1.08682428853465,6.77077247180645,-0.741456116137385,0.477571915598089,0.756918775817793,-6.0301582380401
632,"Q9BVV7|TIM21_HUMAN","Mitochondrial import inner membrane translocase subunit Tim21 OS=Homo sapiens GN=TIMM21 PE=1 SV=1",-0.343216891439328,11.1977474096844,-0.537373322993914,0.604215909923442,0.838222791104823,-6.16418261032673
1207,"Q68DH5|LMBD2_HUMAN","LMBR1 domain-containing protein 2 OS=Homo sapiens GN=LMBRD2 PE=2 SV=1",-1.35010563087793,8.58573375028987,-0.929601937489294,0.377162203408028,0.691563659814721,-5.87370758874377
894,"Q9UBY8|CLN8_HUMAN","Protein CLN8 OS=Homo sapiens GN=CLN8 PE=1 SV=3",0.239034972260109,12.1791668000593,0.81822712487906,0.434639442121825,0.730121634804725,-5.96994733595066
1016,"Q8N5G2|MACOI_HUMAN","Macoilin OS=Homo sapiens GN=TMEM57 PE=1 SV=1",-1.39626446541001,8.39242485772636,-0.954477394028703,0.365107748995321,0.683543148199977,-5.85083413135785
770,"Q15438|CYH1_HUMAN","Cytohesin-1 OS=Homo sapiens GN=CYTH1 PE=1 SV=1",0.276687252602862,13.5025537807176,1.18874432446029,0.26536547661711,0.605289248338956,-5.61267525952232
1040,"O15432|COPT2_HUMAN","Probable low affinity copper uptake protein 2 OS=Homo sapiens GN=SLC31A2 PE=1 SV=1",-1.87546083653761,10.5974712272749,-1.13452801709093,0.286277308851661,0.627315996858659,-5.67127261188307
365,"Q3ZCQ8|TIM50_HUMAN","Mitochondrial import inner membrane translocase subunit TIM50 OS=Homo sapiens GN=TIMM50 PE=1 SV=2",0.169719430885463,15.0955076704752,1.13485084659779,0.286149009829047,0.627315996858659,-5.67092961771502
605,"P11234|RALB_HUMAN","Ras-related protein Ral-B OS=Homo sapiens GN=RALB PE=1 SV=1",-0.127889363031036,13.2510242254212,-0.462804439891842,0.654639248246069,0.872786208417354,-6.20320770605117
295,"P20336|RAB3A_HUMAN","Ras-related protein Rab-3A OS=Homo sapiens GN=RAB3A PE=1 SV=1",0.238187064118232,14.214246525478,1.57125940162623,0.151035227474793,0.570813142796986,-5.14896104531757
1007,"P78383|S35B1_HUMAN","Solute carrier family 35 member B1 OS=Homo sapiens GN=SLC35B1 PE=1 SV=1",-0.486483851745396,13.0863644850229,-0.836219803295159,0.424966447601697,0.727770231224636,-5.95509962728173
507,"Q9H1C4|UN93B_HUMAN","Protein unc-93 homolog B1 OS=Homo sapiens GN=UNC93B1 PE=1 SV=2",0.17874395669131,14.5586306925566,0.744231051161117,0.47597366618361,0.756680856340105,-6.02807201751205
413,"Q96LZ7|RMD2_HUMAN","Regulator of microtubule dynamics protein 2 OS=Homo sapiens GN=RMDN2 PE=1 SV=2",0.174154050607406,13.8726760882424,0.784464795515691,0.453190493342187,0.743131357744711,-5.99705976855784
451,"Q96KA5|CLP1L_HUMAN","Cleft lip and palate transmembrane protein 1-like protein OS=Homo sapiens GN=CLPTM1L PE=1 SV=1",0.11555864059882,12.0558470766265,0.454729190197187,0.660219237537284,0.87499846257805,-6.20710266876706
1253,"P32246|CCR1_HUMAN","C-C chemokine receptor type 1 OS=Homo sapiens GN=CCR1 PE=1 SV=1",0.225903751249579,11.6002515064244,0.684296879215034,0.511254238160776,0.777294551316712,-6.07159220155412
269,"Q14165|MLEC_HUMAN","Malectin OS=Homo sapiens GN=MLEC PE=1 SV=1",0.0703416017160414,16.0924439049876,0.444128514409663,0.667578134852276,0.880715965819936,-6.21211648009323
930,"Q92968|PEX13_HUMAN","Peroxisomal membrane protein PEX13 OS=Homo sapiens GN=PEX13 PE=1 SV=2",0.36694570684687,10.1432870252382,0.59618464015933,0.565940968042825,0.81297118603289,-6.12957623222776
1098,"Q96A25|T106A_HUMAN","Transmembrane protein 106A OS=Homo sapiens GN=TMEM106A PE=2 SV=1",0.116902928785768,11.420261221762,0.409640729132284,0.691777296422768,0.899310485349599,-6.22764439585409
295,"O95716|RAB3D_HUMAN","Ras-related protein Rab-3D OS=Homo sapiens GN=RAB3D PE=1 SV=1",0.199277913425773,14.7601012196849,1.44348473124265,0.183227874739729,0.570813142796986,-5.31275547163331
85,"P14317|HCLS1_HUMAN","Hematopoietic lineage cell-specific protein OS=Homo sapiens GN=HCLS1 PE=1 SV=3",0.0151980623055756,16.9603199952305,0.071171101268737,0.944839103267043,0.989758037313463,-6.31441947055812
995,"Q8N138|ORML3_HUMAN","ORM1-like protein 3 OS=Homo sapiens GN=ORMDL3 PE=1 SV=1",0.151028830291608,11.1114921718882,0.414909156259904,0.688055626237277,0.896486891392488,-6.22535022111998
995,"Q9P0S3|ORML1_HUMAN","ORM1-like protein 1 OS=Homo sapiens GN=ORMDL1 PE=1 SV=1",0.151028830291608,11.1114921718882,0.414909156259904,0.688055626237277,0.896486891392488,-6.22535022111998
65,"P39656|OST48_HUMAN","Dolichyl-diphosphooligosaccharide--protein glycosyltransferase 48 kDa subunit OS=Homo sapiens GN=DDOST PE=1 SV=4",0.18804371096682,18.7242207780604,1.95737927909927,0.0824322734992511,0.462254392519627,-4.61283822847749
544,"O14662|STX16_HUMAN","Syntaxin-16 OS=Homo sapiens GN=STX16 PE=1 SV=3",0.0903764443175614,13.248918286608,0.457278254057581,0.658455412169166,0.874315159102185,-6.20588022214328
643,"O95864|FADS2_HUMAN","Fatty acid desaturase 2 OS=Homo sapiens GN=FADS2 PE=1 SV=1",0.404883678853269,11.0140049483148,0.970373834067521,0.357553954419819,0.681610346582517,-5.8359618155628
231,"Q9UBJ2|ABCD2_HUMAN","ATP-binding cassette sub-family D member 2 OS=Homo sapiens GN=ABCD2 PE=1 SV=1",0.198773708294985,11.7718340364496,0.694902654359033,0.504895768256976,0.774119658678733,-6.06412781088449
32,"P30504|1C04_HUMAN","HLA class I histocompatibility antigen, Cw-4 alpha chain OS=Homo sapiens GN=HLA-C PE=1 SV=1",0.0766288721180217,9.41643562246373,0.0371056015111793,0.971221778024284,0.993004636324664,-6.31640519090376
171,"Q7L5N7|PCAT2_HUMAN","Lysophosphatidylcholine acyltransferase 2 OS=Homo sapiens GN=LPCAT2 PE=1 SV=1",0.203561612849544,16.1198031647819,1.28270045862494,0.232073437186738,0.593256634837707,-5.50657410956054
129,"O95573|ACSL3_HUMAN","Long-chain-fatty-acid--CoA ligase 3 OS=Homo sapiens GN=ACSL3 PE=1 SV=3",0.0233892348063076,15.8380189413909,0.086320111926593,0.933127472102496,0.988972549431232,-6.31313549827624
90,"O00299|CLIC1_HUMAN","Chloride intracellular channel protein 1 OS=Homo sapiens GN=CLIC1 PE=1 SV=4",0.12804223495732,19.8028912958642,1.49370806697904,0.16991675900261,0.570813142796986,-5.24933342876731
241,"P34910|EVI2B_HUMAN","Protein EVI2B OS=Homo sapiens GN=EVI2B PE=1 SV=2",0.196138893235307,18.3530964941504,1.7008107561086,0.123656569665669,0.520383578749808,-4.97527112787485
368,"Q14254|FLOT2_HUMAN","Flotillin-2 OS=Homo sapiens GN=FLOT2 PE=1 SV=2",0.0744934435802325,13.7169647159559,0.375771004828312,0.715909035969517,0.908589207662036,-6.24171800422115
299,"P49757|NUMB_HUMAN","Protein numb homolog OS=Homo sapiens GN=NUMB PE=1 SV=2",0.0313556156710195,14.6029005677149,0.157483876727328,0.878387169516231,0.978262386449743,-6.30380902702652
549,"Q9H9S3|S61A2_HUMAN","Protein transport protein Sec61 subunit alpha isoform 2 OS=Homo sapiens GN=SEC61A2 PE=2 SV=3",0.0362381407468373,13.6846102632516,0.169581130201387,0.869140874935546,0.973433282115418,-6.3016847957126
461,"Q8NEQ5|CA162_HUMAN","Transmembrane protein C1orf162 OS=Homo sapiens GN=C1orf162 PE=2 SV=1",0.0827288684067575,14.5430914093825,0.545354347201246,0.598942059462266,0.833906092416176,-6.15968227892565
897,"O94901|SUN1_HUMAN","SUN domain-containing protein 1 OS=Homo sapiens GN=SUN1 PE=1 SV=3",-0.802208290328064,5.83519909375684,-0.645272236096418,0.535069673388203,0.792670438041166,-6.09816728361248
431,"Q15629|TRAM1_HUMAN","Translocating chain-associated membrane protein 1 OS=Homo sapiens GN=TRAM1 PE=1 SV=3",0.15630924466214,14.8107160993139,1.20396422285751,0.259722005255621,0.605289248338956,-5.59587236146502
157,"P12236|ADT3_HUMAN","ADP/ATP translocase 3 OS=Homo sapiens GN=SLC25A6 PE=1 SV=4",0.138557393741301,16.2477328544371,0.915147710284738,0.38429794167539,0.699108047984947,-5.88677196793324
473,"O00400|ACATN_HUMAN","Acetyl-coenzyme A transporter 1 OS=Homo sapiens GN=SLC33A1 PE=1 SV=1",0.0093348703104823,12.685866897067,0.0394844166226483,0.969377859895932,0.993004636324664,-6.31630708624416
208,"P61224|RAP1B_HUMAN","Ras-related protein Rap-1b OS=Homo sapiens GN=RAP1B PE=1 SV=1",0.128604277358855,15.6942467133841,0.785354186291086,0.452695139620186,0.743131357744711,-5.99635819667368
467,"Q13948|CASP_HUMAN","Protein CASP OS=Homo sapiens GN=CUX1 PE=1 SV=2",-0.356511249070245,11.9895895946284,-0.702288875751203,0.500496595125376,0.772953242086928,-6.0588687911646
339,"Q9BXK5|B2L13_HUMAN","Bcl-2-like protein 13 OS=Homo sapiens GN=BCL2L13 PE=1 SV=1",0.0277722320004408,13.7650503739853,0.0793505316496298,0.938513688643294,0.989410561930444,-6.31375684809522
780,"Q9NRX5|SERC1_HUMAN","Serine incorporator 1 OS=Homo sapiens GN=SERINC1 PE=1 SV=1",0.20673973825614,10.1301653708607,0.263440127361322,0.798223956639121,0.945286712212347,-6.27992044456512
681,"P61077|UB2D3_HUMAN","Ubiquitin-conjugating enzyme E2 D3 OS=Homo sapiens GN=UBE2D3 PE=1 SV=1",0.112839642233361,15.7810908345857,0.780609736909904,0.45534175865935,0.745163245783406,-6.00009276405311
725,"Q8N386|LRC25_HUMAN","Leucine-rich repeat-containing protein 25 OS=Homo sapiens GN=LRRC25 PE=1 SV=2",0.207466203004541,14.6611203757859,0.753885856939721,0.470439824160468,0.753052070844537,-6.02076017142856
207,"Q8TCT9|HM13_HUMAN","Minor histocompatibility antigen H13 OS=Homo sapiens GN=HM13 PE=1 SV=1",0.128392175667333,19.5128400150271,1.26010572649644,0.239746251524527,0.593972645590143,-5.53259846468743
1031,"Q86U90|YRDC_HUMAN","YrdC domain-containing protein, mitochondrial OS=Homo sapiens GN=YRDC PE=1 SV=1",0.00958826708701643,9.31751086030372,0.0117419869145401,0.990891102026826,0.99519184465715,-6.3170723768898
1025,"Q9NRP0|OSTC_HUMAN","Oligosaccharyltransferase complex subunit OSTC OS=Homo sapiens GN=OSTC PE=1 SV=1",0.157363989334186,13.9025731347899,1.07489534254936,0.310766477127569,0.646684917332009,-5.73337647518631
1139,"Q9Y274|SIA10_HUMAN","Type 2 lactosamine alpha-2,3-sialyltransferase OS=Homo sapiens GN=ST3GAL6 PE=1 SV=1",0.160212003993614,14.0640118757343,0.9491824821567,0.367649690792418,0.684976960139819,-5.85574392131882
753,"Q8TBP6|S2540_HUMAN","Solute carrier family 25 member 40 OS=Homo sapiens GN=SLC25A40 PE=1 SV=1",-0.104739783750546,11.9703387758463,-0.191316356541062,0.852581738802479,0.96340436837522,-6.29747624963752
760,"Q16563|SYPL1_HUMAN","Synaptophysin-like protein 1 OS=Homo sapiens GN=SYPL1 PE=1 SV=1",0.124343251389682,15.314070967646,1.06895490961712,0.313292823329434,0.648237035838578,-5.73942419981832
876,"Q6PCB8|EMB_HUMAN","Embigin OS=Homo sapiens GN=EMB PE=1 SV=1",0.159876717683163,10.0978390060406,0.0695025285271366,0.946129982081841,0.989758037313463,-6.3145458100107
802,"Q9UK41|VPS28_HUMAN","Vacuolar protein sorting-associated protein 28 homolog OS=Homo sapiens GN=VPS28 PE=1 SV=1",-0.227402605333259,12.0887609580723,-0.493055099107898,0.633939343106663,0.861889330169693,-6.18803862738396
203,"O75955|FLOT1_HUMAN","Flotillin-1 OS=Homo sapiens GN=FLOT1 PE=1 SV=3",0.114791478919948,14.6289035866491,0.814255626241524,0.436794569011771,0.730121634804725,-5.97318749059582
1214,"P43251|BTD_HUMAN","Biotinidase OS=Homo sapiens GN=BTD PE=1 SV=2",-1.83468182430066,9.18956295049634,-1.18155857876212,0.268064226253733,0.605289248338956,-5.62055527064358
697,"Q13685|AAMP_HUMAN","Angio-associated migratory cell protein OS=Homo sapiens GN=AAMP PE=1 SV=2",0.0274779217828147,11.6628761810699,0.0534008724143625,0.958594873888597,0.992922353705557,-6.31561110884513
256,"P51164|ATP4B_HUMAN","Potassium-transporting ATPase subunit beta OS=Homo sapiens GN=ATP4B PE=1 SV=1",0.0847503759439281,13.3963036888431,0.299217733531099,0.771660399375506,0.932695170891345,-6.26917826618694
256,"P14415|AT1B2_HUMAN","Sodium/potassium-transporting ATPase subunit beta-2 OS=Homo sapiens GN=ATP1B2 PE=1 SV=3",0.0847503759439281,13.3963036888431,0.299217733531099,0.771660399375506,0.932695170891345,-6.26917826618694
968,"Q08722|CD47_HUMAN","Leukocyte surface antigen CD47 OS=Homo sapiens GN=CD47 PE=1 SV=1",-0.000679559965343302,14.2817114734958,-0.00280520667580444,0.997823796125044,0.999020761252383,-6.31714239130917
577,"P04004|VTNC_HUMAN","Vitronectin OS=Homo sapiens GN=VTN PE=1 SV=1",0.26615112220375,14.3087345719787,1.19310842378403,0.263737213591645,0.605289248338956,-5.60787283610437
104,"Q8N2K0|ABD12_HUMAN","Monoacylglycerol lipase ABHD12 OS=Homo sapiens GN=ABHD12 PE=1 SV=2",0.0445133734703056,16.7595642479422,0.315453177032913,0.759706918414309,0.932695170891345,-6.26386219857334
781,"Q04656|ATP7A_HUMAN","Copper-transporting ATPase 1 OS=Homo sapiens GN=ATP7A PE=1 SV=3",-0.783848020164317,5.77800741609399,-0.622765402912909,0.549099692496168,0.799129992727128,-6.11285015999773
610,"Q9Y3A6|TMED5_HUMAN","Transmembrane emp24 domain-containing protein 5 OS=Homo sapiens GN=TMED5 PE=1 SV=1",0.0527596489941455,14.7479839898029,0.218264532357678,0.832157681122387,0.959661472324459,-6.29156092636496
597,"Q96G23|CERS2_HUMAN","Ceramide synthase 2 OS=Homo sapiens GN=CERS2 PE=1 SV=1",0.120795550786941,14.4241878475773,0.83100202320757,0.427756249646362,0.728954688333645,-5.95943368796492
378,"O95140|MFN2_HUMAN","Mitofusin-2 OS=Homo sapiens GN=MFN2 PE=1 SV=3",-0.0721477741372301,12.5053266293745,-0.190498637851643,0.853203397098269,0.96340436837522,-6.2976436866756
551,"P53985|MOT1_HUMAN","Monocarboxylate transporter 1 OS=Homo sapiens GN=SLC16A1 PE=1 SV=3",-0.00822670330732045,13.5311571840316,-0.0448100006944645,0.965250494877781,0.993004636324664,-6.31606536940592
510,"P21926|CD9_HUMAN","CD9 antigen OS=Homo sapiens GN=CD9 PE=1 SV=4",0.277736978769898,16.413040232085,0.662294367424205,0.524601163036448,0.785205104311992,-6.08674861287985
1068,"Q9HCL2|GPAT1_HUMAN","Glycerol-3-phosphate acyltransferase 1, mitochondrial OS=Homo sapiens GN=GPAM PE=1 SV=3",-1.19026725439614,5.99829717749708,-0.705384196817291,0.498660174395636,0.771330650678716,-6.05665017388611
1192,"Q9NZ42|PEN2_HUMAN","Gamma-secretase subunit PEN-2 OS=Homo sapiens GN=PSENEN PE=1 SV=1",-1.81226599408057,7.13611137692101,-1.05453481521049,0.319491451166037,0.648511594735272,-5.75399796434037
460,"O43169|CYB5B_HUMAN","Cytochrome b5 type B OS=Homo sapiens GN=CYB5B PE=1 SV=2",0.291430675137729,15.2471458328807,1.4373909729051,0.184903292034682,0.570813142796986,-5.32036212821705
627,"O75915|PRAF3_HUMAN","PRA1 family protein 3 OS=Homo sapiens GN=ARL6IP5 PE=1 SV=1",0.103550820797242,16.1922382137453,0.907397317626856,0.388163931839623,0.701727608028818,-5.89370784572033
808,"O15155|BET1_HUMAN","BET1 homolog OS=Homo sapiens GN=BET1 PE=1 SV=1",0.260887121375569,13.2048685082489,1.15865729780201,0.276813241824708,0.618017762619326,-5.64543907489214
821,"O95183|VAMP5_HUMAN","Vesicle-associated membrane protein 5 OS=Homo sapiens GN=VAMP5 PE=1 SV=1",0.153977426227328,12.7650167647891,0.62924053192836,0.545041501671334,0.796694090784552,-6.10867461250382
316,"Q7Z5R6|AB1IP_HUMAN","Amyloid beta A4 precursor protein-binding family B member 1-interacting protein OS=Homo sapiens GN=APBB1IP PE=1 SV=1",-0.0756440525469966,15.1850155105341,-0.24951936011671,0.808636580554544,0.948876798886012,-6.28373694849702
1125,"Q9H3H5|GPT_HUMAN","UDP-N-acetylglucosamine--dolichyl-phosphate N-acetylglucosaminephosphotransferase OS=Homo sapiens GN=DPAGT1 PE=1 SV=2",-1.69941932788739,8.7950131862966,-1.06811404458815,0.313651707192277,0.648237035838578,-5.74027818509343
505,"Q3KQZ1|S2535_HUMAN","Solute carrier family 25 member 35 OS=Homo sapiens GN=SLC25A35 PE=2 SV=1",-0.194794940007942,11.955876988402,-0.426958524740263,0.679577307740126,0.890454071410335,-6.21999746022186
1014,"Q15800|MSMO1_HUMAN","Methylsterol monooxygenase 1 OS=Homo sapiens GN=MSMO1 PE=1 SV=1",-0.0594807349250228,9.22070098185613,-0.0269652970159128,0.979083837737368,0.994556628851742,-6.31675504710847
397,"P09326|CD48_HUMAN","CD48 antigen OS=Homo sapiens GN=CD48 PE=1 SV=2",0.106137733867438,17.0502640729485,0.57167687455146,0.581724095691057,0.818801433959309,-6.1444020349597
121,"Q6NUK1|SCMC1_HUMAN","Calcium-binding mitochondrial carrier protein SCaMC-1 OS=Homo sapiens GN=SLC25A24 PE=1 SV=2",0.093981762845317,18.0199209242349,1.0496778011207,0.321600410073262,0.650077234078646,-5.75887247759347
126,"Q6P179|ERAP2_HUMAN","Endoplasmic reticulum aminopeptidase 2 OS=Homo sapiens GN=ERAP2 PE=1 SV=2",0.103788266396471,17.1324148343444,0.757219143212699,0.468539021533228,0.752111426655151,-6.01821661511225
244,"Q9UHX3|AGRE2_HUMAN","Adhesion G protein-coupled receptor E2 OS=Homo sapiens GN=ADGRE2 PE=1 SV=2",-0.0149987755856262,14.0969047880489,-0.0889446859584217,0.931100072154743,0.988972549431232,-6.31288798597301
66,"P13747|HLAE_HUMAN","HLA class I histocompatibility antigen, alpha chain E OS=Homo sapiens GN=HLA-E PE=1 SV=3",0.0585713252496856,15.0403504000771,0.229810778935469,0.823446423462901,0.958478382240016,-6.28879083503497
212,"Q8NHP6|MSPD2_HUMAN","Motile sperm domain-containing protein 2 OS=Homo sapiens GN=MOSPD2 PE=1 SV=1",0.129053529397297,16.2943482518979,0.656146727786341,0.528367650753963,0.787785273095793,-6.09090356059171
656,"O00421|CCRL2_HUMAN","C-C chemokine receptor-like 2 OS=Homo sapiens GN=CCRL2 PE=1 SV=2",0.0455674704748663,14.4644650439625,0.232739129851147,0.821241091610257,0.956874061423029,-6.28806586492596
23,"P04844|RPN2_HUMAN","Dolichyl-diphosphooligosaccharide--protein glycosyltransferase subunit 2 OS=Homo sapiens GN=RPN2 PE=1 SV=3",0.10906377963941,19.2140424424599,1.20365598679102,0.259835322320177,0.605289248338956,-5.59621416383606
133,"P21964|COMT_HUMAN","Catechol O-methyltransferase OS=Homo sapiens GN=COMT PE=1 SV=2",0.0546670410481518,17.1288337517457,0.192347625900673,0.851797885527384,0.96340436837522,-6.29726407182022
706,"Q9H1K4|GHC2_HUMAN","Mitochondrial glutamate carrier 2 OS=Homo sapiens GN=SLC25A18 PE=1 SV=1",0.0415571644978048,11.7797204031829,0.168523869969955,0.869948153593209,0.973433282115418,-6.30187667312563
243,"Q5JRA6|MIA3_HUMAN","Melanoma inhibitory activity protein 3 OS=Homo sapiens GN=MIA3 PE=1 SV=1",0.17752921101623,13.7259276528227,0.81213777687192,0.437946771438616,0.730121634804725,-5.97490982335142
630,"Q969N2|PIGT_HUMAN","GPI transamidase component PIG-T OS=Homo sapiens GN=PIGT PE=1 SV=1",1.07114029525739,11.828860090685,1.34414808768406,0.21223906690537,0.582222752471286,-5.43424187185693
96,"Q12907|LMAN2_HUMAN","Vesicular integral-membrane protein VIP36 OS=Homo sapiens GN=LMAN2 PE=1 SV=1",0.0431763684344055,17.6001195089134,0.309105774678267,0.764372415695776,0.932695170891345,-6.26597326962675
387,"Q6IAN0|DRS7B_HUMAN","Dehydrogenase/reductase SDR family member 7B OS=Homo sapiens GN=DHRS7B PE=1 SV=2",-0.0220952118819007,13.9103005746909,-0.12455257228645,0.903652431523287,0.986405454533187,-6.30879934943433
776,"Q96IX5|USMG5_HUMAN","Up-regulated during skeletal muscle growth protein 5 OS=Homo sapiens GN=USMG5 PE=1 SV=1",0.0183152888835689,15.1125613977499,0.0897934541896103,0.930444537524934,0.988972549431232,-6.31280635890619
112,"P35241|RADI_HUMAN","Radixin OS=Homo sapiens GN=RDX PE=1 SV=1",-0.0909215999546102,15.0197524514993,-0.461509410580608,0.655532597333346,0.872786208417354,-6.20383673571834
991,"O15162|PLS1_HUMAN","Phospholipid scramblase 1 OS=Homo sapiens GN=PLSCR1 PE=1 SV=1",-1.96408539914996,10.4866800129277,-1.18974765799953,0.264990409972235,0.605289248338956,-5.61157226576303
384,"P11117|PPAL_HUMAN","Lysosomal acid phosphatase OS=Homo sapiens GN=ACP2 PE=1 SV=3",0.14443563218717,15.2346785496434,0.777002980489689,0.457360575023845,0.747409866246595,-6.002918670774
554,"P37268|FDFT_HUMAN","Squalene synthase OS=Homo sapiens GN=FDFT1 PE=1 SV=1",-0.642774072146739,12.2608551391351,-0.994867307284679,0.346142517104776,0.678828584340652,-5.81266231508458
513,"Q5SWX8|ODR4_HUMAN","Protein odr-4 homolog OS=Homo sapiens GN=ODR4 PE=1 SV=1",-2.13321883006041,10.1026088489918,-1.33739797687322,0.214345419675823,0.583884522328452,-5.44229645466278
620,"Q8WY22|BRI3B_HUMAN","BRI3-binding protein OS=Homo sapiens GN=BRI3BP PE=1 SV=1",0.167928053346891,13.4580292422091,0.997998527281052,0.344703541372851,0.678268703007464,-5.80965048188478
1280,"B2RTY4|MYO9A_HUMAN","Unconventional myosin-IXa OS=Homo sapiens GN=MYO9A PE=1 SV=2",-1.68357137742299,7.54600253793465,-0.715910047796999,0.492446912822983,0.767300915084607,-6.04904071432391
1159,"P00846|ATP6_HUMAN","ATP synthase subunit a OS=Homo sapiens GN=MT-ATP6 PE=1 SV=1",0.116759610991277,14.2887072243147,0.825521184468268,0.430700179725182,0.730121634804725,-5.96396138873679
48,"P33241|LSP1_HUMAN","Lymphocyte-specific protein 1 OS=Homo sapiens GN=LSP1 PE=1 SV=1",0.110142182175412,19.2334292716909,0.982809670315261,0.351725693177306,0.681610346582517,-5.82419002012654
567,"Q13277|STX3_HUMAN","Syntaxin-3 OS=Homo sapiens GN=STX3 PE=1 SV=3",-0.215913709546458,13.0681364952477,-0.506581886432844,0.624789720459586,0.857838370189009,-6.18096205337762
963,"Q8N5B7|CERS5_HUMAN","Ceramide synthase 5 OS=Homo sapiens GN=CERS5 PE=2 SV=1",0.0823626120794074,11.7473800735898,0.294446592824638,0.7751855220323,0.932695170891345,-6.27068823164241
370,"P31995|FCG2C_HUMAN","Low affinity immunoglobulin gamma Fc region receptor II-c OS=Homo sapiens GN=FCGR2C PE=1 SV=1",0.11810417613243,15.2062167004111,0.78846676202665,0.450964398029951,0.743131357744711,-5.9938975096808
98,"P14384|CBPM_HUMAN","Carboxypeptidase M OS=Homo sapiens GN=CPM PE=1 SV=2",-0.00695189504516591,19.4392728528622,-0.0438376092667508,0.966004027124187,0.993004636324664,-6.31611178242781
686,"Q9UM00|TMCO1_HUMAN","Transmembrane and coiled-coil domain-containing protein 1 OS=Homo sapiens GN=TMCO1 PE=1 SV=1",0.0842132283378856,14.3268268797727,0.474376715301794,0.64668230626131,0.870308062782419,-6.19751239449771
872,"O75352|MPU1_HUMAN","Mannose-P-dolichol utilization defect 1 protein OS=Homo sapiens GN=MPDU1 PE=1 SV=2",0.137291097781905,14.567181267633,0.966005145685858,0.359618301298622,0.681610346582517,-5.84006872688976
713,"Q9BQ51|PD1L2_HUMAN","Programmed cell death 1 ligand 2 OS=Homo sapiens GN=PDCD1LG2 PE=1 SV=2",-0.150274964276214,13.7444522450499,-0.72995713065189,0.484231577491188,0.764383277704339,-6.03873010822897
825,"Q92504|S39A7_HUMAN","Zinc transporter SLC39A7 OS=Homo sapiens GN=SLC39A7 PE=1 SV=2",-0.859570234208584,7.52274355674048,-0.574062224942315,0.58017732036892,0.818801433959309,-6.14298431271649
809,"P61803|DAD1_HUMAN","Dolichyl-diphosphooligosaccharide--protein glycosyltransferase subunit DAD1 OS=Homo sapiens GN=DAD1 PE=1 SV=3",0.0778995669660656,15.4889998528337,0.380508046975501,0.712513016617979,0.908589207662036,-6.23982017483852
228,"Q68EM7|RHG17_HUMAN","Rho GTPase-activating protein 17 OS=Homo sapiens GN=ARHGAP17 PE=1 SV=1",-0.143948005634499,15.4947651611144,-0.562295124424263,0.587829593776803,0.823495154908206,-6.14992491281416
822,"O75340|PDCD6_HUMAN","Programmed cell death protein 6 OS=Homo sapiens GN=PDCD6 PE=1 SV=1",-0.0780974770972733,12.3300612923319,-0.344968546703544,0.738150107180035,0.918676923262326,-6.25349604462213
53,"Q9BTV4|TMM43_HUMAN","Transmembrane protein 43 OS=Homo sapiens GN=TMEM43 PE=1 SV=1",-0.00655118111396291,18.0283973278093,-0.0543095340487878,0.957891093948195,0.992922353705557,-6.3155584168889
635,"P04156|PRIO_HUMAN","Major prion protein OS=Homo sapiens GN=PRNP PE=1 SV=1",0.198463198184022,12.7764178076406,0.323238714080008,0.753998395577684,0.927248670517712,-6.26121558693503
136,"Q9H223|EHD4_HUMAN","EH domain-containing protein 4 OS=Homo sapiens GN=EHD4 PE=1 SV=1",0.0281929705565354,17.1225634592734,0.156242690714002,0.879336976584038,0.978262386449743,-6.30401813880745
313,"Q53EU6|GPAT3_HUMAN","Glycerol-3-phosphate acyltransferase 3 OS=Homo sapiens GN=GPAT3 PE=1 SV=2",-0.021405019313967,16.3070705069942,-0.0859039729131414,0.933448973553777,0.988972549431232,-6.31317406289084
850,"Q8TDB8|GTR14_HUMAN","Solute carrier family 2, facilitated glucose transporter member 14 OS=Homo sapiens GN=SLC2A14 PE=2 SV=1",0.237192242682447,13.0454631614404,0.917664561343179,0.383048481141484,0.697932429418421,-5.88450919300911
795,"P15529|MCP_HUMAN","Membrane cofactor protein OS=Homo sapiens GN=CD46 PE=1 SV=3",-2.72527770959652,12.6027992931571,-1.28151089728968,0.236329997882652,0.593256634837707,-5.5061331719781
1302,"O60831|PRAF2_HUMAN","PRA1 family protein 2 OS=Homo sapiens GN=PRAF2 PE=1 SV=1",-3.92087449911699,9.04380428789737,-2.23912431161903,0.0523113253316952,0.426226784568813,-4.1941804132878
310,"Q13884|SNTB1_HUMAN","Beta-1-syntrophin OS=Homo sapiens GN=SNTB1 PE=1 SV=3",-0.0733155293829899,13.5197948041258,-0.28713779846661,0.780596134989239,0.93406385688443,-6.27295516859976
238,"O94905|ERLN2_HUMAN","Erlin-2 OS=Homo sapiens GN=ERLIN2 PE=1 SV=1",0.0830055982909705,15.7672047343425,0.63055494452324,0.544219855969456,0.796694090784552,-6.10782219161734
118,"P16070|CD44_HUMAN","CD44 antigen OS=Homo sapiens GN=CD44 PE=1 SV=3",0.0757205638516751,19.5260590736208,0.406170196697854,0.69423371865518,0.90048028305386,-6.22914025964754
149,"P12314|FCGR1_HUMAN","High affinity immunoglobulin gamma Fc receptor I OS=Homo sapiens GN=FCGR1A PE=1 SV=2",0.0205163924153631,16.4795223351095,0.17314871016646,0.866418013788735,0.973248196071424,-6.30102853525097
603,"O43772|MCAT_HUMAN","Mitochondrial carnitine/acylcarnitine carrier protein OS=Homo sapiens GN=SLC25A20 PE=1 SV=1",0.0159685395084068,15.1704329580072,0.0848451388564785,0.934267067008069,0.988972549431232,-6.31327134867836
184,"Q03113|GNA12_HUMAN","Guanine nucleotide-binding protein subunit alpha-12 OS=Homo sapiens GN=GNA12 PE=1 SV=4",0.0302334725560414,16.2634888022929,0.227456334951968,0.825220739660524,0.959578287223343,-6.28936714711845
455,"Q9H2X9|S12A5_HUMAN","Solute carrier family 12 member 5 OS=Homo sapiens GN=SLC12A5 PE=1 SV=3",-1.51313724478825,6.99973995442265,-0.94028675762871,0.371949413689427,0.687452830093717,-5.86394279460682
159,"Q14108|SCRB2_HUMAN","CD274",0.0431032051402802,17.1449779465736,0.291973593531183,0.777014833418034,0.932873424551777,-6.27146152417903
75,"P54920|SNAA_HUMAN","Alpha-soluble NSF attachment protein OS=Homo sapiens GN=NAPA PE=1 SV=3",0.067354403382609,17.8836083448008,0.813495239507633,0.437208016117084,0.730121634804725,-5.97380631423975
1086,"Q8IUX1|T126B_HUMAN","Complex I assembly factor TMEM126B, mitochondrial OS=Homo sapiens GN=TMEM126B PE=1 SV=2",0.264192333107516,8.21378003434212,0.147256705055574,0.88621942505837,0.981201794059841,-6.30548298608991
148,"P35613|BASI_HUMAN","Basigin OS=Homo sapiens GN=BSG PE=1 SV=2",0.116432940923211,18.9020910077401,0.688107446255523,0.508964041510709,0.776253643986882,-6.06892213541448
263,"P27105|STOM_HUMAN","Erythrocyte band 7 integral membrane protein OS=Homo sapiens GN=STOM PE=1 SV=3",0.0326788706263024,16.6870040439173,0.215276435863118,0.834416111632157,0.959661472324459,-6.29225481443463
984,"O00559|RCAS1_HUMAN","Receptor-binding cancer antigen expressed on SiSo cells OS=Homo sapiens GN=EBAG9 PE=1 SV=1",0.593334570605341,10.4885369781106,0.881682670437001,0.401189709924784,0.708670070111423,-5.91637017194022
1057,"Q86T03|TM55B_HUMAN","Type 1 phosphatidylinositol 4,5-bisphosphate 4-phosphatase OS=Homo sapiens GN=TMEM55B PE=1 SV=1",-0.072269755700658,12.4144378956577,-0.254884957439934,0.804618302246148,0.947545438115157,-6.28229008529612
867,"Q86WV6|STING_HUMAN","Stimulator of interferon genes protein OS=Homo sapiens GN=TMEM173 PE=1 SV=1",-0.139477611433062,12.779580372939,-0.491449079154084,0.635030096401304,0.862358945465151,-6.18886680929891
1217,"Q9BVT8|TMUB1_HUMAN","Transmembrane and ubiquitin-like domain-containing protein 1 OS=Homo sapiens GN=TMUB1 PE=1 SV=1",0.114559168518001,10.8346276502909,0.279398998364848,0.786338729701936,0.935388071780211,-6.27529453757258
1037,"Q5SRD1|TI23B_HUMAN","Putative mitochondrial import inner membrane translocase subunit Tim23B OS=Homo sapiens GN=TIMM23B PE=5 SV=2",0.0799860245687807,12.7024687731148,0.358424026232859,0.728401259565096,0.915000422684894,-6.24847119391205
1037,"O14925|TIM23_HUMAN","Mitochondrial import inner membrane translocase subunit Tim23 OS=Homo sapiens GN=TIMM23 PE=1 SV=1",0.0799860245687807,12.7024687731148,0.358424026232859,0.728401259565096,0.915000422684894,-6.24847119391205
993,"Q96ES6|MFSD3_HUMAN","Major facilitator superfamily domain-containing protein 3 OS=Homo sapiens GN=MFSD3 PE=2 SV=1",0.176132979971625,10.2680366778647,0.301054021883346,0.770305142988694,0.932695170891345,-6.26859078460114
132,"Q9H0U4|RAB1B_HUMAN","Ras-related protein Rab-1B OS=Homo sapiens GN=RAB1B PE=1 SV=1",0.121555898077183,18.4839086739526,1.08587235608789,0.30613980729248,0.63935696216137,-5.72213418596144
347,"Q9ULC5|ACSL5_HUMAN","Long-chain-fatty-acid--CoA ligase 5 OS=Homo sapiens GN=ACSL5 PE=1 SV=1",-0.163043777246935,13.9050997352568,-0.548155765251899,0.597096720394508,0.832338440357164,-6.15808793822041
55,"P48960|CD97_HUMAN","CD97 antigen OS=Homo sapiens GN=CD97 PE=1 SV=4",0.0371661758949635,19.9514116113089,0.343483386138563,0.739229226929322,0.918676923262326,-6.25403921296134
350,"P25942|TNR5_HUMAN","Tumor necrosis factor receptor superfamily member 5 OS=Homo sapiens GN=CD40 PE=1 SV=1",0.0248352461472656,17.5695506628297,0.106162513251261,0.917813598430593,0.988972549431232,-6.31108081767189
156,"Q00013|EM55_HUMAN","55 kDa erythrocyte membrane protein OS=Homo sapiens GN=MPP1 PE=1 SV=2",-0.0937789579691959,16.7977159957898,-0.505344987000502,0.625623580999321,0.857838370189009,-6.18161664149409
36,"Q01518|CAP1_HUMAN","Adenylyl cyclase-associated protein 1 OS=Homo sapiens GN=CAP1 PE=1 SV=5",-0.0223599606417366,19.6817688547141,-0.133696550653186,0.896624228255255,0.985352756551079,-6.30753005340416
986,"Q8N6L1|KTAP2_HUMAN","Keratinocyte-associated protein 2 OS=Homo sapiens GN=KRTCAP2 PE=1 SV=2",0.00467255797141952,13.9108928829987,0.0234694337111904,0.981794877637366,0.99519184465715,-6.31684999444062
1085,"Q96A57|TM230_HUMAN","Transmembrane protein 230 OS=Homo sapiens GN=TMEM230 PE=1 SV=1",0.0569270668812543,11.6486783101948,0.195282650491346,0.849567960541906,0.96340436837522,-6.29665401860511
737,"Q6NUK4|REEP3_HUMAN","Receptor expression-enhancing protein 3 OS=Homo sapiens GN=REEP3 PE=1 SV=1",0.0935276039368311,10.8640716962601,0.233096541449997,0.8209720394466,0.956874061423029,-6.28797676002385
72,"Q03518|TAP1_HUMAN","Antigen peptide transporter 1 OS=Homo sapiens GN=TAP1 PE=1 SV=2",0.0147469800379163,17.5674647783035,0.0919719775256373,0.928762240022481,0.988972549431232,-6.31259330596352
80,"Q8NHJ6|LIRB4_HUMAN","Leukocyte immunoglobulin-like receptor subfamily B member 4 OS=Homo sapiens GN=LILRB4 PE=1 SV=3",0.0605408178322016,18.088055976358,0.275475935003796,0.789255106541383,0.937544310337146,-6.27645647194264
357,"O95870|ABHGA_HUMAN","Protein ABHD16A OS=Homo sapiens GN=ABHD16A PE=1 SV=3",-0.00496663646547546,14.3545411707885,-0.0190544125578919,0.985219072924111,0.99519184465715,-6.31695109955721
1191,"Q99643|C560_HUMAN","Succinate dehydrogenase cytochrome b560 subunit, mitochondrial OS=Homo sapiens GN=SDHC PE=1 SV=1",-2.11627253994905,10.3879340676524,-1.31181072566327,0.222491149640389,0.587722055100297,-5.47258687835396
439,"Q12846|STX4_HUMAN","Syntaxin-4 OS=Homo sapiens GN=STX4 PE=1 SV=2",-0.204293097567508,15.4273955582282,-0.975605122145752,0.355093558322301,0.681610346582517,-5.83102446471529
346,"Q9Y6C9|MTCH2_HUMAN","Mitochondrial carrier homolog 2 OS=Homo sapiens GN=MTCH2 PE=1 SV=1",0.0309813405500776,15.5797308018805,0.253561544540772,0.805608842831449,0.947545438115157,-6.28264976857635
875,"P56937|DHB7_HUMAN","3-keto-steroid reductase OS=Homo sapiens GN=HSD17B7 PE=1 SV=1",0.0560206700111507,11.3753803436482,0.169750442444141,0.869011610239264,0.973433282115418,-6.30165395726155
844,"Q9H2A7|CXL16_HUMAN","C-X-C motif chemokine 16 OS=Homo sapiens GN=CXCL16 PE=2 SV=4",-1.9140977580744,10.2814212547065,-1.26858339509717,0.236843036797774,0.593256634837707,-5.52287089597495
326,"P61020|RAB5B_HUMAN","Ras-related protein Rab-5B OS=Homo sapiens GN=RAB5B PE=1 SV=1",0.0518859620631158,15.3993241244229,0.289329951565542,0.778971981677183,0.933959153161141,-6.27228110393783
22,"P26038|MOES_HUMAN","Moesin OS=Homo sapiens GN=MSN PE=1 SV=3",0.0498521684148834,19.7236646299785,0.280383112893433,0.785607697181138,0.935388071780211,-6.27500053065088
1294,"Q8NF91|SYNE1_HUMAN","Nesprin-1 OS=Homo sapiens GN=SYNE1 PE=1 SV=4",0.0666132801964565,12.8173444731745,0.0808895526578903,0.937324010513739,0.989410561930444,-6.31362413230169
1120,"Q9BV81|EMC6_HUMAN","ER membrane protein complex subunit 6 OS=Homo sapiens GN=EMC6 PE=1 SV=1",0.429407704763795,8.6713749713428,0.183524274944154,0.858509867536054,0.967572688733259,-6.29904285775888
71,"P05362|ICAM1_HUMAN","Intercellular adhesion molecule 1 OS=Homo sapiens GN=ICAM1 PE=1 SV=2",-0.0113227527022275,19.6178125038487,-0.0748849462191333,0.941966532654489,0.989758037313463,-6.31412752299182
422,"Q9Y385|UB2J1_HUMAN","Ubiquitin-conjugating enzyme E2 J1 OS=Homo sapiens GN=UBE2J1 PE=1 SV=2",-0.000974858085131203,13.4672721510051,-0.00611488651122946,0.995256261514412,0.997843582818175,-6.31712649174915
509,"Q9BU23|LMF2_HUMAN","Lipase maturation factor 2 OS=Homo sapiens GN=LMF2 PE=1 SV=2",-0.0441536689789377,11.9256429125019,-0.121806902806704,0.905764561371019,0.986405454533187,-6.30916299889442
388,"Q9NUT2|ABCB8_HUMAN","ATP-binding cassette sub-family B member 8, mitochondrial OS=Homo sapiens GN=ABCB8 PE=1 SV=3",0.00299000058339871,13.2954529659668,0.00982233385529476,0.99238022283582,0.995822998977488,-6.31709467065828
223,"Q96TC7|RMD3_HUMAN","Regulator of microtubule dynamics protein 3 OS=Homo sapiens GN=RMDN3 PE=1 SV=2",-0.0433880823897645,16.6369150828015,-0.30603445916623,0.766633540871151,0.932695170891345,-6.26697968709383
191,"O14672|ADA10_HUMAN","Disintegrin and metalloproteinase domain-containing protein 10 OS=Homo sapiens GN=ADAM10 PE=1 SV=1",0.0359410953332162,16.0128887782463,0.307607810070811,0.765474934537387,0.932695170891345,-6.26646535510054
393,"P08134|RHOC_HUMAN","Rho-related GTP-binding protein RhoC OS=Homo sapiens GN=RHOC PE=1 SV=1",0.0197392702095094,12.222397587489,0.090762362203692,0.929696282476903,0.988972549431232,-6.31271223203259
633,"Q15392|DHC24_HUMAN","Delta(24)-sterol reductase OS=Homo sapiens GN=DHCR24 PE=1 SV=2",0.103830513913387,14.2641028588827,0.5742545582967,0.580052701069834,0.818801433959309,-6.14286976206177
752,"Q9NRM0|GTR9_HUMAN","Solute carrier family 2, facilitated glucose transporter member 9 OS=Homo sapiens GN=SLC2A9 PE=1 SV=2",-3.94289151126101,8.9965538095845,-2.29626549026504,0.0476693566111199,0.421018668695158,-4.10741129141669
852,"Q16611|BAK_HUMAN","Bcl-2 homologous antagonist/killer OS=Homo sapiens GN=BAK1 PE=1 SV=1",-0.0310133689321592,12.5229967053848,-0.117074607947611,0.909406752009049,0.986667435848158,-6.3097708053243
651,"O75356|ENTP5_HUMAN","Ectonucleoside triphosphate diphosphohydrolase 5 OS=Homo sapiens GN=ENTPD5 PE=1 SV=1",0.0815555707759597,10.8163424887108,0.190119933723231,0.853491337583924,0.96340436837522,-6.29772098963448
102,"P63244|GBLP_HUMAN","Guanine nucleotide-binding protein subunit beta-2-like 1 OS=Homo sapiens GN=GNB2L1 PE=1 SV=3",0.00167477640007618,17.9483951999074,0.0126608005473518,0.990178369147496,0.99519184465715,-6.31706030180429
569,"O95070|YIF1A_HUMAN","Protein YIF1A OS=Homo sapiens GN=YIF1A PE=1 SV=2",0.0126189118758582,13.5985081091299,0.0667637314605291,0.948249191005217,0.990109269979445,-6.31474669370196
485,"Q9BV23|ABHD6_HUMAN","Monoacylglycerol lipase ABHD6 OS=Homo sapiens GN=ABHD6 PE=1 SV=1",-0.136708479615093,13.9994719770642,-0.609160615506475,0.557683137281465,0.803535977378151,-6.12149461116106
724,"Q9BW60|ELOV1_HUMAN","Elongation of very long chain fatty acids protein 1 OS=Homo sapiens GN=ELOVL1 PE=1 SV=1",0.123691418822789,13.377385795967,0.588332015186504,0.570971713302357,0.814567536733448,-6.13438915543937
43,"Q9NZ08|ERAP1_HUMAN","Endoplasmic reticulum aminopeptidase 1 OS=Homo sapiens GN=ERAP1 PE=1 SV=3",-0.0441431982247522,18.0770730721191,-0.174004459027878,0.865765161946103,0.973248196071424,-6.30086910165898
521,"Q99571|P2RX4_HUMAN","P2X purinoceptor 4 OS=Homo sapiens GN=P2RX4 PE=1 SV=2",0.406860442724184,13.5717361623701,0.792152817354368,0.448920479547296,0.742001421194602,-5.99097257066088
184,"Q14344|GNA13_HUMAN","Guanine nucleotide-binding protein subunit alpha-13 OS=Homo sapiens GN=GNA13 PE=1 SV=2",-0.0246453351565279,17.1590858247716,-0.252274233228274,0.806572714673839,0.947545438115157,-6.28299787011307
289,"Q9NVI7|ATD3A_HUMAN","ATPase family AAA domain-containing protein 3A OS=Homo sapiens GN=ATAD3A PE=1 SV=2",0.0677954057091021,14.6302946264343,0.344851744479553,0.738234953882402,0.918676923262326,-6.25353884533684
419,"Q96HS1|PGAM5_HUMAN","Serine/threonine-protein phosphatase PGAM5, mitochondrial OS=Homo sapiens GN=PGAM5 PE=1 SV=2",-0.067206586064918,15.7676637292336,-0.255402746168311,0.80423085100479,0.947545438115157,-6.28214885631344
320,"Q96S52|PIGS_HUMAN","GPI transamidase component PIG-S OS=Homo sapiens GN=PIGS PE=1 SV=3",0.215102150647473,14.1427442025226,0.722698362671177,0.488465870463114,0.764383277704339,-6.04408020851919
187,"P05026|AT1B1_HUMAN","Sodium/potassium-transporting ATPase subunit beta-1 OS=Homo sapiens GN=ATP1B1 PE=1 SV=1",-0.0577916357891901,17.8352548913441,-0.431197661644664,0.676605740299684,0.888484322738725,-6.21807935548907
215,"Q8NFQ8|TOIP2_HUMAN","Torsin-1A-interacting protein 2 OS=Homo sapiens GN=TOR1AIP2 PE=1 SV=1",0.0860626873589041,14.2588886612705,0.44930515821516,0.663979788864055,0.878975532855505,-6.20968217406664
425,"Q9Y3B3|TMED7_HUMAN","Transmembrane emp24 domain-containing protein 7 OS=Homo sapiens GN=TMED7 PE=1 SV=2",-0.206009933248438,15.7254609220759,-0.761482337814161,0.466115238609371,0.750063047386707,-6.01494917056007
214,"Q99523|SORT_HUMAN","Sortilin OS=Homo sapiens GN=SORT1 PE=1 SV=3",-0.0851861753436172,15.2371811494987,-0.539016178193459,0.603128309091257,0.837718431714988,-6.16326130522671
987,"Q969R2|OSBP2_HUMAN","Oxysterol-binding protein 2 OS=Homo sapiens GN=OSBP2 PE=1 SV=2",0.866100056583431,11.1732270418808,0.818086822661763,0.434715453655916,0.730121634804725,-5.97006203154252
415,"Q8NE86|MCU_HUMAN","Calcium uniporter protein, mitochondrial OS=Homo sapiens GN=MCU PE=1 SV=1",-0.226441292747696,13.6250989263384,-0.664941715979255,0.522984200054806,0.78481545974502,-6.08494859925058
749,"Q9Y3D6|FIS1_HUMAN","Mitochondrial fission 1 protein OS=Homo sapiens GN=FIS1 PE=1 SV=2",0.120941035077037,14.3811639848333,0.648352102956556,0.533166421386875,0.792670438041166,-6.09612122247207
1066,"Q9GZT6|CC90B_HUMAN","Coiled-coil domain-containing protein 90B, mitochondrial OS=Homo sapiens GN=CCDC90B PE=1 SV=2",0.0214310835085127,6.1797456927671,0.0158226230413994,0.98772578662534,0.99519184465715,-6.31701180086143
181,"Q9BWM7|SFXN3_HUMAN","Sideroflexin-3 OS=Homo sapiens GN=SFXN3 PE=1 SV=2",-0.0540229728882018,16.5353899832244,-0.355452337459559,0.730549957323076,0.915205615088329,-6.24959701570099
525,"O00194|RB27B_HUMAN","Ras-related protein Rab-27B OS=Homo sapiens GN=RAB27B PE=1 SV=4",-1.74854137427048,7.35393306081702,-1.0295675404019,0.330446172592034,0.660661150980601,-5.77886971346585
328,"P17813|EGLN_HUMAN","Endoglin OS=Homo sapiens GN=ENG PE=1 SV=2",-0.0178621338470215,15.6707042571337,-0.124858468635003,0.903417167470362,0.986405454533187,-6.30875833502886
709,"Q8NBZ7|UXS1_HUMAN","UDP-glucuronic acid decarboxylase 1 OS=Homo sapiens GN=UXS1 PE=1 SV=1",-2.16769519387372,9.71748639501836,-1.38698961029101,0.199276950028707,0.572117695243707,-5.38251510902956
302,"P08571|CD14_HUMAN","Monocyte differentiation antigen CD14 OS=Homo sapiens GN=CD14 PE=1 SV=2",0.516811790353481,14.4542701364061,1.20617844195628,0.258909171796774,0.605289248338956,-5.59341519565694
861,"Q99943|PLCA_HUMAN","1-acyl-sn-glycerol-3-phosphate acyltransferase alpha OS=Homo sapiens GN=AGPAT1 PE=1 SV=2",0.0248468539888442,10.6678639116569,0.0573856157362824,0.955508886414783,0.992922353705557,-6.31537344509613
587,"Q53GL0|PKHO1_HUMAN","Pleckstrin homology domain-containing family O member 1 OS=Homo sapiens GN=PLEKHO1 PE=1 SV=2",0.143182017010707,11.193055559906,0.295143974913277,0.774669923701718,0.932695170891345,-6.27046900886028
242,"P61006|RAB8A_HUMAN","Ras-related protein Rab-8A OS=Homo sapiens GN=RAB8A PE=1 SV=1",0.0891555824650396,16.4897567978096,0.665236030794483,0.522804622802035,0.78481545974502,-6.08474808546232
1072,"Q5VV42|CDKAL_HUMAN","Threonylcarbamoyladenosine tRNA methylthiotransferase OS=Homo sapiens GN=CDKAL1 PE=1 SV=1",-1.79014347795237,9.24995404368953,-1.18576850718024,0.266480425809838,0.605289248338956,-5.61594274497632
515,"Q8IWA4|MFN1_HUMAN","Mitofusin-1 OS=Homo sapiens GN=MFN1 PE=1 SV=2",-0.425517638355309,11.8547289589058,-0.806313299211036,0.441126132320894,0.732256721800967,-5.97962671733808
850,"P11169|GTR3_HUMAN","Solute carrier family 2, facilitated glucose transporter member 3 OS=Homo sapiens GN=SLC2A3 PE=1 SV=1",0.136564743207716,13.1538086739504,0.496656067891349,0.631497091056138,0.861889330169693,-6.18617242573308
254,"P51648|AL3A2_HUMAN","Fatty aldehyde dehydrogenase OS=Homo sapiens GN=ALDH3A2 PE=1 SV=1",0.0915588654361024,15.828682295774,0.628731055292602,0.545360172775597,0.796694090784552,-6.10900458139811
342,"Q13724|MOGS_HUMAN","Mannosyl-oligosaccharide glucosidase OS=Homo sapiens GN=MOGS PE=1 SV=5",-0.0627199725839116,14.9406862403551,-0.300515710576447,0.770702353619322,0.932695170891345,-6.26876337057254
1313,"Q9BPZ7|SIN1_HUMAN","Target of rapamycin complex 2 subunit MAPKAP1 OS=Homo sapiens GN=MAPKAP1 PE=1 SV=2",-0.00320295887922661,6.29319967257816,-0.00237530260449755,0.998157303377489,0.999020761252383,-6.31714359073817
360,"Q96D96|HVCN1_HUMAN","Voltage-gated hydrogen channel 1 OS=Homo sapiens GN=HVCN1 PE=1 SV=1",-0.0469630337965175,15.231470620535,-0.291642120611634,0.777260139384541,0.932873424551777,-6.27156468791204
954,"Q8N0U8|VKORL_HUMAN","Vitamin K epoxide reductase complex subunit 1-like protein 1 OS=Homo sapiens GN=VKORC1L1 PE=1 SV=2",0.140951401780402,11.6899321026727,0.422377443646209,0.682795170102505,0.893535815883654,-6.22204986190496
704,"Q9NW15|ANO10_HUMAN","Anoctamin-10 OS=Homo sapiens GN=ANO10 PE=1 SV=2",-0.220541633255367,11.4647264993588,-0.591481070814908,0.568951279464011,0.814567536733448,-6.13246614235125
81,"P16615|AT2A2_HUMAN","Sarcoplasmic/endoplasmic reticulum calcium ATPase 2 OS=Homo sapiens GN=ATP2A2 PE=1 SV=1",-0.0408006628511899,17.2079631864153,-0.285943772935247,0.781481256235202,0.93406385688443,-6.27332020354997
912,"P04035|HMDH_HUMAN","3-hydroxy-3-methylglutaryl-coenzyme A reductase OS=Homo sapiens GN=HMGCR PE=1 SV=1",0.0184901196031495,6.80017278651522,0.01218932957482,0.990544092762989,0.99519184465715,-6.31706661147512
734,"P24390|ERD21_HUMAN","ER lumen protein-retaining receptor 1 OS=Homo sapiens GN=KDELR1 PE=1 SV=1",-0.108233528220149,13.5495537277891,-0.393897509604388,0.702950441558252,0.9046870532624,-6.23433168470044
469,"Q9Y673|ALG5_HUMAN","Dolichyl-phosphate beta-glucosyltransferase OS=Homo sapiens GN=ALG5 PE=1 SV=1",-0.255606771037316,13.434071869024,-0.998193511486545,0.34461408349576,0.678268703007464,-5.80946268428802
549,"P61619|S61A1_HUMAN","Protein transport protein Sec61 subunit alpha isoform 1 OS=Homo sapiens GN=SEC61A1 PE=1 SV=2",-0.0475819860881277,15.1441290459233,-0.294786071283062,0.774934519456349,0.932695170891345,-6.27058157972107
655,"Q96GQ5|RUS1_HUMAN","RUS1 family protein C16orf58 OS=Homo sapiens GN=C16orf58 PE=1 SV=2",-0.0384413868399029,12.1210147219084,-0.162062964319034,0.87488485540148,0.976417192809584,-6.30302332626295
1049,"Q6PML9|ZNT9_HUMAN","Zinc transporter 9 OS=Homo sapiens GN=SLC30A9 PE=1 SV=1",-0.179476023241365,8.16184726662753,-0.0831897877696338,0.935546214425312,0.989410561930444,-6.31342102885899
879,"P19256|LFA3_HUMAN","Lymphocyte function-associated antigen 3 OS=Homo sapiens GN=CD58 PE=1 SV=1",0.085755281776251,14.213426689043,0.553833918160153,0.593365787290209,0.829135526442962,-6.15483304116704
196,"Q15738|NSDHL_HUMAN","Sterol-4-alpha-carboxylate 3-dehydrogenase, decarboxylating OS=Homo sapiens GN=NSDHL PE=1 SV=2",-0.0197860975154001,15.3840635448049,-0.183068834302285,0.858856656291319,0.967572688733259,-6.29913242597924
135,"P04839|CY24B_HUMAN","Cytochrome b-245 heavy chain OS=Homo sapiens GN=CYBB PE=1 SV=2",-0.0523329606640388,17.3770715181536,-0.212891980706419,0.836219459518621,0.95974952701521,-6.29280173798189
855,"Q96GE9|TM261_HUMAN","Transmembrane protein 261 OS=Homo sapiens GN=TMEM261 PE=4 SV=1",-0.100623041564207,12.6906928992279,-0.302403243287827,0.76930988754637,0.932695170891345,-6.26815688693751
226,"Q8IV08|PLD3_HUMAN","Phospholipase D3 OS=Homo sapiens GN=PLD3 PE=1 SV=1",-0.0940192913377942,16.7728012501793,-0.531113838216589,0.608369274448693,0.842973952739087,-6.16766878873836
888,"P13726|TF_HUMAN","Tissue factor OS=Homo sapiens GN=F3 PE=1 SV=1",0.354089011751459,12.3641655849886,0.887430169818297,0.398251773521826,0.708670070111423,-5.91135182610605
1055,"Q9BVK8|TM147_HUMAN","Transmembrane protein 147 OS=Homo sapiens GN=TMEM147 PE=1 SV=1",-0.616418087068629,11.8546289818889,-1.34440192350115,0.212160201975826,0.582222752471286,-5.43393846784714
700,"P21730|C5AR1_HUMAN","C5a anaphylatoxin chemotactic receptor 1 OS=Homo sapiens GN=C5AR1 PE=1 SV=2",-0.090047274556639,15.8374172484739,-0.722753639911068,0.488433536774499,0.764383277704339,-6.04403964494723
446,"P60033|CD81_HUMAN","CD81 antigen OS=Homo sapiens GN=CD81 PE=1 SV=1",-0.0825179567193324,15.601640548418,-0.380815933340497,0.712292521665085,0.908589207662036,-6.23969602877526
201,"Q9UGN4|CLM8_HUMAN","CMRF35-like molecule 8 OS=Homo sapiens GN=CD300A PE=1 SV=2",-0.0799117754854812,16.8148148584938,-0.402661807054986,0.696720783364794,0.901684503750634,-6.23063998983939
650,"Q99797|MIPEP_HUMAN","Mitochondrial intermediate peptidase OS=Homo sapiens GN=MIPEP PE=1 SV=2",-0.141950633651108,11.9008737801887,-0.359251267050743,0.727803563658597,0.915000422684894,-6.24815617568405
456,"Q9H3N1|TMX1_HUMAN","Thioredoxin-related transmembrane protein 1 OS=Homo sapiens GN=TMX1 PE=1 SV=1",0.0212255952836671,16.6084254636762,0.141250389851371,0.890825394090305,0.982540496627724,-6.30641397760712
750,"O75695|XRP2_HUMAN","Protein XRP2 OS=Homo sapiens GN=RP2 PE=1 SV=4",-0.0544597469393331,13.8309908532882,-0.394234874077769,0.702710204358705,0.9046870532624,-6.23419102952593
660,"A8MVS5|HIDE1_HUMAN","Protein HIDE1 OS=Homo sapiens GN=HIDE1 PE=2 SV=2",-0.141349741418711,12.1865273905551,-0.493608997146977,0.633563371422895,0.861889330169693,-6.18775240468286
284,"O15533|TPSN_HUMAN","Tapasin OS=Homo sapiens GN=TAPBP PE=1 SV=1",-0.0382653889324764,17.0105345746971,-0.309656970102762,0.763966870918909,0.932695170891345,-6.26579161199824
880,"Q3ZAQ7|VMA21_HUMAN","Vacuolar ATPase assembly integral membrane protein VMA21 OS=Homo sapiens GN=VMA21 PE=1 SV=1",-0.0427145085221809,13.8091655551103,-0.210789046332167,0.837810736633848,0.95974952701521,-6.29327908651435
717,"Q7KZN9|COX15_HUMAN","Cytochrome c oxidase assembly protein COX15 homolog OS=Homo sapiens GN=COX15 PE=1 SV=1",0.304948515240211,12.1015965884684,0.728510185164187,0.485073759741027,0.764383277704339,-6.03980035503487
9,"P13746|1A11_HUMAN","HLA class I histocompatibility antigen, A-11 alpha chain OS=Homo sapiens GN=HLA-A PE=1 SV=1",-0.0255633453892656,9.40330090776644,-0.0123578880688902,0.990413340385205,0.99519184465715,-6.31706438316217
371,"O75477|ERLN1_HUMAN","Erlin-1 OS=Homo sapiens GN=ERLIN1 PE=1 SV=1",0.157498097161227,14.4932153243375,0.799877353246641,0.444657316080564,0.736006458805741,-5.98480487067244
134,"Q969V3|NCLN_HUMAN","Nicalin OS=Homo sapiens GN=NCLN PE=1 SV=2",-0.0482991754097668,16.4960250572245,-0.41752952574209,0.686207867857514,0.896097633308289,-6.22419867409304
406,"P98194|AT2C1_HUMAN","Calcium-transporting ATPase type 2C member 1 OS=Homo sapiens GN=ATP2C1 PE=1 SV=3",-0.450785073478825,10.995000729991,-0.637317009712714,0.540004329580856,0.796694090784552,-6.10341126651552
202,"Q03519|TAP2_HUMAN","Antigen peptide transporter 2 OS=Homo sapiens GN=TAP2 PE=1 SV=1",0.0317361882126725,16.184432615406,0.207828908223939,0.840051976299302,0.960415154721633,-6.29394306527899
454,"Q6PI73|LIRA6_HUMAN","Leukocyte immunoglobulin-like receptor subfamily A member 6 OS=Homo sapiens GN=LILRA6 PE=2 SV=2",-0.0235403688356204,8.97280887596638,-0.0119260161025292,0.990748348047544,0.99519184465715,-6.31707003119163
4,"P05107|ITB2_HUMAN","Integrin beta-2 OS=Homo sapiens GN=ITGB2 PE=1 SV=2",-0.0155589065448325,22.1414285675892,-0.210870600839104,0.837749010249026,0.95974952701521,-6.29326066173146
314,"Q9H3U1|UN45A_HUMAN","Protein unc-45 homolog A OS=Homo sapiens GN=UNC45A PE=1 SV=1",-0.383681633389463,13.5771253975192,-0.970278427675283,0.357598943186025,0.681610346582517,-5.8360516638085
249,"P48426|PI42A_HUMAN","Phosphatidylinositol 5-phosphate 4-kinase type-2 alpha OS=Homo sapiens GN=PIP4K2A PE=1 SV=2",-0.0770324070623349,15.1595838575126,-0.326331768361837,0.751734862399299,0.927248670517712,-6.26014665562247
42,"Q9BSJ8|ESYT1_HUMAN","Extended synaptotagmin-1 OS=Homo sapiens GN=ESYT1 PE=1 SV=1",-0.0979499699296973,17.5011669063454,-0.550000092236205,0.59588349543181,0.831649221006761,-6.15703413884486
76,"P20701|ITAL_HUMAN","Integrin alpha-L OS=Homo sapiens GN=ITGAL PE=1 SV=3",-0.105469215253223,17.8352635651642,-0.964063037400772,0.360538832455253,0.681610346582517,-5.84188968370436
69,"P33121|ACSL1_HUMAN","Long-chain-fatty-acid--CoA ligase 1 OS=Homo sapiens GN=ACSL1 PE=1 SV=1",0.00497170103675515,18.7050681571318,0.0366845347460554,0.97154818350866,0.993004636324664,-6.31642192150054
687,"Q00765|REEP5_HUMAN","Receptor expression-enhancing protein 5 OS=Homo sapiens GN=REEP5 PE=1 SV=3",0.0148868013932173,16.1035164733078,0.0811019246924026,0.937159857734378,0.989410561930444,-6.31360561876885
1246,"Q96D71|REPS1_HUMAN","RalBP1-associated Eps domain-containing protein 1 OS=Homo sapiens GN=REPS1 PE=1 SV=3",-1.73336017864441,7.41565799135778,-0.75364706679691,0.470576186016076,0.753052070844537,-6.02094200980767
62,"P23229|ITA6_HUMAN","Integrin alpha-6 OS=Homo sapiens GN=ITGA6 PE=1 SV=5",-0.119626186276935,16.9736492921955,-0.480463315929378,0.642516154068204,0.86844765216929,-6.19446330519806
12,"P07355|ANXA2_HUMAN","Annexin A2 OS=Homo sapiens GN=ANXA2 PE=1 SV=2",-9.78002893603502e-06,20.2842673118093,-9.82828234211566e-05,0.999923754718415,0.999923754718415,-6.31714662410161
391,"Q99467|CD180_HUMAN","CD180 antigen OS=Homo sapiens GN=CD180 PE=1 SV=2",-0.285572936721071,13.93198105358,-1.12467571826671,0.290214809536263,0.631162659085445,-5.68170560577686
345,"Q9UH62|ARMX3_HUMAN","Armadillo repeat-containing X-linked protein 3 OS=Homo sapiens GN=ARMCX3 PE=1 SV=1",-0.801758602143838,14.4432113636661,-1.02387356739819,0.334348795575599,0.664676213884824,-5.78321434533916
185,"P10644|KAP0_HUMAN","cAMP-dependent protein kinase type I-alpha regulatory subunit OS=Homo sapiens GN=PRKAR1A PE=1 SV=1",-0.154390407255502,16.4353577674638,-0.645419416022077,0.534978629616012,0.792670438041166,-6.09806970802839
394,"P20645|MPRD_HUMAN","Cation-dependent mannose-6-phosphate receptor OS=Homo sapiens GN=M6PR PE=1 SV=1",0.104273775788208,17.0724042170923,0.523608691390512,0.613368829871089,0.847870652521924,-6.17179828202504
426,"P00403|COX2_HUMAN","Cytochrome c oxidase subunit 2 OS=Homo sapiens GN=MT-CO2 PE=1 SV=1",0.0115617574114779,16.1802674490541,0.0718764881882663,0.94429343698771,0.989758037313463,-6.31436516045453
555,"Q15758|AAAT_HUMAN","Neutral amino acid transporter B(0) OS=Homo sapiens GN=SLC1A5 PE=1 SV=2",-0.0304544609514288,14.3111778228379,-0.201586036454536,0.844783687649239,0.96340436837522,-6.29531289889725
873,"O15120|PLCB_HUMAN","1-acyl-sn-glycerol-3-phosphate acyltransferase beta OS=Homo sapiens GN=AGPAT2 PE=1 SV=1",-0.0641430227446538,11.672486719365,-0.224951268339584,0.827109719767451,0.959661472324459,-6.28997388908801
219,"Q7Z2K6|ERMP1_HUMAN","Endoplasmic reticulum metallopeptidase 1 OS=Homo sapiens GN=ERMP1 PE=1 SV=2",0.0255306298394764,15.7714318088216,0.15712155569682,0.878664411393979,0.978262386449743,-6.30387023995505
816,"Q9BUN8|DERL1_HUMAN","Derlin-1 OS=Homo sapiens GN=DERL1 PE=1 SV=1",-0.105627252511576,12.8799953092203,-0.588412834894754,0.570919809163846,0.814567536733448,-6.13433992016968
579,"Q8N2F6|ARM10_HUMAN","Armadillo repeat-containing protein 10 OS=Homo sapiens GN=ARMC10 PE=1 SV=1",-0.139797119565861,13.4448537380525,-0.595561165376661,0.566339477910553,0.81297118603289,-6.12996051186589
386,"Q9UEU0|VTI1B_HUMAN","Vesicle transport through interaction with t-SNAREs homolog 1B OS=Homo sapiens GN=VTI1B PE=1 SV=3",0.030240166400489,14.3209574643411,0.141547699665079,0.890597297183572,0.982540496627724,-6.30636880154766
73,"Q6PIU2|NCEH1_HUMAN","Neutral cholesterol ester hydrolase 1 OS=Homo sapiens GN=NCEH1 PE=1 SV=3",-0.0531719934569601,19.6257589561522,-0.395222178741131,0.702007345648177,0.9046870532624,-6.2337787317925
5,"Q13349|ITAD_HUMAN","Integrin alpha-D OS=Homo sapiens GN=ITGAD PE=1 SV=2",-0.00756865826504338,17.5007001580441,-0.059803458234306,0.953636765551862,0.992922353705557,-6.31522090899657
211,"Q9HCU5|PREB_HUMAN","Prolactin regulatory element-binding protein OS=Homo sapiens GN=PREB PE=1 SV=2",-0.061229842904293,14.3261524484907,-0.294022188709405,0.775499355572579,0.932695170891345,-6.27082139474636
545,"P01137|TGFB1_HUMAN","Transforming growth factor beta-1 OS=Homo sapiens GN=TGFB1 PE=1 SV=2",-0.0129260144069701,12.0879459613028,-0.0492747135321916,0.96179114990211,0.993004636324664,-6.31583920121795
684,"Q8IY95|TM192_HUMAN","Transmembrane protein 192 OS=Homo sapiens GN=TMEM192 PE=1 SV=1",-0.0373760088846247,14.1958882556877,-0.217992362187905,0.832363322674318,0.959661472324459,-6.29162452062766
978,"Q96S97|MYADM_HUMAN","Myeloid-associated differentiation marker OS=Homo sapiens GN=MYADM PE=1 SV=2",-1.26778691207357,12.5938687025987,-1.277506295583,0.234098327811267,0.593256634837707,-5.51245081109075
1132,"Q7Z3C6|ATG9A_HUMAN","Autophagy-related protein 9A OS=Homo sapiens GN=ATG9A PE=1 SV=3",0.0548183365001762,7.56788806779914,0.0321045005376543,0.975098915154239,0.993936083403373,-6.31659157344148
280,"Q9HDC9|APMAP_HUMAN","Adipocyte plasma membrane-associated protein OS=Homo sapiens GN=APMAP PE=1 SV=2",-0.0688009486746992,16.699124665207,-0.567024589430965,0.584747372166586,0.82205675528158,-6.14715135426927
858,"P00813|ADA_HUMAN","Adenosine deaminase OS=Homo sapiens GN=ADA PE=1 SV=3",-1.99757131147107,9.34290312545808,-1.32838845086188,0.217184383901707,0.583884522328452,-5.45300583989481
275,"Q9NZQ7|PD1L1_HUMAN","Programmed cell death 1 ligand 1 OS=Homo sapiens GN=CD274 PE=1 SV=1",0.0669034740143815,17.8488827788937,0.430197775979132,0.67730611292615,0.888484322738725,-6.21853341496424
763,"Q8N8V2|GBP7_HUMAN","Guanylate-binding protein 7 OS=Homo sapiens GN=GBP7 PE=2 SV=2",-0.217193591248423,11.4697736402268,-0.58226355917568,0.574876540571064,0.818120734859436,-6.13806821629008
370,"P12318|FCG2A_HUMAN","Low affinity immunoglobulin gamma Fc region receptor II-a OS=Homo sapiens GN=FCGR2A PE=1 SV=4",-0.00763911787708338,15.4863436329149,-0.0439938462001342,0.965882952496266,0.993004636324664,-6.31610439374016
267,"Q9Y696|CLIC4_HUMAN","Chloride intracellular channel protein 4 OS=Homo sapiens GN=CLIC4 PE=1 SV=4",-0.194938830630269,15.0696154412909,-1.23867872827855,0.247215525868054,0.599799304843488,-5.55698435246025
542,"O15260|SURF4_HUMAN","Surfeit locus protein 4 OS=Homo sapiens GN=SURF4 PE=1 SV=3",-0.137657573270777,15.3117383810151,-0.812970975103412,0.437493230083968,0.730121634804725,-5.97423268661994
290,"Q10588|BST1_HUMAN","ADP-ribosyl cyclase/cyclic ADP-ribose hydrolase 2 OS=Homo sapiens GN=BST1 PE=1 SV=2",-0.0769868372238101,16.6848062750046,-0.378042737508852,0.714279583394459,0.908589207662036,-6.24081073621171
813,"Q9NX47|MARH5_HUMAN","E3 ubiquitin-protein ligase MARCH5 OS=Homo sapiens GN=MARCH5 PE=1 SV=1",-0.133730379184565,12.5458641570781,-0.57349347337441,0.580545920146642,0.818801433959309,-6.14332284408931
224,"Q03405|UPAR_HUMAN","Urokinase plasminogen activator surface receptor OS=Homo sapiens GN=PLAUR PE=1 SV=1",0.184025813153941,16.1328902062294,0.615221765667455,0.553849597449238,0.80100498031096,-6.11766495781207
26,"Q15155|NOMO1_HUMAN","Nodal modulator 1 OS=Homo sapiens GN=NOMO1 PE=1 SV=5",0.00193020603798288,17.1997343774933,0.0161900938769215,0.987440752851079,0.99519184465715,-6.31700546561738
428,"P01111|RASN_HUMAN","GTPase NRas OS=Homo sapiens GN=NRAS PE=1 SV=1",-0.137423423601817,11.692858362676,-0.477231916285113,0.644726345089895,0.869403707772737,-6.19608666876365
518,"Q9BQA9|CQ062_HUMAN","Uncharacterized protein C17orf62 OS=Homo sapiens GN=C17orf62 PE=1 SV=1",0.0189231934084013,13.6039486494202,0.0880138558044221,0.931819049430564,0.988972549431232,-6.31297661537014
1020,"O00220|TR10A_HUMAN","Tumor necrosis factor receptor superfamily member 10A OS=Homo sapiens GN=TNFRSF10A PE=1 SV=3",-2.36201131074462,10.4127543990506,-1.52147201046505,0.162929403084647,0.570813142796986,-5.21373045105423
183,"P31689|DNJA1_HUMAN","DnaJ homolog subfamily A member 1 OS=Homo sapiens GN=DNAJA1 PE=1 SV=2",-0.1281781092154,15.2906930993505,-0.521081833512307,0.615056888354356,0.848646091506648,-6.17317620980691
1222,"Q8NE00|TM104_HUMAN","Transmembrane protein 104 OS=Homo sapiens GN=TMEM104 PE=1 SV=2",-1.69800060509043,7.71007514627538,-0.961752623238702,0.361636198375941,0.682566201502388,-5.84405213339344
26,"Q5JPE7|NOMO2_HUMAN","Nodal modulator 2 OS=Homo sapiens GN=NOMO2 PE=1 SV=1",-0.00362209718517903,17.2227140200728,-0.0306239765918106,0.976246839009671,0.993936083403373,-6.31664158396118
26,"P69849|NOMO3_HUMAN","Nodal modulator 3 OS=Homo sapiens GN=NOMO3 PE=3 SV=2",-0.00362209718517903,17.2227140200728,-0.0306239765918106,0.976246839009671,0.993936083403373,-6.31664158396118
20,"Q13733|AT1A4_HUMAN","Sodium/potassium-transporting ATPase subunit alpha-4 OS=Homo sapiens GN=ATP1A4 PE=1 SV=3",-0.120519549016402,15.3808657011611,-0.636376813946698,0.540589303225671,0.796694090784552,-6.10402712356182
78,"P63010|AP2B1_HUMAN","AP-2 complex subunit beta OS=Homo sapiens GN=AP2B1 PE=1 SV=1",-0.150331183425262,16.7111413125256,-0.808467949242244,0.439948181265753,0.732256721800967,-5.97788519079411
1307,"A4D1S5|RAB19_HUMAN","Ras-related protein Rab-19 OS=Homo sapiens GN=RAB19 PE=2 SV=2",4.21852436033208,7.40243426064786,1.77989411244739,0.109255883297093,0.486188680672062,-4.86593830517742
237,"P84095|RHOG_HUMAN","Rho-related GTP-binding protein RhoG OS=Homo sapiens GN=RHOG PE=1 SV=1",-0.137833758917175,16.5382993898082,-1.27978338448109,0.233052387650287,0.593256634837707,-5.50995160871707
312,"Q6UW02|CP20A_HUMAN","Cytochrome P450 20A1 OS=Homo sapiens GN=CYP20A1 PE=1 SV=1",-0.222165140235257,14.0403063486115,-0.958997274802253,0.362948108559636,0.683339160759115,-5.84662556245111
56,"Q6DD88|ATLA3_HUMAN","Atlastin-3 OS=Homo sapiens GN=ATL3 PE=1 SV=1",-0.100713740192823,17.7044429219212,-0.842428229429625,0.421663295154583,0.725809788974884,-5.94991271895869
998,"Q07817|B2CL1_HUMAN","Bcl-2-like protein 1 OS=Homo sapiens GN=BCL2L1 PE=1 SV=1",-0.303334568073774,11.2241431663443,-0.769246277821002,0.461722237084215,0.750057812909378,-6.00895753650775
842,"Q9NXE4|NSMA3_HUMAN","Sphingomyelin phosphodiesterase 4 OS=Homo sapiens GN=SMPD4 PE=1 SV=2",-0.168585020412971,9.75740566279407,-0.239516724111945,0.816143312413159,0.953815972183864,-6.2863531818632
1170,"Q969E2|SCAM4_HUMAN","Secretory carrier-associated membrane protein 4 OS=Homo sapiens GN=SCAMP4 PE=2 SV=1",-0.215644823734149,12.212531520309,-0.876208331993524,0.404002214626266,0.709814930989338,-5.921124730893
175,"Q8N766|EMC1_HUMAN","ER membrane protein complex subunit 1 OS=Homo sapiens GN=EMC1 PE=1 SV=1",-0.160324238485597,15.5781681393935,-0.880484124981526,0.401804292128862,0.708670070111423,-5.91741324156803
114,"P22897|MRC1_HUMAN","Macrophage mannose receptor 1 OS=Homo sapiens GN=MRC1 PE=1 SV=1",-0.25489320051544,16.27275178855,-0.875910522477535,0.404155614957763,0.709814930989338,-5.92138267463504
922,"Q96BI1|S22AI_HUMAN","Solute carrier family 22 member 18 OS=Homo sapiens GN=SLC22A18 PE=1 SV=3",-0.108235448990975,11.716934776384,-0.323937946564799,0.753486470529857,0.927248670517712,-6.26097480757099
1168,"Q8N6I4|TM251_HUMAN","Transmembrane protein 251 OS=Homo sapiens GN=TMEM251 PE=2 SV=4",2.10987416798092,8.28301124729925,1.0566970242912,0.318556028637295,0.648315847048952,-5.75182239507491
311,"Q969X5|ERGI1_HUMAN","Endoplasmic reticulum-Golgi intermediate compartment protein 1 OS=Homo sapiens GN=ERGIC1 PE=1 SV=1",-0.149191759842155,15.3628003596703,-1.04552069864168,0.323413934353868,0.650765081821609,-5.76303076778645
570,"Q9NRK6|ABCBA_HUMAN","ATP-binding cassette sub-family B member 10, mitochondrial OS=Homo sapiens GN=ABCB10 PE=1 SV=2",-0.353953454117429,13.1388725672991,-0.705376168033114,0.498664932331616,0.771330650678716,-6.05665593987564
300,"Q13557|KCC2D_HUMAN","Calcium/calmodulin-dependent protein kinase type II subunit delta OS=Homo sapiens GN=CAMK2D PE=1 SV=3",-0.330258947462548,15.6159851092623,-0.674275149612216,0.517307550110932,0.783409470521398,-6.07855090619729
1087,"Q8NC44|F134A_HUMAN","Protein FAM134A OS=Homo sapiens GN=FAM134A PE=1 SV=3",-1.10186517459084,7.04666640009449,-0.479222504227592,0.643364397333141,0.86857947224556,-6.19508788202906
669,"A6NI73|LIRA5_HUMAN","Leukocyte immunoglobulin-like receptor subfamily A member 5 OS=Homo sapiens GN=LILRA5 PE=1 SV=1",-1.29290472824021,9.48666356171585,-0.861472443743276,0.411641748068027,0.718355207412832,-5.93379990995344
1161,"Q9Y672|ALG6_HUMAN","Dolichyl pyrophosphate Man9GlcNAc2 alpha-1,3-glucosyltransferase OS=Homo sapiens GN=ALG6 PE=1 SV=1",-1.57401364867285,8.78769148185653,-1.06085823926971,0.316761725549258,0.648315847048952,-5.74762583722995
192,"P42166|LAP2A_HUMAN","Lamina-associated polypeptide 2, isoform alpha OS=Homo sapiens GN=TMPO PE=1 SV=2",3.291113435776,8.55987254932028,2.27309309855444,0.0495008735221274,0.426226784568813,-4.14265906664522
34,"P78324|SHPS1_HUMAN","Tyrosine-protein phosphatase non-receptor type substrate 1 OS=Homo sapiens GN=SIRPA PE=1 SV=2",0.00294511461734359,18.7863885001309,0.0152903583703165,0.988138648248069,0.99519184465715,-6.31702071928147
500,"Q6Y288|B3GLT_HUMAN","Beta-1,3-glucosyltransferase OS=Homo sapiens GN=B3GLCT PE=1 SV=2",-0.308087989028635,13.1099160034124,-1.11047495516189,0.295965397037882,0.632398288897071,-5.69662437622885
1094,"Q8N8Q9|NIPA2_HUMAN","Magnesium transporter NIPA2 OS=Homo sapiens GN=NIPA2 PE=2 SV=1",-1.52345936630221,8.07980517025077,-1.09379850293023,0.302832530438175,0.635893353388327,-5.71396275357138
517,"P53680|AP2S1_HUMAN","AP-2 complex subunit sigma OS=Homo sapiens GN=AP2S1 PE=1 SV=2",-0.0340729708665215,14.9580556760447,-0.131274422422242,0.898485011375443,0.985352756551079,-6.30787499135681
628,"Q0JRZ9|FCHO2_HUMAN","F-BAR domain only protein 2 OS=Homo sapiens GN=FCHO2 PE=1 SV=2",-0.0607785658875937,12.0363552305606,-0.143748296088748,0.88890932633466,0.982540496627724,-6.30603148256671
636,"Q99829|CPNE1_HUMAN","Copine-1 OS=Homo sapiens GN=CPNE1 PE=1 SV=1",-0.434499260363994,13.7764800233569,-1.35710224320307,0.20824596504295,0.582222752471286,-5.41871080561024
220,"P46977|STT3A_HUMAN","Dolichyl-diphosphooligosaccharide--protein glycosyltransferase subunit STT3A OS=Homo sapiens GN=STT3A PE=1 SV=2",-0.137060036806488,15.8902820937464,-1.06507378820821,0.314951951828469,0.648237035838578,-5.74336159215282
379,"Q9H553|ALG2_HUMAN","Alpha-1,3/1,6-mannosyltransferase ALG2 OS=Homo sapiens GN=ALG2 PE=1 SV=1",-0.148733077686666,14.6267491045722,-0.974586862269981,0.355571482726507,0.681610346582517,-5.83198717522545
166,"A1L0T0|ILVBL_HUMAN","Acetolactate synthase-like protein OS=Homo sapiens GN=ILVBL PE=1 SV=2",-0.0799011858303373,14.9140520247446,-0.354632226297258,0.731143383100228,0.915205615088329,-6.24990611173424
152,"P49257|LMAN1_HUMAN","Protein ERGIC-53 OS=Homo sapiens GN=LMAN1 PE=1 SV=2",-0.0913343298378191,16.0163058019104,-0.684727948132553,0.510994843239265,0.777294551316712,-6.07129081785778
720,"O75427|LRCH4_HUMAN","Leucine-rich repeat and calponin homology domain-containing protein 4 OS=Homo sapiens GN=LRCH4 PE=1 SV=2",-0.626829216941658,12.4388766226232,-0.912365326247404,0.385682632212142,0.699427594779699,-5.88926752630864
256,"P54709|AT1B3_HUMAN","Sodium/potassium-transporting ATPase subunit beta-3 OS=Homo sapiens GN=ATP1B3 PE=1 SV=1",-0.158528552925898,18.2614166612643,-1.59992909411863,0.144543797846159,0.559321652535137,-5.11114590057234
252,"O14880|MGST3_HUMAN","Microsomal glutathione S-transferase 3 OS=Homo sapiens GN=MGST3 PE=1 SV=1",-0.136716183616464,17.7919153434161,-0.863212534632328,0.410734410176375,0.717854550716111,-5.93231254773642
421,"Q9H3Z4|DNJC5_HUMAN","DnaJ homolog subfamily C member 5 OS=Homo sapiens GN=DNAJC5 PE=1 SV=1",-0.061934459276797,13.7697246169635,-0.312982155600024,0.761521969478183,0.932695170891345,-6.26468901721979
89,"O94804|STK10_HUMAN","Serine/threonine-protein kinase 10 OS=Homo sapiens GN=STK10 PE=1 SV=1",-0.19123081596857,16.2585950403291,-0.964059206316708,0.360540650050562,0.681610346582517,-5.8418932728896
675,"P08637|FCG3A_HUMAN","Low affinity immunoglobulin gamma Fc region receptor III-A OS=Homo sapiens GN=FCGR3A PE=1 SV=2",-0.0981571002511341,15.5246831332763,-0.273062957030218,0.791050627770218,0.938263149414163,-6.27716313042878
887,"Q86YN1|DOPP1_HUMAN","Dolichyldiphosphatase 1 OS=Homo sapiens GN=DOLPP1 PE=2 SV=1",-0.691374995723693,9.65813841169727,-0.766065182284629,0.463518873146245,0.750057812909378,-6.01141887872373
455,"Q9Y666|S12A7_HUMAN","Solute carrier family 12 member 7 OS=Homo sapiens GN=SLC12A7 PE=1 SV=3",-0.383252383705814,12.5747218752454,-0.941260920637876,0.371476773339441,0.687452830093717,-5.86304799785087
255,"Q96CW1|AP2M1_HUMAN","AP-2 complex subunit mu OS=Homo sapiens GN=AP2M1 PE=1 SV=2",-0.0861844067685755,15.8141816386961,-0.660967293844877,0.525412853227841,0.785403967938775,-6.08764849195124
414,"P09543|CN37_HUMAN","2',3'-cyclic-nucleotide 3'-phosphodiesterase OS=Homo sapiens GN=CNP PE=1 SV=2",-0.0769198636629476,13.5384044228972,-0.375377669036481,0.716191320127724,0.908589207662036,-6.24187455441272
392,"P48664|EAA4_HUMAN","Excitatory amino acid transporter 4 OS=Homo sapiens GN=SLC1A6 PE=2 SV=1",-0.395822314447875,10.8159529808851,-0.669395463739416,0.520270717130124,0.784815149569169,-6.08190575301513
1243,"P56749|CLD12_HUMAN","Claudin-12 OS=Homo sapiens GN=CLDN12 PE=1 SV=1",1.47257522282959,5.40450995647545,0.901231902803557,0.391259156756131,0.703653938244563,-5.89919057386137
1000,"Q86Y07|VRK2_HUMAN","Serine/threonine-protein kinase VRK2 OS=Homo sapiens GN=VRK2 PE=1 SV=3",1.42285020392563,5.4502174399771,0.659537208800464,0.526288394845478,0.785697642369314,-6.08861639749542
82,"O60488|ACSL4_HUMAN","Long-chain-fatty-acid--CoA ligase 4 OS=Homo sapiens GN=ACSL4 PE=1 SV=2",-0.339130007350423,16.4878202678002,-1.26843838252762,0.236892450557494,0.593256634837707,-5.52303766264108
1263,"O14681|EI24_HUMAN","Etoposide-induced protein 2.4 homolog OS=Homo sapiens GN=EI24 PE=1 SV=4",-0.0840663078510726,9.61267967286087,-0.114699326984574,0.911235727720547,0.987091694552569,-6.31006683340167
178,"P61421|VA0D1_HUMAN","V-type proton ATPase subunit d 1 OS=Homo sapiens GN=ATP6V0D1 PE=1 SV=1",-0.108559589106793,17.9862207210484,-1.27374827721945,0.235088653958381,0.593256634837707,-5.51692274242473
354,"P78410|BT3A2_HUMAN","Butyrophilin subfamily 3 member A2 OS=Homo sapiens GN=BTN3A2 PE=1 SV=2",-0.250388397923896,12.9232494661137,-0.858778021073731,0.413049462027607,0.719726246334248,-5.93609801975211
68,"Q8NHL6|LIRB1_HUMAN","Leukocyte immunoglobulin-like receptor subfamily B member 1 OS=Homo sapiens GN=LILRB1 PE=1 SV=1",-0.0618307581408519,14.3898621239416,-0.240227418057082,0.81560928808112,0.953815972183864,-6.28617078073112
217,"O75396|SC22B_HUMAN","Vesicle-trafficking protein SEC22b OS=Homo sapiens GN=SEC22B PE=1 SV=4",-0.147204053562653,17.9476799500238,-1.50191951053112,0.167823155351027,0.570813142796986,-5.23884293683139
57,"P08195|4F2_HUMAN","4F2 cell-surface antigen heavy chain OS=Homo sapiens GN=SLC3A2 PE=1 SV=3",-0.190897901861675,19.0729471406071,-2.13349486175524,0.0620847112914906,0.435992770226613,-4.35311741825622
538,"Q9H4A6|GOLP3_HUMAN","Golgi phosphoprotein 3 OS=Homo sapiens GN=GOLPH3 PE=1 SV=1",-0.147681783282135,12.0819667078443,-0.462263094710311,0.655012613314438,0.872786208417354,-6.20347085558873
161,"Q9Y286|SIGL7_HUMAN","Sialic acid-binding Ig-like lectin 7 OS=Homo sapiens GN=SIGLEC7 PE=1 SV=1",-0.160294756581253,15.9560143609998,-1.43813013946414,0.18469935836379,0.570813142796986,-5.31944048924861
1314,"Q9UNP4|SIAT9_HUMAN","Lactosylceramide alpha-2,3-sialyltransferase OS=Homo sapiens GN=ST3GAL5 PE=1 SV=4",1.34855655121777,5.47299633446911,0.609330645348089,0.557575390410689,0.803535977378151,-6.12138765400072
250,"P49961|ENTP1_HUMAN","Ectonucleoside triphosphate diphosphohydrolase 1 OS=Homo sapiens GN=ENTPD1 PE=1 SV=1",-0.125400051207542,17.04342635642,-0.846841657310453,0.419325953561969,0.724270180954075,-5.94620571042593
480,"Q13190|STX5_HUMAN","Syntaxin-5 OS=Homo sapiens GN=STX5 PE=1 SV=2",-0.26297418085176,14.3241350908087,-0.943138124707649,0.370567235164022,0.687452830093717,-5.86132161033045
319,"Q9H4M9|EHD1_HUMAN","EH domain-containing protein 1 OS=Homo sapiens GN=EHD1 PE=1 SV=2",-0.0657911289459712,14.0553122372136,-0.195023656161078,0.849764678369153,0.96340436837522,-6.29670821969906
931,"P20138|CD33_HUMAN","Myeloid cell surface antigen CD33 OS=Homo sapiens GN=CD33 PE=1 SV=2",-0.0200020029755308,13.9291575350304,-0.0551314282141904,0.957254550720621,0.992922353705557,-6.3155099912313
591,"Q8N1S5|S39AB_HUMAN","Zinc transporter ZIP11 OS=Homo sapiens GN=SLC39A11 PE=2 SV=3",0.115536344620494,14.0092727783267,0.470768776360092,0.649158045100456,0.870308062782419,-6.199302380892
1019,"Q2TAA5|ALG11_HUMAN","GDP-Man:Man(3)GlcNAc(2)-PP-Dol alpha-1,2-mannosyltransferase OS=Homo sapiens GN=ALG11 PE=1 SV=2",-1.67934495402652,9.68943187460045,-1.05605243281957,0.318834673267808,0.648315847048952,-5.75247132791224
21,"P10321|1C07_HUMAN","HLA class I histocompatibility antigen, Cw-7 alpha chain OS=Homo sapiens GN=HLA-C PE=1 SV=3",-0.0701116213110957,8.27736936259868,-0.0386480568162288,0.970026135660132,0.993004636324664,-6.31634227294525
576,"Q9BZD2|S29A3_HUMAN","Equilibrative nucleoside transporter 3 OS=Homo sapiens GN=SLC29A3 PE=1 SV=3",-0.582605214617088,12.1126707371414,-1.33321578311705,0.215659327652111,0.583884522328452,-5.44727360274576
1284,"Q5BJF2|TMM97_HUMAN","Transmembrane protein 97 OS=Homo sapiens GN=TMEM97 PE=1 SV=1",1.76476516248466,7.62544676531054,0.730908068093829,0.483678600607936,0.764383277704339,-6.03802571742628
247,"P21757|MSRE_HUMAN","Macrophage scavenger receptor types I and II OS=Homo sapiens GN=MSR1 PE=1 SV=1",-0.156537581972911,15.6494980405207,-0.341750180997054,0.740489340602519,0.919255544074157,-6.25467021547616
1317,"Q9HBM0|VEZA_HUMAN","Vezatin OS=Homo sapiens GN=VEZT PE=1 SV=3",-0.135539438006635,16.4376520985043,-0.617158304224168,0.552627986295563,0.80100498031096,-6.11643406461987
304,"P51151|RAB9A_HUMAN","Ras-related protein Rab-9A OS=Homo sapiens GN=RAB9A PE=1 SV=1",0.0130438299360804,14.6847554930552,0.0585872114419063,0.954578461236513,0.992922353705557,-6.31529842532187
229,"Q8N423|LIRB2_HUMAN","Leukocyte immunoglobulin-like receptor subfamily B member 2 OS=Homo sapiens GN=LILRB2 PE=1 SV=4",-1.9524800055168,9.80798965757741,-1.30329827085624,0.225258246759673,0.590983654197148,-5.4825781708447
738,"P10301|RRAS_HUMAN","Ras-related protein R-Ras OS=Homo sapiens GN=RRAS PE=1 SV=1",-0.259896530942218,13.1074867680023,-1.50144924703154,0.167942437848997,0.570813142796986,-5.23944461992576
839,"Q9UHQ4|BAP29_HUMAN","B-cell receptor-associated protein 29 OS=Homo sapiens GN=BCAP29 PE=1 SV=2",-2.6315561573194,11.055732181932,-1.48496988653153,0.172169878690799,0.570813142796986,-5.26046001649363
8,"P30443|1A01_HUMAN","HLA class I histocompatibility antigen, A-1 alpha chain OS=Homo sapiens GN=HLA-A PE=1 SV=1",-0.0611060961784826,9.40782537933549,-0.0295521513446291,0.977077914730071,0.993936083403373,-6.31667631624822
145,"P09769|FGR_HUMAN","Tyrosine-protein kinase Fgr OS=Homo sapiens GN=FGR PE=1 SV=2",-0.191034322536019,16.2697342581041,-0.94932792083115,0.367579696907916,0.684976960139819,-5.85560935605989
17,"P30484|1B46_HUMAN","HLA class I histocompatibility antigen, B-46 alpha chain OS=Homo sapiens GN=HLA-B PE=1 SV=1",0.672270276951492,8.57523763159601,0.378036565015757,0.714284008685505,0.908589207662036,-6.24081320850412
47,"P01912|2B13_HUMAN","HLA class II histocompatibility antigen, DRB1-3 chain OS=Homo sapiens GN=HLA-DRB1 PE=1 SV=2",-0.0807557945384989,8.9841761243823,-0.0408459455301223,0.968322568390106,0.993004636324664,-6.31624819428432
11,"P08575|PTPRC_HUMAN","Receptor-type tyrosine-protein phosphatase C OS=Homo sapiens GN=PTPRC PE=1 SV=2",-0.180503964103096,20.6236299530734,-2.77502704681141,0.0218505515041906,0.313787144771568,-3.36748818293619
2,"Q9NZM1|MYOF_HUMAN","Myoferlin OS=Homo sapiens GN=MYOF PE=1 SV=1",-0.159641709412046,19.1561796981584,-1.47368453731147,0.175118591417985,0.570813142796986,-5.2747732335434
8,"P30455|1A36_HUMAN","HLA class I histocompatibility antigen, A-36 alpha chain OS=Homo sapiens GN=HLA-A PE=1 SV=1",-0.0638309554501628,9.40918780897133,-0.0308673712122345,0.976058119002452,0.993936083403373,-6.31663352446042
945,"Q8ND76|CCNY_HUMAN","Cyclin-Y OS=Homo sapiens GN=CCNY PE=1 SV=2",-0.0622131419901564,10.6315808297701,-0.12004817118127,0.907117894229309,0.986405454533187,-6.30939168930926
550,"P48651|PTSS1_HUMAN","Phosphatidylserine synthase 1 OS=Homo sapiens GN=PTDSS1 PE=1 SV=1",-0.389341953979535,12.5330605810815,-1.11726121453124,0.293206200670099,0.632398288897071,-5.68951260146791
305,"Q9NQ25|SLAF7_HUMAN","SLAM family member 7 OS=Homo sapiens GN=SLAMF7 PE=1 SV=1",-0.0827281047168462,16.6254099068351,-0.510691286053453,0.622023413382181,0.8567632015276,-6.1787764708679
482,"Q14728|MFS10_HUMAN","Major facilitator superfamily domain-containing protein 10 OS=Homo sapiens GN=MFSD10 PE=1 SV=1",-0.122881694456668,14.2772736328507,-0.68981946299145,0.507937160292091,0.776253643986882,-6.06771820230489
533,"Q7Z6M3|MILR1_HUMAN","Allergin-1 OS=Homo sapiens GN=MILR1 PE=1 SV=2",-3.93464780762842,9.31010858252766,-2.50007655252709,0.0341943286937765,0.376788936178089,-3.79451108995521
317,"P14780|MMP9_HUMAN","Matrix metalloproteinase-9 OS=Homo sapiens GN=MMP9 PE=1 SV=3",-0.102975132402015,15.3124561602626,-0.666589735901507,0.521979134623404,0.78481545974502,-6.08382478918398
216,"Q9BRQ8|AIFM2_HUMAN","Apoptosis-inducing factor 2 OS=Homo sapiens GN=AIFM2 PE=1 SV=1",-0.123314073360877,14.895893402969,-0.97527393638092,0.355248949373992,0.681610346582517,-5.83133767144208
20,"P05023|AT1A1_HUMAN","Sodium/potassium-transporting ATPase subunit alpha-1 OS=Homo sapiens GN=ATP1A1 PE=1 SV=1",-0.16797331345677,18.5617855021257,-1.06575025753662,0.314662282418139,0.648237035838578,-5.74267610307145
327,"Q6NUQ4|TM214_HUMAN","Transmembrane protein 214 OS=Homo sapiens GN=TMEM214 PE=1 SV=2",-0.266337133188784,13.6036062810931,-1.01751371374085,0.335836305368282,0.666488173775477,-5.79071130605865
435,"Q7Z739|YTHD3_HUMAN","YTH domain-containing family protein 3 OS=Homo sapiens GN=YTHDF3 PE=1 SV=1",-0.156082797091718,13.9342534240451,-0.633531118471551,0.542362115226235,0.796694090784552,-6.10588609859496
5,"P20702|ITAX_HUMAN","Integrin alpha-X OS=Homo sapiens GN=ITGAX PE=1 SV=3",-0.161693089483176,21.3269979858585,-2.25398387113709,0.0510631406369032,0.426226784568813,-4.17166501697078
20,"P50993|AT1A2_HUMAN","Sodium/potassium-transporting ATPase subunit alpha-2 OS=Homo sapiens GN=ATP1A2 PE=1 SV=1",-0.179750893758953,16.7686031202125,-1.08230359798687,0.307638074888682,0.641328383146316,-5.72579869798593
715,"O95249|GOSR1_HUMAN","Golgi SNAP receptor complex member 1 OS=Homo sapiens GN=GOSR1 PE=1 SV=1",-0.13392289285698,12.6597042216194,-0.572008434733898,0.581508960534754,0.818801433959309,-6.14420530092091
309,"Q9Y6M5|ZNT1_HUMAN","Zinc transporter 1 OS=Homo sapiens GN=SLC30A1 PE=1 SV=3",-0.171243550906567,15.3540142109652,-1.32269855348943,0.218993634506499,0.583884522328452,-5.45974481081632
812,"Q86VB7|C163A_HUMAN","Scavenger receptor cysteine-rich type 1 protein M130 OS=Homo sapiens GN=CD163 PE=1 SV=2",0.277729121668026,8.94055079144746,0.143348317847465,0.889216086445968,0.982540496627724,-6.30609317845443
185,"P31321|KAP1_HUMAN","cAMP-dependent protein kinase type I-beta regulatory subunit OS=Homo sapiens GN=PRKAR1B PE=1 SV=4",0.0527596931126588,13.3035263938159,0.110178606933974,0.914718220321604,0.988972549431232,-6.31061353114323
865,"P01130|LDLR_HUMAN","Low-density lipoprotein receptor OS=Homo sapiens GN=LDLR PE=1 SV=1",-1.69385341993048,6.84844017407712,-0.829491598855708,0.428566167967523,0.729192729909448,-5.96068399026995
519,"Q06136|KDSR_HUMAN","3-ketodihydrosphingosine reductase OS=Homo sapiens GN=KDSR PE=1 SV=1",-0.177742249242247,12.3511447177632,-0.711735585536715,0.494905183636995,0.768597714722152,-6.05207054390803
382,"O15427|MOT4_HUMAN","Monocarboxylate transporter 4 OS=Homo sapiens GN=SLC16A3 PE=1 SV=1",-0.271945834741311,15.9288254459916,-1.95597607867869,0.0826175358701673,0.462254392519627,-4.61487638824626
91,"Q13423|NNTM_HUMAN","NAD(P) transhydrogenase, mitochondrial OS=Homo sapiens GN=NNT PE=1 SV=3",-0.0248977007300404,16.739852736455,-0.117247060175054,0.909273984975392,0.986667435848158,-6.30974907732758
433,"P08574|CY1_HUMAN","Cytochrome c1, heme protein, mitochondrial OS=Homo sapiens GN=CYC1 PE=1 SV=3",-0.14127189233343,12.8611003917025,-0.574464408400931,0.579916748918297,0.818801433959309,-6.14274473817847
399,"O15270|SPTC2_HUMAN","Serine palmitoyltransferase 2 OS=Homo sapiens GN=SPTLC2 PE=1 SV=1",-0.31784107345662,13.5031913186698,-1.10767180486085,0.297111065068151,0.632398288897071,-5.69955253820805
47,"Q5Y7A7|2B1D_HUMAN","HLA class II histocompatibility antigen, DRB1-13 beta chain OS=Homo sapiens GN=HLA-DRB1 PE=1 SV=1",-0.0920823054484448,8.99257155887877,-0.046530506630622,0.963917318573496,0.993004636324664,-6.31598075483689
744,"P67812|SC11A_HUMAN","Signal peptidase complex catalytic subunit SEC11A OS=Homo sapiens GN=SEC11A PE=1 SV=1",-0.00484673989222273,14.4663629854214,-0.0258200821480998,0.979971921663275,0.994585538038955,-6.31678760050559
595,"O00241|SIRB1_HUMAN","Signal-regulatory protein beta-1 OS=Homo sapiens GN=SIRPB1 PE=1 SV=5",-2.08192075867237,9.59082254431531,-1.29910403945156,0.22663223038293,0.591904041880473,-5.48748510803841
585,"Q6P1A2|MBOA5_HUMAN","Lysophospholipid acyltransferase 5 OS=Homo sapiens GN=LPCAT3 PE=1 SV=1",-0.14040216571758,14.419294063037,-0.822903578430811,0.432111046561815,0.730121634804725,-5.96611477144842
534,"B0I1T2|MYO1G_HUMAN","Unconventional myosin-Ig OS=Homo sapiens GN=MYO1G PE=1 SV=2",-1.36237652012015,9.90059956465023,-0.864165719637173,0.410237982244451,0.717854550716111,-5.93149673369813
340,"Q14318|FKBP8_HUMAN","Peptidyl-prolyl cis-trans isomerase FKBP8 OS=Homo sapiens GN=FKBP8 PE=1 SV=2",-0.0863641853733697,15.568490053611,-0.410488890523892,0.691177551291252,0.899310485349599,-6.22727696130357
666,"Q9H061|T126A_HUMAN","Transmembrane protein 126A OS=Homo sapiens GN=TMEM126A PE=1 SV=1",-0.265066298455851,13.5230766301474,-1.23459990778611,0.248658870954045,0.601879317351108,-5.56159360198194
960,"Q9P2X0|DPM3_HUMAN","Dolichol-phosphate mannosyltransferase subunit 3 OS=Homo sapiens GN=DPM3 PE=1 SV=2",-0.160377847882682,12.5605365744283,-0.762818966362774,0.465357004861018,0.750063047386707,-6.01392143805437
936,"P29992|GNA11_HUMAN","Guanine nucleotide-binding protein subunit alpha-11 OS=Homo sapiens GN=GNA11 PE=1 SV=2",-2.01515126440167,9.68564160969606,-1.29443943925265,0.228168544069135,0.593256634837707,-5.49292991532286
225,"P18084|ITB5_HUMAN","Integrin beta-5 OS=Homo sapiens GN=ITGB5 PE=1 SV=1",-0.138066616615751,15.6210830007508,-0.618986466567251,0.551476169612372,0.800574564920344,-6.11526880942633
732,"Q8TCT8|SPP2A_HUMAN","Signal peptide peptidase-like 2A OS=Homo sapiens GN=SPPL2A PE=1 SV=2",-0.486783120177471,14.3290320258643,-1.31969468740504,0.219953910738615,0.583884522328452,-5.46329483521707
20,"P13637|AT1A3_HUMAN","Sodium/potassium-transporting ATPase subunit alpha-3 OS=Homo sapiens GN=ATP1A3 PE=1 SV=3",-0.19551603993914,17.054806333584,-1.11705740835386,0.293288768933565,0.632398288897071,-5.6897266539088
265,"P08865|RSSA_HUMAN","40S ribosomal protein SA OS=Homo sapiens GN=RPSA PE=1 SV=4",-0.164102743997873,17.1500305394731,-1.2449735419654,0.24500156024794,0.596772221488141,-5.54985024029226
1060,"Q95460|HMR1_HUMAN","Major histocompatibility complex class I-related gene protein OS=Homo sapiens GN=MR1 PE=1 SV=1",-3.78013286716746,8.58450696730566,-1.9799707424801,0.0795034349913098,0.461366844195114,-4.57995036396752
127,"O60449|LY75_HUMAN","Lymphocyte antigen 75 OS=Homo sapiens GN=LY75 PE=1 SV=3",0.208113293178604,15.1859983103336,0.391494983619968,0.704662288228526,0.904877100422202,-6.23532999481844
833,"Q969M3|YIPF5_HUMAN","Protein YIPF5 OS=Homo sapiens GN=YIPF5 PE=1 SV=1",-0.289621980080756,12.6750547504382,-1.40314806940967,0.19456734819432,0.570813142796986,-5.36273909695287
862,"Q9NUN5|LMBD1_HUMAN","Probable lysosomal cobalamin transporter OS=Homo sapiens GN=LMBRD1 PE=1 SV=1",-0.196659263939967,13.1338480775431,-0.922099540874266,0.380853917068272,0.696126353946273,-5.88050952109112
444,"Q14964|RB39A_HUMAN","Ras-related protein Rab-39A OS=Homo sapiens GN=RAB39A PE=1 SV=2",-0.179428627427768,12.2908748122579,-0.821230150881661,0.433014657626034,0.730121634804725,-5.96748836407413
1113,"Q96MH6|TMM68_HUMAN","Transmembrane protein 68 OS=Homo sapiens GN=TMEM68 PE=2 SV=2",-0.0642744638474664,9.99052659698724,-0.103477182462345,0.919884121375331,0.988972549431232,-6.31138361201671
537,"Q9UIA0|CYH4_HUMAN","Cytohesin-4 OS=Homo sapiens GN=CYTH4 PE=2 SV=1",-0.196653637893222,13.8076392343046,-0.814906712580238,0.436440762653982,0.730121634804725,-5.972657225218
3,"P11215|ITAM_HUMAN","Integrin alpha-M OS=Homo sapiens GN=ITGAM PE=1 SV=2",-0.173465115477477,21.0774823645118,-2.27343321169878,0.0494734974017918,0.426226784568813,-4.14214229734318
520,"Q9C0E8|LNP_HUMAN","Protein lunapark OS=Homo sapiens GN=LNP PE=1 SV=2",-0.193957456518284,13.2508382209739,-0.875642130428392,0.40429389759894,0.709814930989338,-5.92161507607261
1024,"O95772|MENTO_HUMAN","MLN64 N-terminal domain homolog OS=Homo sapiens GN=STARD3NL PE=1 SV=1",0.405216939126786,10.0686928608391,0.457851686032907,0.658058933186777,0.874315159102185,-6.20560432630451
390,"P14209|CD99_HUMAN","CD99 antigen OS=Homo sapiens GN=CD99 PE=1 SV=1",-0.114305003767967,14.3798536965384,-0.362128183511444,0.725726460301046,0.915000422684894,-6.24705514271997
526,"P48060|GLIP1_HUMAN","Glioma pathogenesis-related protein 1 OS=Homo sapiens GN=GLIPR1 PE=1 SV=3",-0.601215839337053,12.7827302666314,-1.20020598210597,0.261106396343532,0.605289248338956,-5.60003562923276
1177,"Q8WUD6|CHPT1_HUMAN","Cholinephosphotransferase 1 OS=Homo sapiens GN=CHPT1 PE=1 SV=1",-1.34531507024901,6.46974755878644,-0.931842045478101,0.37606495445516,0.690646273499397,-5.8716679023769
921,"O95169|NDUB8_HUMAN","NADH dehydrogenase [ubiquinone] 1 beta subcomplex subunit 8, mitochondrial OS=Homo sapiens GN=NDUFB8 PE=1 SV=1",-0.166614599931172,11.7408989061942,-0.58283615183824,0.574507464003201,0.818120734859436,-6.13772258155939
151,"A0FGR8|ESYT2_HUMAN","Extended synaptotagmin-2 OS=Homo sapiens GN=ESYT2 PE=1 SV=1",-0.359200391946905,15.0740299200931,-1.54255711422798,0.157794091624707,0.570813142796986,-5.18644281284918
101,"O95782|AP2A1_HUMAN","AP-2 complex subunit alpha-1 OS=Homo sapiens GN=AP2A1 PE=1 SV=3",-0.167091475487668,15.7316602791254,-0.727527071544839,0.485646504713644,0.764383277704339,-6.0405264539281
573,"P15260|INGR1_HUMAN","Interferon gamma receptor 1 OS=Homo sapiens GN=IFNGR1 PE=1 SV=1",-0.514658870342107,12.213765853593,-1.33341417447104,0.21559684592734,0.583884522328452,-5.44703773105205
818,"Q5J8M3|EMC4_HUMAN","ER membrane protein complex subunit 4 OS=Homo sapiens GN=EMC4 PE=1 SV=2",-0.417079280065483,12.1204459542478,-1.29345591866568,0.228493582937984,0.593256634837707,-5.49407626544177
176,"Q9Y624|JAM1_HUMAN","Junctional adhesion molecule A OS=Homo sapiens GN=F11R PE=1 SV=1",-0.169476316779427,17.200753052918,-1.10895138956211,0.296587657643275,0.632398288897071,-5.6982165746305
266,"P63000|RAC1_HUMAN","Ras-related C3 botulinum toxin substrate 1 OS=Homo sapiens GN=RAC1 PE=1 SV=1",-0.130238168791049,16.9905155655884,-0.640663316440572,0.537925341706563,0.794865415522981,-6.10121262611082
1221,"Q9H6L5|F134B_HUMAN","Reticulophagy receptor FAM134B OS=Homo sapiens GN=FAM134B PE=1 SV=1",1.80218360195497,7.94917369452343,0.933025712509878,0.375486107462271,0.690646273499397,-5.87058852082845
1018,"Q5UCC4|EMC10_HUMAN","ER membrane protein complex subunit 10 OS=Homo sapiens GN=EMC10 PE=1 SV=1",1.62469983924102,10.517834599809,0.965280029374644,0.359961792676602,0.681610346582517,-5.84074895382608
524,"O95674|CDS2_HUMAN","Phosphatidate cytidylyltransferase 2 OS=Homo sapiens GN=CDS2 PE=1 SV=1",-0.743814693982673,12.6119987124569,-1.43649668471536,0.185150284835238,0.570813142796986,-5.32147679755423
583,"P01920|DQB1_HUMAN","HLA class II histocompatibility antigen, DQ beta 1 chain OS=Homo sapiens GN=HLA-DQB1 PE=1 SV=2",-0.233895381265818,14.1467811946977,-1.14470833443765,0.282253397314572,0.622602070925554,-5.66042185204999
407,"Q8NC56|LEMD2_HUMAN","LEM domain-containing protein 2 OS=Homo sapiens GN=LEMD2 PE=1 SV=1",-0.408242664330006,13.059166138802,-1.4906618121558,0.170699266217118,0.570813142796986,-5.25321664582592
285,"Q6GTX8|LAIR1_HUMAN","Leukocyte-associated immunoglobulin-like receptor 1 OS=Homo sapiens GN=LAIR1 PE=1 SV=1",-0.199567333293302,15.6600055562332,-0.694474429601756,0.505151549094592,0.774119658678733,-6.06443118606509
642,"P03915|NU5M_HUMAN","NADH-ubiquinone oxidoreductase chain 5 OS=Homo sapiens GN=MT-ND5 PE=1 SV=2",-0.348845109573931,12.1259277601051,-1.27326369996963,0.235252792188939,0.593256634837707,-5.51748150607236
369,"Q92542|NICA_HUMAN","Nicastrin OS=Homo sapiens GN=NCSTN PE=1 SV=2",-0.252707743628136,14.9325926526085,-1.47383675806548,0.175078525309691,0.570813142796986,-5.27458060044938
583,"P05538|DQB2_HUMAN","HLA class II histocompatibility antigen, DQ beta 2 chain OS=Homo sapiens GN=HLA-DQB2 PE=1 SV=2",-0.241129031720041,11.8919627588691,-1.06394848741717,0.315434270680311,0.648237035838578,-5.74450115920989
901,"Q6ZT21|TMPPE_HUMAN","Transmembrane protein with metallophosphoesterase domain OS=Homo sapiens GN=TMPPE PE=2 SV=2",-0.288163906507924,11.7575379327379,-1.20253785409877,0.260246719950591,0.605289248338956,-5.59745353802843
745,"Q9NUQ2|PLCE_HUMAN","1-acyl-sn-glycerol-3-phosphate acyltransferase epsilon OS=Homo sapiens GN=AGPAT5 PE=1 SV=3",-0.364239139465916,11.0314913715237,-0.783985024426208,0.453457855287611,0.743131357744711,-5.99743793719289
815,"O14495|PLPP3_HUMAN","Phospholipid phosphatase 3 OS=Homo sapiens GN=PLPP3 PE=1 SV=1",-0.40152570618643,11.8127483865448,-0.830927425184025,0.427796225910584,0.728954688333645,-5.95949548430792
896,"Q9BZW5|TM6S1_HUMAN","Transmembrane 6 superfamily member 1 OS=Homo sapiens GN=TM6SF1 PE=1 SV=2",-0.335206725469037,11.2916391261385,-0.785629074585164,0.452542111047785,0.743131357744711,-5.99614121925066
658,"Q13093|PAFA_HUMAN","Platelet-activating factor acetylhydrolase OS=Homo sapiens GN=PLA2G7 PE=1 SV=1",-0.218443756152283,12.019084900193,-0.48514687978349,0.639319326040929,0.866150421814233,-6.19209199398897
79,"P13762|DRB4_HUMAN","HLA class II histocompatibility antigen, DR beta 4 chain OS=Homo sapiens GN=HLA-DRB4 PE=1 SV=2",-0.24272205012749,16.4890535335845,-2.38160241284554,0.0414828884462034,0.410219674634678,-3.97696859554048
457,"Q15836|VAMP3_HUMAN","Vesicle-associated membrane protein 3 OS=Homo sapiens GN=VAMP3 PE=1 SV=3",-0.351821847718595,14.5456018910962,-1.21407246006682,0.256028149239032,0.605289248338956,-5.58462907333289
1114,"O14957|QCR10_HUMAN","Cytochrome b-c1 complex subunit 10 OS=Homo sapiens GN=UQCR11 PE=3 SV=1",0.0393656948656673,12.1149710334869,0.121153796288373,0.906267085362541,0.986405454533187,-6.30924831018505
307,"Q6P1M0|S27A4_HUMAN","Long-chain fatty acid transport protein 4 OS=Homo sapiens GN=SLC27A4 PE=1 SV=1",-0.410791455830838,13.4101765091439,-1.35855748002564,0.207801410863851,0.582222752471286,-5.41696008741874
955,"O95159|ZFPL1_HUMAN","Zinc finger protein-like 1 OS=Homo sapiens GN=ZFPL1 PE=1 SV=2",0.0189934995739893,11.1631000988574,0.0377147586078037,0.970749577416836,0.993004636324664,-6.31638064893922
937,"Q9UBM7|DHCR7_HUMAN","7-dehydrocholesterol reductase OS=Homo sapiens GN=DHCR7 PE=1 SV=1",0.243698309920644,9.51203814354642,0.235168134767191,0.819413075543403,0.956670967107687,-6.28745764022257
511,"P47985|UCRI_HUMAN","Cytochrome b-c1 complex subunit Rieske, mitochondrial OS=Homo sapiens GN=UQCRFS1 PE=1 SV=2",-0.107945543743915,15.3136036265046,-0.438665810370224,0.671385100214989,0.88372304999857,-6.21465607952094
871,"Q96HD1|CREL1_HUMAN","Cysteine-rich with EGF-like domain protein 1 OS=Homo sapiens GN=CRELD1 PE=1 SV=3",0.0702531099375783,10.4376773833835,0.135649474261723,0.895124394906376,0.985352756551079,-6.30724736242167
762,"Q7LGA3|HS2ST_HUMAN","Heparan sulfate 2-O-sulfotransferase 1 OS=Homo sapiens GN=HS2ST1 PE=1 SV=1",-2.16169278746257,10.103518535224,-1.34460925236211,0.212095804873866,0.582222752471286,-5.43369062493621
792,"Q9Y2H6|FND3A_HUMAN","Fibronectin type-III domain-containing protein 3A OS=Homo sapiens GN=FNDC3A PE=1 SV=4",-0.371576316706275,11.1313131527944,-0.88403898854457,0.399983388873752,0.708670070111423,-5.91431607001113
46,"P08648|ITA5_HUMAN","Integrin alpha-5 OS=Homo sapiens GN=ITGA5 PE=1 SV=2",-0.327869828810282,18.5027500307117,-3.25583071437997,0.0100858676009592,0.271380204983947,-2.62128975899067
806,"Q9GZM5|YIPF3_HUMAN","Protein YIPF3 OS=Homo sapiens GN=YIPF3 PE=1 SV=1",-2.6104600862424,10.8068121160128,-1.63401127746238,0.137154248193969,0.550831633492651,-5.06571950284469
291,"P28907|CD38_HUMAN","ADP-ribosyl cyclase/cyclic ADP-ribose hydrolase 1 OS=Homo sapiens GN=CD38 PE=1 SV=2",0.211273019472808,14.9996052236356,0.480858345122861,0.642246219349683,0.86844765216929,-6.19426414150899
130,"Q99541|PLIN2_HUMAN","Perilipin-2 OS=Homo sapiens GN=PLIN2 PE=1 SV=2",-0.228285258818513,16.5907957838854,-1.98633656575539,0.0786962240691705,0.461366844195114,-4.57065859385107
600,"O94886|CSCL1_HUMAN","CSC1-like protein 1 OS=Homo sapiens GN=TMEM63A PE=1 SV=3",0.0990606951151172,13.2790436866654,0.19976271368418,0.846166907631219,0.96340436837522,-6.29570517133844
108,"P55160|NCKPL_HUMAN","Nck-associated protein 1-like OS=Homo sapiens GN=NCKAP1L PE=1 SV=3",-0.249916298435833,15.8396737000348,-1.00452326028756,0.341719478819472,0.675682470302694,-5.80335049320742
581,"Q9BT22|ALG1_HUMAN","Chitobiosyldiphosphodolichol beta-mannosyltransferase OS=Homo sapiens GN=ALG1 PE=1 SV=2",-0.498167864127669,12.2807184305058,-1.54966356616864,0.156096006075854,0.570813142796986,-5.17719837003091
325,"P61586|RHOA_HUMAN","Transforming protein RhoA OS=Homo sapiens GN=RHOA PE=1 SV=1",-0.244155684187753,13.0805794657327,-0.751956709753573,0.471542203416088,0.753555703525433,-6.02222777169737
59,"P30499|1C01_HUMAN","HLA class I histocompatibility antigen, Cw-1 alpha chain OS=Homo sapiens GN=HLA-C PE=1 SV=1",-0.540127976165991,14.1762929702014,-0.841465820630816,0.422186679325927,0.725809788974884,-5.95070556112098
282,"Q9UKJ1|PILRA_HUMAN","Paired immunoglobulin-like type 2 receptor alpha OS=Homo sapiens GN=PILRA PE=1 SV=3",-0.297564651527972,15.5592523050356,-1.52591543309959,0.161835036724447,0.570813142796986,-5.20799760907537
392,"P43003|EAA1_HUMAN","Excitatory amino acid transporter 1 OS=Homo sapiens GN=SLC1A3 PE=1 SV=1",-0.29829565383891,14.7926957773738,-1.30395249223825,0.2250445624088,0.590983654197148,-5.48181182961818
92,"Q5ZPR3|CD276_HUMAN","CD276 antigen OS=Homo sapiens GN=CD276 PE=1 SV=1",-0.324996487785295,17.7800264746686,-1.9713196982725,0.0806130819702334,0.461729385344356,-4.59256049190022
908,"Q6KCM7|SCMC2_HUMAN","Calcium-binding mitochondrial carrier protein SCaMC-2 OS=Homo sapiens GN=SLC25A25 PE=1 SV=1",0.293915313397492,8.08203213879207,0.133675072074319,0.896640726101284,0.985352756551079,-6.30753313979115
1095,"Q9UPI3|FLVC2_HUMAN","Feline leukemia virus subgroup C receptor-related protein 2 OS=Homo sapiens GN=FLVCR2 PE=1 SV=1",-3.70205276088532,8.46378649163858,-2.48435799267745,0.0350824471049827,0.378146555036074,-3.81879409256144
474,"O15127|SCAM2_HUMAN","Secretory carrier-associated membrane protein 2 OS=Homo sapiens GN=SCAMP2 PE=1 SV=2",-0.516565401751182,14.1420381578615,-1.88377271395289,0.0927014459424838,0.471560581150473,-4.71899415257033
138,"Q9NQC3|RTN4_HUMAN","Reticulon-4 OS=Homo sapiens GN=RTN4 PE=1 SV=2",-0.190106248325787,18.4356439195673,-1.95464931012351,0.0827930710862314,0.462254392519627,-4.61680303192072
580,"Q9HD45|TM9S3_HUMAN","Transmembrane 9 superfamily member 3 OS=Homo sapiens GN=TM9SF3 PE=1 SV=2",-0.362998261456264,13.9288544549926,-1.95285803340552,0.0830306244932319,0.462254392519627,-4.61940343292688
1274,"P11532|DMD_HUMAN","Dystrophin OS=Homo sapiens GN=DMD PE=1 SV=3",-0.17655563587853,7.71088289455105,-0.0549486436511823,0.957396111537713,0.992922353705557,-6.31552082366859
348,"Q8TC12|RDH11_HUMAN","Retinol dehydrogenase 11 OS=Homo sapiens GN=RDH11 PE=1 SV=2",-0.0247861799525566,16.1123225255569,-0.084952865889848,0.934183829458499,0.988972549431232,-6.3132615057477
593,"Q9UJG1|MSPD1_HUMAN","Motile sperm domain-containing protein 1 OS=Homo sapiens GN=MOSPD1 PE=2 SV=1",-0.260882598656476,12.589811402625,-1.06509384668338,0.31494335967092,0.648237035838578,-5.74334127101777
441,"Q15363|TMED2_HUMAN","Transmembrane emp24 domain-containing protein 2 OS=Homo sapiens GN=TMED2 PE=1 SV=1",-0.211966444528972,15.037234374511,-1.02156351871385,0.334017962680417,0.664676213884824,-5.78674496751298
947,"O43760|SNG2_HUMAN","Synaptogyrin-2 OS=Homo sapiens GN=SYNGR2 PE=1 SV=1",-0.212091196169494,14.0710778591019,-0.629932345403124,0.544608955390289,0.796694090784552,-6.10822616078853
63,"P16284|PECA1_HUMAN","Platelet endothelial cell adhesion molecule OS=Homo sapiens GN=PECAM1 PE=1 SV=1",-0.176101988315388,17.9323260629355,-1.25674599356487,0.240904937899348,0.593972645590143,-5.53644117787702
689,"Q8IXI1|MIRO2_HUMAN","Mitochondrial Rho GTPase 2 OS=Homo sapiens GN=RHOT2 PE=1 SV=2",-0.135303068997587,11.3152249824283,-0.392098830323886,0.704231869549003,0.904877100422202,-6.23507963569272
458,"Q8IWT6|LRC8A_HUMAN","Volume-regulated anion channel subunit LRRC8A OS=Homo sapiens GN=LRRC8A PE=1 SV=1",-1.05159343236492,12.4661416341797,-1.43833968311495,0.184641581524187,0.570813142796986,-5.31917916479948
115,"Q15029|U5S1_HUMAN","116 kDa U5 small nuclear ribonucleoprotein component OS=Homo sapiens GN=EFTUD2 PE=1 SV=1",-0.404944100612035,15.8817668250191,-1.58420629873701,0.148072076669667,0.5672827573073,-5.13192997183632
1,"P46940|IQGA1_HUMAN","Ras GTPase-activating-like protein IQGAP1 OS=Homo sapiens GN=IQGAP1 PE=1 SV=1",-0.305400623085859,19.7382061412381,-1.69358504069797,0.125055778297063,0.521902271093664,-4.98514198532144
916,"Q86VR2|F134C_HUMAN","Protein FAM134C OS=Homo sapiens GN=FAM134C PE=1 SV=1",-0.430716060641389,12.6316628386348,-1.62910373137643,0.138196802567659,0.550831633492651,-5.07229143369772
383,"Q14699|RFTN1_HUMAN","Raftlin OS=Homo sapiens GN=RFTN1 PE=1 SV=4",-0.256531833136707,13.2538515088914,-1.41260537084251,0.191855620821439,0.570813142796986,-5.35109830313978
611,"P13987|CD59_HUMAN","CD59 glycoprotein OS=Homo sapiens GN=CD59 PE=1 SV=1",0.492756629708662,11.6109579844116,0.695467845258062,0.504558299787806,0.774119658678733,-6.06372714649898
859,"P08962|CD63_HUMAN","CD63 antigen OS=Homo sapiens GN=CD63 PE=1 SV=2",-0.325120953535848,18.7633566979416,-2.01867513116412,0.0747150123248998,0.453435127784536,-4.52329430272374
334,"Q9BX59|TPSNR_HUMAN","Tapasin-related protein OS=Homo sapiens GN=TAPBPL PE=1 SV=2",-0.247895547023127,14.1627385381352,-1.40313599114422,0.194570832465617,0.570813142796986,-5.36275393274973
268,"O75487|GPC4_HUMAN","Glypican-4 OS=Homo sapiens GN=GPC4 PE=1 SV=4",-0.444522624262513,14.1675808168467,-1.80083389025217,0.105711681353682,0.48279513156171,-4.83660831236223
88,"Q9UIB8|SLAF5_HUMAN","SLAM family member 5 OS=Homo sapiens GN=CD84 PE=1 SV=1",-0.259386375053499,18.3559414950123,-2.22868040229158,0.0532064441115107,0.428471517881919,-4.20998354282814
514,"Q99747|SNAG_HUMAN","Gamma-soluble NSF attachment protein OS=Homo sapiens GN=NAPG PE=1 SV=1",-0.283025974297759,13.1488550067059,-1.63713398334647,0.136494576050494,0.550258621917846,-5.06153240116194
609,"Q14118|DAG1_HUMAN","Dystroglycan OS=Homo sapiens GN=DAG1 PE=1 SV=2",-0.245430715832811,12.3672238327136,-0.719345841691711,0.490429419420787,0.765758216288598,-6.04653522057155
621,"P51809|VAMP7_HUMAN","Vesicle-associated membrane protein 7 OS=Homo sapiens GN=VAMP7 PE=1 SV=3",-0.36525764721315,13.8421449792121,-2.12081662312731,0.0633709326121008,0.436429577572623,-4.37205035220655
506,"O15431|COPT1_HUMAN","High affinity copper uptake protein 1 OS=Homo sapiens GN=SLC31A1 PE=1 SV=1",-0.314162769331991,15.8163816166997,-1.99466443600673,0.0776520207828321,0.458384632886412,-4.55848692741208
449,"Q96J02|ITCH_HUMAN","E3 ubiquitin-protein ligase Itchy homolog OS=Homo sapiens GN=ITCH PE=1 SV=2",-0.867834109986068,12.0590279475845,-1.33448233189228,0.215260701774127,0.583884522328452,-5.4457673819085
70,"P15144|AMPN_HUMAN","Aminopeptidase N OS=Homo sapiens GN=ANPEP PE=1 SV=4",-0.259796925880096,17.988382682382,-1.7729085463474,0.110462569293698,0.487806078903847,-4.87568852117303
677,"A4FU28|CTGE9_HUMAN","cTAGE family member 9 OS=Homo sapiens GN=CTAGE9 PE=2 SV=2",-2.23955622346882,9.7077613179164,-1.4496303753007,0.18155158908507,0.570813142796986,-5.30506434839758
677,"A4D2H0|CTGEF_HUMAN","cTAGE family member 15 OS=Homo sapiens GN=CTAGE15 PE=2 SV=1",-2.23955622346882,9.7077613179164,-1.4496303753007,0.18155158908507,0.570813142796986,-5.30506434839758
677,"P0CG41|CTGE8_HUMAN","cTAGE family member 8 OS=Homo sapiens GN=CTAGE8 PE=3 SV=1",-2.23955622346882,9.7077613179164,-1.4496303753007,0.18155158908507,0.570813142796986,-5.30506434839758
677,"Q8IX94|CTGE4_HUMAN","cTAGE family member 4 OS=Homo sapiens GN=CTAGE4 PE=2 SV=3",-2.23955622346882,9.7077613179164,-1.4496303753007,0.18155158908507,0.570813142796986,-5.30506434839758
677,"Q86UF2|CTGE6_HUMAN","cTAGE family member 6 OS=Homo sapiens GN=CTAGE6 PE=2 SV=2",-2.23955622346882,9.7077613179164,-1.4496303753007,0.18155158908507,0.570813142796986,-5.30506434839758
1005,"O00767|ACOD_HUMAN","Acyl-CoA desaturase OS=Homo sapiens GN=SCD PE=1 SV=2",-1.57181086266129,9.734739969615,-0.981775514886693,0.352207656989878,0.681610346582517,-5.82517351579678
417,"P26572|MGAT1_HUMAN","Alpha-1,3-mannosyl-glycoprotein 2-beta-N-acetylglucosaminyltransferase OS=Homo sapiens GN=MGAT1 PE=1 SV=2",-0.593194333227887,14.0390342735502,-1.89452984004295,0.0911286943468146,0.471560581150473,-4.7035796214212
150,"Q30134|2B18_HUMAN","HLA class II histocompatibility antigen, DRB1-8 beta chain OS=Homo sapiens GN=HLA-DRB1 PE=1 SV=2",-0.151706722518735,9.39461675542249,-0.0735548145814686,0.942995257982328,0.989758037313463,-6.31423378981888
316,"Q70E73|RAPH1_HUMAN","Ras-associated and pleckstrin homology domains-containing protein 1 OS=Homo sapiens GN=RAPH1 PE=1 SV=3",2.0705337959618,10.7620958825789,1.26374647633254,0.238495865790613,0.593972645590143,-5.52842640476719
315,"Q7Z3J2|CP062_HUMAN","UPF0505 protein C16orf62 OS=Homo sapiens GN=C16orf62 PE=1 SV=2",-1.29931665616381,12.8284396597111,-2.01788681208053,0.0748097291196441,0.453435127784536,-4.52445205502434
400,"Q92643|GPI8_HUMAN","GPI-anchor transamidase OS=Homo sapiens GN=PIGK PE=1 SV=2",-0.178536087949606,13.9714762502662,-0.756957084638058,0.468688278840418,0.752111426655151,-6.0184169417226
349,"O14786|NRP1_HUMAN","Neuropilin-1 OS=Homo sapiens GN=NRP1 PE=1 SV=3",-0.240681337583199,15.0956744599824,-1.3446898110214,0.212070787536163,0.582222752471286,-5.4335943176535
182,"Q9Y336|SIGL9_HUMAN","Sialic acid-binding Ig-like lectin 9 OS=Homo sapiens GN=SIGLEC9 PE=1 SV=2",-0.189679249160706,15.8746937593404,-1.11470614079067,0.294242667707533,0.632398288897071,-5.69219402646987
61,"P16671|CD36_HUMAN","Platelet glycoprotein 4 OS=Homo sapiens GN=CD36 PE=1 SV=2",-0.171106368578823,20.3842930982767,-1.36142215071933,0.206928657088506,0.582222752471286,-5.4135102336772
661,"O00481|BT3A1_HUMAN","Butyrophilin subfamily 3 member A1 OS=Homo sapiens GN=BTN3A1 PE=1 SV=3",-0.302169779850214,11.5697098330753,-1.10853192827247,0.296759156157155,0.632398288897071,-5.69865464463022
1067,"P01909|DQA1_HUMAN","HLA class II histocompatibility antigen, DQ alpha 1 chain OS=Homo sapiens GN=HLA-DQA1 PE=1 SV=1",-0.101350701213294,11.6801520901886,-0.361916465033458,0.725879238167014,0.915000422684894,-6.24713646051231
288,"Q13303|KCAB2_HUMAN","Voltage-gated potassium channel subunit beta-2 OS=Homo sapiens GN=KCNAB2 PE=1 SV=2",-0.494168494929539,16.381629427079,-1.39379641104921,0.197281201754905,0.572117695243707,-5.37420190260469
210,"Q9HD20|AT131_HUMAN","Manganese-transporting ATPase 13A1 OS=Homo sapiens GN=ATP13A1 PE=1 SV=2",-0.17399329315514,15.1528052462398,-0.812158923514309,0.437935256587411,0.730121634804725,-5.97489264492174
37,"Q07954|LRP1_HUMAN","Prolow-density lipoprotein receptor-related protein 1 OS=Homo sapiens GN=LRP1 PE=1 SV=2",-0.38477578132558,17.1570631843056,-2.12618839594386,0.0628228377473713,0.435992770226613,-4.36403249899823
640,"O75718|CRTAP_HUMAN","Cartilage-associated protein OS=Homo sapiens GN=CRTAP PE=1 SV=1",-0.0801012521725148,11.6216334754387,-0.197130826874852,0.848164508359135,0.96340436837522,-6.29626517157464
895,"Q96K49|TM87B_HUMAN","Transmembrane protein 87B OS=Homo sapiens GN=TMEM87B PE=1 SV=1",-0.196466292035485,10.8138344712625,-0.376333262739471,0.715505601313113,0.908589207662036,-6.24149394645439
484,"Q9Y679|AUP1_HUMAN","Ancient ubiquitous protein 1 OS=Homo sapiens GN=AUP1 PE=1 SV=1",-0.430604114163625,13.1245405023385,-2.13955202853427,0.0614791769189228,0.435992770226613,-4.34406043115625
622,"P28067|DMA_HUMAN","HLA class II histocompatibility antigen, DM alpha chain OS=Homo sapiens GN=HLA-DMA PE=1 SV=1",-0.342313400744045,13.6805339480579,-1.4597723097807,0.178814504985354,0.570813142796986,-5.29232903071903
1106,"P48509|CD151_HUMAN","CD151 antigen OS=Homo sapiens GN=CD151 PE=1 SV=3",-0.333274694272227,10.4812024528984,-0.687668122131805,0.50922775780989,0.776253643986882,-6.06923064732647
106,"P20039|2B1B_HUMAN","HLA class II histocompatibility antigen, DRB1-11 beta chain OS=Homo sapiens GN=HLA-DRB1 PE=1 SV=1",-0.164631574107492,9.52500794441455,-0.0787776031656231,0.938956609334164,0.989410561930444,-6.31380560374667
1127,"Q7Z2H8|S36A1_HUMAN","Proton-coupled amino acid transporter 1 OS=Homo sapiens GN=SLC36A1 PE=1 SV=1",-0.446198583741925,11.7300500694784,-1.4509597010597,0.181190765056018,0.570813142796986,-5.3033981393027
258,"P32418|NAC1_HUMAN","Sodium/calcium exchanger 1 OS=Homo sapiens GN=SLC8A1 PE=1 SV=3",-0.333641192166574,14.5886166015769,-0.885167211614925,0.399406701930184,0.708670070111423,-5.91333093436045
1228,"P36941|TNR3_HUMAN","Tumor necrosis factor receptor superfamily member 3 OS=Homo sapiens GN=LTBR PE=1 SV=1",1.2435222981186,5.1642904373187,0.654570697313816,0.529335845474508,0.788213092939518,-6.0919630954773
946,"Q9UKR5|ERG28_HUMAN","Probable ergosterol biosynthetic protein 28 OS=Homo sapiens GN=C14orf1 PE=1 SV=1",-0.458300733326901,12.1146642634341,-1.87792424069498,0.0935672198913809,0.471560581150473,-4.72735992354387
74,"P05556|ITB1_HUMAN","Integrin beta-1 OS=Homo sapiens GN=ITGB1 PE=1 SV=2",-0.301749575138615,19.7629150216228,-3.18344645026183,0.0113168351940736,0.290968407100959,-2.73292680680857
440,"O15118|NPC1_HUMAN","Niemann-Pick C1 protein OS=Homo sapiens GN=NPC1 PE=1 SV=2",-0.296596028902766,14.1915039422161,-2.03429265101892,0.0728620851090617,0.453233507909594,-4.50032627479899
277,"P55899|FCGRN_HUMAN","IgG receptor FcRn large subunit p51 OS=Homo sapiens GN=FCGRT PE=1 SV=1",-0.130263214080308,16.437544426108,-0.665670118191349,0.522539830804694,0.78481545974502,-6.0844521999433
1077,"Q6NTF9|RHBD2_HUMAN","Rhomboid domain-containing protein 2 OS=Homo sapiens GN=RHBDD2 PE=2 SV=2",-1.36903217366134,8.18221329206942,-0.977544052711704,0.354184831872343,0.681610346582517,-5.82918908735412
1109,"Q9UP65|PA24C_HUMAN","Cytosolic phospholipase A2 gamma OS=Homo sapiens GN=PLA2G4C PE=1 SV=2",-0.15047374704127,7.88004252508055,-0.0730289975283118,0.943401956471051,0.989758037313463,-6.31427527380194
743,"Q5BJD5|TM41B_HUMAN","Transmembrane protein 41B OS=Homo sapiens GN=TMEM41B PE=1 SV=1",-0.219284500840262,10.9874540738078,-0.357383521048862,0.729153318682344,0.915000422684894,-6.2488664236125
442,"Q9H9B4|SFXN1_HUMAN","Sideroflexin-1 OS=Homo sapiens GN=SFXN1 PE=1 SV=4",-0.208327648951396,13.4167399953476,-1.10122063055724,0.299760943908243,0.63357286860426,-5.70627034800332
804,"Q9P003|CNIH4_HUMAN","Protein cornichon homolog 4 OS=Homo sapiens GN=CNIH4 PE=1 SV=1",-0.394455417374468,13.4860799945481,-1.94560015729705,0.0839997849696481,0.46501316368365,-4.6299306065162
665,"P49810|PSN2_HUMAN","Presenilin-2 OS=Homo sapiens GN=PSEN2 PE=1 SV=1",-0.340429571031047,12.0667991963407,-1.35136688132871,0.210005929819864,0.582222752471286,-5.42559894577349
909,"O60906|NSMA_HUMAN","Sphingomyelin phosphodiesterase 2 OS=Homo sapiens GN=SMPD2 PE=1 SV=2",-3.57024408445163,8.22147030649826,-2.54731281701096,0.0316586248555868,0.361319372523021,-3.72142285406729
771,"Q14849|STAR3_HUMAN","StAR-related lipid transfer protein 3 OS=Homo sapiens GN=STARD3 PE=1 SV=2",-0.50650363815172,12.4227201133976,-1.27684538305679,0.234041837259172,0.593256634837707,-5.5133480759779
1103,"Q9P0U1|TOM7_HUMAN","Mitochondrial import receptor subunit TOM7 homolog OS=Homo sapiens GN=TOMM7 PE=1 SV=1",0.116417767992528,10.5354911647683,0.173816947912651,0.865908205199225,0.973248196071424,-6.30090410341696
1291,"P03891|NU2M_HUMAN","NADH-ubiquinone oxidoreductase chain 2 OS=Homo sapiens GN=MT-ND2 PE=1 SV=2",-1.55922411655343,7.64164482066863,-0.61606125456138,0.553319838395211,0.80100498031096,-6.11713180072028
144,"P23469|PTPRE_HUMAN","Receptor-type tyrosine-protein phosphatase epsilon OS=Homo sapiens GN=PTPRE PE=1 SV=1",-0.347934578511602,16.4617424460257,-1.15401005934901,0.278616290770891,0.61840870806312,-5.65044545580424
846,"Q53TN4|CYBR1_HUMAN","Cytochrome b reductase 1 OS=Homo sapiens GN=CYBRD1 PE=1 SV=1",-1.08675078782145,11.5240155788978,-1.43263330359735,0.186220605752602,0.570813142796986,-5.32628738629936
162,"O60610|DIAP1_HUMAN","Protein diaphanous homolog 1 OS=Homo sapiens GN=DIAPH1 PE=1 SV=2",-0.749493995508642,14.2551875045117,-1.41754716230625,0.190451671124111,0.570813142796986,-5.34499630663233
973,"Q96CU9|FXRD1_HUMAN","FAD-dependent oxidoreductase domain-containing protein 1 OS=Homo sapiens GN=FOXRED1 PE=1 SV=2",-2.6874053638911,7.21478693689297,-1.6124918291758,0.141779208313819,0.55466912764966,-5.09446042242606
616,"Q2M2I8|AAK1_HUMAN","AP2-associated protein kinase 1 OS=Homo sapiens GN=AAK1 PE=1 SV=3",-0.506882224440846,12.4046336579768,-1.50129691402193,0.16798109319751,0.570813142796986,-5.23963950045173
234,"P24557|THAS_HUMAN","Thromboxane-A synthase OS=Homo sapiens GN=TBXAS1 PE=1 SV=3",-0.391008404705035,15.8429763941559,-1.40247246507826,0.194762325436784,0.570813142796986,-5.36356882305316
560,"Q9Y639|NPTN_HUMAN","Neuroplastin OS=Homo sapiens GN=NPTN PE=1 SV=2",-0.33944041225201,14.4304657392757,-2.2567450616781,0.0508344442392469,0.426226784568813,-4.16747732608982
919,"O95498|VNN2_HUMAN","Vascular non-inflammatory molecule 2 OS=Homo sapiens GN=VNN2 PE=1 SV=3",-0.464595201844073,10.9619654009923,-1.04887880636036,0.321948362253296,0.650077234078646,-5.75967268935115
264,"Q15286|RAB35_HUMAN","Ras-related protein Rab-35 OS=Homo sapiens GN=RAB35 PE=1 SV=1",-0.310519677926155,15.4802295401435,-1.85310615404625,0.0973264358032963,0.477999689801925,-4.76274141678064
7,"Q13740|CD166_HUMAN","CD166 antigen OS=Homo sapiens GN=ALCAM PE=1 SV=2",-0.327620517319392,20.3815760006321,-2.31411104825131,0.0463045023843808,0.421018668695158,-4.08021320240359
670,"Q53EP0|FND3B_HUMAN","Fibronectin type III domain-containing protein 3B OS=Homo sapiens GN=FNDC3B PE=1 SV=2",-2.08091388914656,8.73279818062274,-1.36966511673303,0.204434768357321,0.58115731447032,-5.40355748509154
123,"P79483|DRB3_HUMAN","HLA class II histocompatibility antigen, DR beta 3 chain OS=Homo sapiens GN=HLA-DRB3 PE=1 SV=1",-0.184473598719894,8.81490041839197,-0.0949599934093641,0.926455447932493,0.988972549431232,-6.31229279768295
276,"P26010|ITB7_HUMAN","Integrin beta-7 OS=Homo sapiens GN=ITGB7 PE=1 SV=1",-0.461822927126665,13.9332121060492,-1.88602070639923,0.0923706777357289,0.471560581150473,-4.71577578415192
1268,"Q14088|RB33A_HUMAN","Ras-related protein Rab-33A OS=Homo sapiens GN=RAB33A PE=1 SV=2",1.57414810271103,7.21957594305674,0.715405194111017,0.492743802859,0.767300915084607,-6.04940797365664
811,"O15321|TM9S1_HUMAN","Transmembrane 9 superfamily member 1 OS=Homo sapiens GN=TM9SF1 PE=2 SV=2",-2.15411391833774,10.088345972175,-1.47457110826819,0.174885349443208,0.570813142796986,-5.2736511259679
1061,"Q86Y39|NDUAB_HUMAN","NADH dehydrogenase [ubiquinone] 1 alpha subcomplex subunit 11 OS=Homo sapiens GN=NDUFA11 PE=1 SV=3",-0.0693039809969971,12.7939755585454,-0.128872821835931,0.900330673126753,0.986405454533187,-6.30821080432986
10,"P01892|1A02_HUMAN","HLA class I histocompatibility antigen, A-2 alpha chain OS=Homo sapiens GN=HLA-A PE=1 SV=1",-0.190538954478011,9.98161463759261,-0.0872138275253321,0.932437047120149,0.988972549431232,-6.31305204666591
625,"P27701|CD82_HUMAN","CD82 antigen OS=Homo sapiens GN=CD82 PE=1 SV=1",-0.361157630263547,14.3558674252128,-1.62011497553233,0.14012497021916,0.553326247588968,-5.08430195025462
294,"P60953|CDC42_HUMAN","Cell division control protein 42 homolog OS=Homo sapiens GN=CDC42 PE=1 SV=2",-0.334720674999275,17.4395333055514,-2.35184421706099,0.043544335003311,0.419839963323591,-4.02256214949789
863,"O94766|B3GA3_HUMAN","Galactosylgalactosylxylosylprotein 3-beta-glucuronosyltransferase 3 OS=Homo sapiens GN=B3GAT3 PE=1 SV=2",-2.04375641003463,9.49805592112679,-1.2901100602865,0.229602241000492,0.593256634837707,-5.49797167627963
613,"Q8IWB1|IPRI_HUMAN","Inositol 1,4,5-trisphosphate receptor-interacting protein OS=Homo sapiens GN=ITPRIP PE=1 SV=1",-0.380495093109303,12.5518994277072,-1.28159085873139,0.232445406603699,0.593256634837707,-5.50785945909051
306,"Q14956|GPNMB_HUMAN","Transmembrane glycoprotein NMB OS=Homo sapiens GN=GPNMB PE=1 SV=2",-0.273829310912372,17.0133365502131,-1.13041913033874,0.287914256292612,0.628111068012843,-5.67563185506606
739,"Q9Y2C9|TLR6_HUMAN","Toll-like receptor 6 OS=Homo sapiens GN=TLR6 PE=1 SV=2",-1.68148107140584,8.57246376774693,-1.14968211971375,0.280303892035777,0.620098667467293,-5.65509465503521
77,"Q9TQE0|2B19_HUMAN","HLA class II histocompatibility antigen, DRB1-9 beta chain OS=Homo sapiens GN=HLA-DRB1 PE=1 SV=1",-0.197636715392939,10.3642715844315,-0.0868786947851187,0.932695941314679,0.988972549431232,-6.31308344058195
772,"Q10472|GALT1_HUMAN","Polypeptide N-acetylgalactosaminyltransferase 1 OS=Homo sapiens GN=GALNT1 PE=1 SV=1",-2.33447486753035,9.90218052320603,-1.60679386487286,0.143027159335807,0.557179876604475,-5.10203689117428
459,"O75027|ABCB7_HUMAN","ATP-binding cassette sub-family B member 7, mitochondrial OS=Homo sapiens GN=ABCB7 PE=1 SV=2",-0.458474746963986,11.9956531070739,-1.02918530577719,0.330616081605677,0.660661150980601,-5.77924688871467
770,"Q99418|CYH2_HUMAN","Cytohesin-2 OS=Homo sapiens GN=CYTH2 PE=1 SV=2",-2.13706756418882,10.5110248090681,-1.20994182295727,0.25753239919777,0.605289248338956,-5.58923156400918
770,"O43739|CYH3_HUMAN","Cytohesin-3 OS=Homo sapiens GN=CYTH3 PE=1 SV=2",-2.13706756418882,10.5110248090681,-1.20994182295727,0.25753239919777,0.605289248338956,-5.58923156400918
374,"Q99572|P2RX7_HUMAN","P2X purinoceptor 7 OS=Homo sapiens GN=P2RX7 PE=1 SV=4",-0.611697620549121,14.3047380141008,-1.87064927070582,0.0946547843052285,0.472049937246334,-4.73775140814172
174,"P06756|ITAV_HUMAN","Integrin alpha-V OS=Homo sapiens GN=ITGAV PE=1 SV=2",-0.429215058856075,15.8172694260762,-3.12996740654141,0.0123257749995133,0.300425786221313,-2.81563246508894
462,"Q96DU3|SLAF6_HUMAN","SLAM family member 6 OS=Homo sapiens GN=SLAMF6 PE=1 SV=3",-0.401099714856777,13.6263467846131,-1.38503601610796,0.199852934085309,0.572351100833422,-5.3848963183715
31,"O75923|DYSF_HUMAN","Dysferlin OS=Homo sapiens GN=DYSF PE=1 SV=1",-0.443631995052488,16.8685947856388,-2.0552829038828,0.0704410744624596,0.449729741194404,-4.46936396903279
854,"Q9Y276|BCS1_HUMAN","Mitochondrial chaperone BCS1 OS=Homo sapiens GN=BCS1L PE=1 SV=1",-2.02178828003886,7.17933444724771,-0.946882270377793,0.368757989865286,0.6859372898298,-5.85786994286866
522,"Q8WVV5|BT2A2_HUMAN","Butyrophilin subfamily 2 member A2 OS=Homo sapiens GN=BTN2A2 PE=1 SV=2",-3.88449346723783,8.60247720778127,-2.04091915942977,0.0720892806367617,0.45160118787238,-4.49056299800533
194,"P78536|ADA17_HUMAN","Disintegrin and metalloproteinase domain-containing protein 17 OS=Homo sapiens GN=ADAM17 PE=1 SV=1",-0.467493858480942,15.5687394349124,-2.99484506109539,0.0153111384669936,0.300425786221313,-3.02528205266306
375,"Q96F15|GIMA5_HUMAN","GTPase IMAP family member 5 OS=Homo sapiens GN=GIMAP5 PE=1 SV=1",-1.84952936746867,16.4406375057653,-1.8019554420539,0.109682353214481,0.486216408694076,-4.84295903581232
1160,"Q8IVP5|FUND1_HUMAN","FUN14 domain-containing protein 1 OS=Homo sapiens GN=FUNDC1 PE=1 SV=1",-1.14551006170868,7.73433803772231,-0.761923952579424,0.465864633097279,0.750063047386707,-6.01460978742089
260,"P18433|PTPRA_HUMAN","Receptor-type tyrosine-protein phosphatase alpha OS=Homo sapiens GN=PTPRA PE=1 SV=2",-0.510799823972592,14.0546393941136,-2.37097534081741,0.0422077154863006,0.413850227268218,-3.99326294233641
172,"P07099|HYEP_HUMAN","Epoxide hydrolase 1 OS=Homo sapiens GN=EPHX1 PE=1 SV=1",-0.383745020152446,14.8464584045135,-1.2791295238639,0.233272290454386,0.593256634837707,-5.51070795957568
105,"Q9Y5S1|TRPV2_HUMAN","Transient receptor potential cation channel subfamily V member 2 OS=Homo sapiens GN=TRPV2 PE=1 SV=1",-0.554108323213434,16.3829938270166,-1.60207996561086,0.144067054262741,0.559321652535137,-5.10829409917506
499,"Q86WA9|S2611_HUMAN","Sodium-independent sulfate anion transporter OS=Homo sapiens GN=SLC26A11 PE=2 SV=2",-0.510226651526432,12.0095171650818,-2.0701354066541,0.0687749264951544,0.447037022218503,-4.44739287947114
1059,"Q86UB9|TM135_HUMAN","Transmembrane protein 135 OS=Homo sapiens GN=TMEM135 PE=2 SV=2",-0.872368560643952,10.4971317290336,-1.1617539108119,0.275617006044504,0.617100230659792,-5.64209502592955
1261,"P55017|S12A3_HUMAN","Solute carrier family 12 member 3 OS=Homo sapiens GN=SLC12A3 PE=1 SV=3",1.92789675182536,8.48082782699038,0.690308915793043,0.507643817825225,0.776253643986882,-6.06737351470957
546,"P49768|PSN1_HUMAN","Presenilin-1 OS=Homo sapiens GN=PSEN1 PE=1 SV=1",-0.515749486373995,12.8454016026408,-2.12893107113584,0.0625447704316913,0.435992770226613,-4.35993651523974
860,"P42081|CD86_HUMAN","T-lymphocyte activation antigen CD86 OS=Homo sapiens GN=CD86 PE=1 SV=2",-0.431738852291936,14.8563688764134,-2.89020634712203,0.0181287700811742,0.300425786221313,-3.18809533120903
29,"P13760|2B14_HUMAN","HLA class II histocompatibility antigen, DRB1-4 beta chain OS=Homo sapiens GN=HLA-DRB1 PE=1 SV=1",-0.222774336810618,10.9996273215888,-0.089046942393695,0.931128854398113,0.988972549431232,-6.3128542806462
558,"Q07812|BAX_HUMAN","Apoptosis regulator BAX OS=Homo sapiens GN=BAX PE=1 SV=1",-0.690800864374518,12.9973108855309,-1.66536767056515,0.130659584179013,0.534180702809603,-5.02348935013941
308,"P20020|AT2B1_HUMAN","Plasma membrane calcium-transporting ATPase 1 OS=Homo sapiens GN=ATP2B1 PE=1 SV=3",-0.749147236409692,11.2921526650901,-1.35514470979689,0.208845241086087,0.582222752471286,-5.42106390590717
163,"Q96S66|CLCC1_HUMAN","Chloride channel CLIC-like protein 1 OS=Homo sapiens GN=CLCC1 PE=1 SV=1",0.177141187659755,14.3446142766436,0.259892245302506,0.800925636695711,0.946548479731295,-6.28088107733663
722,"Q3T906|GNPTA_HUMAN","N-acetylglucosamine-1-phosphotransferase subunits alpha/beta OS=Homo sapiens GN=GNPTAB PE=1 SV=1",-1.7831064147305,9.26060874995985,-1.18463772631427,0.266905087528617,0.605289248338956,-5.61718281856487
917,"P32856|STX2_HUMAN","Syntaxin-2 OS=Homo sapiens GN=STX2 PE=2 SV=3",-2.60561959891099,6.53557832133265,-1.87735664707617,0.0936516470994019,0.471560581150473,-4.72817125883256
756,"Q96RQ1|ERGI2_HUMAN","Endoplasmic reticulum-Golgi intermediate compartment protein 2 OS=Homo sapiens GN=ERGIC2 PE=1 SV=2",-1.9879372789265,8.54011201876988,-1.35282283270274,0.209557959388018,0.582222752471286,-5.42385213695927
248,"P04440|DPB1_HUMAN","HLA class II histocompatibility antigen, DP beta 1 chain OS=Homo sapiens GN=HLA-DPB1 PE=1 SV=1",-0.484672709764894,17.3211254659917,-3.4327591013329,0.00762895491663674,0.271380204983947,-2.3502037965495
623,"P25445|TNR6_HUMAN","Tumor necrosis factor receptor superfamily member 6 OS=Homo sapiens GN=FAS PE=1 SV=1",-0.54296339574533,13.7189457789226,-1.19201742441649,0.26414350887238,0.605289248338956,-5.60907459210746
659,"Q9UBY0|SL9A2_HUMAN","Sodium/hydrogen exchanger 2 OS=Homo sapiens GN=SLC9A2 PE=2 SV=1",-1.46761602375654,6.58701999759044,-0.741746600671455,0.477404446650726,0.756918775817793,-6.02994017028666
27,"P02786|TFR1_HUMAN","Transferrin receptor protein 1 OS=Homo sapiens GN=TFRC PE=1 SV=2",-0.435892186133792,20.083122620638,-4.02354495394704,0.00308716654661206,0.163180002501965,-1.47023083375446
99,"Q13488|VPP3_HUMAN","V-type proton ATPase 116 kDa subunit a isoform 3 OS=Homo sapiens GN=TCIRG1 PE=1 SV=3",-0.510862670317113,16.673753498383,-5.1516075893595,0.00062854523163049,0.0834922022961267,0.0660759990110682
882,"Q9Y5U9|IR3IP_HUMAN","Immediate early response 3-interacting protein 1 OS=Homo sapiens GN=IER3IP1 PE=1 SV=1",-0.435836313534766,12.9426222133916,-1.83600539744484,0.0999986575191024,0.478092755163642,-4.78700637000284
952,"Q9H295|DCSTP_HUMAN","Dendritic cell-specific transmembrane protein OS=Homo sapiens GN=DCSTAMP PE=1 SV=1",-1.84140359315741,9.29250470203435,-1.19129130292248,0.264414202302377,0.605289248338956,-5.6098739933526
939,"Q10469|MGAT2_HUMAN","Alpha-1,6-mannosyl-glycoprotein 2-beta-N-acetylglucosaminyltransferase OS=Homo sapiens GN=MGAT2 PE=1 SV=1",-2.248436344441,9.89467493472035,-1.5118627823441,0.165318482444228,0.570813142796986,-5.22609548481817
324,"O14828|SCAM3_HUMAN","Secretory carrier-associated membrane protein 3 OS=Homo sapiens GN=SCAMP3 PE=1 SV=3",-0.467520151175219,15.9710180425227,-4.1875580826449,0.00242160765499812,0.163180002501965,-1.23432976526028
1043,"O95563|MPC2_HUMAN","Mitochondrial pyruvate carrier 2 OS=Homo sapiens GN=MPC2 PE=1 SV=1",-0.636310234263236,11.7128303890838,-1.40494324877004,0.194050082433082,0.570813142796986,-5.36053318469778
221,"P43007|SATT_HUMAN","Neutral amino acid transporter A OS=Homo sapiens GN=SLC1A4 PE=1 SV=1",-0.433521684035107,16.0042373015567,-4.04161346841039,0.00300512037565126,0.163180002501965,-1.44404807581114
561,"Q9HC07|TM165_HUMAN","Transmembrane protein 165 OS=Homo sapiens GN=TMEM165 PE=1 SV=1",-0.302795261885764,13.5842239890979,-1.18118741015177,0.268204226092544,0.605289248338956,-5.62096136936555
453,"P06858|LIPL_HUMAN","Lipoprotein lipase OS=Homo sapiens GN=LPL PE=1 SV=1",-0.63911317876361,12.3101941424908,-1.88540492768513,0.0924611723033969,0.471560581150473,-4.71665752580937
1091,"Q8N6S5|AR6P6_HUMAN","ADP-ribosylation factor-like protein 6-interacting protein 6 OS=Homo sapiens GN=ARL6IP6 PE=1 SV=1",-0.476794279617636,8.32063275619709,-0.252126940261851,0.806683022077294,0.947545438115157,-6.28303758827051
866,"P03905|NU4M_HUMAN","NADH-ubiquinone oxidoreductase chain 4 OS=Homo sapiens GN=MT-ND4 PE=1 SV=1",-0.59403164651137,10.5433789213459,-1.1644870222664,0.274564639901658,0.616837453138288,-5.6391381392531
389,"Q8IY34|S15A3_HUMAN","Solute carrier family 15 member 3 OS=Homo sapiens GN=SLC15A3 PE=2 SV=2",-0.223653425296471,15.1149756372956,-0.967269102253992,0.359020137409999,0.681610346582517,-5.83888203686795
77,"P13761|2B17_HUMAN","HLA class II histocompatibility antigen, DRB1-7 beta chain OS=Homo sapiens GN=HLA-DRB1 PE=1 SV=1",-0.24780756568353,9.71063157423794,-0.116411670718284,0.909917159939485,0.986667435848158,-6.30985403479259
516,"Q9NXF1|TEX10_HUMAN","Testis-expressed sequence 10 protein OS=Homo sapiens GN=TEX10 PE=1 SV=2",-0.771875531521072,10.71845149696,-1.18072682908806,0.268378033187454,0.605289248338956,-5.62146516756466
169,"Q9NTJ5|SAC1_HUMAN","Phosphatidylinositide phosphatase SAC1 OS=Homo sapiens GN=SACM1L PE=1 SV=2",-0.448799614882919,15.5208267284801,-3.46965049633943,0.00720068377752261,0.271380204983947,-2.29404653034525
835,"Q86XS8|GOLI_HUMAN","E3 ubiquitin-protein ligase RNF130 OS=Homo sapiens GN=RNF130 PE=1 SV=1",-0.369532633363329,11.7847890637328,-1.15301009718584,0.279005484536688,0.61840870806312,-5.65152077756465
366,"Q7Z4W1|DCXR_HUMAN","L-xylulose reductase OS=Homo sapiens GN=DCXR PE=1 SV=2",-0.418965248046085,13.892479916049,-2.75875029824943,0.0224360552517859,0.313787144771568,-3.39283686964882
416,"Q6P4Q7|CNNM4_HUMAN","Metal transporter CNNM4 OS=Homo sapiens GN=CNNM4 PE=1 SV=3",-1.01475831036322,13.0086061087548,-2.70094011323493,0.0246475955370968,0.321453332128894,-3.48283253792198
67,"Q3V6T2|GRDN_HUMAN","Girdin OS=Homo sapiens GN=CCDC88A PE=1 SV=2",-0.642354963635661,15.4860769394592,-2.07819851137662,0.0678863752834369,0.444654373430078,-4.4354441125694
1099,"Q13286|CLN3_HUMAN","Battenin OS=Homo sapiens GN=CLN3 PE=1 SV=1",-1.631764900735,8.38664444808727,-1.13195449581026,0.287301712403838,0.628111068012843,-5.67400430580483
405,"Q9Y5Y6|ST14_HUMAN","Suppressor of tumorigenicity 14 protein OS=Homo sapiens GN=ST14 PE=1 SV=2",-0.476915974165763,13.9081452400967,-2.91142489390629,0.0175172553488762,0.300425786221313,-3.15505958149584
536,"Q658P3|STEA3_HUMAN","Metalloreductase STEAP3 OS=Homo sapiens GN=STEAP3 PE=1 SV=2",-0.615755711140952,12.4957082081879,-1.47314955630044,0.175259467817985,0.570813142796986,-5.27545015067319
503,"P19440|GGT1_HUMAN","Gamma-glutamyltranspeptidase 1 OS=Homo sapiens GN=GGT1 PE=1 SV=2",-0.500132393123184,14.033649371464,-1.91294886511335,0.0884940355613295,0.471560581150473,-4.67710507785682
716,"O43567|RNF13_HUMAN","E3 ubiquitin-protein ligase RNF13 OS=Homo sapiens GN=RNF13 PE=1 SV=1",-0.610376645384958,12.5922363359932,-1.55240916020761,0.155444317846656,0.570813142796986,-5.1736204157756
957,"P00395|COX1_HUMAN","Cytochrome c oxidase subunit 1 OS=Homo sapiens GN=MT-CO1 PE=1 SV=1",-4.90224737257012,9.98121466986942,-2.86695393690258,0.0188240550934716,0.300425786221313,-3.22430536252676
803,"Q9NRA2|S17A5_HUMAN","Sialin OS=Homo sapiens GN=SLC17A5 PE=1 SV=2",-0.16421689322131,11.5055341358074,-0.311355824161987,0.762717410378243,0.932695170891345,-6.26522972934231
767,"Q6NUT3|MFS12_HUMAN","Major facilitator superfamily domain-containing protein 12 OS=Homo sapiens GN=MFSD12 PE=1 SV=2",-0.696792990637594,12.7417701968601,-2.01426862067864,0.0752459330463535,0.453435127784536,-4.52976386574416
468,"Q8TDW0|LRC8C_HUMAN","Volume-regulated anion channel subunit LRRC8C OS=Homo sapiens GN=LRRC8C PE=1 SV=2",-4.43691349403711,9.20963737715406,-2.81036574632339,0.0206323277351252,0.302172192272657,-3.31244581508287
64,"O15031|PLXB2_HUMAN","Plexin-B2 OS=Homo sapiens GN=PLXNB2 PE=1 SV=3",-0.498741903311339,15.9340884474429,-2.47495230970267,0.0356248699212896,0.378146555036074,-3.83331463284213
1065,"Q9H3U5|MFSD1_HUMAN","Major facilitator superfamily domain-containing protein 1 OS=Homo sapiens GN=MFSD1 PE=2 SV=2",-0.570464636929346,11.5579633548027,-2.12512791058868,0.0629306764285603,0.435992770226613,-4.36561584115253
39,"O60486|PLXC1_HUMAN","Plexin-C1 OS=Homo sapiens GN=PLXNC1 PE=1 SV=1",-0.602705362473731,17.1977555974722,-2.89076734588122,0.0181123239656753,0.300425786221313,-3.18722180091044
857,"O14678|ABCD4_HUMAN","ATP-binding cassette sub-family D member 4 OS=Homo sapiens GN=ABCD4 PE=1 SV=1",-1.82813591944524,8.51361078599763,-1.13821953698291,0.284812946811509,0.626480189089193,-5.66734622178594
179,"Q4KMQ2|ANO6_HUMAN","Anoctamin-6 OS=Homo sapiens GN=ANO6 PE=1 SV=2",-0.654617176986369,14.7690563313643,-2.5515834137554,0.0314388858205622,0.361319372523021,-3.71480721211001
230,"Q93084|AT2A3_HUMAN","Sarcoplasmic/endoplasmic reticulum calcium ATPase 3 OS=Homo sapiens GN=ATP2A3 PE=1 SV=2",-0.513822080246221,12.8209115066584,-1.31408193259129,0.22175770948422,0.587125102684767,-5.46991380948293
624,"Q969X1|LFG3_HUMAN","Protein lifeguard 3 OS=Homo sapiens GN=TMBIM1 PE=1 SV=2",-3.90749344724407,8.99646852331119,-2.5715317499111,0.0304325856077042,0.359631578726992,-3.68388946198157
696,"Q6RW13|ATRAP_HUMAN","Type-1 angiotensin II receptor-associated protein OS=Homo sapiens GN=AGTRAP PE=1 SV=1",-0.478451253295322,13.6022901591759,-2.05261887188935,0.0707440042328275,0.449729741194404,-4.47329941521102
331,"Q10471|GALT2_HUMAN","Polypeptide N-acetylgalactosaminyltransferase 2 OS=Homo sapiens GN=GALNT2 PE=1 SV=1",-0.799070538472723,14.6156474610596,-2.42204952893204,0.0388354078602776,0.400685835070315,-3.91483485592568
177,"O94973|AP2A2_HUMAN","AP-2 complex subunit alpha-2 OS=Homo sapiens GN=AP2A2 PE=1 SV=2",-0.577507222142041,13.8837680239863,-2.32405267142987,0.0455609432665328,0.421018668695158,-4.0650421423358
840,"Q86TM6|SYVN1_HUMAN","E3 ubiquitin-protein ligase synoviolin OS=Homo sapiens GN=SYVN1 PE=1 SV=2",-0.46172481835853,11.5441784578537,-1.45633947448597,0.179736891453314,0.570813142796986,-5.29664563268576
1202,"Q9BQB6|VKOR1_HUMAN","Vitamin K epoxide reductase complex subunit 1 OS=Homo sapiens GN=VKORC1 PE=1 SV=1",-0.314635721025898,7.81999578976724,-0.105177867178774,0.918572734001562,0.988972549431232,-6.31119274345435
1008,"O75911|DHRS3_HUMAN","Short-chain dehydrogenase/reductase 3 OS=Homo sapiens GN=DHRS3 PE=1 SV=2",-1.87668663127426,6.67907678756948,-0.978147929367031,0.353902163582813,0.681610346582517,-5.82861686765426
1017,"P49795|RGS19_HUMAN","Regulator of G-protein signaling 19 OS=Homo sapiens GN=RGS19 PE=1 SV=1",-2.6224624642673,10.7384816975614,-1.57063735201493,0.151178923130872,0.570813142796986,-5.14977740399027
691,"Q9H2V7|SPNS1_HUMAN","Protein spinster homolog 1 OS=Homo sapiens GN=SPNS1 PE=1 SV=1",-1.0050683622672,11.3647195483114,-1.9735178017063,0.0803297466708879,0.461729385344356,-4.58935833716158
592,"Q92896|GSLG1_HUMAN","Golgi apparatus protein 1 OS=Homo sapiens GN=GLG1 PE=1 SV=2",-0.486168897439265,12.2704361354997,-1.87402216001612,0.0941490875071384,0.471560581150473,-4.73293565773508
953,"Q13433|S39A6_HUMAN","Zinc transporter ZIP6 OS=Homo sapiens GN=SLC39A6 PE=1 SV=3",-3.11824399673967,7.21601007160987,-2.44508326932416,0.0374035455539359,0.389872992845981,-3.8793740915229
637,"Q9NX62|IMPA3_HUMAN","Inositol monophosphatase 3 OS=Homo sapiens GN=IMPAD1 PE=1 SV=1",-0.797131605786072,12.330906625298,-2.71650053035493,0.0240314183223414,0.321453332128894,-3.4586158756089
693,"Q13445|TMED1_HUMAN","Transmembrane emp24 domain-containing protein 1 OS=Homo sapiens GN=TMED1 PE=1 SV=1",-0.272745519669435,10.123365553315,-0.345105345983925,0.738050739120085,0.918676923262326,-6.25344589831064
204,"Q8TEM1|PO210_HUMAN","Nuclear pore membrane glycoprotein 210 OS=Homo sapiens GN=NUP210 PE=1 SV=3",-0.554809120432701,14.2696717454007,-1.82459639937698,0.101819484019484,0.48279513156171,-4.80314180757323
578,"O14653|GOSR2_HUMAN","Golgi SNAP receptor complex member 2 OS=Homo sapiens GN=GOSR2 PE=1 SV=2",-0.674446298673312,12.2839781440904,-1.12953168846048,0.288268778837355,0.628111068012843,-5.67657183452218
268,"Q96RD6|PANX2_HUMAN","Pannexin-2 OS=Homo sapiens GN=PANX2 PE=2 SV=2",-0.281712433680757,7.18070699226797,-0.0979411169257221,0.924154701727526,0.988972549431232,-6.31198342919933
841,"Q96RD7|PANX1_HUMAN","Pannexin-1 OS=Homo sapiens GN=PANX1 PE=1 SV=4",-0.570939133806007,11.5267556285237,-1.34376600764876,0.212357823286848,0.582222752471286,-5.43469849308138
964,"Q9Y3Q3|TMED3_HUMAN","Transmembrane emp24 domain-containing protein 3 OS=Homo sapiens GN=TMED3 PE=1 SV=1",-3.88549888296487,8.27180398593739,-2.67522431426872,0.0257012268128545,0.323220863287746,-3.52283929113809
659,"P19634|SL9A1_HUMAN","Sodium/hydrogen exchanger 1 OS=Homo sapiens GN=SLC9A1 PE=1 SV=2",-0.724720130301732,11.221600205644,-1.80615222287779,0.104828704346457,0.48279513156171,-4.82913478700437
278,"P13612|ITA4_HUMAN","Integrin alpha-4 OS=Homo sapiens GN=ITGA4 PE=1 SV=3",-0.612534613484108,15.1873580851726,-1.99921298803937,0.0770872942251488,0.458384632886412,-4.55183136227777
1012,"Q8TB61|S35B2_HUMAN","Adenosine 3'-phospho 5'-phosphosulfate transporter 1 OS=Homo sapiens GN=SLC35B2 PE=1 SV=1",-0.255195982693984,6.05973495588926,-0.123707023125722,0.90430279281442,0.986405454533187,-6.30891219865677
843,"P01730|CD4_HUMAN","T-cell surface glycoprotein CD4 OS=Homo sapiens GN=CD4 PE=1 SV=1",-2.01015938074266,7.74793085353865,-0.851557720751119,0.416838257321652,0.723061264949253,-5.94222641740868
527,"Q8TDQ1|CLM1_HUMAN","CMRF35-like molecule 1 OS=Homo sapiens GN=CD300LF PE=1 SV=3",-0.286730803106369,14.9855808753584,-0.872516437190902,0.405906788083056,0.711566899715297,-5.92431723824756
904,"Q8NCS4|ZMYNB_HUMAN","Uncharacterized protein ZMYM6NB OS=Homo sapiens GN=ZMYM6NB PE=1 SV=1",-1.33731100656333,11.5009525751428,-1.9284412613833,0.0863339231515537,0.466767986384802,-4.65475983388187
1045,"O95168|NDUB4_HUMAN","NADH dehydrogenase [ubiquinone] 1 beta subcomplex subunit 4 OS=Homo sapiens GN=NDUFB4 PE=1 SV=3",-0.529138796486148,11.9524644716708,-1.6515044021992,0.133495743166504,0.541945876644367,-5.04221070194278
1036,"Q9C0H2|TTYH3_HUMAN","Protein tweety homolog 3 OS=Homo sapiens GN=TTYH3 PE=1 SV=3",-0.163321359170945,11.7593096075072,-0.304526497895109,0.767744571320664,0.932695170891345,-6.26747022099064
218,"P08582|TRFM_HUMAN","Melanotransferrin OS=Homo sapiens GN=MFI2 PE=1 SV=2",-0.578643212021724,14.7211067199874,-2.93722496083981,0.0168020948413286,0.300425786221313,-3.11490260919993
548,"Q8N490|PNKD_HUMAN","Probable hydrolase PNKD OS=Homo sapiens GN=PNKD PE=1 SV=2",-1.55195454497432,11.6999731633239,-1.55185651443737,0.15557529740521,0.570813142796986,-5.17434088602936
736,"Q96K19|RN170_HUMAN","E3 ubiquitin-protein ligase RNF170 OS=Homo sapiens GN=RNF170 PE=1 SV=2",-0.941445200772744,10.2773468045777,-1.55577105141272,0.154649650190078,0.570813142796986,-5.16923453525843
678,"P98196|AT11A_HUMAN","Probable phospholipid-transporting ATPase IH OS=Homo sapiens GN=ATP11A PE=1 SV=3",-3.58463291194556,8.3263612592854,-2.65142846386807,0.026716782156345,0.332379752203131,-3.55983965516738
1069,"Q96HV5|TM41A_HUMAN","Transmembrane protein 41A OS=Homo sapiens GN=TMEM41A PE=1 SV=1",-2.38442215987604,9.82910944607331,-1.50984617288273,0.165823773331723,0.570813142796986,-5.22868472962276
653,"Q8IWA5|CTL2_HUMAN","Choline transporter-like protein 2 OS=Homo sapiens GN=SLC44A2 PE=1 SV=3",-0.158346704509368,11.9573542961444,-0.223008631394371,0.828575403632496,0.959661472324459,-6.29043983546527
124,"P26006|ITA3_HUMAN","Integrin alpha-3 OS=Homo sapiens GN=ITGA3 PE=1 SV=5",-0.54024116615135,17.4938878204897,-3.02049911515895,0.014691780503893,0.300425786221313,-2.98541590771546
2,"A0AVI2|FR1L5_HUMAN","Fer-1-like protein 5 OS=Homo sapiens GN=FER1L5 PE=2 SV=2",-0.610260158459722,12.3519700414498,-2.44728787503513,0.0372692882034311,0.389872992845981,-3.8759773288697
501,"Q9NV96|CC50A_HUMAN","Cell cycle control protein 50A OS=Homo sapiens GN=TMEM30A PE=1 SV=1",-1.28998362311297,11.2698459141096,-1.89809379930431,0.0906131963414484,0.471560581150473,-4.69846487870121
466,"Q99805|TM9S2_HUMAN","Transmembrane 9 superfamily member 2 OS=Homo sapiens GN=TM9SF2 PE=1 SV=1",-1.01990824625371,13.5233581263906,-1.93060580210711,0.0860361254620004,0.466767986384802,-4.65163231698158
205,"Q9BZH6|WDR11_HUMAN","WD repeat-containing protein 11 OS=Homo sapiens GN=WDR11 PE=1 SV=1",-1.00464513671657,14.4615435768985,-1.67656091384694,0.128409810830716,0.53060768261121,-5.00831616420343
799,"Q9H6U8|ALG9_HUMAN","Alpha-1,2-mannosyltransferase ALG9 OS=Homo sapiens GN=ALG9 PE=1 SV=2",-0.918607770254242,10.1278814790975,-1.10545051892786,0.29802139399777,0.63268028046866,-5.70186895249266
950,"Q9H1C7|CYTM1_HUMAN","Cysteine-rich and transmembrane domain-containing protein 1 OS=Homo sapiens GN=CYSTM1 PE=1 SV=1",-0.893126054642886,11.8994339981551,-1.4995077165765,0.168435699515014,0.570813142796986,-5.2419275740359
899,"Q6ZMZ3|SYNE3_HUMAN","Nesprin-3 OS=Homo sapiens GN=SYNE3 PE=1 SV=2",-1.9590580342939,9.27993919887918,-1.31953677751206,0.220004489466348,0.583884522328452,-5.46348130883897
906,"Q10589|BST2_HUMAN","Bone marrow stromal antigen 2 OS=Homo sapiens GN=BST2 PE=1 SV=1",-0.48870200344949,12.6324802386447,-1.41869669617454,0.190126368165228,0.570813142796986,-5.34357500738028
836,"Q9HA72|CAHM2_HUMAN","Calcium homeostasis modulator protein 2 OS=Homo sapiens GN=CALHM2 PE=2 SV=1",-0.376740930414311,9.40047950769093,-0.148028696588395,0.885627743983788,0.981201794059841,-6.30536052835003
775,"P13164|IFM1_HUMAN","Interferon-induced transmembrane protein 1 OS=Homo sapiens GN=IFITM1 PE=1 SV=3",-0.463829937137385,11.4729760529932,-1.43125014406829,0.186605103560086,0.570813142796986,-5.32800774325098
775,"Q01629|IFM2_HUMAN","Interferon-induced transmembrane protein 2 OS=Homo sapiens GN=IFITM2 PE=1 SV=2",-0.463829937137385,11.4729760529932,-1.43125014406829,0.186605103560086,0.570813142796986,-5.32800774325098
834,"P58335|ANTR2_HUMAN","Anthrax toxin receptor 2 OS=Homo sapiens GN=ANTXR2 PE=1 SV=5",-3.59689737784046,7.7772262443128,-2.12770852941121,0.0626685706643604,0.435992770226613,-4.36176248223012
481,"O00478|BT3A3_HUMAN","Butyrophilin subfamily 3 member A3 OS=Homo sapiens GN=BTN3A3 PE=1 SV=1",-0.96455151161538,7.50688040631502,-0.49344456989419,0.633674968783284,0.861889330169693,-6.18783740293579
1105,"Q9BTX3|TM208_HUMAN","Transmembrane protein 208 OS=Homo sapiens GN=TMEM208 PE=1 SV=1",-3.84324685986526,8.22459707468363,-2.1872002446991,0.0569118486681837,0.435992770226613,-4.2725641909686
988,"Q9NZC2|TREM2_HUMAN","Triggering receptor expressed on myeloid cells 2 OS=Homo sapiens GN=TREM2 PE=1 SV=1",-2.17844547288807,9.30757761261235,-1.41823867482801,0.190255924529777,0.570813142796986,-5.34414139626262
645,"O00206|TLR4_HUMAN","Toll-like receptor 4 OS=Homo sapiens GN=TLR4 PE=1 SV=2",-2.25824091311694,9.83882063661811,-1.43516903250073,0.185517496809119,0.570813142796986,-5.32313084747097
572,"Q8NCG7|DGLB_HUMAN","Sn1-specific diacylglycerol lipase beta OS=Homo sapiens GN=DAGLB PE=1 SV=2",-0.724483681684163,13.2786096650304,-2.7670951344302,0.0221339088930879,0.313787144771568,-3.3798413693217
167,"Q8IY17|PLPL6_HUMAN","Neuropathy target esterase OS=Homo sapiens GN=PNPLA6 PE=1 SV=2",-0.508963507126527,15.0129151800959,-2.09167634693664,0.0664257890397386,0.444654373430078,-4.41543871467672
1080,"Q9BX95|SGPP1_HUMAN","Sphingosine-1-phosphate phosphatase 1 OS=Homo sapiens GN=SGPP1 PE=1 SV=2",-2.39125599462708,9.69516501627785,-1.50822944837466,0.166229852109047,0.570813142796986,-5.23075910274181
436,"P16150|LEUK_HUMAN","Leukosialin OS=Homo sapiens GN=SPN PE=1 SV=1",-0.621642526439253,16.7405797512261,-5.12701123936518,0.000649463976374365,0.0834922022961267,0.0347967724393428
531,"Q9H7F0|AT133_HUMAN","Probable cation-transporting ATPase 13A3 OS=Homo sapiens GN=ATP13A3 PE=1 SV=4",-0.208891052968784,11.8205449979964,-0.486824798737212,0.638175950931789,0.865614976820727,-6.19123715680065
158,"P23634|AT2B4_HUMAN","Plasma membrane calcium-transporting ATPase 4 OS=Homo sapiens GN=ATP2B4 PE=1 SV=2",-3.0191851121082,11.3724916959952,-1.73641500426598,0.117843220103051,0.506131831155974,-4.92763359244817
892,"Q5VW38|GP107_HUMAN","Protein GPR107 OS=Homo sapiens GN=GPR107 PE=1 SV=1",-2.110926828048,9.37887922997048,-1.40126438731879,0.195111392512431,0.570813142796986,-5.36505187176556
728,"Q8N357|S35F6_HUMAN","Solute carrier family 35 member F6 OS=Homo sapiens GN=SLC35F6 PE=1 SV=1",-2.15603779832094,9.51848479335555,-1.40613610468845,0.193707027142747,0.570813142796986,-5.35906643584954
434,"Q66K14|TBC9B_HUMAN","TBC1 domain family member 9B OS=Homo sapiens GN=TBC1D9B PE=1 SV=3",-0.923323767259246,13.2962782125838,-2.17969817335892,0.0576083896045396,0.435992770226613,-4.28384963683972
1033,"Q96A29|FUCT1_HUMAN","GDP-fucose transporter 1 OS=Homo sapiens GN=SLC35C1 PE=1 SV=1",-0.366366505878446,10.6822624840263,-0.712326919643771,0.494556488414788,0.768597714722152,-6.0516423094634
775,"Q01628|IFM3_HUMAN","Interferon-induced transmembrane protein 3 OS=Homo sapiens GN=IFITM3 PE=1 SV=2",-0.488232151020791,11.4851771599349,-1.50070905019499,0.168130340479417,0.570813142796986,-5.24039145079551
868,"Q8TEB9|RHBL4_HUMAN","Rhomboid-related protein 4 OS=Homo sapiens GN=RHBDD1 PE=1 SV=1",-1.03332905863899,11.1390308553672,-2.07694256774618,0.0680240484849817,0.444654373430078,-4.43730626910824
125,"Q14789|GOGB1_HUMAN","Golgin subfamily B member 1 OS=Homo sapiens GN=GOLGB1 PE=1 SV=2",-0.845358548274678,14.9780479035046,-3.22831346038139,0.0105365664100908,0.277063803101707,-2.6636847829573
197,"O75022|LIRB3_HUMAN","Leukocyte immunoglobulin-like receptor subfamily B member 3 OS=Homo sapiens GN=LILRB3 PE=2 SV=3",-0.386968371739195,14.3491561113436,-1.25455686609176,0.241662403145052,0.593972645590143,-5.538941214024
898,"O43759|SNG1_HUMAN","Synaptogyrin-1 OS=Homo sapiens GN=SYNGR1 PE=1 SV=2",-0.663795083975856,12.4357770848594,-2.21459879587889,0.0544371114629941,0.43307987869135,-4.23126197083128
614,"Q8IXK2|GLT12_HUMAN","Polypeptide N-acetylgalactosaminyltransferase 12 OS=Homo sapiens GN=GALNT12 PE=1 SV=3",-1.52655938155336,8.70462358224101,-0.846676695012299,0.41941315578153,0.724270180954075,-5.94634456335955
268,"Q9Y625|GPC6_HUMAN","Glypican-6 OS=Homo sapiens GN=GPC6 PE=1 SV=1",-0.467969023316035,12.1739923143838,-0.918072273002135,0.38284635327283,0.697932429418421,-5.88414215973663
427,"Q92544|TM9S4_HUMAN","Transmembrane 9 superfamily member 4 OS=Homo sapiens GN=TM9SF4 PE=1 SV=2",-1.15163473925789,13.7245498876703,-2.87681993676269,0.0185257715184033,0.300425786221313,-3.20894061347465
190,"Q92692|PVRL2_HUMAN","Nectin-2 OS=Homo sapiens GN=PVRL2 PE=1 SV=1",-0.78254783612509,15.8254331517927,-5.33280942585428,0.00049515398806882,0.081841880599375,0.293421813419203
142,"P08473|NEP_HUMAN","Neprilysin OS=Homo sapiens GN=MME PE=1 SV=2",-1.44650322599975,14.5011074555133,-2.25319960911048,0.0513844192437895,0.426226784568813,-4.1747995581789
84,"P01903|DRA_HUMAN","HLA class II histocompatibility antigen, DR alpha chain OS=Homo sapiens GN=HLA-DRA PE=1 SV=1",-0.560421955047453,20.3125951137951,-1.79103164625014,0.107658724237615,0.48279513156171,-4.85092367876506
522,"Q7KYR7|BT2A1_HUMAN","Butyrophilin subfamily 2 member A1 OS=Homo sapiens GN=BTN2A1 PE=1 SV=3",-2.14025996939181,11.2797724203956,-1.11530423358494,0.295081868000152,0.632398288897071,-5.69070000296781
251,"P20036|DPA1_HUMAN","HLA class II histocompatibility antigen, DP alpha 1 chain OS=Homo sapiens GN=HLA-DPA1 PE=1 SV=1",-0.49675610081866,15.5185848758348,-1.22209086425788,0.253128579829136,0.60476061093779,-5.57566320181642
733,"P21397|AOFA_HUMAN","Amine oxidase [flavin-containing] A OS=Homo sapiens GN=MAOA PE=1 SV=1",-1.60833011759383,7.74826016066012,-0.986293188501819,0.350105828363122,0.681610346582517,-5.82087108138035
856,"Q9NW97|TMM51_HUMAN","Transmembrane protein 51 OS=Homo sapiens GN=TMEM51 PE=1 SV=1",-2.39756871463081,9.49699576564097,-1.51240296265172,0.165183363661255,0.570813142796986,-5.22540157815679
477,"Q06481|APLP2_HUMAN","Amyloid-like protein 2 OS=Homo sapiens GN=APLP2 PE=1 SV=2",-1.19514025024607,11.8278249265585,-2.2664669580283,0.0500371995528144,0.426226784568813,-4.15272332210507
541,"Q9NUM4|T106B_HUMAN","Transmembrane protein 106B OS=Homo sapiens GN=TMEM106B PE=1 SV=2",-0.690633785654963,12.0481337179469,-2.33706018863281,0.0446058552722811,0.421018668695158,-4.04517240118684
571,"Q8IUW5|RELL1_HUMAN","RELT-like protein 1 OS=Homo sapiens GN=RELL1 PE=1 SV=1",-1.37833958863066,11.4342785089301,-1.62060779328444,0.140018629856805,0.553326247588968,-5.08364436300831
920,"Q9BUB7|TMM70_HUMAN","Transmembrane protein 70, mitochondrial OS=Homo sapiens GN=TMEM70 PE=1 SV=2",-1.5628212850931,8.03678998680626,-1.11316324149297,0.29486994263636,0.632398288897071,-5.69381100739155
989,"Q92854|SEM4D_HUMAN","Semaphorin-4D OS=Homo sapiens GN=SEMA4D PE=1 SV=1",0.322927210263742,7.22387440348302,0.209567137735375,0.838735706388252,0.959858765866674,-6.29355429530343
788,"Q8N697|S15A4_HUMAN","Solute carrier family 15 member 4 OS=Homo sapiens GN=SLC15A4 PE=2 SV=1",-2.35696332089299,9.48851776989519,-1.48269791020814,0.172759987079808,0.570813142796986,-5.26334672902331
913,"Q6PKC3|TXD11_HUMAN","Thioredoxin domain-containing protein 11 OS=Homo sapiens GN=TXNDC11 PE=1 SV=2",0.896105633530794,6.36892877901005,0.471143565935491,0.648900654406956,0.870308062782419,-6.19911704258071
864,"Q6UWF3|SCIMP_HUMAN","SLP adapter and CSK-interacting membrane protein OS=Homo sapiens GN=SCIMP PE=1 SV=1",-0.682153646445739,11.6996468976584,-1.04615796028344,0.323135423136942,0.650765081821609,-5.76239415117651
1237,"Q8TBF5|PIGX_HUMAN","Phosphatidylinositol-glycan biosynthesis class X protein OS=Homo sapiens GN=PIGX PE=2 SV=3",-0.733691793729662,6.72983143301127,-0.470968701642478,0.649020738167185,0.870308062782419,-6.19920353267419
512,"O95297|MPZL1_HUMAN","Myelin protein zero-like protein 1 OS=Homo sapiens GN=MPZL1 PE=1 SV=1",-0.612271085225437,13.0933101988734,-2.14048305562317,0.0613866118383314,0.435992770226613,-4.3426676563515
465,"Q8WXF7|ATLA1_HUMAN","Atlastin-1 OS=Homo sapiens GN=ATL1 PE=1 SV=1",-2.29772196447937,9.87059491677296,-1.53551084582924,0.159494000331123,0.570813142796986,-5.19558543778106
93,"Q9Y4D7|PLXD1_HUMAN","Plexin-D1 OS=Homo sapiens GN=PLXND1 PE=1 SV=3",-0.897988943566016,15.8945836326938,-3.82842184828147,0.00414128526221011,0.191658681935084,-1.75592584165638
1245,"Q9BUM1|G6PC3_HUMAN","Glucose-6-phosphatase 3 OS=Homo sapiens GN=G6PC3 PE=1 SV=2",3.81018526027356,7.176041053502,1.69181420683067,0.125400891412306,0.521902271093664,-4.98755792868421
128,"Q5TFQ8|SIRBL_HUMAN","Signal-regulatory protein beta-1 isoform 3 OS=Homo sapiens GN=SIRPB1 PE=1 SV=1",-0.418579452011045,7.02430848298897,-0.272483317710737,0.79148213814021,0.938263149414163,-6.27733197196081
503,"A6NGU5|GGT3_HUMAN","Putative gamma-glutamyltranspeptidase 3 OS=Homo sapiens GN=GGT3P PE=5 SV=2",-0.840442545180425,13.4912840624089,-4.37993858606029,0.00183034075542901,0.163180002501965,-0.962846178817253
970,"Q8N9A8|NEPR1_HUMAN","Nuclear envelope phosphatase-regulatory subunit 1 OS=Homo sapiens GN=CNEP1R1 PE=1 SV=1",-0.0517342777045222,5.28936355411977,-0.0288609413260549,0.977613883243767,0.993936083403373,-6.31669805867574
934,"Q4G148|GXLT1_HUMAN","Glucoside xylosyltransferase 1 OS=Homo sapiens GN=GXYLT1 PE=1 SV=2",-1.39876147595819,7.79183401873659,-0.978267215780327,0.353846346701373,0.681610346582517,-5.82850380119999
692,"Q9NPH3|IL1AP_HUMAN","Interleukin-1 receptor accessory protein OS=Homo sapiens GN=IL1RAP PE=1 SV=2",-0.955131527059915,9.90824652665566,-1.41676133704568,0.190674326268692,0.570813142796986,-5.34596750288476
870,"Q643R3|LPCT4_HUMAN","Lysophospholipid acyltransferase LPCAT4 OS=Homo sapiens GN=LPCAT4 PE=1 SV=1",-2.68929738464348,8.70431796672703,-1.84326645000006,0.0988557344147513,0.477999689801925,-4.77671496468378
638,"Q9BXP2|S12A9_HUMAN","Solute carrier family 12 member 9 OS=Homo sapiens GN=SLC12A9 PE=1 SV=1",-2.81859915237364,10.4320267942021,-1.95232142893506,0.0831019132619555,0.462254392519627,-4.62018225046556
503,"P36268|GGT2_HUMAN","Inactive gamma-glutamyltranspeptidase 2 OS=Homo sapiens GN=GGT2 PE=1 SV=3",-0.765268390344227,13.6190590987663,-3.9032820449495,0.00369762688460687,0.178256429395423,-1.64569134536168
900,"Q5SVS4|KMCP1_HUMAN","Kidney mitochondrial carrier protein 1 OS=Homo sapiens GN=SLC25A30 PE=1 SV=1",-0.413102657178218,11.1371846674253,-0.824594462212167,0.431199315195441,0.730121634804725,-5.96472442699667
287,"Q9UHW9|S12A6_HUMAN","Solute carrier family 12 member 6 OS=Homo sapiens GN=SLC12A6 PE=1 SV=2",-1.64037173257743,12.4960517509862,-1.84137089909351,0.0991529175042886,0.477999689801925,-4.77940327099999
768,"P17927|CR1_HUMAN","Complement receptor type 1 OS=Homo sapiens GN=CR1 PE=1 SV=3",-0.46802975784763,7.29253048764713,-0.295022115437635,0.774760010139328,0.932695170891345,-6.2705073521564
824,"Q9UNQ0|ABCG2_HUMAN","ATP-binding cassette sub-family G member 2 OS=Homo sapiens GN=ABCG2 PE=1 SV=3",-1.27123611061333,12.3680849545226,-3.27208900546133,0.00982904356300767,0.271380204983947,-2.59626814986071
819,"O43292|GPAA1_HUMAN","Glycosylphosphatidylinositol anchor attachment 1 protein OS=Homo sapiens GN=GPAA1 PE=1 SV=3",-1.2610751628026,10.9446331550208,-1.70039256476029,0.123737156940397,0.520383578749808,-4.97584296805965
639,"Q8WWI5|CTL1_HUMAN","Choline transporter-like protein 1 OS=Homo sapiens GN=SLC44A1 PE=1 SV=1",-1.308434390427,10.9145442123141,-1.79851792183104,0.106098350180774,0.48279513156171,-4.83985975849384
532,"Q9H2F3|3BHS7_HUMAN","3 beta-hydroxysteroid dehydrogenase type 7 OS=Homo sapiens GN=HSD3B7 PE=1 SV=2",-2.53544037284533,9.92688479050032,-1.74510846283725,0.115388063361169,0.503788638901404,-4.91431641989996
381,"Q13443|ADAM9_HUMAN","Disintegrin and metalloproteinase domain-containing protein 9 OS=Homo sapiens GN=ADAM9 PE=1 SV=1",-0.836233707566238,11.7162375150384,-1.53694201533891,0.159147420199515,0.570813142796986,-5.19373038151497
443,"O60462|NRP2_HUMAN","Neuropilin-2 OS=Homo sapiens GN=NRP2 PE=1 SV=2",-1.11991050098133,11.8564807370044,-2.91193983450251,0.017502680436982,0.300425786221313,-3.15425795629323
738,"P62070|RRAS2_HUMAN","Ras-related protein R-Ras2 OS=Homo sapiens GN=RRAS2 PE=1 SV=1",-0.775627644316947,10.5653411743381,-1.15758966353363,0.277226636818868,0.618017762619326,-5.64659051350207
1062,"P13598|ICAM2_HUMAN","Intercellular adhesion molecule 2 OS=Homo sapiens GN=ICAM2 PE=1 SV=2",-2.1901822211517,7.62135793616716,-0.955939358654708,0.364408178209485,0.683339160759115,-5.84947461597633
608,"Q6PJF5|RHDF2_HUMAN","Inactive rhomboid protein 2 OS=Homo sapiens GN=RHBDF2 PE=1 SV=2",-0.679394933773166,12.1912137754921,-1.25657611623666,0.240963647167953,0.593972645590143,-5.53663528901681
980,"Q96EU7|C1GLC_HUMAN","C1GALT1-specific chaperone 1 OS=Homo sapiens GN=C1GALT1C1 PE=1 SV=1",-2.59622024099434,8.19652162414364,-1.80628840483544,0.10480618516927,0.48279513156171,-4.82894329154532
683,"O75056|SDC3_HUMAN","Syndecan-3 OS=Homo sapiens GN=SDC3 PE=1 SV=2",-0.479942546381415,7.85434340149261,-0.279057649682575,0.786592346517646,0.935388071780211,-6.27539627931013
1227,"Q9P0S9|TM14C_HUMAN","Transmembrane protein 14C OS=Homo sapiens GN=TMEM14C PE=1 SV=1",-0.502312004366522,6.59101207003969,-0.199845472484859,0.846104112528027,0.96340436837522,-6.29568744298294
353,"Q86SF2|GALT7_HUMAN","N-acetylgalactosaminyltransferase 7 OS=Homo sapiens GN=GALNT7 PE=1 SV=1",-1.04277058125799,12.5842084356059,-1.88800766663041,0.0920792436571327,0.471560581150473,-4.71292983969426
721,"Q9HBH0|RHOF_HUMAN","Rho-related GTP-binding protein RhoF OS=Homo sapiens GN=RHOF PE=1 SV=1",-1.33168813965905,10.240511563402,-2.04241586835437,0.0719158224138588,0.45160118787238,-4.48835633597472
450,"P29323|EPHB2_HUMAN","Ephrin type-B receptor 2 OS=Homo sapiens GN=EPHB2 PE=1 SV=5",-0.167738434340276,12.683165967603,-0.260773636145635,0.800215275578044,0.946548479731295,-6.28066727864033
848,"Q9NWR8|MCUB_HUMAN","Calcium uniporter regulatory subunit MCUb, mitochondrial OS=Homo sapiens GN=CCDC109B PE=1 SV=2",1.29546512449414,8.86544262423831,0.85744289336328,0.413748247264537,0.71985973245875,-5.93723452429316
547,"Q9NXH8|TOR4A_HUMAN","Torsin-4A OS=Homo sapiens GN=TOR4A PE=1 SV=2",-0.917509679705285,11.7628255706423,-1.56652921384314,0.152130991851942,0.570813142796986,-5.15516434734388
51,"P01893|HLAH_HUMAN","Putative HLA class I histocompatibility antigen, alpha chain H OS=Homo sapiens GN=HLA-H PE=5 SV=3",-0.532164702344369,6.51276387121768,-0.376556280829584,0.715345605926588,0.908589207662036,-6.24140498475967
479,"P51798|CLCN7_HUMAN","H(+)/Cl(-) exchange transporter 7 OS=Homo sapiens GN=CLCN7 PE=1 SV=2",-2.90791117588081,10.332610190868,-2.02120898513222,0.0744113463566562,0.453435127784536,-4.51957195241167
233,"Q16850|CP51A_HUMAN","Lanosterol 14-alpha demethylase OS=Homo sapiens GN=CYP51A1 PE=1 SV=3",-0.829631170216274,15.4332381145148,-2.83781247898568,0.0197341052314778,0.300425786221313,-3.26969370604168
673,"Q96K37|S35E1_HUMAN","Solute carrier family 35 member E1 OS=Homo sapiens GN=SLC35E1 PE=1 SV=2",0.348960216752543,11.9306866423318,0.352784745463788,0.732480898506303,0.915205615088329,-6.25059987786986
671,"Q5W0Z9|ZDH20_HUMAN","Probable palmitoyltransferase ZDHHC20 OS=Homo sapiens GN=ZDHHC20 PE=1 SV=1",-0.916760761736304,10.34319589644,-1.58171838228358,0.148637408072239,0.567569244685086,-5.13520861166183
790,"O94966|UBP19_HUMAN","Ubiquitin carboxyl-terminal hydrolase 19 OS=Homo sapiens GN=USP19 PE=1 SV=2",-2.04495998268518,8.61738170130305,-1.45883923505401,0.17906480766312,0.570813142796986,-5.29350292267728
398,"P20338|RAB4A_HUMAN","Ras-related protein Rab-4A OS=Homo sapiens GN=RAB4A PE=1 SV=3",-0.648869912951998,10.8693773405792,-1.09698947742896,0.301508967713698,0.635420538515024,-5.71066037655571
785,"P21854|CD72_HUMAN","B-cell differentiation antigen CD72 OS=Homo sapiens GN=CD72 PE=2 SV=1",-2.53331046518669,8.86872760903213,-1.80620872921135,0.104819359858698,0.48279513156171,-4.82905533006588
562,"Q86XL3|ANKL2_HUMAN","Ankyrin repeat and LEM domain-containing protein 2 OS=Homo sapiens GN=ANKLE2 PE=1 SV=4",-0.76277648869231,10.5937483822792,-1.37447275534946,0.202992119150942,0.578477541521282,-5.39773494187718
878,"P17152|TMM11_HUMAN","Transmembrane protein 11, mitochondrial OS=Homo sapiens GN=TMEM11 PE=1 SV=1",-1.05160943281227,10.2250623033889,-1.53239508143065,0.160250850720779,0.570813142796986,-5.19962066530453
335,"O60603|TLR2_HUMAN","Toll-like receptor 2 OS=Homo sapiens GN=TLR2 PE=1 SV=1",-0.80556690613658,12.6368225553441,-2.18120961180772,0.0574673927667398,0.435992770226613,-4.28157679945771
798,"Q969P0|IGSF8_HUMAN","Immunoglobulin superfamily member 8 OS=Homo sapiens GN=IGSF8 PE=1 SV=1",-1.32353957403696,12.0726873249882,-1.99739292789373,0.0773127916747673,0.458384632886412,-4.55449516370326
981,"Q9NY35|CLDN1_HUMAN","Claudin domain-containing protein 1 OS=Homo sapiens GN=CLDND1 PE=1 SV=1",-0.675968944914137,8.50817494103289,-0.296970508119632,0.773320060248412,0.932695170891345,-6.26989242789119
615,"Q9H813|TM206_HUMAN","Transmembrane protein 206 OS=Homo sapiens GN=TMEM206 PE=1 SV=1",-1.12124710540105,13.1435693447318,-4.06983402197477,0.0028815794304535,0.163180002501965,-1.40324945906606
450,"P54762|EPHB1_HUMAN","Ephrin type-B receptor 1 OS=Homo sapiens GN=EPHB1 PE=1 SV=1",3.46498054863129,9.66531591017216,1.73020138391587,0.118112008999233,0.506131831155974,-4.9349122381924
606,"P32942|ICAM3_HUMAN","Intercellular adhesion molecule 3 OS=Homo sapiens GN=ICAM3 PE=1 SV=2",-0.94833751098105,12.4149176700817,-2.82555713978648,0.0201301356788302,0.302172192272657,-3.2887829784513
332,"Q16706|MA2A1_HUMAN","Alpha-mannosidase 2 OS=Homo sapiens GN=MAN2A1 PE=1 SV=2",-1.42682354822554,12.5231939240887,-2.96013232173059,0.0161922474926502,0.300425786221313,-3.0792615003964
942,"Q8WTV0|SCRB1_HUMAN","Scavenger receptor class B member 1 OS=Homo sapiens GN=SCARB1 PE=1 SV=1",-0.416728266909352,10.4759715144335,-0.61344955755707,0.554968907317481,0.801621755014139,-6.11878829627353
274,"P12931|SRC_HUMAN","Proto-oncogene tyrosine-protein kinase Src OS=Homo sapiens GN=SRC PE=1 SV=3",-0.705587943656379,15.153007116592,-0.883799017224937,0.401625142365371,0.708670070111423,-5.9129364234846
1288,"Q15035|TRAM2_HUMAN","Translocating chain-associated membrane protein 2 OS=Homo sapiens GN=TRAM2 PE=1 SV=1",-0.592420780419829,5.71767945717077,-0.297007983442331,0.773292373275551,0.932695170891345,-6.26988056158498
556,"Q16827|PTPRO_HUMAN","Receptor-type tyrosine-protein phosphatase O OS=Homo sapiens GN=PTPRO PE=1 SV=2",-1.01319135189319,11.6531131984046,-2.24710833088667,0.0516370044582471,0.426226784568813,-4.18208735481327
731,"Q9H0V9|LMA2L_HUMAN","VIP36-like protein OS=Homo sapiens GN=LMAN2L PE=1 SV=1",-2.99942318395619,9.92985809894575,-2.03988513461912,0.0722093515612708,0.45160118787238,-4.49208719158893
58,"Q30154|DRB5_HUMAN","HLA class II histocompatibility antigen, DR beta 5 chain OS=Homo sapiens GN=HLA-DRB5 PE=1 SV=1",-0.648311990944736,9.03088572292913,-0.323044126249414,0.754140880688995,0.927248670517712,-6.26128250256223
956,"P02751|FINC_HUMAN","Fibronectin OS=Homo sapiens GN=FN1 PE=1 SV=4",-3.78690772149914,7.41020713884461,-3.02374809174376,0.0146152036495054,0.300425786221313,-2.9803688325271
1118,"P54852|EMP3_HUMAN","Epithelial membrane protein 3 OS=Homo sapiens GN=EMP3 PE=1 SV=1",-4.2309948061157,8.20967373611961,-2.90201280096298,0.0177858587230666,0.300425786221313,-3.16971257398252
662,"Q8N6G5|CGAT2_HUMAN","Chondroitin sulfate N-acetylgalactosaminyltransferase 2 OS=Homo sapiens GN=CSGALNACT2 PE=1 SV=1",-2.96539402486003,10.6718090323396,-1.88895268928487,0.0919409382834416,0.471560581150473,-4.71157585112036
935,"Q86V85|GP180_HUMAN","Integral membrane protein GPR180 OS=Homo sapiens GN=GPR180 PE=2 SV=1",0.491489076602507,8.39627662176899,0.336018710808204,0.744662182274542,0.921851666493266,-6.25673472359987
949,"Q08334|I10R2_HUMAN","Interleukin-10 receptor subunit beta OS=Homo sapiens GN=IL10RB PE=1 SV=2",-2.99639440805367,10.2348147418572,-1.83165882373755,0.100688732042092,0.479410958735391,-4.79315868742374
992,"P15151|PVR_HUMAN","Poliovirus receptor OS=Homo sapiens GN=PVR PE=1 SV=2",0.193711449374879,6.08328997337128,0.113687883755511,0.912014711734396,0.987091694552569,-6.31019105191088
19,"P49327|FAS_HUMAN","Fatty acid synthase OS=Homo sapiens GN=FASN PE=1 SV=3",-1.16340500145068,15.6947751253095,-3.34703490880117,0.00873027343165925,0.271380204983947,-2.48120401570473
885,"Q9NVC3|S38A7_HUMAN","Putative sodium-coupled neutral amino acid transporter 7 OS=Homo sapiens GN=SLC38A7 PE=1 SV=1",-2.89294301369456,9.98741586482753,-1.95307736232352,0.0830015030276262,0.462254392519627,-4.61908508017959
424,"Q6UX71|PXDC2_HUMAN","Plexin domain-containing protein 2 OS=Homo sapiens GN=PLXDC2 PE=1 SV=1",-1.28784591263121,12.7185950762303,-6.96414219207008,7.04130316863138e-05,0.027155959220355,2.10493499347218
137,"P33527|MRP1_HUMAN","Multidrug resistance-associated protein 1 OS=Homo sapiens GN=ABCC1 PE=1 SV=3",-1.95916228054034,13.8209161035901,-2.73215005478645,0.0236142823074592,0.321432054467416,-3.4383777159287
330,"Q14C86|GAPD1_HUMAN","GTPase-activating protein and VPS9 domain-containing protein 1 OS=Homo sapiens GN=GAPVD1 PE=1 SV=2",-1.55563651551192,12.6009321473966,-2.92723198909666,0.0170754710067138,0.300425786221313,-3.13045460947306
772,"Q8IUC8|GLT13_HUMAN","Polypeptide N-acetylgalactosaminyltransferase 13 OS=Homo sapiens GN=GALNT13 PE=2 SV=2",-1.86444374894126,6.33492000948006,-1.3613176772635,0.206960431098011,0.582222752471286,-5.41363613046263
1296,"Q8NBM4|UBAC2_HUMAN","Ubiquitin-associated domain-containing protein 2 OS=Homo sapiens GN=UBAC2 PE=1 SV=1",2.99711659726003,6.64344192202614,1.32984508754793,0.216723243981888,0.583884522328452,-5.45127758474314
495,"O43861|ATP9B_HUMAN","Probable phospholipid-transporting ATPase IIB OS=Homo sapiens GN=ATP9B PE=2 SV=4",-1.38969162618575,11.2934605741493,-3.53737442969708,0.00647876759467927,0.267711932394426,-2.19132220536804
598,"P04921|GLPC_HUMAN","Glycophorin-C OS=Homo sapiens GN=GYPC PE=1 SV=1",-0.862000121121035,7.10915183463692,-0.542990123480732,0.600501775525014,0.835072781589472,-6.16102187279012
886,"Q9NZC3|GDE1_HUMAN","Glycerophosphodiester phosphodiesterase 1 OS=Homo sapiens GN=GDE1 PE=1 SV=1",-4.92888698595357,8.69001553692972,-2.84353408098096,0.0195519454807075,0.300425786221313,-3.26078176371106
377,"Q15399|TLR1_HUMAN","Toll-like receptor 1 OS=Homo sapiens GN=TLR1 PE=1 SV=3",1.5831224336712,9.74648964060059,1.08707624108919,0.305635665913836,0.63935696216137,-5.72089593888971
408,"Q8IWB9|TEX2_HUMAN","Testis-expressed sequence 2 protein OS=Homo sapiens GN=TEX2 PE=1 SV=2",-1.29703661015994,12.0346510524312,-3.28480671162429,0.00963289721557427,0.271380204983947,-2.57671000859093
529,"Q9Y2G8|DJC16_HUMAN","DnaJ homolog subfamily C member 16 OS=Homo sapiens GN=DNAJC16 PE=2 SV=3",-1.41804640938315,10.7423311477729,-1.68796194873075,0.126154658497278,0.523157490614159,-4.99280925315612
853,"P14207|FOLR2_HUMAN","Folate receptor beta OS=Homo sapiens GN=FOLR2 PE=1 SV=4",-1.19019228407307,6.97397492180526,-0.721976599064046,0.488888181072784,0.764383277704339,-6.04460960140741
141,"Q6ZS81|WDFY4_HUMAN","WD repeat- and FYVE domain-containing protein 4 OS=Homo sapiens GN=WDFY4 PE=1 SV=3",-1.84962831252989,12.5261283667803,-3.0906823060554,0.0131259592812707,0.300425786221313,-2.87649412910627
49,"P01911|2B1F_HUMAN","HLA class II histocompatibility antigen, DRB1-15 beta chain OS=Homo sapiens GN=HLA-DRB1 PE=1 SV=2",-0.924570800983619,8.18911315903715,-0.50135868644254,0.628314793450545,0.859291035487329,-6.1837159950773
472,"Q96NY8|PVRL4_HUMAN","Nectin-4 OS=Homo sapiens GN=PVRL4 PE=1 SV=1",-1.73787003021913,11.3683162977915,-2.56472469072729,0.0307722785600451,0.359631578726992,-3.69444246144839
1083,"Q9BVK2|ALG8_HUMAN","Probable dolichyl pyrophosphate Glc1Man9GlcNAc2 alpha-1,3-glucosyltransferase OS=Homo sapiens GN=ALG8 PE=1 SV=2",1.21754732021168,8.15256453555691,0.442382297174863,0.668793988503533,0.881315085078119,-6.21293155850681
1201,"A7E2Y1|MYH7B_HUMAN","Myosin-7B OS=Homo sapiens GN=MYH7B PE=1 SV=3",-3.23577923659542,11.4031187002758,-1.63643758156715,0.13854105907205,0.550831633492651,-5.06412028897198
851,"Q5JTH9|RRP12_HUMAN","RRP12-like protein OS=Homo sapiens GN=RRP12 PE=1 SV=2",-4.91079843977942,8.87222230811089,-2.74935029123938,0.0227814348840205,0.313787144771568,-3.40747448371923
463,"O75326|SEM7A_HUMAN","Semaphorin-7A OS=Homo sapiens GN=SEMA7A PE=1 SV=1",-1.72696563967047,11.8327527332236,-4.34638048755537,0.00192119591465356,0.163180002501965,-1.00978693232284
932,"P38435|VKGC_HUMAN","Vitamin K-dependent gamma-carboxylase OS=Homo sapiens GN=GGCX PE=1 SV=2",-0.622752956134931,7.95723680133387,-0.343674539285149,0.739090300835681,0.918676923262326,-6.2539694302834
751,"O95976|IGSF6_HUMAN","Immunoglobulin superfamily member 6 OS=Homo sapiens GN=IGSF6 PE=2 SV=2",-1.92440714977975,14.5539197635849,-8.19757301409998,1.97777514484422e-05,0.0114414292129238,3.22315038695196
155,"Q9BZZ2|SN_HUMAN","Sialoadhesin OS=Homo sapiens GN=SIGLEC1 PE=1 SV=2",-0.938215317563701,13.5069846651162,-1.21890853712953,0.254546827391689,0.60476061093779,-5.57906101599934
557,"O43155|FLRT2_HUMAN","Leucine-rich repeat transmembrane protein FLRT2 OS=Homo sapiens GN=FLRT2 PE=1 SV=1",-2.85636985454854,10.1964348007805,-1.73849083121372,0.116590063885766,0.506131831155974,-4.92346969379321
748,"Q9UIW2|PLXA1_HUMAN","Plexin-A1 OS=Homo sapiens GN=PLXNA1 PE=1 SV=3",-5.73534646660599,8.72510601153231,-4.02015620476108,0.00310281767938049,0.163180002501965,-1.47514668299188
1258,"Q96EC8|YIPF6_HUMAN","Protein YIPF6 OS=Homo sapiens GN=YIPF6 PE=1 SV=2",-0.488356095537699,7.79991736204822,-0.154042156429894,0.881021418220592,0.979194794314337,-6.30438483468569
664,"P20333|TNR1B_HUMAN","Tumor necrosis factor receptor superfamily member 1B OS=Homo sapiens GN=TNFRSF1B PE=1 SV=3",-5.23840560882704,8.88420711270531,-3.02835740497493,0.014507269338978,0.300425786221313,-2.97320929332777
259,"P43405|KSYK_HUMAN","Tyrosine-protein kinase SYK OS=Homo sapiens GN=SYK PE=1 SV=1",-0.853054508209846,15.183933703108,-1.23435430276914,0.249916072234063,0.60362187254713,-5.56119368136169
586,"P12821|ACE_HUMAN","Angiotensin-converting enzyme OS=Homo sapiens GN=ACE PE=1 SV=1",-1.01385668734917,7.31820864384848,-0.625949559515246,0.547101879218121,0.798230610662505,-6.11080175263062
1149,"Q9GZP9|DERL2_HUMAN","Derlin-2 OS=Homo sapiens GN=DERL2 PE=1 SV=1",-3.29631360860933,7.62127191464811,-1.66225077999562,0.131292420157956,0.534877922967449,-5.0277053959158
1070,"P33681|CD80_HUMAN","T-lymphocyte activation antigen CD80 OS=Homo sapiens GN=CD80 PE=1 SV=1",-2.57183704127267,9.52233618170354,-1.69832420957984,0.124136445751899,0.520383578749808,-4.97867025340674
52,"P30501|1C02_HUMAN","HLA class I histocompatibility antigen, Cw-2 alpha chain OS=Homo sapiens GN=HLA-C PE=1 SV=1",-3.78738255269533,9.80746348869443,-2.87579696746552,0.0185564734163097,0.300425786221313,-3.21053367552296
764,"Q9H0X4|ITFG3_HUMAN","Protein ITFG3 OS=Homo sapiens GN=ITFG3 PE=1 SV=1",-3.2372445888204,9.34277073944633,-2.14686889404472,0.0607553521714124,0.435992770226613,-4.33311006224043
492,"Q96F46|I17RA_HUMAN","Interleukin-17 receptor A OS=Homo sapiens GN=IL17RA PE=1 SV=2",-2.21143628619415,13.1693716881645,-6.67895779025798,9.66792583711135e-05,0.0279644754838446,1.81734484314082
1141,"Q8WVN6|SCTM1_HUMAN","Secreted and transmembrane protein 1 OS=Homo sapiens GN=SECTM1 PE=1 SV=2",0.41595564024709,5.10313897714568,0.215670247487545,0.834118372741267,0.959661472324459,-6.29216390582744
837,"Q9H0R3|TM222_HUMAN","Transmembrane protein 222 OS=Homo sapiens GN=TMEM222 PE=1 SV=2",-1.05981833424716,13.0844361025046,-0.767578853616769,0.465048318620318,0.750063047386707,-6.00765755037243
797,"Q01151|CD83_HUMAN","CD83 antigen OS=Homo sapiens GN=CD83 PE=1 SV=1",-2.38574011787495,12.9142510985971,-2.14217414322942,0.0629085509822222,0.435992770226613,-4.34966230464039
502,"Q6ZMC9|SIG15_HUMAN","Sialic acid-binding Ig-like lectin 15 OS=Homo sapiens GN=SIGLEC15 PE=1 SV=1",-2.79574542099235,9.81200466026096,-1.54305946972632,0.157673516114208,0.570813142796986,-5.18579010322184
925,"Q86UL3|GPAT4_HUMAN","Glycerol-3-phosphate acyltransferase 4 OS=Homo sapiens GN=GPAT4 PE=1 SV=1",-3.6921645103739,9.74358565349324,-2.07911695978281,0.0677858675343982,0.444654373430078,-4.43408212748713
274,"P07947|YES_HUMAN","Tyrosine-protein kinase Yes OS=Homo sapiens GN=YES1 PE=1 SV=3",-3.77230952064125,11.9923680807927,-1.4023216194974,0.198853949874301,0.572117695243707,-5.36322445778959
1001,"O43493|TGON2_HUMAN","Trans-Golgi network integral membrane protein 2 OS=Homo sapiens GN=TGOLN2 PE=1 SV=2",2.09532239638116,4.73569545313725,1.76172719936843,0.112419766074471,0.494561480411267,-4.89125867521367
222,"Q5T4S7|UBR4_HUMAN","E3 ubiquitin-protein ligase UBR4 OS=Homo sapiens GN=UBR4 PE=1 SV=1",-5.73108429308925,10.3296705961861,-3.90368285623329,0.00369539175199664,0.178256429395423,-1.64510319667872
1250,"Q9HCE9|ANO8_HUMAN","Anoctamin-8 OS=Homo sapiens GN=ANO8 PE=1 SV=3",0.687744801590725,5.16441492710892,0.504029309105507,0.626511169239164,0.857838370189009,-6.18231126546268
1152,"P55011|S12A2_HUMAN","Solute carrier family 12 member 2 OS=Homo sapiens GN=SLC12A2 PE=1 SV=1",-0.138614990292827,5.00792149524816,-0.0969543379264874,0.924916188096889,0.988972549431232,-6.31208688940293
726,"P33947|ERD22_HUMAN","ER lumen protein-retaining receptor 2 OS=Homo sapiens GN=KDELR2 PE=1 SV=1",-2.06953545157653,6.15171391407885,-1.51823134256148,0.163731672309097,0.570813142796986,-5.21790550689987
